4ODWCA,,SW1tb3J0YWwgQnJhemllcg==,,,,,QnJhc2Vpcm8gSW1vcnRhbA==,,SW1tb3J0YWwgQnJhemllcg==
4eDWCA,,R2liYmV0,,,,,w4Fydm9yZSBNYWxkaXRh,,R2liYmV0
4uDWCA,,RW5jaGFudGVkIFBlYWNoIFRyZWU=,,,,,UGVzc2VndWVpcmEgRW5jYW50YWRh,,RW5jaGFudGVkIFBlYWNoIFRyZWU=
4+DWCA,,V29vZGVuIEdvbGVt,,,,,R29sZW0gZGUgTWFkZWlyYQ==,,V29vZGVuIEdvbGVt
5ODWCA,,U3RvbmUgU2hvb3Rlcg==,,,,,QXRpcmFkb3IgZGUgUGVkcmFz,,U3RvbmUgU2hvb3Rlcg==
5eDWCA,,RWxkZXIgV2lsbG93,,,,,U2FsZ3VlaXJvIEFuY2nDo28=,,RWxkZXIgV2lsbG93
5uDWCA,,QWxsIG1vbnN0ZXJzIG9uIHRoZSAyNnRoIGxldmVsIGhhdmUgYmVlbiBkZWZlYXRlZC4=,,,,,VG9kb3Mgb3MgbW9uc3Ryb3Mgbm8gMjbCuiBhbmRhciBmb3JhbSBkZXJyb3RhZG9zLg==,,VG9kb3MgbG9zIG1vbnN0cnVvcyBkZWwgbml2ZWwyNiBmdWVyb24gZGVycm90YWRvcy4=
5+DWCA,,UmVtYWluaW5nIE1vbnN0ZXJzIG9uIDI2dGggTGV2ZWwgLSB7fQ==,,,,,TW9uc3Ryb3MgcmVzdGFudGVzIG5vIDI2wrogYW5kYXIgLSB7fQ==,,TW9uc3RydW9zIHJlc3RhbnRlcyBkZWwgbml2ZWwyNjoge30u
6ODWCA,,R29ibGluIEFyY2hlcg==,,,,,R29ibGluIEFycXVlaXJv,,R29ibGluIEFyY2hlcg==
6eDWCA,,R29ibGlu,,,,,R29ibGlu,,R29ibGlu
6uDWCA,,QWxsIG1vbnN0ZXJzIG9uIHRoZSAyN3RoIGxldmVsIGhhdmUgYmVlbiBkZWZlYXRlZC4=,,,,,VG9kb3Mgb3MgbW9uc3Ryb3Mgbm8gMjfCuiBhbmRhciBmb3JhbSBkZXJyb3RhZG9zLg==,,VG9kb3MgbG9zIG1vbnN0cnVvcyBkZWwgbml2ZWwyNyBmdWVyb24gZGVycm90YWRvcy4=
6+DWCA,,UmVtYWluaW5nIE1vbnN0ZXJzIG9uIDI3dGggTGV2ZWwgLSB7fQ==,,,,,TW9uc3Ryb3MgcmVzdGFudGVzIG5vIDI3wrogYW5kYXIgLSB7fQ==,,TW9uc3RydW9zIHJlc3RhbnRlcyBkZWwgbml2ZWwyNzoge30u
7ODWCA,,QXJjbG91emU=,,,,,QXJjbG91c2U=,,QXJjbG91emU=
7eDWCA,,TmVyYWlk,,,,,TmVyZWlkYQ==,,TmVyYWlk
7uDWCA,,UGVzdA==,,,,,UGVzdGU=,,UGVzdA==
7+DWCA,,S3VrcmU=,,,,,S3VrcmU=,,S3VrcmU=
8ODWCA,,QWxsIG1vbnN0ZXJzIG9uIHRoZSAyOHRoIGxldmVsIGhhdmUgYmVlbiBkZWZlYXRlZC4=,,,,,VG9kb3Mgb3MgbW9uc3Ryb3Mgbm8gMjjCuiBhbmRhciBmb3JhbSBkZXJyb3RhZG9zLg==,,VG9kb3MgbG9zIG1vbnN0cnVvcyBkZWwgbml2ZWwyOCBmdWVyb24gZGVycm90YWRvcy4=
8eDWCA,,UmVtYWluaW5nIE1vbnN0ZXJzIG9uIDI4dGggTGV2ZWwgLSB7fQ==,,,,,TW9uc3Ryb3MgcmVzdGFudGVzIG5vIDI4wrogYW5kYXIgLSB7fQ==,,TW9uc3RydW9zIHJlc3RhbnRlcyBkZWwgbml2ZWwyODoge30u
8uDWCA,,RGFyayBGcmFtZQ==,,,,,TW9sZHVyYSBNYWxkaXRh,,RGFyayBGcmFtZQ==
8+DWCA,,VGhlIFBhcGVy,,,,,UGFwZWw=,,VGhlIFBhcGVy
9ODWCA,,SGVpcm96b2lzdA==,,,,,UG9sdGVyZ2Vpc3Q=,,SGVpcm96b2lzdA==
9eDWCA,,UXV2ZQ==,,,,,UXV2ZQ==,,UXV2ZQ==
9uDWCA,,THVkZQ==,,,,,THVkZQ==,,THVkZQ==
9+DWCA,,V2hpc3Blcg==,,,,,U3Vzc3Vycm8=,,V2hpc3Blcg==
+ODWCA,,QWxsIG1vbnN0ZXJzIG9uIHRoZSAyOXRoIGxldmVsIGhhdmUgYmVlbiBkZWZlYXRlZC4=,,,,,VG9kb3Mgb3MgbW9uc3Ryb3Mgbm8gMjnCuiBhbmRhciBmb3JhbSBkZXJyb3RhZG9zLg==,,VG9kb3MgbG9zIG1vbnN0cnVvcyBkZWwgbml2ZWwyOSBmdWVyb24gZGVycm90YWRvcy4=
+eDWCA,,UmVtYWluaW5nIE1vbnN0ZXJzIG9uIDI5dGggTGV2ZWwgLSB7fQ==,,,,,TW9uc3Ryb3MgcmVzdGFudGVzIG5vIDI5wrogYW5kYXIgLSB7fQ==,,TW9uc3RydW9zIHJlc3RhbnRlcyBkZWwgbml2ZWwyOToge30u
+uDWCA,,V2hpdGUgTGFkeQ==,,,,,TGFkeSBCcmFuY2E=,,V2hpdGUgTGFkeQ==
++DWCA,,RXZpbCBOeW1waA==,,,,,TmluZmEgUGVydmVyc2E=,,RXZpbCBOeW1waA==
/ODWCA,,QWxsIG1vbnN0ZXJzIG9uIHRoZSAzMHRoIGxldmVsIGhhdmUgYmVlbiBkZWZlYXRlZC4=,,,,,VG9kb3Mgb3MgbW9uc3Ryb3Mgbm8gMzDCuiBhbmRhciBmb3JhbSBkZXJyb3RhZG9zLg==,,VG9kb3MgbG9zIG1vbnN0cnVvcyBkZWwgbml2ZWwzMCBmdWVyb24gZGVycm90YWRvcy4=
/eDWCA,,UmVtYWluaW5nIE1vbnN0ZXJzIG9uIDMwdGggTGV2ZWwgLSB7fQ==,,,,,TW9uc3Ryb3MgcmVzdGFudGVzIG5vIDMwwrogYW5kYXIgLSB7fQ==,,TW9uc3RydW9zIHJlc3RhbnRlcyBkZWwgbml2ZWwzMDoge30u
/uDWCA,,R2ln,,,,,RmVycsOjbw==,,R2ln
/+DWCA,,SXJvbiBGaXN0,,,,,TcOjbyBkZSBGZXJybw==,,SXJvbiBGaXN0
AOHWCA,,QXJnaW9wZQ==,,,,,QXJnaW9wZQ==,,QXJnaW9wZQ==
AeHWCA,,U2NvcnBpb24=,,,,,RXNjb3JwacOjbw==,,U2NvcnBpb24=
AuHWCA,,QWxsIG1vbnN0ZXJzIG9uIHRoZSAzMXN0IGxldmVsIGhhdmUgYmVlbiBkZWZlYXRlZC4=,,,,,VG9kb3Mgb3MgbW9uc3Ryb3Mgbm8gMzHCuiBhbmRhciBmb3JhbSBkZXJyb3RhZG9zLg==,,VG9kb3MgbG9zIG1vbnN0cnVvcyBkZWwgbml2ZWwzMSBmdWVyb24gZGVycm90YWRvcy4=
A+HWCA,,UmVtYWluaW5nIE1vbnN0ZXJzIG9uIDMxc3QgTGV2ZWwgLSB7fQ==,,,,,TW9uc3Ryb3MgcmVzdGFudGVzIG5vIDMxwrogYW5kYXIgLSB7fQ==,,TW9uc3RydW9zIHJlc3RhbnRlcyBkZWwgbml2ZWwzMToge30u
BOHWCA,,R29ibGluIExlYWRlcg==,,,,,TMOtZGVyIEdvYmxpbg==,,R29ibGluIExlYWRlcg==
BeHWCA,,QWxsIG1vbnN0ZXJzIG9uIHRoZSAzMm5kIGxldmVsIGhhdmUgYmVlbiBkZWZlYXRlZC4=,,,,,VG9kb3Mgb3MgbW9uc3Ryb3Mgbm8gMzLCuiBhbmRhciBmb3JhbSBkZXJyb3RhZG9zLg==,,VG9kb3MgbG9zIG1vbnN0cnVvcyBkZWwgbml2ZWwzMiBmdWVyb24gZGVycm90YWRvcy4=
BuHWCA,,UmVtYWluaW5nIE1vbnN0ZXJzIG9uIDMybmQgTGV2ZWwgLSB7fQ==,,,,,TW9uc3Ryb3MgcmVzdGFudGVzIG5vIDMywrogYW5kYXIgLSB7fQ==,,TW9uc3RydW9zIHJlc3RhbnRlcyBkZWwgbml2ZWwzMjoge30u
B+HWCA,,S29ib2xkIExlYWRlcg==,,,,,TMOtZGVyIEtvYm9sZA==,,S29ib2xkIExlYWRlcg==
COHWCA,,S29ib2xk,,,,,S29ib2xk,,S29ib2xk
CeHWCA,,S29ib2xkIEFyY2hlcg==,,,,,S29ib2xkIEFycXVlaXJv,,S29ib2xkIEFyY2hlcg==
CuHWCA,,QWxsIG1vbnN0ZXJzIG9uIHRoZSAzM3JkIGxldmVsIGhhdmUgYmVlbiBkZWZlYXRlZC4=,,,,,VG9kb3Mgb3MgbW9uc3Ryb3Mgbm8gMzPCuiBhbmRhciBmb3JhbSBkZXJyb3RhZG9zLg==,,VG9kb3MgbG9zIG1vbnN0cnVvcyBkZWwgbml2ZWwzMyBmdWVyb24gZGVycm90YWRvcy4=
C+HWCA,,UmVtYWluaW5nIE1vbnN0ZXJzIG9uIDMzcmQgTGV2ZWwgLSB7fQ==,,,,,TW9uc3Ryb3MgcmVzdGFudGVzIG5vIDMzwrogYW5kYXIgLSB7fQ==,,TW9uc3RydW9zIHJlc3RhbnRlcyBkZWwgbml2ZWwzMzoge30u
DOHWCA,,RmxhbWUgU2t1bGw=,,,,,Q3LDom5pbyBGbGFtZWphbnRl,,RmxhbWUgU2t1bGw=
DeHWCA,,R2lhbnQgV2hpc3Blcg==,,,,,Q29jaGljaG8=,,R2lhbnQgV2hpc3Blcg==
DuHWCA,,QWxsIG1vbnN0ZXJzIG9uIHRoZSAzNHRoIGxldmVsIGhhdmUgYmVlbiBkZWZlYXRlZC4=,,,,,VG9kb3Mgb3MgbW9uc3Ryb3Mgbm8gMzTCuiBhbmRhciBmb3JhbSBkZXJyb3RhZG9zLg==,,VG9kb3MgbG9zIG1vbnN0cnVvcyBkZWwgbml2ZWwzNCBmdWVyb24gZGVycm90YWRvcy4=
D+HWCA,,UmVtYWluaW5nIE1vbnN0ZXJzIG9uIDM0dGggTGV2ZWwgLSB7fQ==,,,,,TW9uc3Ryb3MgcmVzdGFudGVzIG5vIDM0wrogYW5kYXIgLSB7fQ==,,TW9uc3RydW9zIHJlc3RhbnRlcyBkZWwgbml2ZWwzNDoge30u
EOHWCA,,VHVydGxlIEdlbmVyYWw=,,,,,R2VuZXJhbCBUYXJ0YXJ1Z2E=,,VHVydGxlIEdlbmVyYWw=
EeHWCA,,RnJlZXplcg==,,,,,Q29uZ2VsYWRvcg==,,RnJlZXplcg==
EuHWCA,,U29saWRlcg==,,,,,U29saWRpZmljYWRvcg==,,U29saWRlcg==
E+HWCA,,SGVhdGVy,,,,,QXF1ZWNlZG9y,,SGVhdGVy
FOHWCA,,UGVybWV0ZXI=,,,,,QmF0ZWRvcg==,,UGVybWV0ZXI=
FeHWCA,,QWxsIG1vbnN0ZXJzIG9uIHRoZSAzNXRoIGxldmVsIGhhdmUgYmVlbiBkZWZlYXRlZC4=,,,,,VG9kb3Mgb3MgbW9uc3Ryb3Mgbm8gMzXCuiBhbmRhciBmb3JhbSBkZXJyb3RhZG9zLg==,,VG9kb3MgbG9zIG1vbnN0cnVvcyBkZWwgbml2ZWwzNSBmdWVyb24gZGVycm90YWRvcy4=
FuHWCA,,UmVtYWluaW5nIE1vbnN0ZXJzIG9uIDM1dGggTGV2ZWwgLSB7fQ==,,,,,TW9uc3Ryb3MgcmVzdGFudGVzIG5vIDM1wrogYW5kYXIgLSB7fQ==,,TW9uc3RydW9zIHJlc3RhbnRlcyBkZWwgbml2ZWwzNToge30u
F+HWCA,,QW5vbGlhbg==,,,,,QW5vbGlhbg==,,QW5vbGlhbg==
GOHWCA,,R3JvdmU=,,,,,R3JvdmU=,,R3JvdmU=
GeHWCA,,QWxsaWdhdG9y,,,,,Q3JvY29kaWxv,,QWxsaWdhdG9y
GuHWCA,,QWxsIG1vbnN0ZXJzIG9uIHRoZSAzNnRoIGxldmVsIGhhdmUgYmVlbiBkZWZlYXRlZC4=,,,,,VG9kb3Mgb3MgbW9uc3Ryb3Mgbm8gMzbCuiBhbmRhciBmb3JhbSBkZXJyb3RhZG9zLg==,,VG9kb3MgbG9zIG1vbnN0cnVvcyBkZWwgbml2ZWwzNiBmdWVyb24gZGVycm90YWRvcy4=
G+HWCA,,UmVtYWluaW5nIE1vbnN0ZXJzIG9uIDM2dGggTGV2ZWwgLSB7fQ==,,,,,TW9uc3Ryb3MgcmVzdGFudGVzIG5vIDM2wrogYW5kYXIgLSB7fQ==,,TW9uc3RydW9zIHJlc3RhbnRlcyBkZWwgbml2ZWwzNjoge30u
HOHWCA,,VG93ZXIgS2VlcGVy,,,,,R2VyZW50ZQ==,,VG93ZXIgS2VlcGVy
HeHWCA,,Q2xvY2s=,,,,,UmVsw7NnaW8=,,Q2xvY2s=
HuHWCA,,QWxhcm0=,,,,,QWxhcm1l,,QWxhcm0=
H+HWCA,,QWxsIG1vbnN0ZXJzIG9uIHRoZSAzN3RoIGxldmVsIGhhdmUgYmVlbiBkZWZlYXRlZC4=,,,,,VG9kb3Mgb3MgbW9uc3Ryb3Mgbm8gMzfCuiBhbmRhciBmb3JhbSBkZXJyb3RhZG9zLg==,,VG9kb3MgbG9zIG1vbnN0cnVvcyBkZWwgbml2ZWwzNyBmdWVyb24gZGVycm90YWRvcy4=
IOHWCA,,UmVtYWluaW5nIE1vbnN0ZXJzIG9uIDM3dGggTGV2ZWwgLSB7fQ==,,,,,TW9uc3Ryb3MgcmVzdGFudGVzIG5vIDM3wrogYW5kYXIgLSB7fQ==,,TW9uc3RydW9zIHJlc3RhbnRlcyBkZWwgbml2ZWwzNzoge30u
IeHWCA,,RGVhdGggV29yZA==,,,,,UGFsYXZyYSBNb3J0YQ==,,RGVhdGggV29yZA==
IuHWCA,,UmlkZXdvcmQ=,,,,,UmlkZXdvcmQ=,,UmlkZXdvcmQ=
I+HWCA,,QWxsIG1vbnN0ZXJzIG9uIHRoZSAzOHRoIGxldmVsIGhhdmUgYmVlbiBkZWZlYXRlZC4=,,,,,VG9kb3Mgb3MgbW9uc3Ryb3Mgbm8gMzjCuiBhbmRhciBmb3JhbSBkZXJyb3RhZG9zLg==,,VG9kb3MgbG9zIG1vbnN0cnVvcyBkZWwgbml2ZWwzOCBmdWVyb24gZGVycm90YWRvcy4=
JOHWCA,,UmVtYWluaW5nIE1vbnN0ZXJzIG9uIDM4dGggTGV2ZWwgLSB7fQ==,,,,,TW9uc3Ryb3MgcmVzdGFudGVzIG5vIDM4wrogYW5kYXIgLSB7fQ==,,TW9uc3RydW9zIHJlc3RhbnRlcyBkZWwgbml2ZWwzODoge30u
JeHWCA,,TWFvIEd1YWk=,,,,,TWFvIEd1YWk=,,TWFvIEd1YWk=
JuHWCA,,VGFvaXN0IEhlcm1pdA==,,,,,RXJtaXTDo28gTWFsaWdubw==,,VGFvaXN0IEhlcm1pdA==
J+HWCA,,Wmh1IFBvIExvbmc=,,,,,Wmh1IFBvIExvbmc=,,Wmh1IFBvIExvbmc=
KOHWCA,,SmluZyBHdWFp,,,,,SmluZyBHdWFp,,SmluZyBHdWFp
KeHWCA,,QWxsIG1vbnN0ZXJzIG9uIHRoZSAzOXRoIGxldmVsIGhhdmUgYmVlbiBkZWZlYXRlZC4=,,,,,VG9kb3Mgb3MgbW9uc3Ryb3Mgbm8gMznCuiBhbmRhciBmb3JhbSBkZXJyb3RhZG9zLg==,,VG9kb3MgbG9zIG1vbnN0cnVvcyBkZWwgbml2ZWwzOSBmdWVyb24gZGVycm90YWRvcy4=
KuHWCA,,UmVtYWluaW5nIE1vbnN0ZXJzIG9uIDM5dGggTGV2ZWwgLSB7fQ==,,,,,TW9uc3Ryb3MgcmVzdGFudGVzIG5vIDM5wrogYW5kYXIgLSB7fQ==,,TW9uc3RydW9zIHJlc3RhbnRlcyBkZWwgbml2ZWwzOToge30u
K+HWCA,,U2FtdXJhaSBTcGVjdGVy,,,,,U2FtdXJhaSBFbmNhcm5hZG8=,,U2FtdXJhaSBTcGVjdGVy
LOHWCA,,U2hpbm9iaQ==,,,,,U2hpbm9iaQ==,,U2hpbm9iaQ==
LeHWCA,,VGVuZ3U=,,,,,VGVuZ3U=,,VGVuZ3U=
LuHWCA,,RmlyZWxvY2sgU29sZGllcg==,,,,,WnVtYmkgQXRpcmFkb3I=,,RmlyZWxvY2sgU29sZGllcg==
L+HWCA,,TWl5YWJpIERvbGw=,,,,,TWl5YWJpIE5pbmd5bw==,,TWl5YWJpIERvbGw=
MOHWCA,,S2FyYWthc2E=,,,,,S2FyYWthc2E=,,S2FyYWthc2E=
MeHWCA,,QWxsIG1vbnN0ZXJzIG9uIHRoZSA0MHRoIGxldmVsIGhhdmUgYmVlbiBkZWZlYXRlZC4=,,,,,VG9kb3Mgb3MgbW9uc3Ryb3Mgbm8gNDDCuiBhbmRhciBmb3JhbSBkZXJyb3RhZG9zLg==,,VG9kb3MgbG9zIG1vbnN0cnVvcyBkZWwgbml2ZWw0MCBmdWVyb24gZGVycm90YWRvcy4=
MuHWCA,,UmVtYWluaW5nIE1vbnN0ZXJzIG9uIDQwdGggTGV2ZWwgLSB7fQ==,,,,,TW9uc3Ryb3MgcmVzdGFudGVzIG5vIDQwwrogYW5kYXIgLSB7fQ==,,TW9uc3RydW9zIHJlc3RhbnRlcyBkZWwgbml2ZWw0MDoge30u
M+HWCA,,S3JhYmVu,,,,,S3JhYmVu,,S3JhYmVu
NOHWCA,,QWxsIG1vbnN0ZXJzIG9uIHRoZSA0MXN0IGxldmVsIGhhdmUgYmVlbiBkZWZlYXRlZC4=,,,,,VG9kb3Mgb3MgbW9uc3Ryb3Mgbm8gNDHCuiBhbmRhciBmb3JhbSBkZXJyb3RhZG9zLg==,,VG9kb3MgbG9zIG1vbnN0cnVvcyBkZWwgbml2ZWw0MSBmdWVyb24gZGVycm90YWRvcy4=
NeHWCA,,UmVtYWluaW5nIE1vbnN0ZXJzIG9uIDQxc3QgTGV2ZWwgLSB7fQ==,,,,,TW9uc3Ryb3MgcmVzdGFudGVzIG5vIDQxwrogYW5kYXIgLSB7fQ==,,TW9uc3RydW9zIHJlc3RhbnRlcyBkZWwgbml2ZWw0MToge30u
NuHWCA,,U2xlZXBlcg==,,,,,Um9jaG9zbw==,,U2xlZXBlcg==
N+HWCA,,U3Rpbmc=,,,,,U3Rpbmc=,,U3Rpbmc=
OOHWCA,,TWkgR2Fv,,,,,TWkgR2Fv,,TWkgR2Fv
OeHWCA,,U2FuZG1hbg==,,,,,QXJlbm9zbw==,,U2FuZG1hbg==
OuHWCA,,SG9kZQ==,,,,,SG9kZQ==,,SG9kZQ==
O+HWCA,,QWxsIG1vbnN0ZXJzIG9uIHRoZSA0Mm5kIGxldmVsIGhhdmUgYmVlbiBkZWZlYXRlZC4=,,,,,VG9kb3Mgb3MgbW9uc3Ryb3Mgbm8gNDLCuiBhbmRhciBmb3JhbSBkZXJyb3RhZG9zLg==,,VG9kb3MgbG9zIG1vbnN0cnVvcyBkZWwgbml2ZWw0MiBmdWVyb24gZGVycm90YWRvcy4=
POHWCA,,UmVtYWluaW5nIE1vbnN0ZXJzIG9uIDQybmQgTGV2ZWwgLSB7fQ==,,,,,TW9uc3Ryb3MgcmVzdGFudGVzIG5vIDQywrogYW5kYXIgLSB7fQ==,,TW9uc3RydW9zIHJlc3RhbnRlcyBkZWwgbml2ZWw0Mjoge30u
PeHWCA,,TWVkdXNh,,,,,TWVkdXNh,,TWVkdXNh
PuHWCA,,U2lkZXdpbmRlcg==,,,,,U29ycmF0ZWlybw==,,U2lkZXdpbmRlcg==
P+HWCA,,QW5hY29uZGFx,,,,,QW5hY29uZGE=,,QW5hY29uZGFx
QOHWCA,,Qm9h,,,,,Smlib2lh,,Qm9h
QeHWCA,,QWxsIG1vbnN0ZXJzIG9uIHRoZSA0M3JkIGxldmVsIGhhdmUgYmVlbiBkZWZlYXRlZC4=,,,,,VG9kb3Mgb3MgbW9uc3Ryb3Mgbm8gNDPCuiBhbmRhciBmb3JhbSBkZXJyb3RhZG9zLg==,,VG9kb3MgbG9zIG1vbnN0cnVvcyBkZWwgbml2ZWw0MyBmdWVyb24gZGVycm90YWRvcy4=
QuHWCA,,UmVtYWluaW5nIE1vbnN0ZXJzIG9uIDQzcmQgTGV2ZWwgLSB7fQ==,,,,,TW9uc3Ryb3MgcmVzdGFudGVzIG5vIDQzwrogYW5kYXIgLSB7fQ==,,TW9uc3RydW9zIHJlc3RhbnRlcyBkZWwgbml2ZWw0Mzoge30u
Q+HWCA,,QmFieSBIYXRpaQ==,,,,,RmlsaG90ZSBIYXRpaQ==,,QmFieSBIYXRpaQ==
ROHWCA,,QmFwaG9tZXQgSnIu,,,,,QmFmb23DqSBKci4=,,QmFwaG9tZXQgSnIu
ReHWCA,,T3JjIEJhYnk=,,,,,RmlsaG90ZSBkZSBPcmM=,,T3JjIEJhYnk=
RuHWCA,,QmFieSBEZXNlcnQgV29sZg==,,,,,RmlsaG90ZSBkZSBMb2Jv,,QmFieSBEZXNlcnQgV29sZg==
R+HWCA,,U2F2YWdlIEJhYmU=,,,,,QmViw6ogU2VsdmFnZW0=,,U2F2YWdlIEJhYmU=
SOHWCA,,QWxsIG1vbnN0ZXJzIG9uIHRoZSA0NHRoIGxldmVsIGhhdmUgYmVlbiBkZWZlYXRlZC4=,,,,,VG9kb3Mgb3MgbW9uc3Ryb3Mgbm8gNDTCuiBhbmRhciBmb3JhbSBkZXJyb3RhZG9zLg==,,VG9kb3MgbG9zIG1vbnN0cnVvcyBkZWwgbml2ZWw0NCBmdWVyb24gZGVycm90YWRvcy4=
SeHWCA,,UmVtYWluaW5nIE1vbnN0ZXJzIG9uIDQ0dGggTGV2ZWwgLSB7fQ==,,,,,TW9uc3Ryb3MgcmVzdGFudGVzIG5vIDQ0wrogYW5kYXIgLSB7fQ==,,TW9uc3RydW9zIHJlc3RhbnRlcyBkZWwgbml2ZWw0NDoge30u
SuHWCA,,T3Npcmlz,,,,,T3PDrXJpcw==,,T3Npcmlz
S+HWCA,,QW5jaWVudCBNdW1teQ==,,,,,TcO6bWlhIEFuY2nDow==,,QW5jaWVudCBNdW1teQ==
TOHWCA,,VmVyaXQ=,,,,,VmVyaXQ=,,VmVyaXQ=
TeHWCA,,TXVtbXk=,,,,,TcO6bWlh,,TXVtbXk=
TuHWCA,,QWxsIG1vbnN0ZXJzIG9uIHRoZSA0NXRoIGxldmVsIGhhdmUgYmVlbiBkZWZlYXRlZC4=,,,,,VG9kb3Mgb3MgbW9uc3Ryb3Mgbm8gNDXCuiBhbmRhciBmb3JhbSBkZXJyb3RhZG9zLg==,,VG9kb3MgbG9zIG1vbnN0cnVvcyBkZWwgbml2ZWw0NSBmdWVyb24gZGVycm90YWRvcy4=
T+HWCA,,UmVtYWluaW5nIE1vbnN0ZXJzIG9uIDQ1dGggTGV2ZWwgLSB7fQ==,,,,,TW9uc3Ryb3MgcmVzdGFudGVzIG5vIDQ1wrogYW5kYXIgLSB7fQ==,,TW9uc3RydW9zIHJlc3RhbnRlcyBkZWwgbml2ZWw0NToge30u
UOHWCA,,U2Vla2Vy,,,,,UmFzdHJlYWRvcg==,,U2Vla2Vy
UeHWCA,,QmVob2xkZXI=,,,,,QmVob2xkZXI=,,QmVob2xkZXI=
UuHWCA,,QWxsIG1vbnN0ZXJzIG9uIHRoZSA0NnRoIGxldmVsIGhhdmUgYmVlbiBkZWZlYXRlZC4=,,,,,VG9kb3Mgb3MgbW9uc3Ryb3Mgbm8gNDbCuiBhbmRhciBmb3JhbSBkZXJyb3RhZG9zLg==,,VG9kb3MgbG9zIG1vbnN0cnVvcyBkZWwgbml2ZWw0NiBmdWVyb24gZGVycm90YWRvcy4=
U+HWCA,,UmVtYWluaW5nIE1vbnN0ZXJzIG9uIDQ2dGggTGV2ZWwgLSB7fQ==,,,,,TW9uc3Ryb3MgcmVzdGFudGVzIG5vIDQ2wrogYW5kYXIgLSB7fQ==,,TW9uc3RydW9zIHJlc3RhbnRlcyBkZWwgbml2ZWw0Njoge30u
VOHWCA,,RGVsZXRlcg==,,,,,RGVsZXTDqXJpbw==,,RGVsZXRlcg==
VeHWCA,,RGVsZXRlciA=,,,,,RGVsZXTDqXJpbw==,,RGVsZXRlciA=
VuHWCA,,UGV0aXRl,,,,,UGV0aXRl,,UGV0aXRl
V+HWCA,,QWxsIG1vbnN0ZXJzIG9uIHRoZSA0N3RoIGxldmVsIGhhdmUgYmVlbiBkZWZlYXRlZC4=,,,,,VG9kb3Mgb3MgbW9uc3Ryb3Mgbm8gNDfCuiBhbmRhciBmb3JhbSBkZXJyb3RhZG9zLg==,,VG9kb3MgbG9zIG1vbnN0cnVvcyBkZWwgbml2ZWw0NyBmdWVyb24gZGVycm90YWRvcy4=
WOHWCA,,UmVtYWluaW5nIE1vbnN0ZXJzIG9uIDQ3dGggTGV2ZWwgLSB7fQ==,,,,,TW9uc3Ryb3MgcmVzdGFudGVzIG5vIDQ3wrogYW5kYXIgLSB7fQ==,,TW9uc3RydW9zIHJlc3RhbnRlcyBkZWwgbml2ZWw0Nzoge30u
WeHWCA,,QW5jaWVudCBXb3Jt,,,,,VmVybWUgQW5jacOjbw==,,QW5jaWVudCBXb3Jt
WuHWCA,,QW5jaWVudCBNaW1pYw==,,,,,TcOtbWljbyBBbnRpZ28=,,QW5jaWVudCBNaW1pYw==
W+HWCA,,QWxsIG1vbnN0ZXJzIG9uIHRoZSA0OHRoIGxldmVsIGhhdmUgYmVlbiBkZWZlYXRlZC4=,,,,,VG9kb3Mgb3MgbW9uc3Ryb3Mgbm8gNDjCuiBhbmRhciBmb3JhbSBkZXJyb3RhZG9zLg==,,VG9kb3MgbG9zIG1vbnN0cnVvcyBkZWwgbml2ZWw0OCBmdWVyb24gZGVycm90YWRvcy4=
XOHWCA,,UmVtYWluaW5nIE1vbnN0ZXJzIG9uIDQ4dGggTGV2ZWwgLSB7fQ==,,,,,TW9uc3Ryb3MgcmVzdGFudGVzIG5vIDQ4wrogYW5kYXIgLSB7fQ==,,TW9uc3RydW9zIHJlc3RhbnRlcyBkZWwgbml2ZWw0ODoge30u
XeHWCA,,R3JpenpseQ==,,,,,R3JpenpseQ==,,R3JpenpseQ==
XuHWCA,,TGVpYiBPbG1haQ==,,,,,TGVpYiBPbG1haQ==,,TGVpYiBPbG1haQ==
X+HWCA,,WmlwcGVyIEJlYXI=,,,,,WmlwcGVy,,WmlwcGVyIEJlYXI=
YOHWCA,,U2FzcXVhdGNo,,,,,U2FzcXVhdGNo,,U2FzcXVhdGNo
YeHWCA,,QmlnZm9vdA==,,,,,UMOpLUdyYW5kZQ==,,QmlnZm9vdA==
YuHWCA,,QWxsIG1vbnN0ZXJzIG9uIHRoZSA0OXRoIGxldmVsIGhhdmUgYmVlbiBkZWZlYXRlZC4=,,,,,VG9kb3Mgb3MgbW9uc3Ryb3Mgbm8gNDnCuiBhbmRhciBmb3JhbSBkZXJyb3RhZG9zLg==,,VG9kb3MgbG9zIG1vbnN0cnVvcyBkZWwgbml2ZWw0OSBmdWVyb24gZGVycm90YWRvcy4=
Y+HWCA,,UmVtYWluaW5nIE1vbnN0ZXJzIG9uIDQ5dGggTGV2ZWwgLSB7fQ==,,,,,TW9uc3Ryb3MgcmVzdGFudGVzIG5vIDQ5wrogYW5kYXIgLSB7fQ==,,TW9uc3RydW9zIHJlc3RhbnRlcyBkZWwgbml2ZWw0OToge30u
ZOHWCA,,UGhhcmFvaA==,,,,,RmFyYcOz,,UGhhcmFvaA==
ZeHWCA,,QW1vbiBSYQ==,,,,,QW1vbiBSYQ==,,QW1vbiBSYQ==
ZuHWCA,,QW51Ymlz,,,,,QW51Ymlz,,QW51Ymlz
Z+HWCA,,TWFyZHVr,,,,,TWFyZHVr,,TWFyZHVr
aOHWCA,,TWF0eXI=,,,,,TWF0eXI=,,TWF0eXI=
aeHWCA,,QWxsIG1vbnN0ZXJzIG9uIHRoZSA1MHRoIGxldmVsIGhhdmUgYmVlbiBkZWZlYXRlZC4=,,,,,VG9kb3Mgb3MgbW9uc3Ryb3Mgbm8gNTDCuiBhbmRhciBmb3JhbSBkZXJyb3RhZG9zLg==,,VG9kb3MgbG9zIG1vbnN0cnVvcyBkZWwgbml2ZWw1MCBmdWVyb24gZGVycm90YWRvcy4=
auHWCA,,UmVtYWluaW5nIE1vbnN0ZXJzIG9uIDUwdGggTGV2ZWwgLSB7fQ==,,,,,TW9uc3Ryb3MgcmVzdGFudGVzIG5vIDUwwrogYW5kYXIgLSB7fQ==,,TW9uc3RydW9zIHJlc3RhbnRlcyBkZWwgbml2ZWw1MDoge30u
a+HWCA,,UGxlYXNlIGVudGVyIHRoZSBwYXNzd29yZC4=,,,,,RGlnaXRlIGEgc2VuaGEu,,SW50cm9kdWNlIGxhIGNvbnRyYXNlw7FhLg==
bOHWCA,,VGhpcyBOUEMgbWFuYWdlcyB0aGUgdG93ZXIgZnJvbSB0aGUgMjZ0aCB0byB0aGUgNTB0aCBsZXZlbHMuClBsZWFzZSBlbnRlciB0aGUgbGV2ZWwgbnVtYmVyIHRvIG9wZW4uCihleDogMUYtPjEsIDE3Ri0+MTcp,,,,,RXNzZSBOUEMgZ2VyZW5jaWEgYSB0b3JyZSBkbyAyNsK6IGFvIDUwwrogbsOtdmVpcy4KRGlnaXRlIG8gbsO6bWVybyBkbyBuw612ZWwgYSBzZXIgYWJlcnRvLgooZXguOiAxRi0+MSwgMTdGLT4xNyk=,,RXN0ZSBQTkogZ2VzdGlvbmEgbGEgdG9ycmUgZGVzZGUgZWwgbml2ZWwgMjYgYWwgNTAuCkludHJvZHVjZSBlbCBuw7ptZXJvIGRlbCBuaXZlbCBxdWUgZGVzZWFzIGFicmlyLgpQb3IgZWplbXBsbzogUDEtPjEsIFAxNy0+MTcu
beHWCA,,WW91IGNhbiBvbmx5IGVudGVyIGEgbnVtYmVyIGZyb20gMjYgdG8gNTAu,,,,,Vm9jw6ogc8OzIHBvZGUgaW5zZXJpciB1bSBuw7ptZXJvIGRlIDI2IGEgNTAu,,U29sbyBwdWVkZXMgaW50cm9kdWNpciB1biBuw7ptZXJvIGRlbCAyNiBhbCA1MC4=
buHWCA,,e31GR2F0ZTEwMnRvd2Vy,,,,,e31GR2F0ZTEwMnRvd2Vy,,e31GR2F0ZTEwMnRvd2Vy
b+HWCA,,KioqIExldmVsIHt9IGlzIG5vdyBiZWluZyBvcGVuZWQuICoqKg==,,,,,KioqIE8gbsOtdmVsIHt9IGVzdMOhIHNlbmRvIGFiZXJ0by4gKioq,,KioqIEVsIG5pdmVsIHt9IHNlIGVzdMOhIGFicmllbmRvLiAqKio=
