wFqGCQ,,TWlzc2lvbiBbNzEgLSA4NV0=,,,,,U29saWNpdGHDp8O1ZXMgWzcxIC0gODVd,,TWlzc2lvbiBbNzEgLSA4NV0=
wVqGCQ,,LSBJdCBzZWVtcyAtCi0geW91IGNhbm5vdCBzZWUgdGhpcyBib2FyZCAtCi0gaWYgeW91IGRvbid0IGhhdmUgdGhlIEVkZW4gR3JvdXAgTWFyay4gLQ==,,,,,U2VtIG1hcmNhcyBkbyBHcnVwbyBkbyDDiWRlbi4uLgpOw6NvIHNlIHBhcmVjZSBjb20gdW1hIHBlc3NvYS4uLgpDb20gY2VydGV6YSDDqSB1bWEgUGxhY2Eh,,LSBQYXJlY2UgLQotIHF1ZSBubyBwdWVkZXMgdmVyIGVzdGUgdGFibGVybyAtCi0gc2kgbm8gdGllbmVzIGxhIE1hcmNhIGRlbCBHcnVwbyBkZSBFZMOpbi4gLQ==
wlqGCQ,,LSBTaW5jZSB0aGUgY2xpZW50IGhhcyBsZWZ0IC0KLSBhbmQgZ29uZSB0byBvdGhlciBwbGFjZSwgLQotIHJlcXVlc3QgZm9ybSBpcyByZWNhbGxlZC4gLQ==,,,,,Q29tbyBvIGNsaWVudGUKZm9pIHBhcmEgb3V0cm8gbHVnYXIuLi4KUmVtb3ZpIGEgbWlzc8Ojby4=,,LSBEYWRvIHF1ZSBlbCBjbGllbnRlIC0KLSBzZSBmdWUgYSBvdHJvIGx1Z2FyLCAtCi0gc2UgcmV0aXJhIGVsIGZvcm11bGFyaW8gZGUgc29saWNpdHVkLiAt
w1qGCQ,,LSBUaGVyZSBhcmUgbWFueSByZXF1ZXN0cyAtCi0gd3JpdHRlbi4gLQ==,,,,,RXhpc3RlbSBtdWl0b3MgcGVkaWRvcwphbm90YWRvcyBhcXVpLg==,,LSBIYXkgZXNjcml0YXMgLQotIG11Y2hhcyBwZXRpY2lvbmVzLiAt
xFqGCQ,,VG8gU3BoaW54IER1bmdlb24gQXJlYQ==,,,,,TWlzc8O1ZXMgbmEgSW5zdMOibmNpYSBFc2Zpbmdl,,QSBsYSB6b25hIGRlIGxhIE1hem1vcnJhIGRlIGxhIGVzZmluZ2Uu
xVqGCQ,,VG8gQ2xhc3RIZWltIEFyZWE=,,,,,TWlzc8O1ZXMgZW0gR2xhc3QgSGVpbQ==,,QSBsYSB6b25hIGRlIEdsYXN0aGVpbS4=
xlqGCQ,,VG8gSnVubyBBcmVh,,,,,TWlzc8O1ZXMgZW0gSnVubw==,,QSBsYSB6b25hIGRlIEp1bm8u
x1qGCQ,,VG8gQ2xvY2sgVG93ZXIgQXJlYQ==,,,,,TWlzc8O1ZXMgbmEgVG9ycmUgZG8gUmVsw7NnaW8=,,QSBsYSB6b25hIGRlIGxhIFRvcnJlIGRlbCByZWxvai4=
yFqGCQ,,VG8gTG9jYWxpemluZyBBcmVh,,,,,TWlzc8O1ZXMgVmFyaWFkYXM=,,QSBsYSB6b25hIGRlIGxvY2FsaXphY2nDs24u
yVqGCQ,,LSBUaGVyZSBhcmUgcmVxdWVzdHMgd3JpdHRlbiAtCi0gd2hpY2ggcmVsYXRlIHRvIHRoZSBTcGhpbnggRHVuZ2VvbiBBcmVhLiAt,,,,,TWlzc8O1ZXMgbmEgSW5zdMOibmNpYSBFc2ZpbmdlCkluZm9ybWHDp8OjbyBkaXNwb27DrXZlbCE=,,LSBIYXkgc29saWNpdHVkZXMgZXNjcml0YXMgLQotIHF1ZSBzZSByZWZpZXJlbiBhIGxhIHpvbmEgZGUgbGEgTWF6bW9ycmEgZGUgbGEgZXNmaW5nZS4gLQ==
ylqGCQ,,RGVzdHJveSBSZXF1aWVt,,,,,Q2HDp2FkYSBkZSBSw6lxdWllbQ==,,RGVzdHJ1aXIgYSBsb3MgUsOpcXVpZW0u
y1qGCQ,,RGVzdHJveSBNYXJkdWs=,,,,,Q2HDp2FkYSBkZSBNYXJkdWs=,,RGVzdHJ1aXIgYSBsb3MgTWFyZHVrLg==
zFqGCQ,,RGVzdHJveSBQYXNhbmE=,,,,,Q2HDp2FkYSBkZSBQYXNhbmE=,,RGVzdHJ1aXIgYSBsb3MgUGFzYW5hLg==
zVqGCQ,,UGVvcGxlIGluIHRvd24gYXJlIGdldHRpbmcgbmVydm91cyBiZWNhdXNlIHRoZSBtb25zdGVycyBpbiB0aGUgU3BoaW54IER1bmdlb24gYXJlIGluY3JlYXNpbmcuIFBsZWFzZSBkZXN0cm95IDEwIFJlcXVpZW1zLgotIE1heWRpIGZyb20gTW9yb2NjIC0=,,,,,T3MgbW9uc3Ryb3MgZGEgSW5zdMOibmNpYSBFc2ZpbmdlIGRldmVtIHNlciBwYXJhZG9zIGRlIGFsZ3VtYSBmb3JtYSEgRGVycm90ZSAxMCBSw6lxdWllbS4KLSBNb3JhZG9yIGRlIE1vcnJvYw==,,TGEgZ2VudGUgZGUgbGEgY2l1ZGFkIHNlIGVzdMOhIHBvbmllbmRvIG5lcnZpb3NhIHBvcnF1ZSBoYXkgY2FkYSB2ZXogbcOhcyBtb25zdHJ1b3MgZW4gbGEgTWF6bW9ycmEgZGUgbGEgZXNmaW5nZS4gUG9yIGZhdm9yLCBkZXN0cnV5ZSAxMFLDqXF1aWVtLgotIE1heWRpIGRlIE1vcm9jYyAt
zlqGCQ,,UGxlYXNlIGNvbWUgYmFjayBhbmQgcmVwb3J0IGFmdGVyIGNvbXBsZXRpbmcgdGhpcyByZXF1ZXN0Lg==,,,,,UXVhbmRvIGNvbXBsZXRhciBhIG1pc3PDo28sIHZvbHRlIGF0w6kgYSBwbGFjYSBkZSBzb2xpY2l0YcOnw7Vlcy4=,,UG9yIGZhdm9yLCB2dWVsdmUgZSBpbmZvcm1hIGRlc3B1w6lzIGRlIGNvbXBsZXRhciBlc3RhIHNvbGljaXR1ZC4=
z1qGCQ,,UmVxdWVzdCBoYXMgYmVlbiBjb21wbGV0ZWQu,,,,,Vm9jw6ogY29tcGxldG91IGEgbWlzc8OjbyE=,,U2UgY29tcGxldMOzIGxhIHNvbGljaXR1ZC4=
0FqGCQ,,UmVwb3J0,,,,,UmVwb3J0YXIgTWlzc8OjbyBDb21wbGV0YQ==,,SW5mb3JtYXI=
0VqGCQ,,RG9uJ3QgcmVwb3J0,,,,,TsOjbyByZXBvcnRhciBhaW5kYQ==,,Tm8gaW5mb3JtYXI=
0lqGCQ,,WW91J3ZlIHJlY2VpdmVkIEVYUCBhZnRlciByZXBvcnRpbmcu,,,,,Vm9jw6ogdGVybWlub3UgYSBtaXNzw6NvIGUgcmVjZWJldSBFWFAgY29tbyByZWNvbXBlbnNhLg==,,UmVjaWJpc3RlIEVYUCBkZXNwdcOpcyBkZSBpbmZvcm1hci4=
01qGCQ,,Tm93IHlvdSBjYW4gcmVjZWl2ZSB0aGUgcmVxdWVzdCwgJ0Rlc3Ryb3kgUmVxdWllbScsIGFnYWluLg==,,,,,Vm9jw6ogcG9kZSByZWNlYmVyIG5vdmFtZW50ZSBhIG1pc3PDo28gZGUgQ2HDp2FkYSBkZSBSw6lxdWllbS4=,,QWhvcmEgcHVlZGVzIHZvbHZlciBhIHJlY2liaXIgbGEgc29saWNpdHVkIOKAnERlc3RydWlyIGEgbG9zIFLDqXF1aWVt4oCdLg==
1FqGCQ,,V291bGQgeW91IGxpa2UgdG8gYWNjZXB0IHRoZSByZXF1ZXN0Pw==,,,,,QWNlaXRhciBhIG1pc3PDo28/,,wr9RdWllcmVzIGFjZXB0YXIgbGEgc29saWNpdHVkPw==
1VqGCQ,,WWVz,,,,,U2ltLCBhY2VpdGFy,,U8OtLg==
1lqGCQ,,Tm8=,,,,,TsOjbyBhY2VpdGFy,,Tm8u
11qGCQ,,WW91J3ZlIHJlY2VpdmVkIHRoZSByZXF1ZXN0LCAnRGVzdHJveSBSZXF1aWVtJy4gUGxlYXNlIGNoZWNrIHRoZSByZXF1ZXN0IGZvcm0gZm9yIGRldGFpbHMu,,,,,Vm9jw6ogcmVjZWJldSBhIG1pc3PDo28uIENhc28gZXN0ZWphIGNvbSBkw7p2aWRhLCBjb25maXJhIG9zIGRldGFsaGVzIG5vIGF0YWxobyBBbHQgKyBV,,UmVjaWJpc3RlIGxhIHNvbGljaXR1ZCDigJxEZXN0cnVpciBhIGxvcyBSw6lxdWllbeKAnS4gUGFyYSBjb25vY2VyIG3DoXMgZGV0YWxsZXMsIGNvbnN1bHRhIGVsIGZvcm11bGFyaW8gZGUgc29saWNpdHVkLg==
2FqGCQ,,UGVvcGxlIGluIHRvd24gYXJlIGdldHRpbmcgbmVydm91cyBiZWNhdXNlIHRoZSBtb25zdGVycyBpbiB0aGUgU3BoaW54IER1bmdlb24gYXJlIGluY3JlYXNpbmcuIFBsZWFzZSBkZXN0cm95IDEwIE1hcmR1a3MuCi0gTWF5ZGkgZnJvbSBNb3JvY2MgLQ==,,,,,T3MgbW9uc3Ryb3MgZGEgSW5zdMOibmNpYSBFc2ZpbmdlIGRldmVtIHNlciBwYXJhZG9zIGRlIGFsZ3VtYSBmb3JtYSEgRGVycm90ZSAxMCBNYXJkdWsuCi0gTW9yYWRvciBkZSBNb3Jyb2M=,,UG9yIGZhdm9yLCBkZXN0cnV5ZSAxME1hcmR1ay4KLSBNYXlkaSBkZSBNb3JvY2MgLQ==
2VqGCQ,,Tm93IHlvdSBjYW4gcmVjZWl2ZSB0aGUgcmVxdWVzdCwgJ0Rlc3Ryb3kgTWFyZHVrJywgYWdhaW4u,,,,,Vm9jw6ogdGVybWlub3UgYSBtaXNzw6NvIGUgcmVjZWJldSBFWFAgY29tbyByZWNvbXBlbnNhLi4u,,QWhvcmEgcHVlZGVzIHZvbHZlciBhIHJlY2liaXIgbGEgc29saWNpdHVkIOKAnERlc3RydWlyIGEgbG9zIE1hcmR1a+KAnS4=
2lqGCQ,,WW91J3ZlIHJlY2VpdmVkIHRoZSByZXF1ZXN0LCAnRGVzdHJveSBNYXJkdWsnLiBQbGVhc2UgY2hlY2sgdGhlIHJlcXVlc3QgZm9ybSBmb3IgZGV0YWlscy4=,,,,,Vm9jw6ogcG9kZSByZWNlYmVyIG5vdmFtZW50ZSBhIG1pc3PDo28gZGUgQ2HDp2FkYSBkZSBNYXJkdWsu,,UmVjaWJpc3RlIGxhIHNvbGljaXR1ZCDigJxEZXN0cnVpciBhIGxvcyBNYXJkdWvigJ0uIA==
21qGCQ,,UGVvcGxlIGluIHRvd24gYXJlIGdldHRpbmcgbmVydm91cyBiZWNhdXNlIHRoZSBtb25zdGVycyBpbiB0aGUgU3BoaW54IER1bmdlb24gYXJlIGluY3JlYXNpbmcuIFBsZWFzZSBkZXN0cm95IDEwIFBhc2FuYXMuCi0gTWF5ZGkgZnJvbSBNb3JvY2MgLQ==,,,,,T3MgbW9uc3Ryb3MgZGEgSW5zdMOibmNpYSBFc2ZpbmdlIGRldmVtIHNlciBwYXJhZG9zIGRlIGFsZ3VtYSBmb3JtYSEgRGVycm90ZSAxMCBQYXNhbmEuCi0gTW9yYWRvciBkZSBNb3Jyb2M=,,UG9yIGZhdm9yLCBkZXN0cnV5ZSAxMFBhc2FuYS4KLSBNYXlkaSBkZSBNb3JvY2MgLQ==
3FqGCQ,,Tm93IHlvdSBjYW4gcmVjZWl2ZSB0aGUgcmVxdWVzdCwgJ0Rlc3Ryb3kgUGFzYW5hJywgYWdhaW4u,,,,,Vm9jw6ogcG9kZSByZWNlYmVyIG5vdmFtZW50ZSBhIG1pc3PDo28gZGUgQ2HDp2FkYSBkZSBQYXNhbmEu,,QWhvcmEgcHVlZGVzIHZvbHZlciBhIHJlY2liaXIgbGEgc29saWNpdHVkIOKAnERlc3RydWlyIGEgbG9zIFBhc2FuYeKAnS4=
3VqGCQ,,WW91J3ZlIHJlY2VpdmVkIHRoZSByZXF1ZXN0LCAnRGVzdHJveSBQYXNhbmEnLiBQbGVhc2UgY2hlY2sgdGhlIHJlcXVlc3QgZm9ybSBmb3IgZGV0YWlscy4=,,,,,TWlzc8O1ZXMgZW0gR2xhc3QgSGVpbQpJbmZvcm1hw6fDo28gZGlzcG9uw612ZWwh,,UmVjaWJpc3RlIGxhIHNvbGljaXR1ZCDigJxEZXN0cnVpciBhIGxvcyBQYXNhbmHigJ0uIA==
3lqGCQ,,LSBUaGVyZSBhcmUgcmVxdWVzdHMgd3JpdHRlbiAtCi0gcmVsYXRlZCB0byB0aGUgR2xhc3RoZWltIEFyZWEuIC0=,,,,,Q2HDp2FkYSBkZSBNb2xkdXJhIE1hbGRpdGE=,,LSBIYXkgc29saWNpdHVkZXMgZXNjcml0YXMgLQotIGVuIHJlbGFjacOzbiBhIGxhIHpvbmEgZGUgR2xhc3RoZWltLiAt
31qGCQ,,RGVzdHJveSBEYXJrIEZyYW1l,,,,,Q2HDp2FkYSBkZSBEcnVpZGEgTWFsaWdubw==,,RGVzdHJ1aXIgTWFyY29zIG9zY3Vyb3Mu
4FqGCQ,,RGVzdHJveSBFdmlsIERydWlk,,,,,Q2HDp2FkYSBkZSBBbG1hIFBlbmFkYQ==,,RGVzdHJ1eWUgRHJ1aWRhcyBkZWwgbWFsLg==
4VqGCQ,,RGVzdHJveSBXcmFpdGg=,,,,,Q2HDp2FkYSBkZSBSYXlkcmljIEFycXVlaXJv,,RGVzdHJ1aXIgRXNwZWN0cm9zLg==
4lqGCQ,,RGVzdHJveSBSYXlkcmljIEFyY2hlcg==,,,,,RW0gYWxndW0gbW9tZW50byBlc3NlcyBtb25zdHJvcyBpcsOjbyBlc2NhcGFyIGUgaW52YWRpciBhIGNpZGFkZSEgRGVycm90ZSAxMCBNb2xkdXJhcyBNYWxkaXRhcy4KLSBNb3JhZG9yYSBkZSBHZWZmZW4=,,RGVzdHJ1eWUgQXJxdWVyb3MgUmF5ZHJpYy4=
41qGCQ,,SSdtIHNvIHdvcnJpZWQgdGhhdCBtb25zdGVycyBmcm9tIEdsYXN0aGVpbSB3aWxsIGNvbWUgb3V0IGFuZCBhdHRhY2sgdXMgc29vbi4gUGxlYXNlIGRlc3Ryb3kgMTAgRGFyayBGcmFtZXMuCi0gQW5jZWxpYSBmcm9tIEdlZmZlbiAt,,,,,Vm9jw6ogcG9kZSByZWNlYmVyIG5vdmFtZW50ZSBhIG1pc3PDo28gZGUgQ2HDp2FkYSBkZSBNb2xkdXJhIE1hbGRpdGEu,,TWUgcHJlb2N1cGEgbXVjaG8gcXVlIGxvcyBtb25zdHJ1b3MgZGUgR2xhc3RoZWltIHNhbGdhbiB5IG5vcyBhdGFxdWVuLiBQb3IgZmF2b3IsIGRlc3RydXllIDEwTWFyY29zIG9zY3Vyb3MuCi0gQW5jZWxpYSBkZSBHZWZmZW4gLQ==
5FqGCQ,,Tm93IHlvdSBjYW4gcmVjZWl2ZSB0aGUgcmVxdWVzdCwgJ0Rlc3Ryb3kgRGFyayBGcmFtZScsIGFnYWluLg==,,,,,RW0gYWxndW0gbW9tZW50byBlc3NlcyBtb25zdHJvcyBpcsOjbyBlc2NhcGFyIGUgaW52YWRpciBhIGNpZGFkZSEgRGVycm90ZSAxMCBEcnVpZGFzIE1hbGlnbm9zLgotIE1vcmFkb3JhIGRlIEdlZmZlbg==,,QWhvcmEgcHVlZGVzIHZvbHZlciBhIHJlY2liaXIgbGEgc29saWNpdHVkIOKAnERlc3RydWlyIE1hcmNvcyBvc2N1cm9z4oCdLg==
5VqGCQ,,WW91J3ZlIHJlY2VpdmVkIHRoZSByZXF1ZXN0LCAnRGVzdHJveSBEYXJrIEZyYW1lJy4gUGxlYXNlIGNoZWNrIHRoZSByZXF1ZXN0IGZvcm0gZm9yIGRldGFpbHMu,,,,,Vm9jw6ogcG9kZSByZWNlYmVyIG5vdmFtZW50ZSBhIG1pc3PDo28gZGUgQ2HDp2FkYSBkZSBEcnVpZGFzIE1hbGlnbm9zLg==,,UmVjaWJpc3RlIGxhIHNvbGljaXR1ZCDigJxEZXN0cnVpciBNYXJjb3Mgb3NjdXJvc+KAnS4g
5lqGCQ,,SSdtIHNvIHdvcnJpZWQgdGhhdCBtb25zdGVycyBmcm9tIEdsYXN0aGVpbSB3aWxsIGNvbWUgb3V0IGFuZCBhdHRhY2sgdXMgc29vbi4gUGxlYXNlIGRlc3Ryb3kgMTAgRXZpbCBEcnVpZHMuCi0gQW5jZWxpYSBmcm9tIEdlZmZlbiAt,,,,,RW0gYWxndW0gbW9tZW50byBlc3NlcyBtb25zdHJvcyBpcsOjbyBlc2NhcGFyIGUgaW52YWRpciBhIGNpZGFkZSEgRGVycm90ZSAxMCBBbG1hcyBQZW5hZGFzLgotIE1vcmFkb3JhIGRlIEdlZmZlbg==,,UG9yIGZhdm9yLCBkZXN0cnV5ZSBhIDEwRHJ1aWRhcyBkZWwgbWFsLgotIEFuY2VsaWEgZGUgR2VmZmVuIC0=
51qGCQ,,Tm93IHlvdSBjYW4gcmVjZWl2ZSB0aGUgcmVxdWVzdCwgJ0Rlc3Ryb3kgRXZpbCBEcnVpZCcsIGFnYWluLg==,,,,,Vm9jw6ogcG9kZSByZWNlYmVyIG5vdmFtZW50ZSBhIG1pc3PDo28gZGUgQ2HDp2FkYSBkZSBBbG1hIFBlbmFkYS4=,,QWhvcmEgcHVlZGVzIHZvbHZlciBhIHJlY2liaXIgbGEgc29saWNpdHVkIOKAnERlc3RydWlyIERydWlkYXMgZGVsIG1hbOKAnS4=
6FqGCQ,,WW91J3ZlIHJlY2VpdmVkIHRoZSByZXF1ZXN0LCAnRGVzdHJveSBFdmlsIERydWlkJy4gUGxlYXNlIGNoZWNrIHRoZSByZXF1ZXN0IGZvcm0gZm9yIGRldGFpbHMu,,,,,RW0gYWxndW0gbW9tZW50byBlc3NlcyBtb25zdHJvcyBpcsOjbyBlc2NhcGFyIGUgaW52YWRpciBhIGNpZGFkZSEgRGVycm90ZSAxMCBSYXlkcmljIEFycXVlaXJvcy4KLSBNb3JhZG9yYSBkZSBHZWZmZW4=,,UmVjaWJpc3RlIGxhIHNvbGljaXR1ZCDigJxEZXN0cnVpciBEcnVpZGFzIGRlbCBtYWzigJ0uIA==
6VqGCQ,,SSdtIHNvIHdvcnJpZWQgdGhhdCBtb25zdGVycyBmcm9tIEdsYXN0aGVpbSB3aWxsIGNvbWUgb3V0IGFuZCBhdHRhY2sgdXMgc29vbi4gUGxlYXNlIGRlc3Ryb3kgMTAgV3JhaXRocy4KLSBBbmNlbGlhIGZyb20gR2VmZmVuIC0=,,,,,Vm9jw6ogcG9kZSByZWNlYmVyIG5vdmFtZW50ZSBhIG1pc3PDo28gZGUgQ2HDp2FkYSBkZSBSYXlkcmljIEFycXVlaXJvLg==,,UG9yIGZhdm9yLCBkZXN0cnV5ZSAxMEVzcGVjdHJvcy4KLSBBbmNlbGlhIGRlIEdlZmZlbiAt
6lqGCQ,,Tm93IHlvdSBjYW4gcmVjZWl2ZSB0aGUgcmVxdWVzdCwgJ0Rlc3Ryb3kgV3JhaXRoJywgYWdhaW4u,,,,,TWlzc8O1ZXMgZW0gSnVubwpJbmZvcm1hw6fDo28gZGlzcG9uw612ZWwh,,QWhvcmEgcHVlZGVzIHZvbHZlciBhIHJlY2liaXIgbGEgc29saWNpdHVkIOKAnERlc3RydWlyIEVzcGVjdHJvc+KAnS4=
61qGCQ,,WW91J3ZlIHJlY2VpdmVkIHRoZSByZXF1ZXN0LCAnRGVzdHJveSBXcmFpdGgnLiBQbGVhc2UgY2hlY2sgdGhlIHJlcXVlc3QgZm9ybSBmb3IgZGV0YWlscy4=,,,,,Q2HDp2FkYSBkZSBHcmFuZCBQZWNv,,UmVjaWJpc3RlIGxhIHNvbGljaXR1ZCDigJxEZXN0cnVpciBFc3BlY3Ryb3PigJ0uIA==
7FqGCQ,,SSdtIHNvIHdvcnJpZWQgdGhhdCBtb25zdGVycyBmcm9tIEdsYXN0aGVpbSB3aWxsIGNvbWUgb3V0IGFuZCBhdHRhY2sgdXMgc29vbi4gUGxlYXNlIGRlc3Ryb3kgMTAgUmF5ZHJpYyBBcmNoZXJzLgotIEFuY2VsaWEgZnJvbSBHZWZmZW4gLQ==,,,,,Q2HDp2FkYSBkZSBSb2Nob3Nv,,UG9yIGZhdm9yLCBkZXN0cnV5ZSAxMEFycXVlcm9zIFJheWRyaWMuCi0gQW5jZWxpYSBkZSBHZWZmZW4gLQ==
7VqGCQ,,Tm93IHlvdSBjYW4gcmVjZWl2ZSB0aGUgcmVxdWVzdCwgJ0Rlc3Ryb3kgUmF5ZHJpYyBBcmNoZXInLCBhZ2Fpbi4=,,,,,Q2HDp2FkYSBkZSBCb2Rl,,QWhvcmEgcHVlZGVzIHZvbHZlciBhIHJlY2liaXIgbGEgc29saWNpdHVkIOKAnERlc3RydWlyIEFycXVlcm9zIFJheWRyaWPigJ0u
7lqGCQ,,WW91J3ZlIHJlY2VpdmVkIHRoZSByZXF1ZXN0LCAnUmF5ZHJpYyBBcmNoZXInLiBQbGVhc2UgY2hlY2sgdGhlIHJlcXVlc3QgZm9ybSBmb3IgZGV0YWlscy4=,,,,,Q2HDp2FkYSBkZSBIYXJwaWE=,,UmVjaWJpc3RlIGxhIHNvbGljaXR1ZCDigJxEZXN0cnVpciBBcnF1ZXJvcyBSYXlkcmlj4oCdLiA=
71qGCQ,,LSBUaGVyZSBhcmUgcmVxdWVzdHMgd3JpdHRlbiAtCi0gcmVsYXRlZCB0byB0aGUgSnVubyBBcmVhLiAt,,,,,VmlhamFudGVzIGVzdMOjbyBzZW5kbyBpbmNvbW9kYWRvcyBwb3IgbW9uc3Ryb3MgdGVycsOtdmVpcyEgRGVycm90ZSAyMCBHcmFuZCBQZWNvLgotIFZpYWphbnRlIGVtIGFwdXJvcw==,,LSBIYXkgc29saWNpdHVkZXMgZXNjcml0YXMgLQotIGVuIHJlbGFjacOzbiBhIGxhIHpvbmEgZGUgSnVuby4gLQ==
8FqGCQ,,RGVzdHJveSBHcmFuZHBlY28=,,,,,Vm9jw6ogcG9kZSByZWNlYmVyIG5vdmFtZW50ZSBhIG1pc3PDo28gZGUgQ2HDp2FkYSBkZSBHcmFuZCBQZWNvLg==,,RGVzdHJ1aXIgYSBsb3MgR3JhbiBwZWNvLg==
8VqGCQ,,RGVzdHJveSBTbGVlcGVy,,,,,VmlhamFudGVzIGVzdMOjbyBzZW5kbyBpbmNvbW9kYWRvcyBwb3IgbW9uc3Ryb3MgdGVycsOtdmVpcyEgRGVycm90ZSAyMCBSb2Nob3Nvcy4KLSBWaWFqYW50ZSBlbSBhcHVyb3M=,,RGVzdHJ1aXIgRHVybWllbnRlcy4=
8lqGCQ,,RGVzdHJveSBHb2F0,,,,,Vm9jw6ogcG9kZSByZWNlYmVyIG5vdmFtZW50ZSBhIG1pc3PDo28gZGUgQ2HDp2FkYSBkZSBSb2Nob3NvLg==,,RGVzdHJ1aXIgQ2FicmFzLg==
81qGCQ,,RGVzdHJveSBIYXJweQ==,,,,,VmlhamFudGVzIGVzdMOjbyBzZW5kbyBpbmNvbW9kYWRvcyBwb3IgbW9uc3Ryb3MgdGVycsOtdmVpcyEgRGVycm90ZSAyMCBCb2Rlcy4KLSBWaWFqYW50ZSBlbSBhcHVyb3M=,,RGVzdHJ1aXIgQXJww61hcy4=
9FqGCQ,,UGVvcGxlIHdobyBjYW4ndCBmaWdodCwgbGlrZSBteXNlbGYsIGFyZSBoYXZpbmcgYSBoYXJkIHRpbWUgdHJhdmVsaW5nIGJlY2F1c2Ugb2YgaW5jcmVhc2VkIG51bWJlcnMgb2YgbW9uc3RlcnMuIFBsZWFzZSBkZXN0cm95IDIwIEdyYW5kIHBlY29zLgotIFRyYXZlbGVyLCBKaW5iYWkgLQ==,,,,,Vm9jw6ogcG9kZSByZWNlYmVyIG5vdmFtZW50ZSBhIG1pc3PDo28gZGUgQ2HDp2FkYSBkZSBCb2RlLg==,,TGEgZ2VudGUgcXVlIG5vIHB1ZWRlIGx1Y2hhciwgY29tbyB5bywgdGllbmUgZGlmaWN1bHRhZGVzIHBhcmEgdmlhamFyIHBvciBlbCBhdW1lbnRvIGRlbCBuw7ptZXJvIGRlIG1vbnN0cnVvcy4gUG9yIGZhdm9yLCBkZXN0cnV5ZSAyMEdyYW4gcGVjby4KLSBWaWFqZXJvLCBKaW5iYWkgLQ==
9VqGCQ,,Tm93IHlvdSBjYW4gcmVjZWl2ZSB0aGUgcmVxdWVzdCwgJ0Rlc3Ryb3kgR3JhbmQgcGVjbycsIGFnYWluLg==,,,,,VmlhamFudGVzIGVzdMOjbyBzZW5kbyBpbmNvbW9kYWRvcyBwb3IgbW9uc3Ryb3MgdGVycsOtdmVpcyEgRGVycm90ZSAyMCBIYXJwaWFzLgotIFZpYWphbnRlIGVtIGFwdXJvcw==,,QWhvcmEgcHVlZGVzIHZvbHZlciBhIHJlY2liaXIgbGEgc29saWNpdHVkIOKAnERlc3RydWlyIGEgbG9zIEdyYW4gcGVjb+KAnS4=
9lqGCQ,,WW91J3ZlIHJlY2VpdmVkIHRoZSByZXF1ZXN0LCAnRGVzdHJveSBHcmFuZCBwZWNvJy4gUGxlYXNlIGNoZWNrIHRoZSByZXF1ZXN0IGZvcm0gZm9yIGRldGFpbHMu,,,,,Vm9jw6ogcG9kZSByZWNlYmVyIG5vdmFtZW50ZSBhIG1pc3PDo28gZGUgQ2HDp2FkYSBkZSBIYXJwaWEu,,UmVjaWJpc3RlIGxhIHNvbGljaXR1ZCDigJxEZXN0cnVpciBhIGxvcyBHcmFuIHBlY2/igJ0uIA==
91qGCQ,,UGVvcGxlIHdobyBjYW4ndCBmaWdodCwgbGlrZSBteXNlbGYsIGFyZSBoYXZpbmcgYSBoYXJkIHRpbWUgdHJhdmVsaW5nIGJlY2F1c2Ugb2YgaW5jcmVhc2VkIG51bWJlcnMgb2YgbW9uc3RlcnMuIFBsZWFzZSBkZXN0cm95IDIwIFNsZWVwZXJzLgotIFRyYXZlbGVyLCBKaW5iYWkgLQ==,,,,,TWlzc8O1ZXMgbmEgVG9ycmUgZG8gUmVsw7NnaW8KSW5mb3JtYcOnw6NvIGRpc3BvbsOtdmVsIQ==,,UG9yIGZhdm9yLCBkZXN0cnV5ZSAyMER1cm1pZW50ZXMuCi0gVmlhamVybywgSmluYmFpIC0=
+FqGCQ,,Tm93IHlvdSBjYW4gcmVjZWl2ZSB0aGUgcmVxdWVzdCwgJ0Rlc3Ryb3kgU2xlZXBlcicsIGFnYWluLg==,,,,,Q2HDp2FkYSBkZSBSZWzDs2dpbw==,,QWhvcmEgcHVlZGVzIHZvbHZlciBhIHJlY2liaXIgbGEgc29saWNpdHVkIOKAnERlc3RydWlyIER1cm1pZW50ZXPigJ0u
+VqGCQ,,WW91J3ZlIHJlY2VpdmVkIHRoZSByZXF1ZXN0LCAnRGVzdHJveSBTbGVlcGVyJy4gUGxlYXNlIGNoZWNrIHRoZSByZXF1ZXN0IGZvcm0gZm9yIGRldGFpbHMu,,,,,Q2HDp2FkYSBkZSBQdW5r,,UmVjaWJpc3RlIGxhIHNvbGljaXR1ZCDigJxEZXN0cnVpciBEdXJtaWVudGVz4oCdLiA=
+lqGCQ,,UGVvcGxlIHdobyBjYW4ndCBmaWdodCwgbGlrZSBteXNlbGYsIGFyZSBoYXZpbmcgYSBoYXJkIHRpbWUgdHJhdmVsaW5nIGJlY2F1c2Ugb2YgaW5jcmVhc2VkIG51bWJlcnMgb2YgbW9uc3RlcnMuIFBsZWFzZSBkZXN0cm95IDIwIEdvYXRzLgotIFRyYXZlbGVyLCBKaW5iYWkgLQ==,,,,,Q2HDp2FkYSBkZSBSaWRld29yZA==,,UG9yIGZhdm9yLCBkZXN0cnV5ZSAyMENhYnJhcy4KLSBWaWFqZXJvLCBKaW5iYWkgLQ==
+1qGCQ,,Tm93IHlvdSBjYW4gcmVjZWl2ZSB0aGUgcmVxdWVzdCwgJ0Rlc3Ryb3kgR29hdCcsIGFnYWluLg==,,,,,QSBUb3JyZSBkbyBSZWzDs2dpbyBmb2kgaW5mZXN0YWRhIHBvciBtb25zdHJvcyB0ZXJyaXZlbG1lbnRlIGFzc3VzdGFkb3JlcyEgTm9zIGFqdWRlLCBwb3IgZmF2b3IhIERlcnJvdGUgMTUgUmVsw7NnaW9zIGVucXVhbnRvIGFpbmRhIGjDoSB0ZW1wbyEKLSBVbSBub2JyZSBpbXBvcnRhbnRl,,QWhvcmEgcHVlZGVzIHZvbHZlciBhIHJlY2liaXIgbGEgc29saWNpdHVkIOKAnERlc3RydWlyIENhYnJhc+KAnS4=
/FqGCQ,,WW91J3ZlIHJlY2VpdmVkIHRoZSByZXF1ZXN0LCAnRGVzdHJveSBHb2F0Jy4gUGxlYXNlIGNoZWNrIHRoZSByZXF1ZXN0IGZvcm0gZm9yIGRldGFpbHMu,,,,,Vm9jw6ogcG9kZSByZWNlYmVyIG5vdmFtZW50ZSBhIG1pc3PDo28gZGUgQ2HDp2FkYSBkZSBSZWzDs2dpby4=,,UmVjaWJpc3RlIGxhIHNvbGljaXR1ZCDigJxEZXN0cnVpciBDYWJyYXPigJ0uIA==
/VqGCQ,,UGVvcGxlIHdobyBjYW4ndCBmaWdodCwgbGlrZSBteXNlbGYsIGFyZSBoYXZpbmcgYSBoYXJkIHRpbWUgdHJhdmVsaW5nIGJlY2F1c2Ugb2YgaW5jcmVhc2VkIG51bWJlcnMgb2YgbW9uc3RlcnMuIFBsZWFzZSBkZXN0cm95IDIwIEhhcnB5cy4KLSBUcmF2ZWxlciwgSmluYmFpIC0=,,,,,QSBUb3JyZSBkbyBSZWzDs2dpbyBmb2kgaW5mZXN0YWRhIHBvciBtb25zdHJvcyB0ZXJyaXZlbG1lbnRlIGFzc3VzdGFkb3JlcyEgTm9zIGFqdWRlLCBwb3IgZmF2b3IhICBEZXJyb3RlIDE1IFB1bmtzIGVucXVhbnRvIGFpbmRhIGjDoSB0ZW1wbyEuCi0gVW0gbm9icmUgaW1wb3J0YW50ZQ==,,UG9yIGZhdm9yLCBkZXN0cnV5ZSAyMEFycMOtYXMuCi0gVmlhamVybywgSmluYmFpIC0=
/lqGCQ,,Tm93IHlvdSBjYW4gcmVjZWl2ZSB0aGUgcmVxdWVzdCwgJ0Rlc3Ryb3kgSGFycHknLCBhZ2Fpbi4=,,,,,Vm9jw6ogcG9kZSByZWNlYmVyIG5vdmFtZW50ZSBhIG1pc3PDo28gZGUgQ2HDp2FkYSBkZSBQdW5rLg==,,QWhvcmEgcHVlZGVzIHZvbHZlciBhIHJlY2liaXIgbGEgc29saWNpdHVkIOKAnERlc3RydWlyIEFycMOtYXPigJ0u
/1qGCQ,,WW91J3ZlIHJlY2VpdmVkIHRoZSByZXF1ZXN0LCAnRGVzdHJveSBIYXJweScuIFBsZWFzZSBjaGVjayB0aGUgcmVxdWVzdCBmb3JtIGZvciBkZXRhaWxzLg==,,,,,QSBUb3JyZSBkbyBSZWzDs2dpbyBmb2kgaW5mZXN0YWRhIHBvciBtb25zdHJvcyB0ZXJyaXZlbG1lbnRlIGFzc3VzdGFkb3JlcyEgTm9zIGFqdWRlLCBwb3IgZmF2b3IhICBEZXJyb3RlIDE1IFB1bmtzIGVucXVhbnRvIGFpbmRhIGjDoSB0ZW1wbyEKLSBVbSBub2JyZSBpbXBvcnRhbnRl,,UmVjaWJpc3RlIGxhIHNvbGljaXR1ZCDigJxEZXN0cnVpciBBcnDDrWFz4oCdLiA=
AFuGCQ,,LSBUaGVyZSBhcmUgcmVxdWVzdHMgd3JpdHRlbiAtCi0gcmVsYXRlZCB0byB0aGUgQ2xvY2sgVG93ZXIgQXJlYS4gLQ==,,,,,QSBUb3JyZSBkbyBSZWzDs2dpbyBmb2kgaW5mZXN0YWRhIHBvciBtb25zdHJvcyB0ZXJyaXZlbG1lbnRlIGFzc3VzdGFkb3JlcyEgTm9zIGFqdWRlLCBwb3IgZmF2b3IhICBEZXJyb3RlIDE1IFJpZGV3b3JkcyBlbnF1YW50byBhaW5kYSBow6EgdGVtcG8hCi0gVW0gbm9icmUgaW1wb3J0YW50ZQ==,,LSBIYXkgc29saWNpdHVkZXMgZXNjcml0YXMgLQotIGVuIHJlbGFjacOzbiBjb24gbGEgem9uYSBkZSBsYSBUb3JyZSBkZWwgcmVsb2ouIC0=
AVuGCQ,,RGVzdHJveSBDbG9jaw==,,,,,Vm9jw6ogcG9kZSByZWNlYmVyIG5vdmFtZW50ZSBhIG1pc3PDo28gZGUgQ2HDp2FkYSBkZSBSaWRld29yZC4=,,RGVzdHJ1aXIgUmVsb2plcy4=
AluGCQ,,RGVzdHJveSBQdW5r,,,,,TWlzc8O1ZXMgVmFyaWFkYXMKSW5mb3JtYcOnw6NvIGRpc3BvbsOtdmVsIQ==,,RGVzdHJ1aXIgYSBsb3MgUHVuay4=
A1uGCQ,,RGVzdHJveSBSaWRld29yZA==,,,,,Q2HDp2FkYSBkZSBLaWtpbW9yYQ==,,RGVzdHJ1aXIgYSBsb3MgUmlkZXdvcmQu
BFuGCQ,,SSB1c2VkIHRvIGVuam95IGxpc3RlbmluZyB0byB0aGUgYmVhdXRpZnVsIGNsb2NrIHNvdW5kcyBvZiB0aGUgQ2xvY2sgVG93ZXIgaW4gQWxkZWJhcmFuIGJ1dCBJIGNhbid0IGhlYXIgdGhlbSBhbnltb3JlIGJlY2F1c2UgdGhlIG1vbnN0ZXJzIGFyZSBtYWtpbmcgbG90cyBvZiBub2lzZS4gUGxlYXNlIGRlc3Ryb3kgMTUgQ2xvY2tzIHRvIHJlZHVjZSB0aGUgbm9pc2UuCi0gUml6aW5nc2V0dGVyLCB0aGUgY2hhaXJtYW4gb2YgTG92ZSBDbG9jayBDb21tdW5pdHkgLQ==,,,,,Q2HDp2FkYSBkZSBNaXlhYmk=,,U29sw61hIGRpc2ZydXRhciBlc2N1Y2hhbmRvIGxvcyBiZWxsb3Mgc29uaWRvcyBkZWwgcmVsb2ogZGUgbGEgVG9ycmUgZGVsIHJlbG9qIGRlIEFsZGViYXJhbiwgcGVybyB5YSBubyBwdWVkbyBvw61ybG9zIHBvcnF1ZSBsb3MgbW9uc3RydW9zIGhhY2VuIG11Y2hvIHJ1aWRvLiBQb3IgZmF2b3IsIGRlc3RydXllIDE1UmVsb2plcyBwYXJhIGRpc21pbnVpciBlbCBydWlkby4KLSBSaXppbmdzZXR0ZXIsIHByZXNpZGVudGUgZGUgbGEgQ29tdW5pZGFkIGRlIGFtYW50ZXMgZGVsIHJlbG9qLiAt
BVuGCQ,,Tm93IHlvdSBjYW4gcmVjZWl2ZSB0aGUgcmVxdWVzdCwgJ0Rlc3Ryb3kgQ2xvY2snLCBhZ2Fpbi4=,,,,,Q2HDp2FkYSBkZSBNaSBHYW8=,,QWhvcmEgcHVlZGVzIHZvbHZlciBhIHJlY2liaXIgbGEgc29saWNpdHVkIOKAnERlc3RydWlyIFJlbG9qZXPigJ0u
BluGCQ,,WW91J3ZlIHJlY2VpdmVkIHRoZSByZXF1ZXN0LCAnRGVzdHJveSBDbG9jaycuIFBsZWFzZSBjaGVjayB0aGUgcmVxdWVzdCBmb3JtIGZvciBkZXRhaWxzLg==,,,,,Q2HDp2FkYSBkZSBNdWxhIFNlbSBDYWJlw6dh,,UmVjaWJpc3RlIGxhIHNvbGljaXR1ZCDigJxEZXN0cnVpciBSZWxvamVz4oCdLiA=
B1uGCQ,,SSB1c2VkIHRvIGVuam95IGxpc3RlbmluZyB0byB0aGUgYmVhdXRpZnVsIGNsb2NrIHNvdW5kcyBvZiB0aGUgQ2xvY2sgVG93ZXIgaW4gQWxkZWJhcmFuIGJ1dCBJIGNhbid0IGhlYXIgdGhlbSBhbnltb3JlIGJlY2F1c2UgdGhlIG1vbnN0ZXJzIGFyZSBtYWtpbmcgbG90cyBvZiBub2lzZS4gUGxlYXNlIGRlc3Ryb3kgMTUgUHVua3MgdG8gcmVkdWNlIHRoZSBub2lzZS4KLSBSaXppbmdzZXR0ZXIsIHRoZSBjaGFpcm1hbiBvZiBMb3ZlIENsb2NrIENvbW11bml0eSAt,,,,,Q2HDp2FkYSBkZSBUYW1ydWFu,,UG9yIGZhdm9yLCBkZXN0cnV5ZSAxNVB1bmsgcGFyYSBkaXNtaW51aXIgZWwgcnVpZG8uCi0gUml6aW5nc2V0dGVyLCBwcmVzaWRlbnRlIGRlIGxhIENvbXVuaWRhZCBkZSBhbWFudGVzIGRlbCByZWxvai4gLQ==
CFuGCQ,,Tm93IHlvdSBjYW4gcmVjZWl2ZSB0aGUgcmVxdWVzdCwgJ0Rlc3Ryb3kgUHVuaycsIGFnYWluLg==,,,,,TcOhc2NhcmFzIFJvdWJhZGFz,,QWhvcmEgcHVlZGVzIHZvbHZlciBhIHJlY2liaXIgbGEgc29saWNpdHVkIOKAnERlc3RydWlyIGEgbG9zIFB1bmvigJ0u
CVuGCQ,,WW91J3ZlIHJlY2VpdmVkIHRoZSByZXF1ZXN0LCAnRGVzdHJveSBQdW5rJy4gUGxlYXNlIGNoZWNrIHRoZSByZXF1ZXN0IGZvcm0gZm9yIGRldGFpbHMu,,,,,SW5mZWxpem1lbnRlIG7Do28gcG9zc28gcGFydGlyIGVtIHVtYSBhdmVudHVyYSEgUG9yIGZhdm9yLCBhY2FiZSBjb20gYWxndW5zIG1vbnN0cm9zIHBvciBtaW0uIERlcnJvdGUgMTUgS2lraW1vcmFzIGVtIE1vc2PDs3ZpYSEKLSBBdmVudHVyZWlybyBQb21wb3Nv,,UmVjaWJpc3RlIGxhIHNvbGljaXR1ZCDigJxEZXN0cnVpciBhIGxvcyBQdW5r4oCdLiA=
CluGCQ,,SSB1c2VkIHRvIGVuam95IGxpc3RlbmluZyB0byB0aGUgYmVhdXRpZnVsIGNsb2NrIHNvdW5kcyBvZiB0aGUgQ2xvY2sgVG93ZXIgaW4gQWxkZWJhcmFuIGJ1dCBJIGNhbid0IGhlYXIgdGhlbSBhbnltb3JlIGJlY2F1c2UgdGhlIG1vbnN0ZXJzIGFyZSBtYWtpbmcgbG90cyBvZiBub2lzZS4gUGxlYXNlIGRlc3Ryb3kgMTUgUmlkZXdvcmRzIHRvIHJlZHVjZSB0aGUgbm9pc2UuCi0gUml6aW5nc2V0dGVyLCB0aGUgY2hhaXJtYW4gb2YgTG92ZSBDbG9jayBDb21tdW5pdHkgLQ==,,,,,Vm9jw6ogcG9kZSByZWNlYmVyIG5vdmFtZW50ZSBhIG1pc3PDo28gZGUgQ2HDp2FkYSBkZSBLaWtpbW9yYS4=,,UG9yIGZhdm9yLCBkZXN0cnV5ZSAxNVJpZGV3b3JkIHBhcmEgZGlzbWludWlyIGVsIHJ1aWRvLgotIFJpemluZ3NldHRlciwgcHJlc2lkZW50ZSBkZSBsYSBDb211bmlkYWQgZGUgYW1hbnRlcyBkZWwgcmVsb2ouIC0=
C1uGCQ,,Tm93IHlvdSBjYW4gcmVjZWl2ZSB0aGUgcmVxdWVzdCwgJ0Rlc3Ryb3kgUmlkZXdvcmQnLCBhZ2Fpbi4=,,,,,SW5mZWxpem1lbnRlIG7Do28gcG9zc28gcGFydGlyIGVtIHVtYSBhdmVudHVyYSEgUG9yIGZhdm9yLCBhY2FiZSBjb20gYWxndW5zIG1vbnN0cm9zIHBvciBtaW0uIERlcnJvdGUgMTUgTWl5YWJpIGVtIEFtYXRzdSEKLSBBdmVudHVyZWlybyBQb21wb3Nv,,QWhvcmEgcHVlZGVzIHZvbHZlciBhIHJlY2liaXIgbGEgc29saWNpdHVkIOKAnERlc3RydWlyIGEgbG9zIFJpZGV3b3Jk4oCdLg==
DFuGCQ,,WW91J3ZlIHJlY2VpdmVkIHRoZSByZXF1ZXN0LCAnRGVzdHJveSBSaWRld29yZCcgUGxlYXNlIGNoZWNrIHRoZSByZXF1ZXN0IGZvcm0gZm9yIHRoZSBkZXRhaWxzLg==,,,,,Vm9jw6ogcG9kZSByZWNlYmVyIG5vdmFtZW50ZSBhIG1pc3PDo28gZGUgQ2HDp2FkYSBkZSBBbWF0c3Uu,,UmVjaWJpc3RlIGxhIHNvbGljaXR1ZCDigJxEZXN0cnVpciBhIGxvcyBSaWRld29yZOKAnS4gUGFyYSBjb25vY2VyIG3DoXMgZGV0YWxsZXMsIGNvbnN1bHRhIGVsIGZvcm11bGFyaW8gZGUgc29saWNpdHVkLg==
DVuGCQ,,LSBUaGVyZSBhcmUgcmVxdWVzdHMgd3JpdHRlbiAtCi0gcmVsYXRlZCB0byB0aGUgTG9jYWxpemluZyBBcmVhLiAt,,,,,SW5mZWxpem1lbnRlIG7Do28gcG9zc28gcGFydGlyIGVtIHVtYSBhdmVudHVyYSEgUG9yIGZhdm9yLCBhY2FiZSBjb20gYWxndW5zIG1vbnN0cm9zIHBvciBtaW0uIERlcnJvdGUgMTUgTWkgR2FvIGVtIExvdXlhbmchCi0gQXZlbnR1cmVpcm8gUG9tcG9zbw==,,LSBIYXkgc29saWNpdHVkZXMgZXNjcml0YXMgLQotIGVuIHJlbGFjacOzbiBjb24gbGEgem9uYSBkZSBsb2NhbGl6YWNpw7NuLiAt
DluGCQ,,RGVzdHJveSBVemhhcw==,,,,,Vm9jw6ogcG9kZSByZWNlYmVyIG5vdmFtZW50ZSBhIG1pc3PDo28gZGUgQ2HDp2FkYSBkZSBNaSBHYW8u,,RGVzdHJ1aXIgYSBsb3MgVXpoYXMu
D1uGCQ,,RGVzdHJveSBNaXlhYmkgRG9sbA==,,,,,SW5mZWxpem1lbnRlIG7Do28gcG9zc28gcGFydGlyIGVtIHVtYSBhdmVudHVyYSEgUG9yIGZhdm9yLCBhY2FiZSBjb20gYWxndW5zIG1vbnN0cm9zIHBvciBtaW0uIERlcnJvdGUgMTUgTXVsYXMgU2VtIENhYmXDp2EhCi0gQXZlbnR1cmVpcm8gUG9tcG9zbw==,,RGVzdHJ1aXIgTXXDsWVjYXMgTWl5YWJpLg==
EFuGCQ,,RGVzdHJveSBJbmNyZWFzZSBTb2ls,,,,,Vm9jw6ogcG9kZSByZWNlYmVyIG5vdmFtZW50ZSBhIG1pc3PDo28gZGUgQ2HDp2FkYSBkZSBNdWxhIFNlbSBDYWJlw6dhLg==,,RGVzdHJ1aXIgQXVtZW50b3MgZGUgc3VlbG8u
EVuGCQ,,RGVzdHJveSBIZWFkbGVzcyBNdWxl,,,,,SW5mZWxpem1lbnRlIG7Do28gcG9zc28gcGFydGlyIGVtIHVtYSBhdmVudHVyYSEgUG9yIGZhdm9yLCBhY2FiZSBjb20gYWxndW5zIG1vbnN0cm9zIHBvciBtaW0uIERlcnJvdGUgMTUgVGFtcnVhbiEKLSBBdmVudHVyZWlybyBQb21wb3Nv,,RGVzdHJ1aXIgTXVsYXMgZGVjYXBpdGFkYXMu
EluGCQ,,RGVzdHJveSBUYW1ydWFu,,,,,Vm9jw6ogcG9kZSByZWNlYmVyIG5vdmFtZW50ZSBhIG1pc3PDo28gZGUgQ2HDp2FkYSBkZSBUYW1ydWFuLg==,,RGVzdHJ1aXIgYSBsb3MgVGFtcnVhbi4=
E1uGCQ,,R2V0IEZlc3RpdmFsIE1hc2sgZm9yIGZlc3RpdmFs,,,,,QWxndW5zIFBpcnJhbGhvcyByb3ViYXJhbSBub3NzYXMgTcOhc2NhcmFzIGRlIEZlc3RpdmFsLiBQb2RlIGRlcnJvdMOhLWxvcyBlIHRyYXplciBkZSB2b2x0YSAzMCBNw6FzY2FyYXMgZGUgRmVzdGl2YWwsIHBvciBmYXZvcj8KLSBBdmVudHVyZWlybyBQb21wb3Nv,,Q29uc2VndWlyIGxhIE3DoXNjYXJhIGRlIGZpZXN0YSBwYXJhIGVsIGZlc3RpdmFsLg==
FFuGCQ,,SSByZWFsbHkgd2FudCB0byBnbyBvbiBhZHZlbnR1cmUgYnV0IEkgaGF2ZSBtYW55IHRoaW5ncyB0byB0YWtlIGNhcmUgb2YuIElmIEkgY2FuJ3QsIHRoZW4gb3RoZXJzIGNhbid0IGVpdGhlciEgRGVzdHJveSAxNSBVemhhcyBhdCBNb3Njb3ZpYSEKLSBXaG8gd2FudHMgdG8gZ28gb24gYW4gYWR2ZW50dXJlPyAt,,,,,RXhpc3RlbSBtaXNzw7VlcyBpbWNvbXBsZXRhcy4uLgpHb3N0YXJpYSBkZSBjaGVjYXIgZSByZXBvcnRhcj8=,,VGVuZ28gbXVjaGFzIGdhbmFzIGRlIGlyIGRlIGF2ZW50dXJhcywgcGVybyB0ZW5nbyBtdWNoYXMgY29zYXMgZGUgbGFzIHF1ZSBvY3VwYXJtZS4gwqFZIHNpIHlvIG5vIHB1ZWRvLCBsb3MgZGVtw6FzIHRhbXBvY28hIMKhRGVzdHJ1eWUgMTVVemhhcyBlbiBNb3Njb3ZpYSEKLSDCv1F1acOpbiBxdWllcmUgaXIgZGUgYXZlbnR1cmFzPyAt
FVuGCQ,,Tm93IHlvdSBjYW4gcmVjZWl2ZSB0aGUgcmVxdWVzdCwgJ0Rlc3Ryb3kgVXpoYXMnLCBhZ2Fpbi4=,,,,,Q2hlY2FyIGFzIG1pc3PDtWVz,,QWhvcmEgcHVlZGVzIHZvbHZlciBhIHJlY2liaXIgbGEgc29saWNpdHVkIOKAnERlc3RydWlyIGEgbG9zIFV6aGFz4oCdLg==
FluGCQ,,SSByZWFsbHkgd2FudCB0byBnbyBvbiBhbiBhZHZlbnR1cmUgYnV0IEkgaGF2ZSBtYW55IHRoaW5ncyB0byB0YWtlIGNhcmUgb2YuIElmIEkgY2FuJ3QsIHRoZW4gb3RoZXJzIGNhbid0IGVpdGhlciEgRGVzdHJveSAxNSBVemhhcyBhdCBNb3Njb3ZpYSEKLSBXaG8gd2FudHMgdG8gZ28gb24gYW4gYWR2ZW50dXJlPyAt,,,,,TsOjbyBxdWVybyBmYXplciBpc3Nv,,VGVuZ28gbXVjaGFzIGdhbmFzIGRlIGlyIGRlIGF2ZW50dXJhLCBwZXJvIHRlbmdvIG11Y2hhcyBjb3NhcyBkZSBsYXMgcXVlIG9jdXBhcm1lLiAgCi0gwr9RdWnDqW4gcXVpZXJlIGlyIGRlIGF2ZW50dXJhcz8gLQ==
F1uGCQ,,WW91J3ZlIHJlY2VpdmVkIHRoZSByZXF1ZXN0LCAnRGVzdHJveSBVemhhcycuIFBsZWFzZSBjaGVjayB0aGUgcmVxdWVzdCBmb3JtIGZvciBkZXRhaWxzLg==,,,,,TWlzc8OjbyBkZSBDYcOnYWRhIGRlIFLDqXF1aWVtIGZvaSBhY2hhZGEuIEdvc3RhcmlhIGRlIHJlcG9ydGFyPw==,,UmVjaWJpc3RlIGxhIHNvbGljaXR1ZCDigJxEZXN0cnVpciBhIGxvcyBVemhhc+KAnS4g
GFuGCQ,,SSByZWFsbHkgd2FudCB0byBnbyBvbiBhbiBhZHZlbnR1cmUgYnV0IEkgaGF2ZSBtYW55IHRoaW5ncyB0byB0YWtlIGNhcmUgb2YuIElmIEkgY2FuJ3QsIHRoZW4gb3RoZXJzIGNhbid0IGVpdGhlciEgRGVzdHJveSAxNSBNaXlhYmkgRG9sbHMgYXQgQW1hdHN1IQotIFdobyB3YW50cyB0byBnbyBvbiBhbiBhZHZlbnR1cmU/IC0=,,,,,TWlzc8OjbyBkZSBDYcOnYWRhIGRlIE1hcmR1ayBmb2kgYWNoYWRhLiBHb3N0YXJpYSBkZSByZXBvcnRhcj8=,,wqFEZXN0cnV5ZSAxNU11w7FlY2FzIE1peWFiaSBlbiBBbWF0c3UhCi0gwr9RdWnDqW4gcXVpZXJlIGlyIGRlIGF2ZW50dXJhcz8gLQ==
GVuGCQ,,Tm93IHlvdSBjYW4gcmVjZWl2ZSB0aGUgcmVxdWVzdCwgJ0Rlc3Ryb3kgTWl5YWJpIERvbGwnLCBhZ2Fpbi4=,,,,,TWlzc8OjbyBkZSBDYcOnYWRhIGRlIFBhc2FuYSBmb2kgYWNoYWRhLiBHb3N0YXJpYSBkZSByZXBvcnRhcj8=,,QWhvcmEgcHVlZGVzIHZvbHZlciBhIHJlY2liaXIgbGEgc29saWNpdHVkIOKAnERlc3RydWlyIE11w7FlY2FzIE1peWFiaeKAnS4=
GluGCQ,,WW91J3ZlIHJlY2VpdmVkIHRoZSByZXF1ZXN0LCAnRGVzdHJveSBNaXlhYmkgRG9sbCcuIFBsZWFzZSBjaGVjayB0aGUgcmVxdWVzdCBmb3JtIGZvciBkZXRhaWxzLg==,,,,,TWlzc8OjbyBkZSBDYcOnYWRhIGRlIE1vbGR1cmEgTWFsZGl0YSBmb2kgYWNoYWRhLiBHb3N0YXJpYSBkZSByZXBvcnRhcj8=,,UmVjaWJpc3RlIGxhIHNvbGljaXR1ZCDigJxEZXN0cnVpciBNdcOxZWNhcyBNaXlhYmnigJ0uIA==
G1uGCQ,,SSByZWFsbHkgd2FudCB0byBnbyBvbiBhbiBhZHZlbnR1cmUgYnV0IEkgaGF2ZSBtYW55IHRoaW5ncyB0byB0YWtlIGNhcmUgb2YuIElmIEkgY2FuJ3QsIHRoZW4gb3RoZXJzIGNhbid0IGVpdGhlciEgRGVzdHJveSAxNSBJbmNyZWFzZSBTb2lscyBhdCBMb3V5YW5nICEKLSBXaG8gd2FudHMgdG8gZ28gb24gYW4gYWR2ZW50dXJlPyAt,,,,,TWlzc8OjbyBkZSBDYcOnYWRhIGRlIERydWlkYSBNYWxpZ25vIGZvaSBhY2hhZGEuIEdvc3RhcmlhIGRlIHJlcG9ydGFyPw==,,wqFEZXN0cnV5ZSAxNUF1bWVudG9zIGRlIHN1ZWxvIGVuIExvdXlhbmchCi0gwr9RdWnDqW4gcXVpZXJlIGlyIGRlIGF2ZW50dXJhcz8gLQ==
HFuGCQ,,Tm93IHlvdSBjYW4gcmVjZWl2ZSB0aGUgcmVxdWVzdCwgJ0Rlc3Ryb3kgSW5jcmVhc2UgU29pbCcsIGFnYWluLg==,,,,,TWlzc8OjbyBkZSBDYcOnYWRhIGRlIEFsbWEgUGVuYWRhIGZvaSBhY2hhZGEuIEdvc3RhcmlhIGRlIHJlcG9ydGFyPw==,,QWhvcmEgcHVlZGVzIHZvbHZlciBhIHJlY2liaXIgbGEgc29saWNpdHVkIOKAnERlc3RydWlyIEF1bWVudG9zIGRlIHN1ZWxv4oCdLg==
HVuGCQ,,SSByZWFsbHkgd2FudCB0byBnbyBvbiBhbiBhZHZlbnR1cmUgYnV0IEkgaGF2ZSBtYW55IHRoaW5ncyB0byB0YWtlIGNhcmUgb2YuIElmIEkgY2FuJ3QsIHRoZW4gb3RoZXJzIGNhbid0IGVpdGhlciEgRGVzdHJveSAxNSBJbmNyZWFzZSBTb2lscyBhdCBMb3V5YW5nIQotIFdobyB3YW50cyB0byBnbyBvbiBhbiBhZHZlbnR1cmU/IC0=,,,,,TWlzc8OjbyBkZSBDYcOnYWRhIGRlIFJheWRyaWMgQXJxdWVpcm8gZm9pIGFjaGFkYS4gR29zdGFyaWEgZGUgcmVwb3J0YXI/,,wqFEZXN0cnV5ZSAxNUF1bWVudG9zIGRlIHN1ZWxvIGVuIExvdXlhbmchCi0gwr9RdWnDqW4gcXVpZXJlIGlyIGRlIGF2ZW50dXJhcz8gLQ==
HluGCQ,,WW91J3ZlIHJlY2VpdmVkIHRoZSByZXF1ZXN0LCAnRGVzdHJveSBJbmNyZWFzZSBTb2lsJy4gUGxlYXNlIGNoZWNrIHRoZSByZXF1ZXN0IGZvcm0gZm9yIGRldGFpbHMu,,,,,TWlzc8OjbyBkZSBDYcOnYWRhIGRlIEdyYW5kIFBlY28gZm9pIGFjaGFkYS4gR29zdGFyaWEgZGUgcmVwb3J0YXI/,,UmVjaWJpc3RlIGxhIHNvbGljaXR1ZCDigJxEZXN0cnVpciBBdW1lbnRvcyBkZSBzdWVsb+KAnS4g
H1uGCQ,,SSBrbm93IHRoZXJlIGFyZSBtYW55IHNjYXJ5IG1vbnN0ZXJzIG91dHNpZGUgb2YgdG93biwgYnV0IHdoYXQgc2NhcmVzIG1lIG1vcmUgaXMgdGhlIEhlYWRsZXNzIE11bGUgdGhhdCBpcyBydW5uaW5nIGFyb3VuZC4gSSByZWFsbHkgaG9wZSBzb21lZGF5IGl0IHdvbid0IGJlIHJ1bm5pbmcgYXJvdW5kIGluIHRvd24uIFBsZWFzZSBkZXN0cm95IDE1IEhlYWRsZXNzIE11bGVzIQotIE1hcmlhbmEgZnJvbSBCcmFzaWxpcyAt,,,,,TWlzc8OjbyBkZSBDYcOnYWRhIGRlIFJvY2hvc28gZm9pIGFjaGFkYS4gR29zdGFyaWEgZGUgcmVwb3J0YXI/,,U8OpIHF1ZSBoYXkgbXVjaG9zIG1vbnN0cnVvcyB0ZXJyb3LDrWZpY29zIGZ1ZXJhIGRlIGxhIGNpdWRhZCwgcGVybyBsbyBxdWUgbcOhcyBtaWVkbyBtZSBkYSBlcyBsYSBNdWxhIGRlY2FwaXRhZGEgcXVlIGFuZGEgc3VlbHRhIHBvciBhaMOtLiBFc3Blcm8gZGUgdmVyZGFkIHF1ZSBudW5jYSBkw6kgdnVlbHRhcyBwb3IgbGEgY2l1ZGFkLiDCoVBvciBmYXZvciwgZGVzdHJ1eWUgMTVNdWxhcyBkZWNhcGl0YWRhcyEKLSBNYXJpYW5hIGRlIEJyYXNpbGlzIC0=
IFuGCQ,,Tm93IHlvdSBjYW4gcmVjZWl2ZSB0aGUgcmVxdWVzdCwgJ0Rlc3Ryb3kgSGVhZGxlc3MgTXVsZScsIGFnYWluLg==,,,,,TWlzc8OjbyBkZSBDYcOnYWRhIGRlIEJvZGUgZm9pIGFjaGFkYS4gR29zdGFyaWEgZGUgcmVwb3J0YXI/,,QWhvcmEgcHVlZGVzIHZvbHZlciBhIHJlY2liaXIgbGEgc29saWNpdHVkIOKAnERlc3RydWlyIE11bGFzIGRlY2FwaXRhZGFz4oCdLg==
IVuGCQ,,WW91J3ZlIHJlY2VpdmVkIHRoZSByZXF1ZXN0LCAnSGVhZGxlc3MgTXVsZScuIFBsZWFzZSBjaGVjayB0aGUgcmVxdWVzdCBmb3JtIGZvciBkZXRhaWxzLg==,,,,,TWlzc8OjbyBkZSBDYcOnYWRhIGRlIEhhcnBpYSBmb2kgYWNoYWRhLiBHb3N0YXJpYSBkZSByZXBvcnRhcj8=,,UmVjaWJpc3RlIGxhIHNvbGljaXR1ZCDigJxEZXN0cnVpciBNdWxhcyBkZWNhcGl0YWRhc+KAnS4g
IluGCQ,,VGFtcnVhbiBtYWtlcyBhIGxvdCBvZiBub2lzZS4gSXQncyBvayBpbiB0aGUgbW9ybmluZywgYnV0IEkgY2FuJ3Qgc2xlZXAgYXQgbmlnaHQgYmVjYXVzZSBvZiB0aGUgbm9pc2UuIEkgd2FudCB0byBzbGVlcC4gUGxlYXNlIGRlc3Ryb3kgMTUgVGFtcnVhbnMhCi0gU2hhbWFuIFB1bW8gZnJvbSBBeW90aGF5YSAt,,,,,TWlzc8OjbyBkZSBDYcOnYWRhIGRlIFJlbMOzZ2lvIGZvaSBhY2hhZGEuIEdvc3RhcmlhIGRlIHJlcG9ydGFyPw==,,TG9zIFRhbXJ1YW4gaGFjZW4gbXVjaG8gcnVpZG8uIFBvciBsYSBtYcOxYW5hIGVzdMOhIGJpZW4sIHBlcm8gcG9yIGxhIG5vY2hlIG5vIHB1ZWRvIGRvcm1pciBwb3IgZWwgcnVpZG8uIFF1aWVybyBkb3JtaXIuIMKhUG9yIGZhdm9yLCBkZXN0cnV5ZSAxNVRhbXJ1YW4hCi0gQ2hhbcOhbiBQdW1vIGRlIEF5b3RoYXlhIC0=
I1uGCQ,,Tm93IHlvdSBjYW4gcmVjZWl2ZSB0aGUgcmVxdWVzdCwgJ0Rlc3Ryb3kgVGFtcnVhbicsIGFnYWluLg==,,,,,TWlzc8OjbyBkZSBDYcOnYWRhIGRlIFB1bmsgZm9pIGFjaGFkYS4gR29zdGFyaWEgZGUgcmVwb3J0YXI/,,QWhvcmEgcHVlZGVzIHZvbHZlciBhIHJlY2liaXIgbGEgc29saWNpdHVkIOKAnERlc3RydWlyIGEgbG9zIFRhbXJ1YW7igJ0u
JFuGCQ,,WW91J3ZlIHJlY2VpdmVkIHRoZSByZXF1ZXN0LCAnRGVzdHJveSBUYW1ydWFuJy4gUGxlYXNlIGNoZWNrIHRoZSByZXF1ZXN0IGZvcm0gZm9yIGRldGFpbHMu,,,,,TWlzc8OjbyBkZSBDYcOnYWRhIGRlIFJpZGV3b3JkIGZvaSBhY2hhZGEuIEdvc3RhcmlhIGRlIHJlcG9ydGFyPw==,,UmVjaWJpc3RlIGxhIHNvbGljaXR1ZCDigJxEZXN0cnVpciBhIGxvcyBUYW1ydWFu4oCdLiA=
JVuGCQ,,RHVtcGxpbmcgQ2hpbGQgc3RvbGUgYWxsIHRoZSBmZXN0aXZhbCBtYXNrcyB3aGljaCBJIHByZXBhcmVkIGZvciB0aGUgZmVzdGl2YWwuIFBsZWFzZSB0cnkgdG8gZ2V0IDMwIEZlc3RpdmFsIE1hc2tzIGZpcnN0ISBJIHdpbGwgcmVwYXkgeW91IGZvciBpdH4KLSBTYVl1bU1vb24gZnJvbSB0aGUgY2hpZWYgb2YgR29ucnl1biAt,,,,,TWlzc8OjbyBkZSBDYcOnYWRhIGRlIEtpa2ltb3JhIGZvaSBhY2hhZGEuIEdvc3RhcmlhIGRlIHJlcG9ydGFyPw==,,RWwgbmnDsW8gRHVtcGxpbmcgcm9iw7MgdG9kYXMgbGFzIG3DoXNjYXJhcyBxdWUgcHJlcGFyw6kgcGFyYSBlbCBmZXN0aXZhbC4gwqFQb3IgZmF2b3IsIHRyYXRhIGRlIGNvbnNlZ3VpciAzMCBNw6FzY2FyYXMgZGUgZmllc3RhIHByaW1lcm8hIFRlIHJlY29tcGVuc2Fyw6l+LgotIFNhWXVtTW9vbiBkZWwgbMOtZGVyIGRlIEdvbnJ5dW4gLQ==
JluGCQ,,WW91J3ZlIHJlY2VpdmVkIHRoZSByZXF1ZXN0LCAnR2V0IEZlc3RpdmFsIE1hc2sgZm9yIGZlc3RpdmFsJy4gUGxlYXNlIGNoZWNrIHRoZSByZXF1ZXN0IGZvcm0gZm9yIGRldGFpbHMu,,,,,TWlzc8OjbyBkZSBDYcOnYWRhIGRlIE1peWFiaSBmb2kgYWNoYWRhLiBHb3N0YXJpYSBkZSByZXBvcnRhcj8=,,UmVjaWJpc3RlIGxhIHNvbGljaXR1ZCDigJxHZXQgRmVzdGl2YWwgTWFzayBmb3IgZmVzdGl2YWzigJ0uIA==
J1uGCQ,,WW91IGhhdmUgYW4gaW5jb21wbGV0ZSByZXF1ZXN0LgpXb3VsZCB5b3UgbGlrZSB0byBmaW5pc2ggaXQ/,,,,,TWlzc8OjbyBkZSBDYcOnYWRhIGRlIE1pIEdhbyBmb2kgYWNoYWRhLiBHb3N0YXJpYSBkZSByZXBvcnRhcj8=,,VGllbmVzIHVuYSBzb2xpY2l0dWQgaW5jb21wbGV0YS4Kwr9RdWllcmVzIHRlcm1pbmFybGE/
KFuGCQ,,U3VyZS4=,,,,,TWlzc8OjbyBkZSBDYcOnYWRhIGRlIE11bGEgU2VtIENhYmXDp2EgZm9pIGFjaGFkYS4gR29zdGFyaWEgZGUgcmVwb3J0YXI/,,Q2xhcm8u
KVuGCQ,,Tm9wZS4=,,,,,TWlzc8OjbyBkZSBDYcOnYWRhIGRlIFRhbXJ1YW4gZm9pIGFjaGFkYS4gR29zdGFyaWEgZGUgcmVwb3J0YXI/,,Tm8u
KluGCQ,,J0Rlc3Ryb3kgUmVxdWllbScgaGFzIHNlYXJjaGVkLiBEbyB5b3Ugd2FudCB0byByZXBvcnQgYW5kIHJlY2VpdmUgdGhlIHJld2FyZD8=,,,,,TWlzc8OjbyBkZSBNw6FzY2FyYXMgUm91YmFkYXMgZm9pIGFjaGFkYS4gR29zdGFyaWEgZGUgcmVwb3J0YXI/,,4oCcRGVzdHJ1aXIgYSBsb3MgUsOpcXVpZW3igJ0gaGEgYnVzY2Fkby4gwr9RdWllcmVzIGluZm9ybWFyIHkgcmVjaWJpciBsYSByZWNvbXBlbnNhPw==
K1uGCQ,,J0Rlc3Ryb3kgTWFyZHVrJyBpcyBjb21wbGV0ZS4gRG8geW91IHdhbnQgdG8gcmVwb3J0IGFuZCByZWNlaXZlIHRoZSByZXdhcmQ/,,,,,SG1tLCBuw6NvIMOpIGlzc28gcXVlIGVzdG91IHByb2N1cmFuZG8uLi4KU2UgbWUgbGVtYnJvIGJlbS4uLgpNZWxob3IgY29uZmVyaXIgb3V0cmEgcGxhY2EuLi4=,,U2UgY29tcGxldMOzIOKAnERlc3RydWlyIGEgbG9zIE1hcmR1a+KAnS4g
LFuGCQ,,J0Rlc3Ryb3kgUGFzYW5hJyBpcyBjb21wbGV0ZS4gRG8geW91IHdhbnQgdG8gcmVwb3J0IGFuZCByZWNlaXZlIHRoZSByZXdhcmQ/,,,,,,,U2UgY29tcGxldMOzIOKAnERlc3RydWlyIGEgbG9zIFBhc2FuYeKAnS4g
LVuGCQ,,J0Rlc3Ryb3kgRGFyayBGcmFtZScgaXMgY29tcGxldGUuIERvIHlvdSB3YW50IHRvIHJlcG9ydCBhbmQgcmVjZWl2ZSB0aGUgcmV3YXJkPw==,,,,,,,U2UgY29tcGxldMOzIOKAnERlc3RydWlyIE1hcmNvcyBvc2N1cm9z4oCdLiA=
LluGCQ,,J0Rlc3Ryb3kgRXZpbCBEcnVpZCcgaXMgY29tcGxldGUuIERvIHlvdSB3YW50IHRvIHJlcG9ydCBhbmQgcmVjZWl2ZSB0aGUgcmV3YXJkPw==,,,,,,,U2UgY29tcGxldMOzIOKAnERlc3RydXllIERydWlkYXMgZGVsIG1hbOKAnS4g
L1uGCQ,,J0Rlc3Ryb3kgV3JhaXRoJyBpcyBjb21wbGV0ZS4gRG8geW91IHdhbnQgdG8gcmVwb3J0IGFuZCByZWNlaXZlIHRoZSByZXdhcmQ/,,,,,,,U2UgY29tcGxldMOzIOKAnERlc3RydWlyIEVzcGVjdHJvc+KAnS4g
MFuGCQ,,J0Rlc3Ryb3kgUmF5ZHJpYyBBcmNoZXInIGlzIGNvbXBsZXRlLiBEbyB5b3Ugd2FudCB0byByZXBvcnQgYW5kIHJlY2VpdmUgdGhlIHJld2FyZD8=,,,,,,,U2UgY29tcGxldMOzIOKAnERlc3RydXllIEFycXVlcm9zIFJheWRyaWPigJ0uIA==
MVuGCQ,,J0Rlc3Ryb3kgR3JhbmRwZWNvJyBpcyBjb21wbGV0ZS4gRG8geW91IHdhbnQgdG8gcmVwb3J0IGFuZCByZWNlaXZlIHRoZSByZXdhcmQ/,,,,,,,U2UgY29tcGxldMOzIOKAnERlc3RydWlyIGEgbG9zIEdyYW4gcGVjb+KAnS4g
MluGCQ,,J0Rlc3Ryb3kgU2xlZXBlcicgaXMgY29tcGxldGUuIERvIHlvdSB3YW50IHRvIHJlcG9ydCBhbmQgcmVjZWl2ZSB0aGUgcmV3YXJkPw==,,,,,,,U2UgY29tcGxldMOzIOKAnERlc3RydWlyIER1cm1pZW50ZXPigJ0uIA==
M1uGCQ,,J0Rlc3Ryb3kgR29hdCcgaXMgY29tcGxldGUuIERvIHlvdSB3YW50IHRvIHJlcG9ydCBhbmQgcmVjZWl2ZSB0aGUgcmV3YXJkPw==,,,,,,,U2UgY29tcGxldMOzIOKAnERlc3RydWlyIENhYnJhc+KAnS4g
NFuGCQ,,J0Rlc3Ryb3kgSGFycHknIGlzIGNvbXBsZXRlLiBEbyB5b3Ugd2FudCB0byByZXBvcnQgYW5kIHJlY2VpdmUgdGhlIHJld2FyZD8=,,,,,,,U2UgY29tcGxldMOzIOKAnERlc3RydWlyIEFycMOtYXPigJ0uIA==
NVuGCQ,,J0Rlc3Ryb3kgQ2xvY2snIGlzIGNvbXBsZXRlLiBEbyB5b3Ugd2FudCB0byByZXBvcnQgYW5kIHJlY2VpdmUgdGhlIHJld2FyZD8=,,,,,,,U2UgY29tcGxldMOzIOKAnERlc3RydWlyIFJlbG9qZXPigJ0uIA==
NluGCQ,,J0Rlc3Ryb3kgUHVuaycgaXMgY29tcGxldGUuIERvIHlvdSB3YW50IHRvIHJlcG9ydCBhbmQgcmVjZWl2ZSB0aGUgcmV3YXJkPw==,,,,,,,U2UgY29tcGxldMOzIOKAnERlc3RydWlyIGEgbG9zIFB1bmvigJ0uIA==
N1uGCQ,,J0Rlc3Ryb3kgUmlkZXdvcmQnIGlzIGNvbXBsZXRlLiBEbyB5b3Ugd2FudCB0byByZXBvcnQgYW5kIHJlY2VpdmUgdGhlIHJld2FyZD8=,,,,,,,U2UgY29tcGxldMOzIOKAnERlc3RydWlyIGEgbG9zIFJpZGV3b3Jk4oCdLiA=
OFuGCQ,,J0Rlc3Ryb3kgVXpoYXMnIGlzIGNvbXBsZXRlLiBEbyB5b3Ugd2FudCB0byByZXBvcnQgYW5kIHJlY2VpdmUgdGhlIHJld2FyZD8=,,,,,,,U2UgY29tcGxldMOzIOKAnERlc3RydWlyIGEgbG9zIFV6aGFz4oCdLiA=
OVuGCQ,,J0Rlc3Ryb3kgTWl5YWJpIERvbGwnIGlzIGNvbXBsZXRlLiBEbyB5b3Ugd2FudCB0byByZXBvcnQgYW5kIHJlY2VpdmUgdGhlIHJld2FyZD8=,,,,,,,U2UgY29tcGxldMOzIOKAnERlc3RydWlyIE11w7FlY2FzIE1peWFiaeKAnS4g
OluGCQ,,J0Rlc3Ryb3kgSW5jcmVhc2UgU29pbCcgaXMgY29tcGxldGUuIERvIHlvdSB3YW50IHRvIHJlcG9ydCBhbmQgcmVjZWl2ZSB0aGUgcmV3YXJkPw==,,,,,,,U2UgY29tcGxldMOzIOKAnERlc3RydWlyIEF1bWVudG9zIGRlIHN1ZWxv4oCdLiA=
O1uGCQ,,J0Rlc3Ryb3kgSGVhZGxlc3MgTXVsZScgaXMgY29tcGxldGUuIERvIHlvdSB3YW50IHRvIHJlcG9ydCBhbmQgcmVjZWl2ZSB0aGUgcmV3YXJkPw==,,,,,,,U2UgY29tcGxldMOzIOKAnERlc3RydWlyIE11bGFzIGRlY2FwaXRhZGFz4oCdLiA=
PFuGCQ,,J0Rlc3Ryb3kgVGFtcnVhbicgaXMgY29tcGxldGUuIERvIHlvdSB3YW50IHRvIHJlcG9ydCBhbmQgcmVjZWl2ZSB0aGUgcmV3YXJkPw==,,,,,,,U2UgY29tcGxldMOzIOKAnERlc3RydWlyIGEgbG9zIFRhbXJ1YW7igJ0uIA==
PVuGCQ,,J0dldCBGZXN0aXZhbCBNYXNrIGZvciBmZXN0aXZhbCcgaXMgY29tcGxldGUuIERvIHlvdSB3YW50IHRvIHJlcG9ydCBhbmQgcmVjZWl2ZSB0aGUgcmV3YXJkPw==,,,,,,,U2UgY29tcGxldMOzIOKAnENvbnNlZ3VpciBsYSBNw6FzY2FyYSBkZSBmaWVzdGEgcGFyYSBlbCBmZXN0aXZhbOKAnS4g
PluGCQ,,LSBJdCBzZWVtcyB0aGF0IEkgYW0gbm90IGF2YWlsYWJsZSAtCi0gdG8gc2VlIHRoaXMuIC0KLSBMZXQncyBsb29rIGZvciBhbm90aGVyIGJvYXJkLi4uIC0=,,,,,,,LSBQYXJlY2UgcXVlIG5vIGVzdG95IGRpc3BvbmlibGUgLQotIHBhcmEgdmVyIGVzdG8uIC0KLSBCdXNxdWVtb3Mgb3RybyB0YWJsZXJv4oCmIC0=
