AJwzCA,,UmVhZGluZyBHaXJs,,,,,RXN0dWRpb3Nh,,UmVhZGluZyBHaXJs
AZwzCA,,W3t9XQpFeGN1c2UgbWUsIGJ1dCBtYXkgSSBhc2sKeW91IGEgcXVlc3Rpb24/,,,,,W3t9XQpDb20gbGljZW7Dp2EsIHBvc3NvIGxoZSBmYXplcgp1bWEgcGVyZ3VudGE/,,W3t9XQpEaXNjdWxwYSwgwr9wdWVkbyBoYWNlcnRlCnVuYSBwcmVndW50YT8=
ApwzCA,,W1l1bmlhXQpFaD8gT2gsIEknbSBzb3JyeSwgSSB3YXMKc28gYnVzeSByZWFkaW5nIHRoaXMgYm9vayEKU28sIHVoLCB3aGF0IGV4YWN0bHkgZGlkCnlvdSB3YW50IHRvIGFzayBtZT8=,,,,,W1l1bmlhXQpBaG4/IE9oLCBtZSBkZXNjdWxwZS4gRXUgZXN0YXZhCnTDo28gZW50cmV0aWRhIG5lc3RlIGxpdnJvIQpFbnTDo28sIG8gcXVlIGV4YXRhbWVudGUgdm9jw6ogCnF1ZXJpYSBtZSBwZXJndW50YXI/,,W1l1bmlhXQrCv0VoPyDCoUF5LCBkaXNjdWxwYSwgZXN0YWJhCm9jdXBhZGEgbGV5ZW5kbyBlc3RlIGxpYnJvIQpFaCwgwr9xdcOpIGVzIGxvIHF1ZQpxdcOpIHF1aWVyZXMgc2FiZXI/
A5wzCA,,V2hhdCBhcmUgeW91IHJlYWRpbmc/,,,,,TyBxdWUgdm9jw6ogZXN0w6EgbGVuZG8/,,wr9RdcOpIGVzdMOhcyBsZXllbmRvPw==
BJwzCA,,W1l1bmlhXQpBaCEgVGhpcyBpcyBvbmUgb2YgdGhlIGJlc3Qgc2VsbGVycyBvZiBKb3NodWEgVmFuc2VpJ3MuClRoZSBtYWluIGNoYXJhY3RlciBpcyBhIHdyaXRlciwgYW5kIGl0J3Mgc28gdG91Y2hpbmcgdGhhdCB0aGlzIGd1eSB3cml0ZXMgYSBzdG9yeSBvZiBoaXMgbWlzdHJlc3MuLi4=,,,,,W1l1bmlhXQpBaCEgRXN0ZSDDqSB1bSBkb3MgbWFpcyB2ZW5kaWRvcyBkZSBKb3NodWEgVmFuc2VpLgpPIHBlcnNvbmFnZW0gcHJpbmNpcGFsIMOpIHVtIGVzY3JpdG9yLiDDiSB0w6NvIHRvY2FudGUsIGVsZSBlc2NyZXZlIHVtYSBoaXN0w7NyaWEgc29icmUgc3VhIGFtYWRhLi4u,,W1l1bmlhXQrCoUFoISBFcyB1bm8gZGUgbG9zIGxpYnJvcyBtw6FzIHZlbmRpZG9zIGRlIEpvc2h1YSBWYW5zZWkuCkVsIHByb3RhZ29uaXN0YSBlcyB1biBlc2NyaXRvciwgeSBlcyB0YW4gY29ubW92ZWRvciBsZWVyIGPDs21vIGVzY3JpYmUgdW5hIGhpc3RvcmlhIHNvYnJlIHN1IGFtYW50ZeKApg==
BZwzCA,,W1l1bmlhXQpPaC4uIEkgY2FuJ3Qgd2FpdCB0byBzZWUgSG9laW4gU3BlY2lhbC4uCkFuZCB0aGlzLCB5b3UgY291bGQgaGF2ZSBhIGxvb2sgaWYgeW91IHdhbnQgdG8u,,,,,W1l1bmlhXQpPaC4uLiBNYWwgcG9zc28gZXNwZXJhciBwZWxhIGNvbnRpbnVhw6fDo28uLi4KRXN0ZSBhcXVpIHZvY8OqIHBvZGUgZGFyIHVtYSBvbGhhZGEgc2UgcXVpc2VyLCBldSBqw6EgdGVybWluZWku,,W1l1bmlhXQpPaOKApiBNZSBtdWVybyBwb3IgbGVlciBlbCBlc3BlY2lhbCBkZSBIb2VpbuKApgpQdWVkZXMgZWNoYXJsZSB1bmEgb2plYWRhIGEgZXN0ZSBzaSBxdWllcmVzLg==
BpwzCA,,W3t9XQpPaCwgbm93LCBJIHNob3VsZG4ndC4KTG9va3MgbGlrZSB0aGUgY292ZXIncyByb3VuZGVkIHdpdGggYSByZWQgc3RyYXAsIHdoaWNoLi5JIHJlYWxseSB0aGluayBpcyBmb3IgYWR1bHRzIG9ubHkuCmV4Li5jdXNlIG1lfiE=,,,,,W3t9XQpPaCwgbm8gbW9tZW50byBldSBuw6NvIHBvc3NvLgpQZWxhIGlsdXN0cmHDp8OjbyBxdWUgdmVqbyBuYSBjYXBhLAptZSBwYXJlY2UgcXVlIMOpIHVtIGxpdnJvIHBhcmEgYWR1bHRvcy4uLgpFci4uLiBDb20gbGljZW7Dp2Eh,,W3t9XQpBaCwgbm8sIG5vIGRlYmVyw61hLgpWZW8gcXVlIGxhIHRhcGEgdGllbmUgdW4gbGF6byByb2pvIGFscmVkZWRvciB5IG1lIGhhY2UgcGVuc2FyIHF1ZSBlcyBzb2xvIHBhcmEgYWR1bHRvcy4KwqFELWRpc2PDumxwYW1lfiE=
B5wzCA,,QXNzaXN0YW50,,,,,QXNzaXN0ZW50ZQ==,,QXNzaXN0YW50
CJwzCA,,W1NlcGhpdF0KSSd2ZSBhbHdheXMgYmVsaWV2ZWQgaW4gU2F0YW4gTW9yb2NjLi4uCkhhYWguLi4gR3Vlc3MgaXQncyBnb29kIHRvIGJlIGxpdmluZywgYWZ0ZXIgYWxsLg==,,,,,W1NlcGhpdF0KRXUgc2VtcHJlIGFjcmVkaXRlaSBubyBJbXBlcmFkb3IgTW9ycm9jLi4uCkhhaGEuLi4gQWNobyBxdWUgw6kgYm9tIHZpdmVyLCBhcGVzYXIgZGUgdHVkby4=,,W1NlcGhpdF0KU2llbXByZSBjcmXDrSBlbiBTYXTDoW4gTW9yb2Nj4oCmCkFhaOKApiBDcmVvIHF1ZSB2YWxlIGxhIHBlbmEgZXN0YXIgdml2YSwgZGVzcHXDqXMgZGUgdG9kby4=
CZwzCA,,W1NlcGhpdF0KV2hvIHdvdWxkJ3ZlIHRob3VnaHQgdG8gYWN0dWFsbHkgc2VlIFNhdGFuIE1vcm9jYyB3aGlsZSBhbGl2ZS4uLi4uPw==,,,,,W1NlcGhpdF0KUXVlbSBwZW5zYXZhIHF1ZSBlcmEgcG9zc8OtdmVsIHbDqi1sbyBkdXJhbnRlIGEgdmlkYS4uLi4uPw==,,W1NlcGhpdF0Kwr9RdWnDqW4gaHViaWVyYSBwZW5zYWRvIHZlciByZWFsbWVudGUgYSBTYXRhbsOhcyBNb3JvY2MgbWllbnRyYXMgZXN0w6Egdml2by4uLj8=
CpwzCA,,R2lybA==,,,,,R2Fyb3Rh,,R2lybA==
C5wzCA,,W0dpcmxdCk9oLCB0aGUgd29ybGQuLiB0aGUgd29ybGQgaXMgZG9vbWVkLi4KLXNvYmJpbmctCk5vdGhpbmcgc2VlbXMgdG8gYmUgd29ya2luZyBub3cuLg==,,,,,W0dhcm90YV0KT2gsIG8gbXVuZG8uLi4gTyBtdW5kbyBlc3TDoSBjb25kZW5hZG8uLi4KLXNvbHXDp2FuZG8tCk5hZGEgbWFpcyBwYXJlY2UgZXN0YXIgZGFuZG8gY2VydG8uLi4=,,W0NoaWNhXQpBaCwgZWwgbXVuZG/igKYgZWwgbXVuZG8gZXN0w6EgY29uZGVuYWRv4oCmCipTb2xsb3phKgpQYXJlY2UgcXVlIHlhIG5hZGEgZnVuY2lvbmHigKY=
DJwzCA,,W3t9XQouLi4uVHNrLi50c2suLi4KR29vZCBoZWF2ZW5zLi4gSSBjYW4ndCBiZWxpZXZlIHRoaXMgeW91bmcgZ2lybCdzIGRyaW5raW5nIGJ5IGhlcnNlbGYuLi4u,,,,,W3t9XQouLi4uVHNjLi50c2MuLi4KTm9zc2EuLi4gRXUgbsOjbyBwb3NzbyBhY3JlZGl0YXIgcXVlIGVzc2EgYmVsYSBqb3ZlbSBlc3TDoSBiZWJlbmRvIGNvbSB0YW50YSB0cmlzdGV6YS4uLg==,,W3t9XQrigKZUc2MsIHRzY+KApgpTYW50byBjaWVsb+KApiBObyBwdWVkbyBjcmVlciBxdWUgZXN0YSBqb3ZlbmNpdGEgZXN0w6kgYmViaWVuZG8gc29sYeKApg==
