wKCqCA,,WW91bmcgR2lybDogT2RpbiBQcmVzZXJ2ZSBtZSEgQSBkZW1vbiEhIEhlbHAgbWUh,,,,,IEpvdmVtIEdhcm90YTogU29jb3JybyEgVW0gZGVtw7RuaW8h,,Q2hpY2Egam92ZW46IMKhQXnDumRhbWUsIE9kw61uISDCoVVuIGRlbW9uaW8hIMKhQXnDumRhbWUh
waCqCA,,WW91bmcgR2lybA==,,,,,Sm92ZW0gR2Fyb3Rh,,WW91bmcgR2lybA==
wqCqCA,,RXZpbCBTaGFkb3c=,,,,,SGFiaXRhbnRlIGRhcyBTb21icmFz,,RXZpbCBTaGFkb3c=
w6CqCA,,WW91bmcgR2lybDogVGhhbmsgeW91IGZvciBzYXZpbmcgbWUuLi4gYnV0IHdoeSBpcyB0aGVyZSBhIGRlbW9uPw==,,,,,Q29udmlkYWRvIGRvIEluZmVybm8=,,R3JhY2lhcyBwb3Igc2FsdmFybWXigKYgwr9wZXJvIHBvciBxdcOpIGhheSB1biBkZW1vbmlvPw==
xKCqCA,,W1lvdW5nIEdpcmxdCldoeSB3b3VsZCBkZW1vbnMgY29tZSBhbGwgb2YgYSBzdWRkZW4sCmxvdHMgb2YgZ3VhcmRzIGFyZSBodXJ0Lg==,,,,,RXNww61yaXRvIGRhcyBUcmV2YXM=,,W0NoaWNhIGpvdmVuXQrCv1BvciBxdcOpIHZlbmRyw61hbiBkZW1vbmlvcyBkZSByZXBlbnRlPwpNdWNob3MgZ3VhcmRpYXMgZXN0w6FuIGhlcmlkb3Mu
xaCqCA,,WW91bmcgR2lybDogV2h5IHdvdWxkIGRlbW9ucyBjb21lIGFsbCBvZiBhIHN1ZGRlbiwgbG90cyBvZiBndWFyZHMgYXJlIGh1cnQu,,,,,Sm92ZW0gZ2Fyb3RhOiBPYnJpZ2FkYSBwb3IgbWUgc2FsdmFyLi4uIG1hcyBwb3IgcXVlIHRpbmhhIHVtIGRlbcO0bmlvIGFxdWk/,,wr9Qb3IgcXXDqSB2ZW5kcsOtYW4gZGVtb25pb3MgZGUgcmVwZW50ZT8gTXVjaG9zIGd1YXJkaWFzIGVzdMOhbiBoZXJpZG9zLg==
xqCqCA,,V2hlcmUgYXJlIHRoZXk/,,,,,W0pvdmVtIGdhcm90YV0KUG9yIHF1ZSB1bSBkZW3DtG5pbyBzdXJnaXUgZGUgcmVwZW50ZT8KTXVpdG9zIGd1YXJkYXMgZm9yYW0gZmVyaWRvcy4uLg==,,wr9Ew7NuZGUgZXN0w6FuPw==
x6CqCA,,V2hlcmUgYXJlIHRoZXk/,,,,,Sm92ZW0gZ2Fyb3RhOiBQb3IgcXVlIHVtIGRlbcO0bmlvIHN1cmdpdSBkZSByZXBlbnRlPyBNdWl0b3MgZ3VhcmRhcyBmb3JhbSBmZXJpZG9zLi4u,,wr9Ew7NuZGUgZXN0w6FuPw==
yKCqCA,,W1lvdW5nIEdpcmxdClRoZXkgYXJlIGluIE1vcnJvYyBjYXN0bGUuIE15IGZhdGhlciBpcyBhIGtuaWdodC4=,,,,,UXVlIGx1Z2FyIMOpIGVzc2U/,,W0NoaWNhIGpvdmVuXQpFc3TDoW4gZW4gZWwgY2FzdGlsbG8gZGUgTW9ycm9jLiBNaSBwYWRyZSBlcyB1biBjYWJhbGxlcm8u
yaCqCA,,VGhleSBhcmUgaW4gTW9ycm9jIGNhc3RsZS4gTXkgZmF0aGVyIGlzIGEga25pZ2h0Lg==,,,,,UXVlIGx1Z2FyIMOpIGVzc2U/,,VGhleSBhcmUgaW4gTW9ycm9jIGNhc3RsZS4gTXkgZmF0aGVyIGlzIGEga25pZ2h0Lg==
yqCqCA,,W1lvdW5nIEdpcmxdCkl0IHNlZW1zIGxpa2Ugc29tZXRoaW5nIGlzIGhhcHBlbmluZywgSSBoZWFyIHN0cmFuZ2Ugbm9pc2VzIGRvd25zdGFpcnMu,,,,,W0pvdmVtIGdhcm90YV0KRXNzZSDDqSBvIGNhc3RlbG8gZGUgTW9yb2NjLiBNZXUgcGFpIMOpIG8gc2VuaG9yIGRhcXVpLi4u,,W0NoaWNhIGpvdmVuXQpQYXJlY2UgcXVlIGFsZ28gZXN0w6EgcGFzYW5kbywgb2lnbyBydWlkb3MgZXh0cmHDsW9zIGFiYWpvLg==
y6CqCA,,WW91bmcgR2lybDogSXQgc2VlbXMgbGlrZSBzb21ldGhpbmcgaXMgaGFwcGVuaW5nLCBJIGhlYXIgc3RyYW5nZSBub2lzZXMgZG93bnN0YWlycy4=,,,,,Sm92ZW0gZ2Fyb3RhOiBFc3NlIMOpIG8gY2FzdGVsbyBkZSBNb3Jyb2MuIE1ldSBwYWkgw6kgbyBzZW5ob3IgZGFxdWkuLi4=,,WW91bmcgR2lybDogSXQgc2VlbXMgbGlrZSBzb21ldGhpbmcgaXMgaGFwcGVuaW5nLCBJIGhlYXIgc3RyYW5nZSBub2lzZXMgZG93bnN0YWlycy4=
zKCqCA,,W1lvdW5nIEdpcmxdCkkgc2F3IHNvbWUgZ3V5cyBpbiBibGFjayBlbnRlcmluZy4gIFdoYXQgaXMgZ29pbmcgb24gaW4gdGhlIGNhc3RsZT8=,,,,,W0pvdmVtIGdhcm90YV0KQWNobyBxdWUgdGVtIGFsZ3VtYSBjb2lzYSBhY29udGVjZW5kby4uLiBPdXZpIHVtIGJhcnVsaG8gZXN0cmFuaG8gbm8gcG9yw6NvLi4u,,W0NoaWNhIGpvdmVuXQpWaSBlbnRyYXIgYSB1bm9zIHRpcG9zIGRlIG5lZ3JvLiAgwr9RdcOpIG9jdXJyZSBlbiBlbCBjYXN0aWxsbz8=
zaCqCA,,WW91bmcgR2lybDogSSBzYXcgc29tZSBndXlzIGluIGJsYWNrIGVudGVyaW5nLiAgV2hhdCBpcyBnb2luZyBvbiBpbiB0aGUgY2FzdGxlPw==,,,,,Sm92ZW0gZ2Fyb3RhOiBBY2hvIHF1ZSB0ZW0gYWxndW1hIGNvaXNhIGFjb250ZWNlbmRvLi4uIE91dmkgdW0gYmFydWxobyBlc3RyYW5obyBubyBwb3LDo28uLi4=,,WW91bmcgR2lybDogSSBzYXcgc29tZSBndXlzIGluIGJsYWNrIGVudGVyaW5nLiAgV2hhdCBpcyBnb2luZyBvbiBpbiB0aGUgY2FzdGxlPw==
zqCqCA,,W1lvdW5nIEdpcmxdClBhcGEuLiBQYXBhIHBsZWFzZSBiZSBzYWZlLiAqc29iKgpQbGVhc2UgY29tZSB3aXRoIG1lIHRocm91Z2ggdGhlIHBhc3NhZ2UgYmVoaW5kIHRoYXQgc2hlbGYh,,,,,W0pvdmVtIGdhcm90YV0KVmkgYWxndW5zIGNhcmFzIGRlIHByZXRvIGVudHJhbmRvLi4uIE8gcXVlIGVzdMOhIGFjb250ZWNlbmRvIG5vIGNhc3RlbG8/,,W0NoaWNhIGpvdmVuXQpQYXDDoeKApiBQYXDDoSwgcG9yIGZhdm9yLCBjdcOtZGF0ZSAqc29sbG96byouCsKhUG9yIGZhdm9yLCBhY29tcMOhw7FhbWUgcG9yIGVsIHBhc2FkaXpvIHF1ZSBoYXkgZGV0csOhcyBkZSBlc2EgZXN0YW50ZXLDrWEh
z6CqCA,,WW91bmcgR2lybDogUGxlYXNlIGNvbWUgd2l0aCBtZSB0aHJvdWdoIHRoZSBwYXNzYWdlIGJlaGluZCB0aGF0IHNoZWxmIQ==,,,,,Sm92ZW0gZ2Fyb3RhOiBWaSBhbGd1bnMgY2FyYXMgZGUgcHJldG8gZW50cmFuZG8uLi4gTyBxdWUgZXN0w6EgYWNvbnRlY2VuZG8gbm8gY2FzdGVsbz8=,,WW91bmcgR2lybDogUGxlYXNlIGNvbWUgd2l0aCBtZSB0aHJvdWdoIHRoZSBwYXNzYWdlIGJlaGluZCB0aGF0IHNoZWxmIQ==
0KCqCA,,W1lvdW5nIEdpcmxdCip3ZWVwaW5nKiBUaGUgZGVtb25zIGFyZSBzbyBzY2FyeS4=,,,,,W0pvdmVtIGdhcm90YV0KUGFwYWkuLi4gU2Vyw6EgcXVlIGVsZSBlc3TDoSBzZWd1cm8/IQpUaGVyZSBpcyBhIHBhc2dhZSBiZWhpbmQgYSBzaGVsZiBjb25uZWN0cyB0byB0aGUgcGFzYWdlLiEgUGxlYXNlIGNvbWV0IHdpdGggbWUh,,W0NoaWNhIGpvdmVuXQoqbGxvcmFuZG8qIExvcyBkZW1vbmlvcyBkYW4gbXVjaG8gbWllZG8u
0aCqCA,,W1lvdW5nIEdpcmxdCkJlaGluZCB0aGF0IHNoZWxmIGlzIGEgc2VjcmV0IHBhc3NhZ2UgdG8gdGhlIGJhc2VtZW50IQpQbGVhc2UgY29tZSB3aXRoIG1lIHRvIG1ha2Ugc3VyZSBteSBQYXBhIGlzIHNhZmUu,,,,,Sm92ZW0gZ2Fyb3RhOiBBdHLDoXMgZGFzIHByYXRlbGVpcmFzIHRlbSB1bWEgcGFzc2FnZW0gc2VjcmV0YSEgVmVuaGEgY29taWdvIQ==,,W0NoaWNhIGpvdmVuXQrCoURldHLDoXMgZGUgZXNhIGVzdGFudGVyw61hIGhheSB1biBwYXNhZGl6byBzZWNyZXRvIGFsIHPDs3Rhbm8hClBvciBmYXZvciwgdmVuIGNvbm1pZ28gcGFyYSBhc2VndXJhcnRlIGRlIHF1ZSBtaSBwYXDDoSBlc3TDoSBhIHNhbHZvLg==
0qCqCA,,W1lvdW5nIEdpcmxdCldoeSBhcmUgdGhlcmUgZGVtb25zIGluIHRoZSBjYXN0bGU/IQpIRUxQIE1FIQ==,,,,,W0pvdmVtIGdhcm90YV0KU25pZi4uLiBGb2kgdMOjbyBhc3N1c3RhZG9yIHF1YW5kbyBvcyBkZW3DtG5pb3Mgc3VyZ2lyYW0gZGUgcmVwZW50ZS4=,,W0NoaWNhIGpvdmVuXQrCocK/UG9yIHF1w6kgaGF5IGRlbW9uaW9zIGVuIGVsIGNhc3RpbGxvPyEKwqFBWVVEQSE=
06CqCA,,WW91bmcgR2lybDogTG9vayEgIE1vcmUgZGVtb25zLCB0aGV5IHdpbGwgb3ZlcndoZWxtIHRoZSBjYXN0bGUgc29vbiE=,,,,,W0pvdmVtIGdhcm90YV0KQXF1ZWxhIHByYXRlbGVpcmEgw6kgY29uZWN0YWRhIGEgdW1hIHBhc3NhZ2VtIHNlY3JldGEgc3VidGVycsOibmVhLgpQb3IgZmF2b3IsIHZlbmhhIGNvbWlnby4gTyBwYXBhaSBkZXZlIGVzdGFyIGJlbS4uLg==,,wqFNaXJhISAgwqFNw6FzIGRlbW9uaW9zLCBwcm9udG8gYWJydW1hcsOhbiBlbCBjYXN0aWxsbyE=
1KCqCA,,WW91bmcgR2lybDogVGhlIHdheSB1bmRlcmdyb3VuZCBpcyBhbG9uZyB0aGlzIGFpc2xlIQ==,,,,,W0pvdmVtIGdhcm90YV0KUG9yIHF1ZSB0ZW0gZGVtw7RuaW9zIG5vIGNhc3RlbG8/IQpNZSBhanVkZSE=,,wqFFbCBjYW1pbm8gc3VidGVycsOhbmVvIGVzIHBvciBlc3RlIHBhc2lsbG8h
1aCqCA,,WW91bmcgR2lybDogVGhlIHdheSB1bmRlcmdyb3VuZCBpcyBhbG9uZyB0aGlzIGFpc2xlIQ==,,,,,Sm92ZW0gZ2Fyb3RhOiBWZWphISBTw6NvIGRlbcO0bmlvcyEgTyBjYXN0ZWxvIGZpY2Fyw6EgcmVwbGV0byBkZWxlcyE=,,WW91bmcgR2lybDogVGhlIHdheSB1bmRlcmdyb3VuZCBpcyBhbG9uZyB0aGlzIGFpc2xlIQ==
1qCqCA,,W1lvdW5nIEdpcmxdCkZyb20gaGVyZS4uIEkgZG8gbm90IGtub3cgd2VsbC4uLgpJIHNlZSBzbyBtYW55IHN0YWlycy4uLgpTZWUgdGhlcmUgYXJlIHNvIG1hbnkgZGVtb25zLiBNeSBmYXRoZXIgd2lsbCBiZSBpbiBhIGRhbmdlciEKUGxlYXNlIHNhdmUgaGltLg==,,,,,Sm92ZW0gZ2Fyb3RhOiBUZW0gdW1hIHBhc3NhZ2VtIHN1YnRlcnLDom5lYSBuZXNzZSBjb3JyZWRvciE=,,W0NoaWNhIGpvdmVuXQpEZXNkZSBhcXXDreKApiBObyBzw6kgYmllbuKApgpWZW8gdGFudGFzIGVzY2FsZXJhc+KApgpIYXkgbXVjaG9zIGRlbW9uaW9zLiDCoU1pIHBhZHJlIGVzdGFyw6EgZW4gcGVsaWdybyEKUG9yIGZhdm9yLCBzw6FsdmFsby4=
16CqCA,,RXZpbCBTaGFkb3c=,,,,,Sm92ZW0gZ2Fyb3RhOiBUZW0gdW1hIHBhc3NhZ2VtIHN1YnRlcnLDom5lYSBuZXNzZSBjb3JyZWRvciE=,,RXZpbCBTaGFkb3c=
2KCqCA,,RXZpbCBTaGFkb3c6IEkgdGhvdWdodCBJIHNtZWxsZWQgcmF0cyBzbmVha2luZyBpbiBoZXJlLiBJIHdhcyByaWdodCEh,,,,,W0pvdmVtIGdhcm90YV0KQSBwYXJ0aXIgZGFxdWkuLi4gRXUgbsOjbyBzZWkgZGlyZWl0by4uLgpTw6NvIHRhbnRhcyBlc2NhZGFzLi4uClPDo28gbXVpdG9zIGRlbcO0bmlvcy4uLiBNZXUgcGFpIGRldmUgZXN0YXIgZW0gcGVyaWdvIQpQb3IgZmF2b3IsIHNhbHZlLW8u,,U29tYnJhIG1hbGlnbmE6IE1lIHBhcmVjacOzIG9sZXIgcmF0YXMgY29sw6FuZG9zZSBhcXXDrS4gwqFUZW7DrWEgcmF6w7NuIQ==
2aCqCA,,RXZpbCBTaGFkb3c6IFlvdSB3aWxsIHJ1ZSB5b3VyIGN1cmlvc2l0eSBhbmQgaW50ZXJmZXJlbmNlLiAgVGltZSB0byBmZWVkIQ==,,,,,RXNww61yaXRvIGRhcyBUcmV2YXM=,,TGFtZW50YXLDoXMgdHUgY3VyaW9zaWRhZCB5IG1ldGVydGUgZW4gbG8gcXVlIG5vIHRlIGluY3VtYmUuICDCoUhvcmEgZGUgY29tZXIh
2qCqCA,,RXZpbCBTaGFkb3c6IEkgc3VtbW9uIHRoZSBEYXJrbmVzcyEh,,,,,RXNww61yaXRvIGRhcyBUcmV2YXM6IFBlbnNlaSBxdWUgdGluaGEgcmF0b3MgZW50cmFuZG8gYXF1aS4uLiBNYXMgZXJhIHZvY8OqIQ==,,wqFJbnZvY28gYSBsYSBPc2N1cmlkYWQh
26CqCA,,TG9raQ==,,,,,RXNww61yaXRvIGRhcyBUcmV2YXM6IE7Do28gc2VpIGNvbW8gY29uc2VndWlyYW0gY2hlZ2FyIGFxdWkuIE1hcyBldSBuw6NvIGFjZWl0byBzZXIgcGVydHVyYmFkby4=,,TG9raQ==
3KCqCA,,W0xva2ldCllvdSBoYXZlIG5vIHBvd2VyIGhlcmUu,,,,,RXNww61yaXRvIGRhcyBUcmV2YXM6IEFwYXJlw6dhbSwgbWV1cyBpcm3Do29zIQ==,,W0xva2ldCkFxdcOtIG5vIHRpZW5lcyBwb2Rlci4=
3aCqCA,,TW9yb2NjIExvcmQgS25pZ2h0OiBTby4uIHRoZSByYXQgd2FzIGFuIGFzc2Fzc2luPyBZb3UgY2FtZSBoZXJlIHRvIGRpZT8=,,,,,TG9raQ==,,TG9yZCBjYWJhbGxlcm8gTW9ycm9jOiBFbnRvbmNlc+KApiDCv2xhIHJhdGEgZXJhIHVuIGFzZXNpbm8/IMK/VmluaXN0ZSBhcXXDrSBhIG1vcmlyPw==
3qCqCA,,TG9raTogV2hhdCB3aWxsIHlvdSBhY2NvbXBsaXNoIGJ5IHdha2luZyB0aGUgTWFzaW4gaW4gdGhlIFdhbGw/,,,,,W0xva2ldClZvY8OqIGVzdMOhIGZvcmEgZGUgY29udHJvbGUu,,TG9raSDCv1F1w6kgY29uc2VndWlyw6FzIGRlc3BlcnRhbmRvIGFsIE1hc2luIGRlbCBNdXJvPw==
36CqCA,,TG9raTogTXkgbWlzc2lvbiBicm91Z2h0IG1lIGhlcmUgdG8gYnVyeSBpdCBhZ2Fpbi4=,,,,,U2VuaG9yIGRlIE1vcnJvYzogRW50w6NvLi4uIG8gcmF0byBlcmEgdW0gbWVyY2Vuw6FyaW8/IFZvY8OqIHZlaW8gYXTDqSBhcXVpIHBhcmEgb2ZlcmVjZXIgdW0gc2Fjcmlmw61jaW8/,,TG9raSBNaSBtaXNpw7NuIG1lIHRyYWpvIGFxdcOtIHBhcmEgZW50ZXJyYXJsbyBkZSBudWV2by4=
4KCqCA,,TW9yb2NjIExvcmQgS25pZ2h0OiBSZWFsbHkuLiB0aGUgQXNzYXNzaW4gZ3VpbGQgd2hvIEkgdGhvdWdodCB3YXMgb24gYSBtaXNzaW9uIHRvIGJhbGFuY2UgcG93ZXIgaW4gdGhlIHdvcmxkLg==,,,,,TG9raTogTyBxdWUgdm9jw6ogcXVlciBkZXNwZXJ0YW5kbyB1bSBkZW3DtG5pbyBxdWUgZXN0YXZhIGFwcmlzaW9uYWRvPw==,,UmVhbG1lbnRl4oCmIGVsIGdyZW1pbyBkZSBhc2VzaW5vcyBxdWUgcGVuc8OpIHF1ZSBlc3RhYmEgZW4gdW5hIG1pc2nDs24gcGFyYSBlcXVpbGlicmFyIGVsIHBvZGVyIGVuIGVsIG11bmRvLg==
4aCqCA,,TW9yb2NjIExvcmQgS25pZ2h0OiBSZXN1cnJlY3RpbmcgdGhlIGRlbW9uIHdvdWxkIGJyaW5nIGJhbGFuY2UhIEV2ZW4gdGhlIG1pZ2h0aWVzdCBiZWNvbWUgc2xhdmVzIHRvIGEgZ29kLi4=,,,,,TG9raTogVmltIGF0w6kgYXF1aSBwYXJhIGFwcmlzaW9uw6EtbG8gZGUgbm92by4=,,wqFSZXN1Y2l0YXIgYWwgZGVtb25pbyB0cmFlcsOtYSBlbCBlcXVpbGlicmlvISBJbmNsdXNvIGxvcyBtw6FzIHBvZGVyb3NvcyBzZSBjb252aWVydGVuIGVuIGVzY2xhdm9zIGRlIHVuIGRpb3PigKY=
4qCqCA,,TW9yb2NjIExvcmQgS25pZ2h0OiBUaGUgZ29kcyBoYXZlIHRoZWlyIG93biBwbGFucy4gRG8geW91IGtub3cgd2hhdCB0aGUgZ29kcyBwbGFuIGZvciB5b3Ugb3IgST8=,,,,,U2VuaG9yIGRlIE1vcnJvYzogT3JhLCB2YW1vcy4uLiBHdWlsZGEgZG9zIE1lcmNlbsOhcmlvcy4gVm9jw6pzIG7Do28gdGluaGFtIGludGVyZXNzZSBlbSBlcXVpbGlicmFyIG8gcG9kZXIgZG8gbXVuZG8/,,TG9zIGRpb3NlcyB0aWVuZW4gc3VzIHByb3Bpb3MgcGxhbmVzLiDCv1NhYmVzIGxvIHF1ZSBsb3MgZGlvc2VzIHBsYW5lYW4gcGFyYSB0aSBvIHBhcmEgbcOtPw==
46CqCA,,TW9yb2NjIExvcmQgS25pZ2h0OiBUaGV5IHdhbnQgdGhpcyB3b3JsZCB0byBvbmx5IGJlIGluIHRoZWlyIGltYWdlLiBXaGVyZSBkbyB3ZSBmaXQgaW50byB0aGF0PyE=,,,,,U2VuaG9yIGRlIE1vcnJvYzogUHJlY2lzYW1vcyByZXZpdmVyIG8gZGVtw7RuaW8gcGFyYSBlcXVpbGlicmFyIG8gcG9kZXIuIEF0w6kgdW0gZ2lnYW50ZSDDqSBlc2NyYXZvIGRvcyBkZXVzZXMuLi4=,,UXVpZXJlbiBxdWUgZXN0ZSBtdW5kbyBzZWEgYSBzdSBpbWFnZW4uIMK/RMOzbmRlIGVuY2FqYW1vcyBub3NvdHJvcz8=
5KCqCA,,TG9raTogU2h1dCB1cCE=,,,,,U2VuaG9yIGRlIE1vcnJvYzogUGVsb3MgZGV1c2VzLi4uIFZvY8OqIHNhYmUgcXVlIHRpcG8gZGUgcGxhbm8gZWxlcyB0w6ptIHBhcmEgdm9jw6o/,,TG9raSDCoUPDoWxsYXRlIQ==
5aCqCA,,TG9raTogSSBkbyBub3QgY2FyZSBhYm91dCBnb2RzIG9yIGRlbW9ucyBvciB0aGUgcGxhbnMgdGhhdCB0aGV5IGhhdmUgbWFkZS4gVGhlIG9ubHkgdGhpbmcgdGhhdCBtYXR0ZXJzIGlzIGtpbGwgeW91Lg==,,,,,U2VuaG9yIGRlIE1vcnJvYzogRWxlcyBxdWVyZW0gcXVlLi4uIEVzdGUgbXVuZG8uLi4gRW0gbm9tZSBkYSBsdXosIG9yZGVtIGUganVzdGnDp2EuLi4gcXVlIG9zIGh1bWFub3MuLi4=,,TG9raSBObyBtZSBpbXBvcnRhbiBsb3MgZGlvc2VzIG5pIGxvcyBkZW1vbmlvcyBuaSBsb3MgcGxhbmVzIHF1ZSBoYW4gaGVjaG8uIExvIMO6bmljbyBxdWUgaW1wb3J0YSBlcyBtYXRhcnRlLg==
5qCqCA,,TG9raTogVGhhdCBpcyBteSBtaXNzaW9uIQ==,,,,,TG9raTogQ2FsZS1zZSE=,,TG9raSDCoUVzYSBlcyBtaSBtaXNpw7NuIQ==
56CqCA,,TW9yb2NjIExvcmQgS25pZ2h0OiBTbyBhbGwgeW91IHdhbnQgaXMgdG8gZmluaXNoIHlvdXIgZGFtbiBtaXNzaW9uPy4u,,,,,TG9raTogRXUgbsOjbyBtZSBpbXBvcnRvIGNvbSBkZXVzZXMgb3UuLi4gZGVtw7RuaW9zLi4uIEVuZmltLiBWb2PDqiBtb3JyZXLDoSBhcXVpLg==,,QXPDrSBxdWUgdG9kbyBsbyBxdWUgcXVpZXJlcyBlcyB0ZXJtaW5hciB0dSBtYWxkaXRhIG1pc2nDs27igKY=
6KCqCA,,TG9raTogKkdyaW5zKiBPZiBjb3Vyc2UhIQ==,,,,,TG9raTogRXNzYSDDqSBhIG1pbmhhIG1pc3PDo28h,,TG9raTogKnNvbnLDrWUqIMKhUG9yIHN1cHVlc3RvIQ==
6aCqCA,,TG9raTogTWluZCBibGFzdGVyLSEhIQ==,,,,,U2VuaG9yIGRlIE1vcnJvYzogRW50w6NvIHZvY8OqIHF1ZXIgY29uY2x1aXIgc3VhIG1hbGRpdGEgbWlzc8Ojbz8=,,TG9raSDCoVB1cmlmaWNhY2nDs24gbWVudGFsIQ==
6qCqCA,,WW91bmcgR2lybDogTm8uLiEhIERvbid0IGh1cnQgbXkgUGFwYSEhIQ==,,,,,TG9raTogw4kgY2xhcm8h,,wqFObyEgwqFObyBsYXN0aW1lcyBhIG1pIHBhcMOhIQ==
66CqCA,,ISEh,,,,,TG9raTogRXhwbG9zw6NvIGRhIE1lbnRlIQ==,,wqHCocKhISEh
7KCqCA,,TW9yb2NjIExvcmQgS25pZ2h0OiBPaCBuby4uICBUaGV5IHNob3VsZCBoYXZlIHNlbnQgYmV0dGVyIHRoYW4geW91LCBNci4gQXNzYXNzaW4sIGZvciB0aGlzIG1pc3Npb24u,,,,,Sm92ZW0gZ2Fyb3RhOiBOw6NvISBOw6NvIG1hY2h1cXVlIG8gbWV1IHBhaSE=,,wqFBeSwgbm8hICBEZWJlcsOtYW4gaGFiZXIgZW52aWFkbyBhIGFsZ3VpZW4gbWVqb3IgcXVlIHTDuiwgc2XDsW9yIGFzZXNpbm8sIHBhcmEgZXN0YSBtaXNpw7NuLg==
7aCqCA,,WW91bmcgR2lybDogU29tZXRoaW5nIGlzIHdyb25nLi4uLg==,,,,,ISEh,,QWxnbyB2YSBtYWzigKY=
7qCqCA,,WW91bmcgR2lybDogTXkgUGFwYSB3b3VsZCBuZXZlciBhY3QgdGhpcyB3YXkuLiBVZ2guLg==,,,,,U2VuaG9yIGRlIE1vcnJvYzogT2gsIG7Do28uLi4gVm9jw6ogZGV2aWEgc2VyIG1lbGhvciBkbyBxdWUgaXNzby4uLiBzZW5ob3IgbWVyY2Vuw6FyaW8u,,TWkgcGFww6EgbnVuY2EgYWN0dWFyw61hIGRlIGVzdGEgbWFuZXJh4oCmIFVm4oCm
76CqCA,,TW9yb2NjIExvcmQgS25pZ2h0OiBIdW1hbi4uIFRvIGRvIHN1Y2ggYSBzdHVwaWQgdGhpbmcuLiBhIHNhY3JpZmljZS4=,,,,,Sm92ZW0gZ2Fyb3RhOiBBbGd1bWEgY29pc2EgZXN0w6EgZXJyYWRhLi4u,,SHVtYW5v4oCmIEhhY2VyIHVuYSBjb3NhIHRhbiBlc3TDunBpZGHigKYgdW4gc2FjcmlmaWNpby4=
8KCqCA,,TW9yb2NjIExvcmQgS25pZ2h0OiBZb3Uga25vdywgdGhlIHRydXRoIGlzLCB0aGF0IGl0IGlzIHVzZWxlc3Mu,,,,,Sm92ZW0gZ2Fyb3RhOiBJcm3Do28uLi4gbWV1IHBhaSBuw6NvIGZhcmlhIHVtYSBjb2lzYSBhc3NpbS4uLiBVZ2guLi4=,,TGEgdmVyZGFkIGVzIHF1ZSBlcyBpbsO6dGlsLg==
8aCqCA,,TW9yb2NjIExvcmQgS25pZ2h0OiBHd3VhYWEgaGFoYWhhaGEuICBZb3Ugc3R1cGlkIGh1bWFucyBJIHdpbGwga2lsbCB5b3UgYWxsIGFzIHNhY3JpZmljZXMgZm9yIHRoZSBkZW1vbiEh,,,,,U2VuaG9yIGRlIE1vcnJvYzogSHVtYW5vcy4uLiBmYXplbSBhbGdvIHTDo28gaWRpb3RhLi4uIHVtIHNhY3JpZsOtY2lvLg==,,TXVhamEsIGphLCBqYS4gIMKhVXN0ZWRlcywgZXN0w7pwaWRvcyBodW1hbm9zLCBsb3MgbWF0YXLDqSBhIHRvZG9zIGNvbW8gc2FjcmlmaWNpb3MgcGFyYSBlbCBkZW1vbmlvIQ==
8qCqCA,,TG9raTouLi4gdHNrISB1c2VsZXNzLi4uLiE=,,,,,U2VuaG9yIGRlIE1vcnJvYzogVm9jw6ogc2FiZS4uLiBhIHZlcmRhZGUgw6kgcXVlLi4uIElzc28gw6kgaW7DunRpbC4uLiBnYXJvdGluaG8uLi4=,,TG9raTogwqFUc2PigKYhIMKhSW7DunRpbOKApiE=
86CqCA,,TW9yb2NjIExvcmQgS25pZ2h0,,,,,U2VuaG9yIGRlIE1vcnJvYzogSHVoYWhhaGEuLi4gSGFoYWhhaGFoYSwgc2V1cyB0b2xvcy4uLiBWb3UgbWF0YXIgdG9kb3Mgdm9jw6pzIGUgb2ZlcmVjZXIgc2Fjcmlmw61jaW9zIHBhcmEgbyBkZW3DtG5pbyE=,,TW9yb2NjIExvcmQgS25pZ2h0
9KCqCA,,W01vcm9jYyBMb3JkIEtuaWdodF0KWW91IHdlcmUgdGhlIHJhdHMgd2hvIHdlcmUgc25lYWtpbmcgYXJvdW5kIGhlcmUh,,,,,TG9raTogVHNjISDDiSBpbsO6dGlsLi4uIQ==,,W0xvcmQgY2FiYWxsZXJvIE1vcnJvY10KwqFVc3RlZGVzIGVyYW4gbGFzIHJhdGFzIHF1ZSBzZSBlc2NhYnVsbMOtYW4gcG9yIGFxdcOtIQ==
9aCqCA,,W0xva2ldCi4uLmVtYmFycmFzc2luZy4KWW91IHNob3VsZCBeNEQ0REZGVGVybWluYXRlIHRoZSBNZXJjZW5hcnkgY29udHJhY3ReMDAwMDAwLCBpZiB5b3Ugd2FudCB0byBoZWxwIG1lIG9uIHRoaXMgbWlzc2lvbi4=,,,,,U2VuaG9yIGRlIE1vcnJvYw==,,W0xva2ldClF1w6kgdmVyZ8O8ZW56YeKApgpEZWJlcsOtYXMgXjRENERGRnRlcm1pbmFyIGNvbiBlbCBjb250cmF0byBkZSBtZXJjZW5hcmlvXjAwMDAwMCwgc2kgcXVpZXJlcyBheXVkYXJtZSBlbiBlc3RhIG1pc2nDs24u
9qCqCA,,W0xva2ldCldoZXJlIGRpZCB5b3UgY29tZSBmcm9tPwpJIG1heSBuZWVkIGhlbHAgaGVyZS4=,,,,,W1NlbmhvciBkZSBNb3Jyb2NdClZvY8OqcyBlcmFtIG9zIHJhdG9zIHNlIGVzZ3VlaXJhbmRvIHBvciBhcXVpIQ==,,W0xva2ldCsK/RGUgZMOzbmRlIHNhbGlzdGU/ClB1ZWRlIHF1ZSBuZWNlc2l0ZSBheXVkYSBhcXXDrS4=
96CqCA,,TG9raTogV2hlcmUgZGlkIHlvdSBjb21lIGZyb20/IEkgbWF5IG5lZWQgaGVscCBoZXJlLg==,,,,,W0xva2ldCi4uLnZlcmdvbmhvc28uClZvY8OqIGRldmUgXjMxMzFGRmVuY2VycmFyIG8gY29udHJhdG8gY29tIG9zIG1lcmNlbsOhcmlvc14wMDAwMDAsIHNlIHF1aXNlciBzZSBsaXZyYXIgZGVsZSBjb21pZ28u,,TG9raSDCv0RlIGTDs25kZSBzYWxpc3RlPyA=
+KCqCA,,W0xva2ldClRoZSBMb3JkIEtuaWdodCBpcyBubyBsb25nZXIgaHVtYW4uIEkgaGF2ZSB0byBzZW5kIGhpbSB0byBoaXMgZXRlcm5pdHkgZm9yIGhpcyBkZW1vbmljIGZvbGxvd2luZ3Mu,,,,,W0xva2ldCkVzdG91IGNvbSBwcm9ibGVtYXMuCkRlIG9uZGUgdm9jw6ogdmVpbz8=,,W0xva2ldCkVsIExvcmQgY2FiYWxsZXJvIHlhIG5vIGVzIGh1bWFuby4gVGVuZ28gcXVlIGVudmlhcmxvIGEgc3UgZXRlcm5pZGFkIHBvciBzdSBhZmluaWRhZCBkZW1vbsOtYWNhLg==
+aCqCA,,TG9raTogVGhlIExvcmQgS25pZ2h0IGlzIG5vIGxvbmdlciBodW1hbi4gSSBoYXZlIHRvIHNlbmQgaGltIHRvIGhpcyBldGVybml0eS4=,,,,,TG9raTogRXN0b3UgY29tIHByb2JsZW1hcy4gRGUgb25kZSB2b2PDqiB2ZWlvPw==,,TG9raSAgVGVuZ28gcXVlIGVudmlhcmxvIGEgc3UgZXRlcm5pZGFkLg==
+qCqCA,,W0xva2ldCl40RDRERkZUaGUgb25lcyB3aG8gYXJlIGluZmVybmFsbHkgYmxlc3NlZCBieSBkZW1vbnMgYXJlIGludmluY2libGUuIFdlIGNhbiBzZXZlciB0aGUgYmxlc3Npbmcgd2l0aCBNaW5kIEJsYXN0ZXIuXjAwMDAwMA==,,,,,W0xva2ldCk8gc2VuaG9yIGRlaXhvdSBkZSBzZXIgaHVtYW5vLiBQcmVjaXNvIG1lIGxpdnJhciBkZWxlLCBwb2lzIHNlIHRvcm5vdSB1bSBGYW7DoXRpY28gZGFzIFRyZXZhcy4=,,W0xva2ldCl40RDRERkZMb3MgcXVlIHNvbiBiZW5kZWNpZG9zIGluZmVybmFsbWVudGUgcG9yIGxvcyBkZW1vbmlvcyBzb24gaW52ZW5jaWJsZXMuIFBvZGVtb3MgY29ydGFyIGxhIGJlbmRpY2nDs24gY29uIFB1cmlmaWNhY2nDs24gbWVudGFsLl4wMDAwMDA=
+6CqCA,,TG9raTogVGhlIG9uZXMgd2hvIGFyZSBpbmZlcm5hbGx5IGJsZXNzZWQgYnkgZGVtb25zIGFyZSBpbnZpbmNpYmxlLiBXZSBjYW4gc2V2ZXIgdGhlIGJsZXNzaW5nIHdpdGggTWluZCBCbGFzdGVyLg==,,,,,TG9raTogTyBzZW5ob3IgZGVpeG91IGRlIHNlciBodW1hbm8uIFByZWNpc28gbWUgbGl2cmFyIGRlbGUsIHBvaXMgc2UgdG9ybm91IHVtIEZhbsOhdGljbyBkYXMgVHJldmFzLg==,,TG9raSBMb3MgcXVlIHNvbiBiZW5kZWNpZG9zIGluZmVybmFsbWVudGUgcG9yIGxvcyBkZW1vbmlvcyBzb24gaW52ZW5jaWJsZXMuIFBvZGVtb3MgY29ydGFyIGxhIGJlbmRpY2nDs24gY29uIFB1cmlmaWNhY2nDs24gbWVudGFsLg==
/KCqCA,,W0xva2ldCllvdSB3aWxsIGJlIGluIGNoYXJnZSBvZiBhY3RpdmF0aW5nIE1pbmQgQmxhc3Rlci4=,,,,,W0xva2ldCl4zMTMxRkZBcXVlbGVzIGFtYWxkacOnb2Fkb3MgcGVsbyBkZW3DtG5pbyBzw6NvIGludmVuY8OtdmVpcy4gUHJlY2lzYW1vcyBsaWJlcnTDoS1sbyBjb20gYSBFeHBsb3PDo28gZGEgTWVudGUuXjAwMDAwMA==,,W0xva2ldClRlIGVuY2FyZ2Fyw6FzIGRlIGFjdGl2YXIgbGEgUHVyaWZpY2FjacOzbiBtZW50YWwu
/aCqCA,,TG9raTogWW91IHdpbGwgYmUgaW4gY2hhcmdlIG9mIGFjdGl2YXRpbmcgTWluZCBCbGFzdGVyLg==,,,,,TG9raTogQXF1ZWxlcyBhbWFsZGnDp29hZG9zIHBlbG8gZGVtw7RuaW8gc8OjbyBpbnZlbmPDrXZlaXMuIFByZWNpc2Ftb3MgbGliZXJ0w6EtbG8gY29tIGEgRXhwbG9zw6NvIGRhIE1lbnRlLg==,,TG9raSA=
/qCqCA,,XjRENERGRkxva2ksIEd1aWxsb3RpbmUgQ3Jvc3Mgb2YgdGhlIEFzc2Fzc2luIEd1aWxkLCBoYXMgam9pbmVkIHlvdXIgcGFydHkuCldlIGhhdmUgdG8gZ2V0IHJpZCBvZiB0aGUgZGVtb25pYyBMb3JkIEtuaWdodCBieSBNaW5kIEJsYXN0aW5nIGhpbSB3aXRoIExva2kncyBza2lsbC5eMDAwMDAw,,,,,W0xva2ldClZvY8OqIMOpIHJlc3BvbnPDoXZlbCBwb3IgYXRpdmFyIGEgRXhwbG9zw6NvIGRhIE1lbnRlLg==,,XjRENERGRkxva2ksIENvcnRhZG9yIGRlIGNydWNlcyBkZWwgZ3JlbWlvIGRlIGFzZXNpbm9zLCBzZSB1bmnDsyBhIHR1IGdydXBvLgpUZW5lbW9zIHF1ZSBkZXNoYWNlcm5vcyBkZWwgZGVtb27DrWFjbyBMb3JkIGNhYmFsbGVybyBoYWNpw6luZG9sZSB1bmEgUHVyaWZpY2FjacOzbiBtZW50YWwgY29uIGxhIGhhYmlsaWRhZCBkZSBMb2tpLl4wMDAwMDA=
/6CqCA,,W0xva2ldCkkgYW0gdGFsa2luZyB0byB5b3VyIGJvc3Mu,,,,,TG9raTogVm9jw6ogc2Vyw6EgcmVzcG9uc8OhdmVsIHBvciBhdGl2YXIgYSAtIEV4cGxvc8OjbyBkYSBNZW50ZSAtLg==,,W0xva2ldCkVzdG95IGhhYmxhbmRvIGNvbiB0dSBqZWZlLg==
AKGqCA,,RXZpbCBCZWxpZXZlcg==,,,,,XjMxMzFGRkxva2ksIFNpY8OhcmlvIGRhIEd1aWxkYSBkb3MgTWVyY2Vuw6FyaW9zLCB1bml1LXNlIGNvbW8gbWVtYnJvLgpQcmVjaXNhbW9zIHVzYXIgYSBoYWJpbGlkYWRlIGRlIExva2ksIEV4cGxvc8OjbyBkYSBNZW50ZSwgcGFyYSBkZXJyb3RhciBvIFNlbmhvciBkZSBNb3Jyb2MgdHJhbnNmb3JtYWRvIGVtIGRlbcO0bmlvLl4wMDAwMDA=,,RXZpbCBCZWxpZXZlcg==
AaGqCA,,RGVtb24gV29yc2hpcHBlcidzIFZvaWNlOiBTdWNoIHJ1YmJpc2ghIFdoZXJlIGRpZCB5b3UgaGlkZSB5b3Vyc2VsZj8=,,,,,W0xva2ldClZvdSBmYWxhciBjb20gc2V1IGzDrWRlci4=,,Vm96IGRlIGFkb3JhZG9yIGRlIGRlbW9uaW9zOiDCoVF1w6kgYmFzdXJhISDCv0TDs25kZSB0ZSBlc2NvbmRpc3RlPw==
AqGqCA,,RGVtb24gV29yc2hpcHBlcidzIFZvaWNlOiBZb3Ugd2lsbCBhbGwgYmUgc2FjcmlmaWNlZCB0byBhd2FrZW4gTWFzaW4hISE=,,,,,RmFuw6F0aWNvIGRhcyBUcmV2YXM=,,wqFUb2RvcyBzZXLDoW4gc2FjcmlmaWNhZG9zIHBhcmEgZGVzcGVydGFyIGEgTWFzaW4h
A6GqCA,,RGVtb24gV29yc2hpcHBlcidzIFZvaWNlOiBOTyBpdCBpcyBpbXBvc3NpYmxlLiBJdCBjYW5ub3QgYmUuLiBUaGlzIGZvcmNlLi4gcG93ZXIuLiB5b3UuLiBtYXkuLmJlIHlvdSBhcmUuLg==,,,,,RmFuw6F0aWNvIGRhcyBUcmV2YXM6IFNldXMgdHJhc3RlcyEgT25kZSBzZSBlc2NvbmRlcmFtPyE=,,wqFObywgZXMgaW1wb3NpYmxlISBObyBwdWVkZSBzZXLigKYgRXN0YSBmdWVyemHigKYgcG9kZXLigKYgcXVpesOh4oCmIHTDuiBzZWFz4oCm
BKGqCA,,V2Ugd2lsbCBjYXRjaCB5b3UsIGNhdGNoIHlvdSBhbmQgZGV2b3VyIHlvdSE=,,,,,RmFuw6F0aWNvIGRhcyBUcmV2YXM6IFRvZG9zIHZvY8OqcyBzZXLDo28gc2FjcmlmaWNhZG9zIHBhcmEgZGVzcGVydGFyIG8gZGVtw7RuaW8h,,wqFUZSBhdHJhcGFyZW1vcyB5IHRlIGRldm9yYXJlbW9zIQ==
BaGqCA,,WW91IGNhbiB0cnkgdG8gcnVuIGJ1dCBpbiB0aGUgZW5kIHlvdSB3aWxsIGJ1cm4hIQ==,,,,,RmFuw6F0aWNvIGRhcyBUcmV2YXM6IE9oLCBuw6NvLi4uIE7Do28gcG9kZSBzZXIuLi4gRXNzYSBmb3LDp2EuLi4gZXNzZSBwb2Rlci4uLiB2b2PDqiBkZXZlIHNlci4uLg==,,wqFQdWVkZXMgaW50ZW50YXIgaHVpciBwZXJvIGFsIGZpbmFsIGFyZGVyw6FzIQ==
BqGqCA,,SG93IGFyZSB0aGUgZmxhbWVzIG9mIEhlbGw/IQ==,,,,,Vm9jw6pzIHbDo28gdmlyYXIgc2Fjcmlmw61jaW8h,,wqHCv0PDs21vIHNvbiBsYXMgbGxhbWFzIGRlbCBpbmZpZXJubz8h
B6GqCA,,S2Uga2Uga2Uga2Uga2Uga2UhISE=,,,,,VGVudGUgZnVnaXIgZGFxdWkh,,wqFLZSBrZSBrZSBrZSBrZSBrZSE=
CKGqCA,,W0xva2ldCi4uIGFubm95aW5nClRoZSBkZW1vbiB3YXMgZGVzdHJveWVkIGJlZm9yZSB0aGUgcmVzdXJyZWN0aW9uIGNlcmVtb255IHdhcyBjb21wbGV0ZWQuClRoaW5ncyB3aWxsIGJlIGZpbmUgZm9yIGF3aGlsZS4=,,,,,R29zdG91IGRvIGZvZ28gZG8gaW5mZXJubz8h,,W0xva2ldClF1w6kgbW9sZXN0aWHigKYKRWwgZGVtb25pbyBmdWUgZGVzdHJ1aWRvIGFudGVzIGRlIHF1ZSBzZSBjb21wbGV0YXJhIGxhIGNlcmVtb25pYSBkZSByZXN1cnJlY2Npw7NuLgpMYXMgY29zYXMgaXLDoW4gYmllbiBkdXJhbnRlIHVuIHRpZW1wby4=
CaGqCA,,SSBoYXZlIGdhaW5lZCB1bmV4cGVjdGVkIGluZm9ybWF0aW9uIGR1cmluZyBteSBleHBsb3JhdGlvbiBvZiB0aGUgVG93ZXIu,,,,,SGFoYWhhaGFoYWhhIQ==,,SGUgb2J0ZW5pZG8gaW5mb3JtYWNpw7NuIGluZXNwZXJhZGEgZHVyYW50ZSBtaSBleHBsb3JhY2nDs24gZGUgbGEgdG9ycmUu
CqGqCA,,W0xva2ldCkkgd2lsbCByZW1haW4gYXBhcnQgZnJvbSBteSBjb25zY2llbmNlIGZvciBhIGJpdCBsb25nZXIKc29tZWRheSBJJ2xsIGxldCBteXNlbGYgZmVlbCBhZ2FpbiwgYW5kIHRvZGF5IHdpbGwgb2NjdXB5IG15IHRob3VnaHRzLi4=,,,,,W0xva2ldCi4uIFF1ZSBpcnJpdGFudGUuCk8gcml0dWFsIGRlIHJlc3N1cnJlacOnw6NvIGRvIGRlbcO0bmlvIGZvaSBpbnRlcnJvbXBpZG8uClZhaSBmaWNhciB0cmFucXVpbG8gcG9yIHVtIHRlbXBvLg==,,W0xva2ldClBlcm1hbmVjZXLDqSBjb24gbWkgY29uc2NpZW5jaWEgYXBhcnRhZGEgdW4gcG9jbyBtw6FzLgpBbGfDum4gZMOtYSBtZSBwZXJtaXRpcsOpIHNlbnRpciBkZSBudWV2bywgeSBob3kgb2N1cGFyw6EgbWlzIHBlbnNhbWllbnRvc+KApg==
C6GqCA,,W0xva2ldCkludGVyZXN0aW5nLi4gdGhlcmUgaXMgYSBkYXVnaHRlci4uCldoYXQgc2hvdWxkIGJlIGRvbmUgYWJvdXQgaXQ/CkkgYW0gbm90IHN1cmUgb2Ygd2hhdCBteSBuZXh0IG1vdmUgaXMgdG8gYmUuLg==,,,,,RGVzY29icmkgaW5mb3JtYcOnw7VlcyBpbmVzcGVyYWRhcyBlbnF1YW50byBleHBsb3JhdmEgYSBUb3JyZSBkbyBEZW3DtG5pby4=,,W0xva2ldCkludGVyZXNhbnRl4oCmIGhheSB1bmEgaGlqYeKApgrCv1F1w6kgaGFjZXIgYWwgcmVzcGVjdG8/Ck5vIGVzdG95IHNlZ3VybyBkZSBjdcOhbCBzZXLDoSBtaSBwcsOzeGltbyBtb3ZpbWllbnRv4oCm
DKGqCA,,W0xva2ldCkJ1dCBubyBtYXR0ZXIsIHlvdSBvYnZpb3VzbHkgc2hvdWxkbid0IGJlIGhlcmUsIG5vdy4KV2lsbCBzdGF5IGhlcmUgYW55IGxvbmdlcj8KSSBjYW4gc2VuZCB5b3UgYmFjayB3aGVyZSBhbmQgd2hlbiB5b3UgYmVsb25nLg==,,,,,W0xva2ldClZvdSBtYW50ZXIgcGFydGUgZGEgbWluaGEgY29uc2Npw6puY2lhIHBvciB1bSB0ZW1wby4KQSBtZW50ZS4uLiBhIHNlbnNhw6fDo28uLi4gUG9kZSBzZXIgdW1hIGNoYW5jZSBkZSBleHBlcmltZW50YXIgaXNzby4uLg==,,W0xva2ldClBlcm8gbm8gaW1wb3J0YSwgb2J2aWFtZW50ZSBubyBkZWJlcsOtYXMgZXN0YXIgYXF1w60sIGFob3JhLgrCv1RlIHF1ZWRhcsOhcyBhcXXDrSBtw6FzIHRpZW1wbz8KUHVlZG8gZW52aWFydGUgZGUgdnVlbHRhIGRvbmRlIHkgY3VhbmRvIHRlIGNvcnJlc3BvbmRlLg==
DaGqCA,,R2V0IG91dCBvZiBoZXJlLg==,,,,,W0xva2ldClF1ZSBpbnRlcmVzc2FudGUuLi4gYSBmaWxoYSBkZSB1bSBzZW5ob3IgbW9ydG8uCkNvbW8gcG9kZSBmYXplciBpc3NvPwpOw6NvIGVudGVuZG8gZXNzZSB0aXBvIGRlIGF0aXR1ZGUu,,TMOhcmdhdGUu
DqGqCA,,VGFrZSBhIGxvb2sgYXJvdW5kLg==,,,,,W0xva2ldCiBFbnRlbmRpLiBWb2PDqiBuw6NvIMOpIGRlc3NhIMOpcG9jYS4KVm9jw6ogdmFpIGNvbnRpbnVhciBhcXVpPwpQb3NzbyB0ZSBtYW5kYXIgZGUgdm9sdGEgw6Agc3VhIMOpcG9jYS4=,,RWNoYSB1biB2aXN0YXpvLg==
D6GqCA,,W0xva2ldClBlcmhhcHMsIG91ciBtaXNzaW9ucyB3aWxsIGFsbHkgdXMgYWdhaW4gaW4gdGhlIGZ1dHVyZS4u,,,,,U2FpciBkYXF1aQ==,,W0xva2ldClF1aXrDoXMsIG51ZXN0cmFzIG1pc2lvbmVzIG5vcyBhbMOtZW4gZGUgbnVldm8gZW4gZWwgZnV0dXJv4oCm
EKGqCA,,W0xva2ldCkl0IGlzIHVud2lzZSB0byBsaW5nZXIgd2hlcmUgdGltZSBpcyBkaXN0b3J0ZWQu,,,,,RGFyIHVtYSBvbGhhZGE=,,W0xva2ldCk5vIGVzIHBydWRlbnRlIHF1ZWRhcnNlIGRvbmRlIGVsIHRpZW1wbyBlc3TDoSBkaXN0b3JzaW9uYWRvLg==
EaGqCA,,Ym94,,,,,W0xva2ldClF1ZW0gc2FiZSB1bSBkaWEgbm9zIGVuY29udHJlbW9zIGRlIG5vdm8u,,Ym94
EqGqCA,,RGVtb25pYyBTaGFkZQ==,,,,,W0xva2ldCk7Do28gw6kgdW1hIGJvYSBpZGVpYSBmaWNhciBtdWl0byB0ZW1wbyBlbSB1bWEgw6lwb2NhIGRpc3RvcmNpZGEu,,RGVtb25pYyBTaGFkZQ==
E6GqCA,,RGVtb25pYyBTaGFkZTogU28geW91IGFyZSB0aGUgdHJvdWJsZSBtYWtlcnMh,,,,,QmHDug==,,U29tYnJhIGRlbW9uw61hY2E6IMKhQXPDrSBxdWUgdXN0ZWRlcyBzb24gbG9zIGFsYm9yb3RhZG9yZXMh
FKGqCA,,RGVtb25pYyBTaGFkZTogVHNrLCBZb3UgY291bGRuJ3QgZXZlbiBtYW5hZ2UgdG8gcHJvdGVjdC4uPy53aGF0ZXZlci4uIHlvdSB3aWxsIGFsbCBkaWUgaGVyZS4=,,,,,SGFiaXRhbnRlIGRhcyBTb21icmFz,,VHNjLCBOaSBzaXF1aWVyYSBwdWRpc3RlIHByb3RlZ2Vy4oCmIENvbW8gc2Vh4oCmIHRvZG9zIG1vcmlyw6FuIGFxdcOtLg==
FaGqCA,,RGVtb25pYyBTaGFkZTogVGhlIGV0ZXJuYWwgdHJ1dGggaXMgSSB3aWxsIHR1cm4geW91ciBkZWF0aHMgaW50byBNYXNpbidzIGxpZmUgd2l0aCB5b3VyIGhlYXJ0cycgYmxvb2QhISE=,,,,,SGFiaXRhbnRlIGRhcyBTb21icmFzOiBGb3JhbSB2b2PDqnMgcXVlIGNhdXNhcmFtIHR1ZG8gaXNzbyE=,,wqFMYSB2ZXJkYWQgZXRlcm5hIGVzIHF1ZSBjb252ZXJ0aXLDqSBzdXMgbXVlcnRlcyBlbiBsYSB2aWRhIGRlIE1hc2luIGNvbiBsYSBzYW5ncmUgZGUgc3VzIGNvcmF6b25lcyE=
FqGqCA,,RGVtb25pYyBTaGFkZQ==,,,,,SGFiaXRhbnRlIGRhcyBTb21icmFzOiBUc2MsIHZvY8OqcyBuZW0gc8OjbyBjYXBhemVzIGRlIHByb3RlZ2VyLi4uPyBRdWUgc2VqYS4uLiB2w6NvIG1vcnJlciBhcXVpLg==,,RGVtb25pYyBTaGFkZQ==
