AC0xAQ,,V2VsbC1zaWRlIE1haWRlbg==,,,,,RG9uemVsYSBkbyBQb8Onbw==,,V2VsbC1zaWRlIE1haWRlbg==
AS0xAQ,,W1l1dWtvXQpJIHVzdWFsbHkgY29tZSB0byB0aGlzIHdlbGwgdG8KZHJhdyB3YXRlciwgYnV0IG5ldmVyIHdoZW4gaXQncwpmb2dneSBvciByYWlueS4gRm9yIHNvbWUgcmVhc29uCndoZW5ldmVyIHRoZSB3ZWF0aGVyIGlzIGEKY2VydGFpbiB3YXksIEkgZmVlbCBsaWtlLi4u,,,,,W1l1dWtvXQpOb3JtYWxtZW50ZSwgdmVuaG8gYSBlc3NlIHBvw6dvIHByYQp0aXJhciDDoWd1YSwgbWFzIG51bmNhIHF1YW5kbyBlc3TDoQpudWJsYWRvIG91IGNodXZvc28uIFBvciBhbGd1bWEgcmF6w6NvLApzZW1wcmUgcXVlIG8gdGVtcG8gZXN0w6EgZGUgdW1hCmNlcnRvIG1vZG8sIHRlbmhvIHZvbnRhZGUgZGUuLi4=,,W1l1dWtvXQpTdWVsbyB2ZW5pciBhIGVzdGUgcG96byBwYXJhCnNhY2FyIGFndWEsIHBlcm8gbnVuY2EgY3VhbmRvCmhheSBuaWVibGEgbyBsbHVldmUuIFBvciBhbGd1bmEgcmF6w7NuLApjdWFuZG8gZWwgY2xpbWEKZXN0w6EgYXPDrSwgc2llbnRvIGNvbW8gc2nigKY=
Ai0xAQ,,W1l1dWtvXQouLi5zb21lb25lLi4ub3Igc29tZSB0aGluZyBpcwpzdHJ1Z2dsaW5nIHRvIGNyYXdsIG91dCBmcm9tCnRoZSBib3R0b20gb2YgdGhpcyB3ZWxsLi4uCkl0IHJlYWxseSBnaXZlcyBtZSB0aGUgY3JlZXBzLg==,,,,,W1l1dWtvXQouLi5hbGd1w6ltLi4uIG91IGFsZ3VtYSBjb2lzYSBlc3TDoQpzZSBlc2ZvcsOnYW5kbyBwcmEgc2FpcgpkbyBmdW5kbyBkZXNzZSBwb8Onby4uLgpJc3NvIHJlYWxtZW50ZSBtZSBkw6EgYXJyZXBpb3Mu,,W1l1dWtvXQrigKZhbGd1aWVu4oCmIG8gYWxnbwppbnRlbnRhcmEgc2FsaXIgYSByYXN0cmFzIGRlc2RlCmVsIGZvbmRvIGRlIGVzdGUgcG96b+KApgpNZSBkYSBtdWNobyBtaWVkby4=
Ay0xAQ,,Sm9obg==,,,,,Sm9obg==,,Sm9obg==
BC0xAQ,,W0pvaG5dCllvfgpZb3UncmUgbm90IGZyb20gYXJvdW5kIGhlcmUuCkhlaCwgYW5vdGhlciBvdXRzaWRlci4KSnVzdCBsaWtlIG1lLi4u,,,,,W0pvaG5dCk9wYX4KVm9jw6ogbsOjbyDDqSBkYXF1aS4KSGVoLCBvdXRybyBmb3Jhc3RlaXJvLgpBc3NpbSBjb21vIGV1Li4u,,W0pvaG5dCkV5LgpObyBlcmVzIGRlIHBvciBhcXXDrS4KSmUsIG90cmEgcGVyc29uYSBleHRyYcOxYS4KQ29tbyB5b+KApg==
BS0xAQ,,W0pvaG5dCkl0J3MgYmVlbiBmaXZlIGxvbmcgeWVhcnMKc2luY2UgSSd2ZSBzdGFydGVkIGRvaW5nCmJ1c2luZXNzIGhlcmUuLi4=,,,,,W0pvaG5dCkrDoSBzZSBwYXNzYXJhbSBjaW5jbyBsb25nb3MgYW5vcwpkZXNkZSBxdWUgY29tZWNlaSBhIGZhemVyCm5lZ8OzY2lvcyBhcXVpLi4u,,W0pvaG5dCllhIHBhc2Fyb24gY2luY28gbGFyZ29zIGHDsW9zCmRlc2RlIHF1ZSBlbXBlY8OpIGEgaGFjZXIKbmVnb2Npb3MgYXF1w63igKY=
Bi0xAQ,,W0pvaG5dCkFmIGZpcnN0LCBJIHRob3VnaHQsICdXaGF0CmEgZ3JlYXQgY2hhbmNlIScgd2hlbiB0aGUKdHJhZGUgYmV0d2VlbiB0aGUgUnVuZS1NaWRnYXJkCktpbmdkb20gYW5kIEFtYXRzdSBzdGFydGVkLg==,,,,,W0pvaG5dCk5vIGNvbWXDp28sIHBlbnNlaSAnJ1F1ZQpncmFuZGUgY2hhbmNlIScnIHF1YW5kbyBvCmNvbcOpcmNpbyBlbnRyZSBvIFJlaW5vIGRlIFJ1bmUtTWlkZ2FyZAplIEFtYXRzdSBjb21lw6dvdS4=,,W0pvaG5dCkFsIHByaW5jaXBpbyBwZW5zw6k6IOKAnMKhUXXDqSAKZ3JhbiBvcG9ydHVuaWRhZCHigJ0sIGN1YW5kbyBpbmljacOzIGVsCmNvbWVyY2lvIGVudHJlIGVsIHJlaW5vCmRlIFJ1bmUtTWlkZ2FydHMgeSBBbWF0c3Uu
By0xAQ,,W0pvaG5dCkkgd2FudGVkIHRvIGRvIHNvbWV0aGluZyBncmVhdAphbmQgbWFrZSB0aGUgbW9zdCBvZiB0aGlzCm5ldyBvcHBvcnR1bml0eS4=,,,,,W0pvaG5dClF1ZXJvIGZhemVyIGFsZ28gZ3JhbmRpb3NvCmUgYXByb3ZlaXRhciBhbyBtw6F4aW1vIGVzc2EKbm92YSBvcG9ydHVuaWRhZGUu,,W0pvaG5dClF1aXNlIGhhY2VyIGFsZ28gZ3JhbmRlCnkgYXByb3ZlY2hhciBhbCBtw6F4aW1vIGVzYQpudWV2YSBvcG9ydHVuaWRhZC4=
CC0xAQ,,W0pvaG5dCkFuZCBzbywgSSBkZWNpZGVkIHRvIGdvIHRvCkFtYXRzdSBzbyBJIGNvdWxkIGxlYXJuIHRvIG1ha2UKQW1hdHN1IGN1aXNpbmUuIFRoZW4sIEkgY291bGQKcmV0dXJuIHRvIG15IGhvbWV0b3duIGFuZCBtYWtlCnRoaXMgZXhvdGljIGZvb2QgZm9yIGV2ZXJ5b25lLg==,,,,,W0pvaG5dCkVudMOjbywgZGVjaWRpIGlyIHBhcmEKQW1hdHN1IHBhcmEgYXByZW5kZXIgYSBwcmVwYXJhciBhCmN1bGluw6FyaWEgZGUgQW1hdHN1LiBBc3NpbSwgZXUgcG9kZXJpYQpyZXRvcm5hciDDoCBtaW5oYSBjaWRhZGUgbmF0YWwgZSBmYXplcgplc3NhIGNvbWlkYSBleMOzdGljYSBwYXJhIHRvZG9zLg==,,W0pvaG5dCkFzw60gcXVlIGRlY2lkw60gaXIgYQpBbWF0c3UgcGFyYSBhcHJlbmRlciBhIGNvY2luYXIKc3VzIHBsYXRvcyByZWdpb25hbGVzLiBBc8OtLCBwb2Ryw61hCnZvbHZlciBhIG1pIGNpdWRhZCBuYXRhbCB5IGhhY2VyCmVzdGEgY29taWRhIGV4w7N0aWNhIHBhcmEgdG9kb3Mu
CS0xAQ,,W0pvaG5dCkJ1dCwgSSBmZWxsIGluIGxvdmUgd2l0aCBBbWF0c3UKYW5kIEkgZW5kZWQgdXAgc3RpY2tpbmcgYXJvdW5kCmhlcmUgZm9yIHRoZSBsYXN0IGZpdmUgeWVhcnMuCkR1cmluZyBhbGwgdGhhdCB0aW1lLCBJJ3ZlCmJlZW4gbGVhcm5pbmcgQW1hdHN1IGN1aXNpbmUs,,,,,W0pvaG5dCk1hcyBtZSBhcGFpeG9uZWkgcG9yIEFtYXRzdQplIGFjYWJlaSBmaWNhbmRvIGFxdWkKbm9zIMO6bHRpbW9zIGNpbmNvIGFub3MuCkR1cmFudGUgdG9kbyBlc3NlIHRlbXBvLCB0ZW5obwplc3R1ZGFkbyBhIGN1bGluw6FyaWEgZGUgQW1hdHN1LA==,,W0pvaG5dClBlcm8gbWUgZW5hbW9yw6kgZGUgQW1hdHN1CnkgdGVybWluw6kgcXVlZMOhbmRvbWUKYXF1w60gZHVyYW50ZSBlc3RvcyDDumx0aW1vcyBjaW5jbyBhw7Fvcy4KVG9kbyBlc2UgdGllbXBvLAplc3R1dmUgYXByZW5kaWVuZG8gc29icmUgbGEgY29jaW5hIGRlIEFtYXRzdSw=
Ci0xAQ,,W0pvaG5dCmFuZCBjb29raW5nIHRoZXNlIGRpc2hlcyBmb3IKdGhlIHRvd25lcnMsIGFuZCBlbmpveWluZyBteXNlbGYKYnkgdGFsa2luZyB0byB0aGUgbG9jYWxzLAp0cmFuc2ZpeGVkIGluIHRoaXMgdmVyeSBzcG90Lg==,,,,,W0pvaG5dCmUgY296aW5oYWRvIGVzc2VzIHByYXRvcyBwYXJhIG9zCmhhYml0YW50ZXMgZGEgY2lkYWRlLCBlIG1lIGRpdmVydG8KY29udmVyc2FuZG8gY29tIG9zIGhhYml0YW50ZXMgbG9jYWlzLAphcXVpIG5lc3NlIGV4YXRvIGx1Z2FyLg==,,W0pvaG5dCmNvY2luw6kgZXN0b3MgcGxhdG9zIHBhcmEKc3VzIGhhYml0YW50ZXMgeSBtZSBkaXZlcnTDrSAKaGFibGFuZG8gY29uIGVsbG9zCmFxdcOtLCBlbiBlc3RlIG1pc21vIGx1Z2FyLg==
Cy0xAQ,,W0pvaG5dCkJ1dCByZWNlbnRseSwgYWNyb3NzIHRoZSBzdHJlZXQsCnRoZSBTdXNoaSBNYXN0ZXIgb3BlbmVkIGhpcyBzaG9wLgouLi4KTm93LCBteSBvbmx5IGN1c3RvbWVycyBhcmUgZmxpZXMu,,,,,W0pvaG5dCk1hcyByZWNlbnRlbWVudGUsIGRvIG91dHJvIGxhZG8gZGEgcnVhLApvIE1lc3RyZSBkbyBTdXNoaSBhYnJpdSB1bWEgbG9qYS4KLi4uCkFnb3JhLCBtZXVzIMO6bmljb3MgY2xpZW50ZXMgc8OjbyBhcyBtb3NjYXMu,,W0pvaG5dClBlcm8gcmVjaWVudGVtZW50ZSwgYWwgb3RybyBsYWRvIGRlIGxhIGNhbGxlLAplbCBNYWVzdHJvIGRlbCBTdXNoaSBhYnJpw7Mgc3UgdGllbmRhLgrigKYKQWhvcmEsIG1pcyDDum5pY29zIGNsaWVudGVzIHNvbiBsYXMgbW9zY2FzLg==
DC0xAQ,,W0pvaG5dCkkgd2FzIGhvcGluZyB0byBmdWxmaWxsIG15CmRyZWFtIG9mIGJlY29taW5nIGEgcmVub3duZWQgY2hlZgppbiBBbWF0c3UsIGJ1dC4uLgpJIGd1ZXNzIGl0J3Mgb3Zlci4uLg==,,,,,W0pvaG5dCkV1IGVzcGVyYXZhIHJlYWxpemFyIG1ldQpzb25obyBkZSBtZSB0b3JuYXIgdW0gY2hlZiByZW5vbWFkbwplbSBBbWF0c3UsIG1hcy4uLgpBY2hvIHF1ZSBhY2Fib3UuLi4=,,W0pvaG5dCkVzcGVyYWJhIGN1bXBsaXIgbWkKc3Vlw7FvIGRlIGNvbnZlcnRpcm1lIGVuIHVuIGNoZWYgZGUgcmVub21icmUKZW4gQW1hdHN1LCBwZXJv4oCmClN1cG9uZ28gcXVlIG5vIHN1Y2VkZXLDoeKApg==
DS0xAQ,,TWltaQ==,,,,,TWltaQ==,,TWltaQ==
Di0xAQ,,W01pbWldClB1aHVodX4hCkRpZCB5b3Ugc2VlIE1pc3MgQW1hdHN1IG5lYXIKdGhlIEhhcmJvcj8gSXNuJ3Qgc2hlCnByZWVlZXR0eT8=,,,,,W01pbWldClB1aHVodX4hClZvY8OqIHZpdSBhIFNydGEuIEFtYXRzdSBwZXJ0bwpkbyBwb3J0bz8gRWxhIG7Do28gw6kKbGlpaWluZGE/,,W01pbWldCsKhSmksamksamkhCsK/VmlzdGUgYSBNaXNzIEFtYXRzdSBjZXJjYQpkZWwgcHVlcnRvPyDCv05vIHRlIHBhcmVjZQpzdXV1cGVyYm9uaXRhPw==
Dy0xAQ,,W01pbWldCkknbSBnb2luZyB0byBlbnRlciB0aGUgTWlzcwpBbWF0c3UgQ29udGVzdCB3aGVuIEknbSBvbGRlci4=,,,,,W01pbWldClZvdSBwYXJ0aWNpcGFyIGRvIGNvbmN1cnNvIGRlIE1pc3MKQW1hdHN1IHF1YW5kbyBmb3IgbWFpcyB2ZWxoYS4=,,W01pbWldClZveSBhIHBhcnRpY2lwYXIgZW4gZWwgY29uY3Vyc28KTWlzcyBBbWF0c3UgY3VhbmRvIHNlYSBtYXlvci4=
EC0xAQ,,W01pbWldCkknbSBzdXJlIHRoYXQgSSdtIHRoZSBwcmV0dGllc3QKaW4gdGhpcyB0b3duIGJ1dC4uLgpBIGxhZHkgY2FuIGFsd2F5cyB1c2UgYSBsaXR0bGUgbW9yZSBtYWtldXAu,,,,,W01pbWldClRlbmhvIGNlcnRlemEgZGUgcXVlIHNvdSBhIG1haXMgYm9uaXRhCmRlc3NhIGNpZGFkZSwgbWFzLi4uClVtYSBtb8OnYSBzZW1wcmUgcG9kZSB1c2FyIHVtIHBvdWNvIG1haXMgZGUgbWFxdWlhZ2VtLg==,,W01pbWldCkVzdG95IHNlZ3VyYSBkZSBxdWUgc295IGxhIG3DoXMgYm9uaXRhCmRlIGxhIGNpdWRhZCBwZXJv4oCmCkEgdW5hIGRhbWEgc2llbXByZSBsZSB2aWVuZSBiaWVuIHVuIHBvY28gbcOhcyBkZSBtYXF1aWxsYWplLg==
ES0xAQ,,RHJ1bmtlbiBNYW4=,,,,,QsOqYmFkbw==,,RHJ1bmtlbiBNYW4=
Ei0xAQ,,W0tvc2FrZV0KKkhpY2N1cCouLi5NeSB3aWZlIGlzIGp1c3QgbGlrZSwKLi4ubGlrZSBhIG1hbi4uLipIaWNjdXAqLi4uCkknbSBnb2luZyB0byByZWFsbHkuLi4qSGljY3VwKi4uLm5vdCBnbyBob21lIHRoaXMgdGltZS4uLkhpY2N1cA==,,,,,W0tvc2FrZV0KKlNvbHXDp28qLi4uIE1pbmhhIGVzcG9zYSBwYXJlY2UsCi4uLnBhcmVjZSB1bSBob21lbS4uLipTb2x1w6dvKi4uLgpOw6NvIHZvdS4uLiAqU29sdcOnbyouLi4gTsOjbyB2b3Ugdm9sdGFyIHBhcmEgY2FzYSBkZXNzYSB2ZXouLi4gKlNvbHXDp28q,,W0tvc2FrZV0KKkhpcG8q4oCmIE1pIG11amVyIGVzIGNvbW/igKYK4oCmY29tbyB1biBob21icmXigKYgKkhpcG8q4oCmCkVzdGEgdmV6IG5vIHZveSBh4oCmKkhpcG8q4oCmaXIgYSBjYXNh4oCmICpIaXBvKg==
Ey0xAQ,,U3RvcCBkcmlua2luZyBhbmQgZ28gaG9tZQ==,,,,,UGFyZSBkZSBiZWJlciBlIHbDoSBwYXJhIGNhc2E=,,RGVqYSBkZSBiZWJlciB5IHZ1ZWx2ZSBhIHR1IGNhc2Eu
FC0xAQ,,TGV0J3MgZHJpbmsgdG9nZXRoZXI=,,,,,VmFtb3MgYmViZXIganVudG9z,,QmViYW1vcyBqdW50b3Mu
FS0xAQ,,W0tvc2FrZV0KV2hhdD8hIERvIHlvdSB3YW50IG1lIHRvIGdldApoaXQgYnkgbXkgd2lmZSdzIGJpZyBmaXN0PwpUaGF0J3MgcmlnaHQhICBJIHNhaWQgJ2JpZyBmaXN0ISc=,,,,,W0tvc2FrZV0KTyBxdcOqPyEgVm9jw6ogcXVlciBxdWUgZXUgc2VqYQphdGluZ2lkbyBwZWxvIHB1bmhvIGdyYW5kZSBkYSBtaW5oYSBlc3Bvc2E/CsOJIGlzc28gbWVzbW8hIEV1IGRpc3NlICcncHVuaG8gZ3JhbmRlJych,,W0tvc2FrZV0KwqHCv1F1w6k/ISDCv1F1aWVyZXMgcXVlIG1lCmdvbHBlZSBlbCBwdcOxbyBlbm9ybWUgZGUgbWkgbXVqZXI/CsKhQXPDrSBlcyEgIERpamUg4oCcwqFwdcOxbyBlbm9ybWUh4oCdLg==
Fi0xAQ,,W0tvc2FrZV0KU2FkIHRvIHNheSwgSSBtYXJyaWVkIGEgd29tYW4Kd2l0aCBtYW4gaGFuZHMuLi4KQmlnLCBzdHJvbmcgaGFuZHMgdGhhdCBjYW4ga2lsbCBhIHRpZ2VyLg==,,,,,W0tvc2FrZV0Kw4kgdHJpc3RlIGRpemVyIHF1ZSBtZSBjYXNlaSBjb20gdW1hIG11bGhlcgpjb20gbcOjb3MgZGUgaG9tZW0uLi4KTcOjb3MgZ3JhbmRlcyBlIGZvcnRlcyBxdWUgcG9kZW0gbWF0YXIgdW0gdGlncmUu,,W0tvc2FrZV0KRXMgdHJpc3RlIGRlY2lybG8sIG1lIGNhc8OpIGNvbiB1bmEgbXVqZXIKY29uIG1hbm9zIGRlIGhvbWJyZeKApgpNYW5vcyBncmFuZGVzIHkgZnVlcnRlcyBxdWUgcHVlZGVuIG1hdGFyIGEgdW4gdGlncmUu
Fy0xAQ,,W0RydWtlbiBNYW5dCkl0IHdhcyBpbiBLby4uLktva28tc29tZXRoaW5nCnRvd24uIFNoZSBoaXQgbWUgYmVjYXVzZSBJCmxvc3Qgc29tZSBtb25leS4uLipIaWNjdXAq,,,,,W0LDqmJhZG9dCkZvaSBuYSBjaWRhZGUgZGUgS28uLi4gS29rbwphbGd1bWEgY29pc2EuIEVsYSBtZSBiYXRldSBwb3JxdWUgZXUKcGVyZGkgZGluaGVpcm8uLi4gKlNvbHXDp28q,,W0hvbWJyZSBib3JyYWNob10KRnVlIGVuIGxhIGNpdWRhZCBkZSBLb+KApgpLb2tvYWxnby4gTWUgZ29scGXDsyBwb3JxdWUKcGVyZMOtIGFsZ28gZGUgZGluZXJv4oCmICpIaXBvKg==
GC0xAQ,,W0RydWtlbiBNYW5dCkxpZmV+fiBpc35+IG5vdGhpbmd+fn4KV2hhdCBpcyB6ZW55fn5+fiAKKkhpY2N1cCouLi4uLi4gKkhpY2N1cCouLi4uLi4uCi4uLi4uLi4uLi4uLi4uLi4uLi4uLi4uCi4uLi4uLi4uWi56Li56Li4uenp6Li4u,,,,,W0LDqmJhZG9dCkEgdmlkYX5+IMOpfn4gbmFkYX5+Ck8gcXVlIMOpIHplbnl+fn5+IAoqU29sdcOnbyouLi4uLi4gKlNvbHXDp28qLi4uLi4uLgouLi4uLi4uLi4uLi4uLi4uLi4uLi4uLgouLi4uLi4uLlouei4uei4uei4uLnp6ei4uLg==,,W0hvbWJyZSBib3JyYWNob10KTGEgdmlkYSBubyBlcyBpbXBvcnRhbnRlLgrCv1F1w6kgc29uIGxvcyB6ZW55PyAKKkhpcG8q4oCmICpIaXBvKuKApgouLi4uLi4uLi4uLi4uLi4uLi4uLi4uLgrigKZaenrigKYgenp64oCm
GS0xAQ,,W0tvc2FrZV0KSGVoIGhlaC4uLiBuaWNlIGxhZC4uLgpCdXQgeW91IGtub3cgKkhpY2N1cCoKSSBjYW4ndCBnaXZlIHlvdSBhbnkgb2YgbWluZSEgIEhlaGVoZWguLi4=,,,,,W0tvc2FrZV0KSGVoIGhlaC4uLiBVbWEgYm9hIHBlc3NvYS4uLgpNYXMgdm9jw6ogc2FiZSBxdWUgKlNvbHXDp28qCm7Do28gcG9zc28gdGUgZGFyIG5hZGEgbWV1ISBIZWhlaGVoLi4u,,W0tvc2FrZV0KSmUsamXigKYgUXXDqSBidWVu4oCmClTDuiBtZSBlbnRpZW5kZXMuICpIaXBvKgrCoU5vIHB1ZWRvIGRhcnRlIG5hZGEhICBKZSwgamUsIGplLCBqZeKApg==
Gi0xAQ,,W0tvc2FrZV0KSWYgeW91IGJ1eSBtZSBhIGRyaW5rLCBJIHdpbGwgdGhpbmsgYWJvdXQgaXQuLi5IZWhlaGUuLi4qSGljY3VwKi4u,,,,,W0tvc2FrZV0KU2Ugdm9jw6ogbWUgcGFnYXIgdW1hIGJlYmlkYSwgdm91IHBlbnNhciBzb2JyZSBpc3NvLi4uIEhlaGVoZS4uLiAqU29sdcOnbyouLi4=,,W0tvc2FrZV0KU2kgbWUgaW52aXRhcyBhIHVuYSBjb3BhLCBsbyBwZW5zYXLDqeKApiBKZSwgamUsIGpl4oCmICpIaXBvKuKApg==
Gy0xAQ,,R3JhbmRtYQ==,,,,,Vm92w7M=,,R3JhbmRtYQ==
HC0xAQ,,W0hhdHN1ZV0KSSdtIHdvcnJpZWQgYWJvdXQgbXkgaHVzYmFuZC4KSGUgbG9zdCBhIGxvdCBvZiBtb25leSBpbiBzb21lIGRpc3RhbnQgdG93biB0b2RheS4=,,,,,W0hhdHN1ZV0KRXN0b3UgcHJlb2N1cGFkYSBjb20gbWV1IG1hcmlkby4KRWxlIHBlcmRldSBtdWl0byBkaW5oZWlybyBob2plIGVtIHVtYSBjaWRhZGUgZGlzdGFudGUu,,W0hhdHN1ZV0KRXN0b3kgcHJlb2N1cGFkYSBwb3IgbWkgbWFyaWRvLgpIb3kgcGVyZGnDsyBtdWNobyBkaW5lcm8gZW4gYWxndW5hIGNpdWRhZCBsZWphbmEu
HS0xAQ,,W0hhdHN1ZV0KSSBnb3Qgc28gbWFkIGF0IGhpbSwgaGUgcmFuIG9mZiBpbgpmZWFyISBJJ20gd29ycmllZC4uLndoYXQgaWYgaGUKd2VudCB0byB0aGUgYmFyIGFuZCBzdGFydHMgZHJpbmtpbmcgYWdhaW4/IFRoZSBtYW4ganVzdCBkb2Vzbid0IGhhdmUgYW55IGJhY2tib25lLiAqUGhldyo=,,,,,W0hhdHN1ZV0KRmlxdWVpIHTDo28gYnJhdmEgY29tIGVsZSBxdWUgZWxlIGZ1Z2l1IGNvbQptZWRvISBFc3RvdSBwcmVvY3VwYWRhLi4uIEUgc2UgZWxlCmZvciBwYXJhIG8gYmFyIGUgY29tZcOnYXIgYSBiZWJlciBkZSBub3ZvPyBFbGUgc2ltcGxlc21lbnRlIG7Do28gdGVtIGNvcmFnZW0uICpVZmEq,,W0hhdHN1ZV0KwqFNZSBlbmZhZMOpIHRhbnRvIGNvbiDDqWwsIHF1ZSBzYWxpw7MgY29ycmllbmRvIGRlbAptaWVkbyEgRXN0b3kgcHJlb2N1cGFkYeKApiDCv1kgc2kKZnVlIGEgbGEgY2FudGluYSB5IGVtcGV6w7MgYSBiZWJlciBvdHJhIHZlej8gRXNlIGhvbWJyZSBubyB0aWVuZSBjYXLDoWN0ZXIuICpVZio=
Hi0xAQ,,SnlhYnVybw==,,,,,SnlhYnVybw==,,SnlhYnVybw==
Hy0xAQ,,W0p5YWJ1cm9dClRoaXMgcGxhY2UgaXMgc3BlY2lhbCB0byBtZS4KSXQncyBmaWxsZWQgd2l0aCBtZW1vcmllcyBvZiBteSB3aWZlLg==,,,,,W0p5YWJ1cm9dCkVzc2UgbHVnYXIgw6kgZXNwZWNpYWwgcGFyYSBtaW0uCkVzdMOhIHJlcGxldG8gZGUgbGVtYnJhbsOnYXMgZGEgbWluaGEgZXNwb3NhLg==,,W0p5YWJ1cm9dCkVzdGUgbHVnYXIgZXMgZXNwZWNpYWwgcGFyYSBtw60uCkVzdMOhIGxsZW5vIGRlIHJlY3VlcmRvcyBkZSBtaSBtdWplci4=
IC0xAQ,,W0p5YWJ1cm9dCkl0IHdhcyB1bmRlciB0aGF0IGJpZyB0cmVlIHdoZXJlCkkgZmlyc3QgdG9sZCBoZXIgSSBsb3ZlZCBoZXIuIEF0CnRoZSB0aW1lLCBJIHJlYWxseSBkaWRuJ3Qga25vdyB0aGF0IHNoZSBhbHNvIGhhZCBmZWVsaW5ncyBmb3IgbWUu,,,,,W0p5YWJ1cm9dCkZvaSBlbWJhaXhvIGRhcXVlbGEgZ3JhbmRlIMOhcnZvcmUgcXVlCmV1IGRpc3NlIHBlbGEgcHJpbWVpcmEgdmV6IHF1ZSBhIGFtYXZhLiBOYQrDqXBvY2EsIGV1IG7Do28gc2FiaWEgcXVlIGVsYSB0YW1iw6ltIHRpbmhhIHNlbnRpbWVudG9zIHBvciBtaW0u,,W0p5YWJ1cm9dCkZ1ZSBiYWpvIGVzZSBncmFuIMOhcmJvbCBkb25kZQpsZSBkaWplIHBvciBwcmltZXJhIHZleiBxdWUgbGEgYW1hYmEuIEVuCmVzZSBtb21lbnRvLCBubyBlc3RhYmEgc2VndXJvIGRlIHNpIGVsbGEgdGFtYmnDqW4gc2VudMOtYSBhbGdvIHBvciBtw60u
IS0xAQ,,W0p5YWJ1cm9dCkFmdGVyIHRoYXQgZGF5LCB3ZSBoYWQgbWFueQpjb252ZXJzYXRpb25zIGhlcmUuIFF1aWV0CmFuZCBwZWFjZWZ1bCwgdGhpcyB3YXMgb3VyCmZhdm9yaXRlIHBsYWNlIHRvIGJlIHRvZ2V0aGVyLg==,,,,,W0p5YWJ1cm9dLgpEZXBvaXMgZGVzc2UgZGlhLCB0aXZlbW9zIG11aXRhcwpjb252ZXJzYXMgYXF1aS4gQ2FsbW8KZSBwYWPDrWZpY28sIGVzc2UgZXJhIG5vc3NvCmx1Z2FyIGZhdm9yaXRvIHBhcmEgZmljYXJtb3MganVudG9zLg==,,W0p5YWJ1cm9dCkRlc3B1w6lzIGRlIGVzZSBkw61hLCB0dXZpbW9zIG11Y2hhcwpjb252ZXJzYWNpb25lcyBhcXXDrS4gQ29uIHN1IHNpbGVuY2lvCnkgdHJhbnF1aWxhZCwgZXN0ZSBlcmEgbnVlc3RybwpsdWdhciBmYXZvcml0byBwYXJhIGVzdGFyIGp1bnRvcy4=
Ii0xAQ,,W0p5YWJ1cm9dCldoZW4gSSBjbG9zZSBteSBleWVzIGhlcmUsIEkKY2FuIHBpY3R1cmUgb3VyIGdvb2QgdGltZXMsCmFuZCBpdCBmZWVscyBsaWtlIGl0IGFsbCBoYXBwZW5lZCB5ZXN0ZXJkYXkuCi4uLg==,,,,,W0p5YWJ1cm9dClF1YW5kbyBmZWNobyBtZXVzIG9saG9zIGFxdWksCmNvbnNpZ28gaW1hZ2luYXIgbm9zc29zIGJvbnMgbW9tZW50b3MsCmUgcGFyZWNlIHF1ZSB0dWRvIGFjb250ZWNldSBvbnRlbS4KLi4u,,W0p5YWJ1cm9dCkN1YW5kbyBjaWVycm8gbG9zIG9qb3MgYXF1w60sCnB1ZWRvIHJlY29yZGFyIG51ZXN0cm9zIGJ1ZW5vcyB0aWVtcG9zLAp5IHBhcmVjZSBxdWUgdG9kbyBodWJpZXJhIHN1Y2VkaWRvIGF5ZXIuCuKApg==
Iy0xAQ,,W0p5YWJ1cm9dCk15IHdpZmUgcGFzc2VkIGF3YXkuLi4KU28gbm93IEkgb25seSBjb21lIGhlcmUgYnkKbXlzZWxmLi4uQnV0IEkgZmVlbCBsaWtlIEknbSB3aXRoIGhlciB3aGVuZXZlciBJJ20gaGVyZS4=,,,,,W0p5YWJ1cm9dCk1pbmhhIGVzcG9zYSBmYWxlY2V1Li4uCkFnb3JhLCBldSB2ZW5obyBhcXVpIHNvemluaG8uCk1hcyBtZSBzaW50byBjb21vIHNlIGVzdGl2ZXNzZSBjb20gZWxhIHNlbXByZSBxdWUgZXN0b3UgYXF1aS4=,,W0p5YWJ1cm9dCk1pIGVzcG9zYSBmYWxsZWNpw7PigKYKQXPDrSBxdWUgYWhvcmEgdmVuZ28Kc29sb+KApiBQZXJvIHNpZW50byBxdWUgZXN0b3kgY29uIGVsbGEgY2FkYSB2ZXogcXVlIGVzdG95IGFxdcOtLg==
JC0xAQ,,W0p5YWJ1cm9dCkRvIHlvdSBoYXZlIGFueW9uZSB0aGF0IHlvdQp0aGluayBhYm91dD8gSWYgeW91IGhhdmUgYQpzcGVjaWFsIHNvbWVvbmUsIGRvbid0IGhlc2l0YXRlCm9yIGhvbGQgYmFjay4gQmUgc3VyZSB0byB0cmVhdAp0aGF0IHBlcnNvbiBzcGVjaWFsbHku,,,,,W0p5YWJ1cm9dClZvY8OqIHRlbSBhbGd1w6ltIGVtIHF1ZW0gcGVuc2EKbXVpdG8/IFNlIGVzc2EgcGVzc29hCmVzcGVjaWFsIGV4aXN0ZSwgbsOjbyBoZXNpdGUKb3Ugc2UgY29udGVuaGEuIE7Do28gZGVpeGUgZGUgdHJhdGFyCmVzc2EgcGVzc29hIGRlIGZvcm1hIGVzcGVjaWFsLg==,,W0p5YWJ1cm9dCsK/SGF5IGFsZ3VpZW4gZW4gcXVpZW4KcGllbnNlcz8gU2kgdGllbmVzIHNlbnRpbWllbnRvcwpwb3IgYWxndWllbiwgbm8gZHVkZXMKbmkgdGUgY29udGVuZ2FzLiBBc2Vnw7pyYXRlIGRlIHRyYXRhcgphIGVzYSBwZXJzb25hIGRlIGZvcm1hIGVzcGVjaWFsLg==
JS0xAQ,,W0p5YWJ1cm9dCkh1bWFuIGJlaW5ncyBsaXZlIHN1Y2ggc2hvcnQKbGl2ZXMuIEJ1dCB3ZSdyZSBhYmxlIHRvIGxhdWdoCnRocm91Z2hvdXQgbGlmZSBhbmQgZm9yZ2V0IHRoZQpzYWRuZXNzLgouLi5BbHdheXMgYmUgaGFwcHku,,,,,W0p5YWJ1cm9dCk9zIHNlcmVzIGh1bWFub3MgdMOqbSB2aWRhcyB0w6NvIGN1cnRhcwpNYXMgc29tb3MgY2FwYXplcyBkZSByaXIKZHVyYW50ZSB0b2RhIGEgdmlkYSBlIGVzcXVlY2VyIGRhCnRyaXN0ZXphLgouLi5TZWphIHNlbXByZSBmZWxpei4=,,W0p5YWJ1cm9dCkxvcyBzZXJlcyBodW1hbm9zIHZpdmltb3MgdGFuIHBvY28KdGllbXBvLiBQZXJvIHNvbW9zIGNhcGFjZXMgZGUgcmXDrXIKZW4gZWwgY2FtaW5vIHkgb2x2aWRhcgpsYSB0cmlzdGV6YS4K4oCmU8OpIGZlbGl6IHNpZW1wcmUu
Ji0xAQ,,R3VpZGUgTWFu,,,,,R3VpYQ==,,R3VpZGUgTWFu
Jy0xAQ,,W0d1aWRlIE1hbl0KV2VsY29tZSwgdG91cmlzdCBmcm9tIFJ1bmUtTWlkZ2FyZC4KSSdtIHRoZSBndWlkZSBvZgpvdXIgYmVhdXRpZnVsIHRvd24sIEFtYXRzdS4=,,,,,W0d1aWFdCkJvYXMtdmluZGFzLCB0dXJpc3RhIGRlIFJ1bmUtTWlkZ2FyZC4KU291IG8gZ3VpYSBkYQpub3NzYSBiZWxhIGNpZGFkZSwgQW1hdHN1Lg==,,W0hvbWJyZSBndcOtYV0KVGUgZGFtb3MgbGEgYmllbnZlbmlkYSwgdHVyaXN0YSBkZSBSdW5lLU1pZGdhcnRzLgpTb3kgZWwgZ3XDrWEgZGUKZXN0YSBoZXJtb3NhIGNpdWRhZCwgQW1hdHN1Lg==
KC0xAQ,,W0d1aWRlIE1hbl0KV2hhdCBhcmUgeW91IGxvb2tpbmcgZm9yPw==,,,,,W0d1aWFdCk8gcXVlIHZvY8OqIGVzdMOhIHByb2N1cmFuZG8/,,W0hvbWJyZSBndcOtYV0Kwr9RdcOpIGVzdMOhcyBidXNjYW5kbz8=
KS0xAQ,,UGFsYWNl,,,,,UGFsw6FjaW8=,,UGFsYWNpby4=
Ki0xAQ,,VG9vbCBTaG9w,,,,,TG9qYSBkZSBVdGlsaWRhZGVz,,VGllbmRhIGRlIGhlcnJhbWllbnRhcy4=
Ky0xAQ,,V2VhcG9uIFNob3A=,,,,,TG9qYSBkZSBBcm1hcw==,,VGllbmRhIGRlIGFybWFzLg==
LC0xAQ,,QmFy,,,,,QmFy,,Q2FudGluYS4=
LS0xAQ,,W0d1aWRlIE1hbl0KT24gdGhlIG1pbmktbWFwLApnbyB0byBeRkYzMzU1K14wMDAwMDAKdG8gZmluZCB0aGUgUGFsYWNlLgpIYXZlIGEgZ29vZCB0aW1lCmluIEFtYXRzdS4=,,,,,W0d1aWFdCk5vIG1pbmltYXBhLAp2w6EgcGFyYSBeRkYzMzU1K14wMDAwMDAKcGFyYSBlbmNvbnRyYXIgbyBQYWzDoWNpby4KRGl2aXJ0YS1zZQplbSBBbWF0c3Uu,,W0hvbWJyZSBndcOtYV0KRW4gZWwgbWluaW1hcGEsCnZlIGEgXjU1NTVGRiteMDAwMDAwCnBhcmEgZW5jb250cmFyIGVsIFBhbGFjaW8uCkRpdmnDqXJ0ZXRlCmVuIEFtYXRzdS4=
Li0xAQ,,W0d1aWRlIE1hbl0KT24gdGhlIG1pbmktbWFwLApnbyB0byBeRkYzMzU1K14wMDAwMDAKdG8gZmluZCB0aGUgVG9vbCBTaG9wLgpIYXZlIGEgZ29vZCB0aW1lCmluIEFtYXRzdS4=,,,,,W0d1aWFdCk5vIG1pbmltYXBhLAp2w6EgcGFyYSBeRkYzMzU1K14wMDAwMDAKcGFyYSBlbmNvbnRyYXIgYSBMb2phwqBkZSBVdGlsaWRhZGVzLgpEaXZpcnRhLXNlCmVtIEFtYXRzdS4=,,W0hvbWJyZSBndcOtYV0KRW4gZWwgbWluaW1hcGEsCnZlIGEgXjU1NTVGRiteMDAwMDAwCnBhcmEgZW5jb250cmFyIGxhIFRpZW5kYSBkZSBoZXJyYW1pZW50YXMuCkRpdmnDqXJ0ZXRlCmVuIEFtYXRzdS4=
Ly0xAQ,,W0d1aWRlIE1hbl0KT24gdGhlIG1pbmktbWFwLApnbyB0byBeNTVGRjMzK14wMDAwMDAKdG8gZmluZCB0aGUgV2VhcG9uIFNob3AuCkhhdmUgYSBnb29kIHRpbWUKaW4gQW1hdHN1Lg==,,,,,W0d1aWFdCk5vIG1pbmltYXBhLAp2w6EgcGFyYSBeNTVGRjMzK14wMDAwMDAKcGFyYSBlbmNvbnRyYXIgYSBMb2phIGRlIEFybWFzLgpEaXZpcnRhLXNlCmVtIEFtYXRzdS4=,,W0hvbWJyZSBndcOtYV0KRW4gZWwgbWluaW1hcGEsCnZlIGEgXjVGMDAwMCteMDAwMDAwCnBhcmEgZW5jb250cmFyIGxhIFRpZW5kYSBkZSBhcm1hcy4KRGl2acOpcnRldGUKZW4gQW1hdHN1Lg==
MC0xAQ,,W0d1aWRlIE1hbl0KT24gdGhlIG1pbmktbWFwLApnbyB0byBeMzM1NUZGK14wMDAwMDAKdG8gZmluZCB0aGUgQmFyLgpIYXZlIGEgZ29vZCB0aW1lCmluIEFtYXRzdS4=,,,,,W0d1aWFdCk5vIG1pbmltYXBhLAp2w6EgcGFyYSBeMzM1NUZGK14wMDAwMDAKcGFyYSBlbmNvbnRyYXIgbyBCYXIuCkRpdmlydGEtc2UKZW0gQW1hdHN1Lg==,,W0hvbWJyZSBndcOtYV0KRW4gZWwgbWluaW1hcGEsCnZlIGEgXjI1MDJGRCteMDAwMDAwCnBhcmEgZW5jb250cmFyIGxhIGNhbnRpbmEuCkRpdmnDqXJ0ZXRlCmVuIEFtYXRzdS4=
