AAqfAQ,,Q2FuIEFnZW5jeSBHdWFyZA==,,,,,R3VhcmRhIGRhIGFnw6puY2lhIGRlIGxhdGFz,,Q2FuIEFnZW5jeSBHdWFyZA==
AQqfAQ,,WW91IHNlZW0gdG8gaGF2ZSB0b28gbWFueSBpdGVtcy4gR2l2ZSBhIHRyeSBhZnRlciBzb3J0aW5nIG91dCB0aGUgaXRlbSBraW5kcy4=,,,,,UGFyZWNlIHF1ZSB2b2PDqiB0ZW0gbXVpdG9zIGl0ZW5zLiBGYcOnYSB1bWEgdGVudGF0aXZhIGRlcG9pcyBkZSBjbGFzc2lmaWNhciBvcyB0aXBvcyBkZSBpdGVucy4=,,UGFyZWNlIHF1ZSB0aWVuZXMgZGVtYXNpYWRvcyBvYmpldG9zLiBJbnTDqW50YWxvIGRlc3B1w6lzIGRlIG9yZGVuYXIgbG9zIHRpcG9zIGRlIG9iamV0b3Mu
AgqfAQ,,WW91J3JlIG5vdCBsaWtlbHkgdG8gYmUgYWJsZSB0byBnbyBvbiBkdWUgdG8gaGVhdnkgaXRlbXMgeW91IGdvdC4gR2l2ZSBhIHRyeSBhZnRlciBsaWdodGVuaW5nIHRoZSB3ZWlnaHQu,,,,,w4kgcHJvdsOhdmVsIHF1ZSB2b2PDqiBuw6NvIGNvbnNpZ2EgY29udGludWFyIGRldmlkbyBhb3MgaXRlbnMgcGVzYWRvcyBxdWUgcG9zc3VpLiBGYcOnYSB1bWEgdGVudGF0aXZhIGRlcG9pcyBkZSBhbGl2aWFyIG8gcGVzby4=,,Tm8gdmFzIGEgcG9kZXIgc2VndWlyIGRlYmlkbyBhIGxvcyBvYmpldG9zIHBlc2Fkb3MgcXVlIGxsZXZhcy4gSW50w6ludGFsbyBkZXNwdcOpcyBkZSBhbGlnZXJhciBlbCBwZXNvLg==
AwqfAQ,,W0NhbiBBZ2VuY3kgR3VhcmRdCkhleSwgeW91IHRoZXJlLi4uIEhhdmUgeW91IHNlZW4gYW55IF4wMDAwRkZNYWxhbmdkbyBDYXQgQ2FuXjAwMDAwMHMgYXJvdW5kIGhlcmU/,,,,,W0NhbiBBZ2VuY3kgR3VhcmRdCkVpLCB2b2PDqiBhw60uLi4gVm9jw6ogdml1IGFsZ3VtYSBsYXRhIGRlIGdhdG8gTWFsYW5nZG8gcG9yIGFxdWk/,,W0d1YXJkaWEgZGUgbGEgYWdlbmNpYSBkZSBsYXRhc10KT3llLCB0w7rigKYgwr9IYXMgdmlzdG8gYWxndW5hIF5GRjAwMDBMYXRhIHBhcmEgZ2F0b3MgZGUgTWFsYW5nZG9eMDAwMDAwIHBvciBhcXXDrT8=
BAqfAQ,,V2h5IGFyZSB5b3UgYXNraW5nPw==,,,,,UG9yIHF1ZSBlc3TDoSBwZXJndW50YW5kbz8=,,wr9Qb3IgcXXDqSBsbyBwcmVndW50YXM/
BQqfAQ,,T2ggeW91IG1lYW4gdGhlc2U/,,,,,QWgsIHZvY8OqIHF1ZXIgZGl6ZXIgaXNzbz8=,,wr9UZSByZWZpZXJlcyBhIGVzdGFzPw==
BgqfAQ,,W0NhbiBBZ2VuY3kgR3VhcmRdClVtbS4gCldlIGF0IHRoZSBDYW4gQWdlbmN5IHJlY2VudGx5IGdvdCBzb21lIHN1c3BpY2lvdXMgaW50ZWxsaWdlbmNlIGFib3V0IHRoZW0uLi4=,,,,,W0NhbiBBZ2VuY3kgR3VhcmRdLgpIdW1tLiAKTsOzcyBkYSBBZ8OqbmNpYSBDYW4gcmVjZW50ZW1lbnRlIHJlY2ViZW1vcyBpbmZvcm1hw6fDtWVzIHN1c3BlaXRhcyBzb2JyZSBlbGVzLi4u,,W0d1YXJkaWEgZGUgbGEgYWdlbmNpYSBkZSBsYXRhc10Kwr9FbW3igKY/IApSZWNpZW50ZW1lbnRlLCBsYSBhZ2VuY2lhIGRlIGxhdGFzIHJlY2liacOzIGluZm9ybWFjacOzbiBzb3NwZWNob3NhIHNvYnJlIGVsbGFz4oCm
BwqfAQ,,W0NhbiBBZ2VuY3kgR3VhcmRdClRoZXJlIHdlcmUgZmF1bHR5IHByb2R1Y3RzIGluIGJ1bGsgb24gdGhlIGNhbiBwcm9kdWN0aW9uIGxpbmUgZm9yIE1hbGFuZ2RvIHNwZWNpYWx0eS4gVGhlc2UgcHJvZHVjdHMgdG8gYmUgZGlzY2FyZGVkIHNlZW0gdG8gaGF2ZSBiZWVuIGZhbGxlbiBpbnRvIGEgcmV0YWlsIGRlYWxlcidzIGhhbmRzLg==,,,,,W0d1YXJkYSBkYSBBZ8OqbmNpYSBkZSBMYXRhc10uCkhhdmlhIHByb2R1dG9zIGRlZmVpdHVvc29zIGEgZ3JhbmVsIG5hIGxpbmhhIGRlIHByb2R1w6fDo28gZGUgbGF0YXMgcGFyYSBhIGVzcGVjaWFsaWRhZGUgTWFsYW5nZG8uIEVzc2VzIHByb2R1dG9zIGEgc2VyZW0gZGVzY2FydGFkb3MgcGFyZWNlbSB0ZXIgY2HDrWRvIG5hcyBtw6NvcyBkZSB1bSByZXZlbmRlZG9yIGRlIHZhcmVqby4=,,W0d1YXJkaWEgZGUgbGEgYWdlbmNpYSBkZSBsYXRhc10KU2UgZGV0ZWN0YXJvbiBwcm9kdWN0b3MgZGVmZWN0dW9zb3MgZW4gbGEgbMOtbmVhIGRlIHByb2R1Y2Npw7NuIGRlIGxhdGFzIGRlIGxhIGVzcGVjaWFsaWRhZCBNYWxhbmdkby4gRXN0b3MgcHJvZHVjdG9zIGRlc3RpbmFkb3MgYSBzZXIgZGVzZWNoYWRvcyBwYXJlY2VuIGhhYmVyIGNhw61kbyBlbiBtYW5vcyBkZSB1biBjb21lcmNpYW50ZSBtaW5vcmlzdGEu
CAqfAQ,,W0NhbiBBZ2VuY3kgR3VhcmRdCkFjdHVhbGx5IHRoZXkgd2VyZSBoYXJkIHRvIGRpc3Rpbmd1aXNoIGZyb20gbm9ybWFsIHByb2R1Y3RzLiBCdXQgaXQgb2J2aW91c2x5IHNheXMgXjAwMDBGRk1hbGFuZ2RvIENhdCBDYW5eMDAwMDAwIG91dHNpZGUu,,,,,W0d1YXJkYSBkYSBBZ8OqbmNpYSBkZSBMYXRhc10uCk5hIHZlcmRhZGUsIGVyYSBkaWbDrWNpbCBkaXN0aW5ndWktbGFzIGRvcyBwcm9kdXRvcyBub3JtYWlzLiBNYXMgb2J2aWFtZW50ZSBkaXogXjAwMDBGRk1hbGFuZ2RvIENhdCBDYW5eMDAwMDAwIGRvIGxhZG8gZGUgZm9yYS4=,,W0d1YXJkaWEgZGUgbGEgYWdlbmNpYSBkZSBsYXRhc10KRXJhbiBkaWbDrWNpbGVzIGRlIGRpc3Rpbmd1aXIgZGUgbG9zIHByb2R1Y3RvcyBub3JtYWxlcy4gUGVybyBvYnZpYW1lbnRlIGRpY2UgXkZGMDAwMExhdGEgcGFyYSBnYXRvcyBNYWxhbmdkb14wMDAwMDAgZW4gc3UgZXh0ZXJpb3Iu
CQqfAQ,,W0NhbiBBZ2VuY3kgR3VhcmRdCkFzIGl0IGlzIGZhdWx0eSBwcm9kdWN0cyBhcmUgbW92aW5nIGFyb3VuZCBvbiB0aGUgbWFya2V0LCB3ZSd2ZSBiZWVuIGNvbGxlY3RpbmcgdGhlbSBhcyBpcyBvdXIgZHV0eS4KSGF2ZSB5b3UgZXZlciBzZWVuIGFueW9uZSB3aG8gaGFzIHRoaW5ncyBsaWtlIHdoYXQgSSdtIGRlc2NyaWJpbmc/,,,,,W0d1YXJkYSBkYSBhZ8OqbmNpYSBkZSBsYXRhc10KQ29tbyBvcyBwcm9kdXRvcyBkZWZlaXR1b3NvcyBlc3TDo28gY2lyY3VsYW5kbyBubyBtZXJjYWRvLCBuw7NzIG9zIGVzdGFtb3MgcmVjb2xoZW5kbyBjb21vIMOpIG5vc3NvIGRldmVyLgpWb2PDqiBqw6Egdml1IGFsZ3XDqW0gcXVlIHRlbmhhIGNvaXNhcyBjb21vIGFzIHF1ZSBlc3RvdSBkZXNjcmV2ZW5kbz8=,,W0d1YXJkaWEgZGUgbGEgYWdlbmNpYSBkZSBsYXRhc10KRGFkbyBxdWUgaGF5IHByb2R1Y3RvcyBkZWZlY3R1b3NvcyBjaXJjdWxhbmRvIHBvciBlbCBtZXJjYWRvLCBsb3MgZXN0dXZpbW9zIHJlY29sZWN0YW5kbyBjb21vIGVzIG51ZXN0cm8gZGViZXIuCsK/VmlzdGUgYSBhbGd1aWVuIHF1ZSB0ZW5nYSBjb3NhcyBjb21vIGxhcyBxdWUgZXN0b3kgZGVzY3JpYmllbmRvPw==
CgqfAQ,,W0NhbiBBZ2VuY3kgR3VhcmRdCklmIHlvdSBmaW5kIGFueW9uZSBzZWxsaW5nIHRoZXNlIHByb2R1Y3RzLCBwbGVhc2UgY29tZSBhbmQgdGVsbCBtZS4=,,,,,W0NhbiBBZ2VuY3kgR3VhcmRdLgpTZSB2b2PDqiBlbmNvbnRyYXIgYWxndcOpbSB2ZW5kZW5kbyBlc3NlcyBwcm9kdXRvcywgZW50cmUgZW0gY29udGF0byBjb21pZ28u,,W0d1YXJkaWEgZGUgbGEgYWdlbmNpYSBkZSBsYXRhc10KU2kgZW5jdWVudHJhcyBhIGFsZ3VpZW4gcXVlIHZlbmRhIGVzdG9zIHByb2R1Y3RvcywgcG9yIGZhdm9yIGN1w6ludGFtZWxvLg==
CwqfAQ,,W0NhbiBBZ2VuY3kgR3VhcmRdClVtbT8gWW91IGRvbid0IHNlZW0gdG8gaGF2ZSBhbnkgXjAwMDBGRk1hbGFuZ2RvIENhdCBDYW5eMDAwMDAwcyBvbiB5b3UuIERvbid0IGZvcmdldCB0byBicmluZyBpdCB0byBtZSBpZiB5b3UgZm91bmQgYW55Li4u,,,,,W0NhbiBBZ2VuY3kgR3VhcmRdLgpIdW1tPyBQYXJlY2UgcXVlIHZvY8OqIG7Do28gdGVtIG5lbmh1bWEgXjAwMDBGRk1hbGFuZ2RvIENhdCBDYW5eMDAwMDAwcyBjb20gdm9jw6ouIE7Do28gc2UgZXNxdWXDp2EgZGUgdHJhesOqLWxhIHBhcmEgbWltIHNlIGVuY29udHJhciBhbGd1bWEuLi4=,,W0d1YXJkaWEgZGUgbGEgYWdlbmNpYSBkZSBsYXRhc10KTW1t4oCmIFBhcmVjZSBxdWUgbm8gbGxldmFzIG5pbmd1bmEgXkZGMDAwMExhdGEgcGFyYSBnYXRvcyBNYWxhbmdkb14wMDAwMDAuIE5vIG9sdmlkZXMgdHJhw6lybWVsYXMgc2kgZW5jdWVudHJhcyBhbGd1bmHigKY=
DAqfAQ,,W0NhbiBBZ2VuY3kgR3VhcmRdClRoZSBNYWxhbmdkbyBDYXQgQ2FuIGlzIGEgZmF1bHR5IHByb2R1Y3QuIExldCBtZSBleGNoYW5nZSAxIGZvciAzIEUtQ29pbnMuIEhvdydzIHRoYXQgc291bmQ/,,,,,W1Byb3Rlw6fDo28gZGEgYWfDqm5jaWEgZGUgbGF0YXNdCkEgbGF0YSBkZSBnYXRvIE1hbGFuZ2RvIMOpIHVtIHByb2R1dG8gY29tIGRlZmVpdG8uIERlaXhlLW1lIHRyb2NhciAxIHBvciAzIEUtQ29pbnMuIE8gcXVlIGFjaGEgZGlzc28/,,W0d1YXJkaWEgZGUgbGEgYWdlbmNpYSBkZSBsYXRhc10KTGEgbGF0YSBwYXJhIGdhdG9zIE1hbGFuZ2RvIGVzIHVuIHByb2R1Y3RvIGRlZmVjdHVvc28uIFRlIGNhbmplbyAxIHBvciAzIE1vbmVkYXMgZGUgY2xhc2UgRS4gwr9RdcOpIHRlIHBhcmVjZT8=
DQqfAQ,,SSB3b24ndCBleGNoYW5nZQ==,,,,,TsOjbyB2b3UgdHJvY2Fy,,Tm8gY2FuamVhci4=
DgqfAQ,,XjAwMDBGRjFeMDAwMDAwIENhbiAtPiBeMDAwMEZGM14wMDAwMDAgRS1Db2lu,,,,,XjAwMDBGRjFeMDAwMDAwIENhbiAtPiBeMDAwMEZGM14wMDAwMDAgRS1Db2lu,,XkZGMDAwMDFeMDAwMDAwTGF0YSAtPiBeRkYwMDAwM14wMDAwMDBNb25lZGFzIGRlIGNsYXNlIEU=
DwqfAQ,,XjAwMDBGRjEwXjAwMDAwMCBDYW4gLT4gXjAwMDBGRjMwXjAwMDAwMCBFLUNvaW4=,,,,,XjAwMDBGRjEwXjAwMDAwMCBDYW4gLT4gXjAwMDBGRjMwXjAwMDAwMCBFLUNvaW4=,,XkZGMDAwMDEwXjAwMDAwMExhdGEgLT4gXkZGMDAwMDMwXjAwMDAwME1vbmVkYXMgZGUgY2xhc2UgRQ==
EAqfAQ,,XjAwMDBGRjEwMF4wMDAwMDAgQ2FuIC0+IF4wMDAwRkYzMDBeMDAwMDAwIEUtQ29pbg==,,,,,XjAwMDBGRjEwMF4wMDAwMDAgQ2FuIC0+IF4wMDAwRkYzMDBeMDAwMDAwIEUtQ29pbg==,,XkZGMDAwMDEwMF4wMDAwMDBMYXRhIC0+IF5GRjAwMDAzMDBeMDAwMDAwTW9uZWRhcyBkZSBjbGFzZSBF
EQqfAQ,,RXhjaGFuZ2UgYWxsIEkgZ290,,,,,VHJvcXVlIHR1ZG8gbyBxdWUgZXUgdGVuaG8=,,Q2FuamVhciB0b2RvIGxvIHF1ZSB0ZW5nby4=
EgqfAQ,,W0NhbiBBZ2VuY3kgR3VhcmRdClVtbSwgSSdtIG5vdCBoZXJlIHNvIGxvbmcgZm9yZXZlciwgc28gY29tZSB0byBtZSBpZiB5b3UnZCBsaWtlIHRvIGV4Y2hhbmdlIHdoaWxlIEknbSBzdGFuZGluZyBoZXJlLg==,,,,,W0NhbiBBZ2VuY3kgR3VhcmRdCkh1bW0sIGV1IG7Do28gdm91IGZpY2FyIGFxdWkgcG9yIG11aXRvIHRlbXBvIHBhcmEgc2VtcHJlLCBlbnTDo28gdmVuaGEgYXTDqSBtaW0gc2UgcXVpc2VyIHRyb2NhciBlbnF1YW50byBldSBlc3RpdmVyIGFxdWku,,W0d1YXJkaWEgZGUgbGEgYWdlbmNpYSBkZSBsYXRhc10KRW1tLCBubyBlc3RhcsOpIGFxdcOtIHBhcmEgc2llbXByZSwgYXPDrSBxdWUgdmVuIGNvbm1pZ28gc2kgcXVpZXJlcyBjYW5qZWFyIG1pZW50cmFzIGVzdG95IGFxdcOtLg==
EwqfAQ,,W0NhbiBBZ2VuY3kgR3VhcmRdCkV4Y2hhbmdlZCAxIE1hbGFuZ2RvIENhdCBDYW4gZm9yIDMgRS1Db2lucy4gQ2hlY2sgaXQgb3V0Lg==,,,,,W0d1YXJkYSBkYSBBZ8OqbmNpYSBkZSBMYXRhc10KVHJvY291IDEgbGF0YSBkZSBnYXRvIE1hbGFuZ2RvIHBvciAzIG1vZWRhcyBlbGV0csO0bmljYXMuIETDqiB1bWEgb2xoYWRhLg==,,W0d1YXJkaWEgZGUgbGEgYWdlbmNpYSBkZSBsYXRhc10KQ2FuamVhc3RlIDEgbGF0YSBkZSBnYXRvIE1hbGFuZ2RvIHBvciAzIE1vbmVkYXMgZGUgY2xhc2UgRS4gwqFDb21wcnXDqWJhbG8h
FAqfAQ,,W0NhbiBBZ2VuY3kgR3VhcmRdClVtbT8gSSB0aGluayB5b3UgZG9uJ3QgaGF2ZSBlbm91Z2ggYW1vdW50IHRvIGV4Y2hhbmdlLi4uIENvbWUgdG8gbWUgYWdhaW4gd2hlbiB5b3UgaGF2ZSB0aGUgZXhhY3QgYW1vdW50Lg==,,,,,W0NhbiBBZ2VuY3kgR3VhcmRdLgpVbW0/IEFjaG8gcXVlIHZvY8OqIG7Do28gdGVtIHVtYSBxdWFudGlhIHN1ZmljaWVudGUgcGFyYSB0cm9jYXIuLi4gVm9sdGUgYSBtZSBwcm9jdXJhciBxdWFuZG8gdGl2ZXIgYSBxdWFudGlhIGV4YXRhLg==,,W0d1YXJkaWEgZGUgbGEgYWdlbmNpYSBkZSBsYXRhc10KTW1t4oCmIE5vIHRpZW5lcyBzdWZpY2llbnRlIGNhbnRpZGFkIHBhcmEgY2FuamVhcuKApiBWdWVsdmUgYSB2ZXJtZSBjdWFuZG8gdGVuZ2FzIGxhIGNhbnRpZGFkIGV4YWN0YS4=
FQqfAQ,,W0NhbiBBZ2VuY3kgR3VhcmRdCkV4Y2hhbmdlZCAxMCBNYWxhbmdkbyBDYXQgQ2FuIGZvciAzMCBFLUNvaW4uIENoZWNrIGl0IG91dC4=,,,,,W0d1YXJkYSBkYSBBZ8OqbmNpYSBkZSBMYXRhc10KVHJvY291IDEwIE1hbGFuZ2RvIENhdCBDYW4gcG9yIDMwIEUtQ29pbi4gRMOqIHVtYSBvbGhhZGEu,,W0d1YXJkaWEgZGUgbGEgYWdlbmNpYSBkZSBsYXRhc10KQ2FuamVhc3RlIDEwIGxhdGFzIGRlIGdhdG8gTWFsYW5nZG8gcG9yIDMwIE1vbmVkYXMgZGUgY2xhc2UgRS4gwqFDb21wcnXDqWJhbG8h
FgqfAQ,,W0NhbiBBZ2VuY3kgR3VhcmRdCkV4Y2hhbmdlZCAxMDAgTWFsYW5nZG8gQ2F0IENhbiBmb3IgMzAwIEUtQ29pbi4gQ2hlY2sgaXQgb3V0Lg==,,,,,W0NhbiBBZ2VuY3kgR3VhcmRdLgpUcm9jb3UgMTAwIE1hbGFuZ2RvIENhdCBDYW4gcG9yIDMwMCBFLUNvaW4uIETDqiB1bWEgb2xoYWRhLg==,,W0d1YXJkaWEgZGUgbGEgYWdlbmNpYSBkZSBsYXRhc10KQ2FuamVhc3RlIDEwMCBsYXRhcyBkZSBnYXRvIE1hbGFuZ2RvIHBvciAzMDAgTW9uZWRhcyBkZSBjbGFzZSBFIMKhQ29tcHJ1w6liYWxvIQ==
FwqfAQ,,W0NhbiBBZ2VuY3kgR3VhcmRdCkV4Y2hhbmdlZCB7fSBvZiBNYWxhbmdkbyBDYXQgQ2FucyBmb3Ige30gRS1Db2lucy4gQ2hlY2sgaXQgb3V0Lg==,,,,,W0d1YXJkYSBkYSBBZ8OqbmNpYSBkZSBMYXRhc10KVHJvY291IHt9IGRlIGxhdGFzIGRlIGdhdG8gZGUgTWFsYW5nZG8gcG9yIHt9IEUtQ29pbnMuIETDqiB1bWEgb2xoYWRhLg==,,W0d1YXJkaWEgZGUgbGEgYWdlbmNpYSBkZSBsYXRhc10KQ2FuamVhc3RlIHt9IGxhdGFzIHBhcmEgZ2F0b3MgZGUgTWFsYW5nZG8gcG9yIHt9IE1vbmVkYXMgZGUgY2xhc2UgRSDCoUNvbXBydcOpYmFsbyE=
