AHS3AQ,,TWVyY2VuYXJ5IEd1aWxkIE1hbmFnZXI=,,,,,R2VyZW50ZSBkYSBHdWlsZGEgTWVyY2Vuw6FyaWE=,,TWVyY2VuYXJ5IEd1aWxkIE1hbmFnZXI=
AXS3AQ,,W01lcmNlbmFyeSBNYW5hZ2VyXQpXZWxjb21lIHRvIHRoZQpTcGVhciBNZXJjZW5hcnkgR3VpbGQuCldoYXQgY2FuIEkgZG8gZm9yIHlvdT8=,,,,,W0dlcmVudGUgZGUgTWVyY2Vuw6FyaW9zXQpCZW0tdmluZG8gw6AKR3VpbGRhIGRvcyBNZXJjZW7DoXJpb3MgZGEgTGFuw6dhLgpPIHF1ZSBwb3NzbyBmYXplciBwb3Igdm9jw6o/,,W0FkbWluLiBkZSBtZXJjZW5hcmlvc10KVGUgZGFtb3MgbGEgYmllbnZlbmlkYSBhbApHcmVtaW8gZGUgbWVyY2VuYXJpb3MgbGFuY2Vyb3MuCsK/RW4gcXXDqSB0ZSBwdWVkbyBheXVkYXI/
AnS3AQ,,SGlyZSBNZXJjZW5hcnk=,,,,,Q29udHJhdGFyIG1lcmNlbsOhcmlvcw==,,Q29udHJhdGFyIG1lcmNlbmFyaW9zLg==
A3S3AQ,,TWVyY2VuYXJ5IEluZm8=,,,,,SW5mb3JtYcOnw7VlcyBzb2JyZSBtZXJjZW7DoXJpb3M=,,SW5mb3JtYWNpw7NuIHNvYnJlIG1lcmNlbmFyaW9zLg==
BHS3AQ,,Tm90aGluZw==,,,,,TmFkYQ==,,TmFkYS4=
BXS3AQ,,MTB0aCBHcmFkZSBNZXJjZW5hcmllcw==,,,,,TWVyY2Vuw6FyaW9zIGRhIDEwwqogc8Opcmll,,TWVyY2VuYXJpb3MgZGUgZ3JhZG8gMTAu
BnS3AQ,,W01lcmNlbmFyeSBNYW5hZ2VyXQpZb3Ugd2FudCB0byBoaXJlIGEKU3BlYXIgTWVyY2VuYXJ5PwpXaGljaCBHcmFkZSB3ZXJlIHlvdQppbnRlcmVzdGVkIGluIGhpcmluZz8=,,,,,W0dlcmVudGUgTWVyY2Vuw6FyaW9dClZvY8OqIHF1ZXIgY29udHJhdGFyIHVtCk1lcmNlbsOhcmlvIGRlIGxhbsOnYT8KUXVhbCBHcmFkZSB2b2PDqiBlc3RhdmEKaW50ZXJlc3NhZG8gZW0gY29udHJhdGFyPw==,,W0FkbWluLiBkZSBtZXJjZW5hcmlvc10Kwr9RdWllcmVzIGNvbnRyYXRhciB1bgptZXJjZW5hcmlvIGxhbmNlcm8/CsK/UXXDqSBncmFkbyB0ZSBndXN0YXLDrWEKY29udHJhdGFyPw==
B3S3AQ,,MXN0IEdyYWRl,,,,,McKqIHPDqXJpZQ==,,R3JhZG8gMQ==
CHS3AQ,,Mm5kIEdyYWRl,,,,,MsKqIHPDqXJpZQ==,,R3JhZG8gMg==
CXS3AQ,,M3JkIEdyYWRl,,,,,M8KqIHPDqXJpZQ==,,R3JhZG8gMw==
CnS3AQ,,NHRoIEdyYWRl,,,,,NMKqIHPDqXJpZQ==,,R3JhZG8gNA==
C3S3AQ,,NXRoIEdyYWRl,,,,,NcKqIHPDqXJpZQ==,,R3JhZG8gNQ==
DHS3AQ,,NnRoIEdyYWRl,,,,,NsKqIHPDqXJpZQ==,,R3JhZG8gNg==
DXS3AQ,,N3RoIEdyYWRl,,,,,N8KqIHPDqXJpZQ==,,R3JhZG8gNw==
DnS3AQ,,OHRoIEdyYWRl,,,,,OMKqIHPDqXJpZQ==,,R3JhZG8gOA==
D3S3AQ,,OXRoIEdyYWRl,,,,,OcKqIHPDqXJpZQ==,,R3JhZG8gOQ==
EHS3AQ,,W01lcmNlbmFyeSBNYW5hZ2VyXQpTbyB5b3Ugd2FudCB0byBoaXJlIGEgMXN0CkdyYWRlIFNwZWFyIE1lcmNlbmFyeT8KWW91IG5lZWQgdG8gaGF2ZSBhdHRhaW5lZApCYXNlIExldmVsIDE1IG9yIGhpZ2hlciwgYW5kCm11c3QgcGF5IHRoZSA3LDAwMCB6ZW55IGZlZS4=,,,,,W0dlcmVudGUgZGUgTWVyY2Vuw6FyaW9zXQpFbnTDo28gdm9jw6ogcXVlciBjb250cmF0YXIgdW0gTWVyY2Vuw6FyaW8gZGUgTGFuw6dhIGRlIDFvLgpHcmFkZSBTcGVhciBNZXJjZW5hcnk/ClZvY8OqIHByZWNpc2EgdGVyIGF0aW5naWRvIG8KTsOtdmVsIGLDoXNpY28gMTUgb3Ugc3VwZXJpb3IgZQpkZXZlIHBhZ2FyIGEgdGF4YSBkZSA3LjAwMCB6ZW55Lg==,,W0FkbWluLiBkZSBtZXJjZW5hcmlvc10Kwr9RdWllcmVzIGNvbnRyYXRhciBhIHVuIG1lcmNlbmFyaW8gZGUgZ3JhZG8gMQpxdWUgc2VhIGxhbmNlcm8/CkRlYmVzIGhhYmVyIGFsY2FuemFkbwp1biBuaXZlbCBkZSBiYXNlIDE1IG8gc3VwZXJpb3IsIHkKZGViZXMgcGFnYXIgbGEgdGFyaWZhIGRlIDcwMDAgemVueS4=
EXS3AQ,,WWVz,,,,,U2lt,,U8OtLg==
EnS3AQ,,Tm8=,,,,,TsOjbw==,,Tm8u
E3S3AQ,,W01lcmNlbmFyeSBNYW5hZ2VyXQpJJ20gc29ycnksIGJ1dCB5b3VyIEJhc2UKTGV2ZWwgaXNuJ3QgaGlnaCBlbm91Z2gKdG8gaGlyZSB0aGlzIE1lcmNlbmFyeS4KUGxlYXNlIGNvbWUgYmFjayB0byBtZQpvbmNlIHlvdSByZWFjaCBCYXNlIExldmVsIDE1Lg==,,,,,W0dlcmVudGUgZGUgTWVyY2Vuw6FyaW9zXS4KU2ludG8gbXVpdG8sIG1hcyBzZXUgQmFzZQpMZXZlbCBuw6NvIMOpIGFsdG8gbyBzdWZpY2llbnRlCnBhcmEgY29udHJhdGFyIGVzc2UgTWVyY2Vuw6FyaW8uClBvciBmYXZvciwgdm9sdGUgcGFyYSBtaW0KcXVhbmRvIHZvY8OqIGF0aW5naXIgbyBOw612ZWwgZGUgQmFzZSAxNS4=,,W0FkbWluLiBkZSBtZXJjZW5hcmlvc10KTG8gc2llbnRvLCBwZXJvIHR1IG5pdmVsCmRlIGJhc2Ugbm8gZXMgbG8gc3VmaWNpZW50ZW1lbnRlIGFsdG8KcGFyYSBjb250cmF0YXIgYSBlc3RlIG1lcmNlbmFyaW8uClJlZ3Jlc2EgY3VhbmRvIGhheWFzIGFsY2FuemFkbwp1biBuaXZlbCBkZSBiYXNlIDE1Lg==
FHS3AQ,,W01lcmNlbmFyeSBNYW5hZ2VyXQpJJ20gc29ycnksIGJ1dCB5b3UKZG9uJ3QgaGF2ZSBlbm91Z2ggemVueQp0byBoaXJlIHRoaXMgTWVyY2VuYXJ5LgpUaGUgaGlyaW5nIGZlZSBpcyA3LDAwMCB6ZW55Lg==,,,,,W0dlcmVudGUgTWVyY2Vuw6FyaW9dLgpTaW50byBtdWl0bywgbWFzIHZvY8OqCm7Do28gdGVtIHplbnkgc3VmaWNpZW50ZQpwYXJhIGNvbnRyYXRhciBlc3NlIE1lcmNlbsOhcmlvLgpBIHRheGEgZGUgY29udHJhdGHDp8OjbyDDqSBkZSA3LjAwMCB6ZW55Lg==,,W0FkbWluLiBkZSBtZXJjZW5hcmlvc10KTG8gc2llbnRvLCBwZXJvCm5vIHRpZW5lcyBzdWZpY2llbnRlIHplbnkuCnBhcmEgY29udHJhdGFyIGEgZXN0ZSBtZXJjZW5hcmlvLgpMYSB0YXJpZmEgcGFyYSBjb250cmF0YXIgZXMgZGUgNzAwMCB6ZW55Lg==
FXS3AQ,,W01lcmNlbmFyeSBNYW5hZ2VyXQpHcmVhdCEgT3VyIE1lcmNlbmFyaWVzCmFyZSBzaW5jZXJlIGFuZCBkZXZvdGVkCnRvIHByb3RlY3RpbmcgdGhlaXIgY2xpZW50cy4KU3VtbW9uZWQgTWVyY2VuYXJpZXMgd2lsbApvZmZlciB0aGVpciBzdXBwb3J0IHRvIHlvdSBmb3IKMzAgbWludXRlcy4gVGFrZSBjYXJlIG5vdy4=,,,,,W0dlcmVudGUgZGUgTWVyY2Vuw6FyaW9zXS4Kw5N0aW1vISBOb3Nzb3MgbWVyY2Vuw6FyaW9zCnPDo28gc2luY2Vyb3MgZSBkZWRpY2Fkb3MKYSBwcm90ZWdlciBzZXVzIGNsaWVudGVzLgpPcyBNZXJjZW7DoXJpb3MgY29udm9jYWRvcwpvZmVyZWNlcsOjbyBzZXUgYXBvaW8gYSB2b2PDqiBwb3IKMzAgbWludXRvcy4gVG9tZSBjdWlkYWRvIGFnb3JhLg==,,W0FkbWluLiBkZSBtZXJjZW5hcmlvc10KwqFHZW5pYWwhIE51ZXN0cm9zIG1lcmNlbmFyaW9zCnNvbiBzaW5jZXJvcyB5IGRldm90b3MKYSBsYSBwcm90ZWNjacOzbiBkZSBzdXMgY2xpZW50ZXMuCkxvcyBtZXJjZW5hcmlvcyBpbnZvY2Fkb3MKdGUgb2ZyZWNlcsOhbiBzdSBhcG95byBkdXJhbnRlCjMwIG1pbnV0b3MuIEN1w61kYXRlLg==
FnS3AQ,,W01lcmNlbmFyeSBNYW5hZ2VyXQpPaCwgcmVhbGx5PyBXZWxsLCBub3cKbWlnaHQgbm90IGJlIGEgZ29vZCB0aW1lCmZvciB5b3UgdG8gY29uc2lkZXIgaGlyaW5nCmEgTWVyY2VuYXJ5LCBidXQgcGxlYXNlIGZlZWwKZnJlZSB0byBjb21lIGJhY2sgaWYgeW91cgpuZWVkcyBjaGFuZ2UuIFRoYW5rIHlvdX4=,,,,,W0dlcmVudGUgTWVyY2Vuw6FyaW9dLgpBaCwgw6kgbWVzbW8/IEJlbSwgYWdvcmEKdGFsdmV6IG7Do28gc2VqYSB1bSBib20gbW9tZW50bwpwYXJhIHZvY8OqIHBlbnNhciBlbSBjb250cmF0YXIKdW0gTWVyY2Vuw6FyaW8sIG1hcyBzaW50YS1zZSDDoCB2b250YWRlIHBhcmEKc2ludGEtc2Ugw6Agdm9udGFkZSBwYXJhIHZvbHRhciBzZSBzdWFzCm5lY2Vzc2lkYWRlcyBtdWRhcmVtLiBPYnJpZ2Fkb34=,,W0FkbWluLiBkZSBtZXJjZW5hcmlvc10KQWgsIMK/ZGUgdmVyZGFkPyBCdWVubywgcHVlZGUKcXVlIGVzdGUgbm8gc2VhIHVuIGJ1ZW4gbW9tZW50bwpwYXJhIHF1ZSBjb250cmF0ZXMKdW4gbWVyY2VuYXJpbywgcGVybwpubyBkdWRlcyBlbiByZWdyZXNhcgpzaSB0dXMgbmVjZXNpZGFkZXMgY2FtYmlhbi4gR3JhY2lhcy4=
F3S3AQ,,W01lcmNlbmFyeSBNYW5hZ2VyXQpTbyB5b3Ugd2FudCB0byBoaXJlIGEgMm5kCkdyYWRlIFNwZWFyIE1lcmNlbmFyeT8KWW91IG5lZWQgdG8gaGF2ZSBhdHRhaW5lZApCYXNlIExldmVsIDI1IG9yIGhpZ2hlciwgYW5kCm11c3QgcGF5IHRoZSAxNCwwMDAgemVueSBmZWUu,,,,,W0dlcmVudGUgZGUgTWVyY2Vuw6FyaW9zXQpFbnTDo28gdm9jw6ogcXVlciBjb250cmF0YXIgdW0gTWVyY2Vuw6FyaW8gZGUgTGFuw6dhIGRlIDJvCkdyYWRlIFNwZWFyIE1lcmNlbmFyeT8KVm9jw6ogcHJlY2lzYSB0ZXIgYXRpbmdpZG8gbwpOw612ZWwgYsOhc2ljbyAyNSBvdSBzdXBlcmlvciBlCmRldmUgcGFnYXIgYSB0YXhhIGRlIDE0LjAwMCB6ZW55Lg==,,W0FkbWluLiBkZSBtZXJjZW5hcmlvc10Kwr9RdWllcmVzIGNvbnRyYXRhciBhIHVuIG1lcmNlbmFyaW8gZGUgZ3JhZG8gMgpxdWUgc2VhIGxhbmNlcm8/CkRlYmVzIGhhYmVyIGFsY2FuemFkbwp1biBuaXZlbCBkZSBiYXNlIDI1IG8gc3VwZXJpb3IsIHkKZGViZXMgcGFnYXIgbGEgdGFyaWZhIGRlIDE0MDAwIHplbnku
GHS3AQ,,W01lcmNlbmFyeSBNYW5hZ2VyXQpJJ20gc29ycnksIGJ1dCB5b3VyIEJhc2UKTGV2ZWwgaXNuJ3QgaGlnaCBlbm91Z2gKdG8gaGlyZSB0aGlzIE1lcmNlbmFyeS4KUGxlYXNlIGNvbWUgYmFjayB0byBtZQpvbmNlIHlvdSByZWFjaCBCYXNlIExldmVsIDI1Lg==,,,,,W0dlcmVudGUgZGUgTWVyY2Vuw6FyaW9zXS4KU2ludG8gbXVpdG8sIG1hcyBzZXUgQmFzZQpMZXZlbCBuw6NvIMOpIGFsdG8gbyBzdWZpY2llbnRlCnBhcmEgY29udHJhdGFyIGVzc2UgTWVyY2Vuw6FyaW8uClBvciBmYXZvciwgdm9sdGUgcGFyYSBtaW0KcXVhbmRvIHZvY8OqIGF0aW5naXIgbyBuw612ZWwgZGUgYmFzZSAyNS4=,,W0FkbWluLiBkZSBtZXJjZW5hcmlvc10KTG8gc2llbnRvLCBwZXJvIHR1IG5pdmVsCmRlIGJhc2Ugbm8gZXMgbG8gc3VmaWNpZW50ZW1lbnRlIGFsdG8KcGFyYSBjb250cmF0YXIgYSBlc3RlIG1lcmNlbmFyaW8uClJlZ3Jlc2EgY3VhbmRvIGhheWFzIGFsY2FuemFkbwp1biBuaXZlbCBkZSBiYXNlIDI1Lg==
GXS3AQ,,W01lcmNlbmFyeSBNYW5hZ2VyXQpJJ20gc29ycnksIGJ1dCB5b3UKZG9uJ3QgaGF2ZSBlbm91Z2ggemVueQp0byBoaXJlIHRoaXMgTWVyY2VuYXJ5LgpUaGUgaGlyaW5nIGZlZSBpcyAxNCwwMDAgemVueS4=,,,,,W0dlcmVudGUgTWVyY2Vuw6FyaW9dLgpTaW50byBtdWl0bywgbWFzIHZvY8OqCm7Do28gdGVtIHplbnkgc3VmaWNpZW50ZQpwYXJhIGNvbnRyYXRhciBlc3NlIE1lcmNlbsOhcmlvLgpBIHRheGEgZGUgY29udHJhdGHDp8OjbyDDqSBkZSAxNC4wMDAgemVueS4=,,W0FkbWluLiBkZSBtZXJjZW5hcmlvc10KTG8gc2llbnRvLCBwZXJvCm5vIHRpZW5lcyBzdWZpY2llbnRlIHplbnkuCnBhcmEgY29udHJhdGFyIGEgZXN0ZSBtZXJjZW5hcmlvLgpMYSB0YXJpZmEgcGFyYSBjb250cmF0YXIgZXMgZGUgMTQwMDAgemVueS4=
GnS3AQ,,W01lcmNlbmFyeSBNYW5hZ2VyXQpTbyB5b3Ugd2FudCB0byBoaXJlIGEgM3JkCkdyYWRlIFNwZWFyIE1lcmNlbmFyeT8KWW91IG5lZWQgdG8gaGF2ZSBhdHRhaW5lZApCYXNlIExldmVsIDM1IG9yIGhpZ2hlciwgYW5kCm11c3QgcGF5IHRoZSAyMSwwMDAgemVueSBmZWUu,,,,,W0dlcmVudGUgZGUgTWVyY2Vuw6FyaW9zXQpFbnTDo28gdm9jw6ogcXVlciBjb250cmF0YXIgdW0gTWVyY2Vuw6FyaW8gZGUgTGFuw6dhIGRlIDNvCkdyYWRlIFNwZWFyIE1lcmNlbmFyeT8KVm9jw6ogcHJlY2lzYSB0ZXIgYXRpbmdpZG8gbwpOw612ZWwgYsOhc2ljbyAzNSBvdSBzdXBlcmlvciwgZQpkZXZlIHBhZ2FyIGEgdGF4YSBkZSAyMS4wMDAgemVueS4=,,W0FkbWluLiBkZSBtZXJjZW5hcmlvc10Kwr9RdWllcmVzIGNvbnRyYXRhciBhIHVuIG1lcmNlbmFyaW8gZGUgZ3JhZG8gMwpxdWUgc2VhIGxhbmNlcm8/CkRlYmVzIGhhYmVyIGFsY2FuemFkbwp1biBuaXZlbCBkZSBiYXNlIDM1IG8gc3VwZXJpb3IsIHkKZGViZXMgcGFnYXIgbGEgdGFyaWZhIGRlIDIxMDAwIHplbnku
G3S3AQ,,W01lcmNlbmFyeSBNYW5hZ2VyXQpJJ20gc29ycnksIGJ1dCB5b3VyIEJhc2UKTGV2ZWwgaXNuJ3QgaGlnaCBlbm91Z2gKdG8gaGlyZSB0aGlzIE1lcmNlbmFyeS4KUGxlYXNlIGNvbWUgYmFjayB0byBtZQpvbmNlIHlvdSByZWFjaCBCYXNlIExldmVsIDM1,,,,,W0dlcmVudGUgZGUgTWVyY2Vuw6FyaW9zXS4KU2ludG8gbXVpdG8sIG1hcyBzZXUgQmFzZQpMZXZlbCBuw6NvIMOpIGFsdG8gbyBzdWZpY2llbnRlCnBhcmEgY29udHJhdGFyIGVzc2UgTWVyY2Vuw6FyaW8uClBvciBmYXZvciwgdm9sdGUgcGFyYSBtaW0KcXVhbmRvIHZvY8OqIGF0aW5naXIgbyBuw612ZWwgZGUgYmFzZSAzNQ==,,W0FkbWluLiBkZSBtZXJjZW5hcmlvc10KTG8gc2llbnRvLCBwZXJvIHR1IG5pdmVsCmRlIGJhc2Ugbm8gZXMgbG8gc3VmaWNpZW50ZW1lbnRlIGFsdG8KcGFyYSBjb250cmF0YXIgYSBlc3RlIG1lcmNlbmFyaW8uClJlZ3Jlc2EgY3VhbmRvIGhheWFzIGFsY2FuemFkbwp1biBuaXZlbCBkZSBiYXNlIDM1Lg==
HHS3AQ,,W01lcmNlbmFyeSBNYW5hZ2VyXQpJJ20gc29ycnksIGJ1dCB5b3UKZG9uJ3QgaGF2ZSBlbm91Z2ggemVueQp0byBoaXJlIHRoaXMgTWVyY2VuYXJ5LgpUaGUgaGlyaW5nIGZlZSBpcyAyMSwwMDAgemVueS4=,,,,,W0dlcmVudGUgTWVyY2Vuw6FyaW9dLgpTaW50byBtdWl0bywgbWFzIHZvY8OqCm7Do28gdGVtIHplbnkgc3VmaWNpZW50ZQpwYXJhIGNvbnRyYXRhciBlc3NlIE1lcmNlbsOhcmlvLgpBIHRheGEgZGUgY29udHJhdGHDp8OjbyDDqSBkZSAyMS4wMDAgemVueS4=,,W0FkbWluLiBkZSBtZXJjZW5hcmlvc10KTG8gc2llbnRvLCBwZXJvCm5vIHRpZW5lcyBzdWZpY2llbnRlIHplbnkuCnBhcmEgY29udHJhdGFyIGEgZXN0ZSBtZXJjZW5hcmlvLgpMYSB0YXJpZmEgcGFyYSBjb250cmF0YXIgZXMgZGUgMjEwMDAgemVueS4=
HXS3AQ,,W01lcmNlbmFyeSBNYW5hZ2VyXQpTbyB5b3Ugd2FudCB0byBoaXJlIGEgNHRoCkdyYWRlIFNwZWFyIE1lcmNlbmFyeT8KWW91IG5lZWQgdG8gaGF2ZSBhdHRhaW5lZApCYXNlIExldmVsIDQ1IG9yIGhpZ2hlciwgYW5kCm11c3QgcGF5IHRoZSAyOCwwMDAgemVueSBmZWUu,,,,,W0dlcmVudGUgZGUgTWVyY2Vuw6FyaW9zXQpFbnTDo28gdm9jw6ogcXVlciBjb250cmF0YXIgdW0gTWVyY2Vuw6FyaW8gZGUgTGFuw6dhIGRlIDTCui4KR3JhZGUgU3BlYXIgTWVyY2VuYXJ5PwpWb2PDqiBwcmVjaXNhIHRlciBhdGluZ2lkbyBvCk7DrXZlbCBiw6FzaWNvIDQ1IG91IHN1cGVyaW9yLCBlCmRldmUgcGFnYXIgYSB0YXhhIGRlIDI4LjAwMCB6ZW55Lg==,,W0FkbWluLiBkZSBtZXJjZW5hcmlvc10Kwr9RdWllcmVzIGNvbnRyYXRhciBhIHVuIG1lcmNlbmFyaW8gZGUgZ3JhZG8gNApxdWUgc2VhIGxhbmNlcm8/CkRlYmVzIGhhYmVyIGFsY2FuemFkbwp1biBuaXZlbCBkZSBiYXNlIDQ1IG8gc3VwZXJpb3IsIHkKZGViZXMgcGFnYXIgbGEgdGFyaWZhIGRlIDI4MDAwIHplbnku
HnS3AQ,,W01lcmNlbmFyeSBNYW5hZ2VyXQpJJ20gc29ycnksIGJ1dCB5b3VyIEJhc2UKTGV2ZWwgaXNuJ3QgaGlnaCBlbm91Z2gKdG8gaGlyZSB0aGlzIE1lcmNlbmFyeS4KUGxlYXNlIGNvbWUgYmFjayB0byBtZQpvbmNlIHlvdSByZWFjaCBCYXNlIExldmVsIDQ1Lg==,,,,,W0dlcmVudGUgZGUgTWVyY2Vuw6FyaW9zXS4KU2ludG8gbXVpdG8sIG1hcyBzZXUgQmFzZQpMZXZlbCBuw6NvIMOpIGFsdG8gbyBzdWZpY2llbnRlCnBhcmEgY29udHJhdGFyIGVzc2UgTWVyY2Vuw6FyaW8uClBvciBmYXZvciwgdm9sdGUgcGFyYSBtaW0KcXVhbmRvIHZvY8OqIGF0aW5naXIgbyBuw612ZWwgZGUgYmFzZSA0NS4=,,W0FkbWluLiBkZSBtZXJjZW5hcmlvc10KTG8gc2llbnRvLCBwZXJvIHR1IG5pdmVsCmRlIGJhc2Ugbm8gZXMgbG8gc3VmaWNpZW50ZW1lbnRlIGFsdG8KcGFyYSBjb250cmF0YXIgYSBlc3RlIG1lcmNlbmFyaW8uClJlZ3Jlc2EgY3VhbmRvIGhheWFzIGFsY2FuemFkbwp1biBuaXZlbCBkZSBiYXNlIDQ1Lg==
H3S3AQ,,W01lcmNlbmFyeSBNYW5hZ2VyXQpJJ20gc29ycnksIGJ1dCB5b3UKZG9uJ3QgaGF2ZSBlbm91Z2ggemVueQp0byBoaXJlIHRoaXMgTWVyY2VuYXJ5LgpUaGUgaGlyaW5nIGZlZSBpcyAyOCwwMDAgemVueS4=,,,,,W0dlcmVudGUgTWVyY2Vuw6FyaW9dLgpTaW50byBtdWl0bywgbWFzIHZvY8OqCm7Do28gdGVtIHplbnkgc3VmaWNpZW50ZQpwYXJhIGNvbnRyYXRhciBlc3NlIE1lcmNlbsOhcmlvLgpBIHRheGEgZGUgY29udHJhdGHDp8OjbyDDqSBkZSAyOC4wMDAgemVueS4=,,W0FkbWluLiBkZSBtZXJjZW5hcmlvc10KTG8gc2llbnRvLCBwZXJvCm5vIHRpZW5lcyBzdWZpY2llbnRlIHplbnkuCnBhcmEgY29udHJhdGFyIGEgZXN0ZSBtZXJjZW5hcmlvLgpMYSB0YXJpZmEgcGFyYSBjb250cmF0YXIgZXMgZGUgMjgwMDAgemVueS4=
IHS3AQ,,W01lcmNlbmFyeSBNYW5hZ2VyXQpTbyB5b3Ugd2FudCB0byBoaXJlIGEgNXRoCkdyYWRlIFNwZWFyIE1lcmNlbmFyeT8KWW91IG5lZWQgdG8gaGF2ZSBhdHRhaW5lZApCYXNlIExldmVsIDU1IG9yIGhpZ2hlciwgYW5kCm11c3QgcGF5IHRoZSAzNSwwMDAgemVueSBmZWUu,,,,,W0dlcmVudGUgZGUgTWVyY2Vuw6FyaW9zXQpFbnTDo28gdm9jw6ogcXVlciBjb250cmF0YXIgdW0gTWVyY2Vuw6FyaW8gZGUgTGFuw6dhIGRlIDVvCkdyYWRlIFNwZWFyIE1lcmNlbmFyeT8KVm9jw6ogcHJlY2lzYSB0ZXIgYXRpbmdpZG8gbwpOw612ZWwgYsOhc2ljbyA1NSBvdSBzdXBlcmlvciwgZQpkZXZlIHBhZ2FyIGEgdGF4YSBkZSAzNS4wMDAgemVueS4=,,W0FkbWluLiBkZSBtZXJjZW5hcmlvc10Kwr9RdWllcmVzIGNvbnRyYXRhciBhIHVuIG1lcmNlbmFyaW8gZGUgZ3JhZG8gNQpxdWUgc2VhIGxhbmNlcm8/CkRlYmVzIGhhYmVyIGFsY2FuemFkbwp1biBuaXZlbCBkZSBiYXNlIDU1IG8gc3VwZXJpb3IsIHkKZGViZXMgcGFnYXIgbGEgdGFyaWZhIGRlIDM1MDAwIHplbnku
IXS3AQ,,W01lcmNlbmFyeSBNYW5hZ2VyXQpJJ20gc29ycnksIGJ1dCB5b3VyIEJhc2UKTGV2ZWwgaXNuJ3QgaGlnaCBlbm91Z2gKdG8gaGlyZSB0aGlzIE1lcmNlbmFyeS4KUGxlYXNlIGNvbWUgYmFjayB0byBtZQpvbmNlIHlvdSByZWFjaCBCYXNlIExldmVsIDU1Lg==,,,,,W0dlcmVudGUgZGUgTWVyY2Vuw6FyaW9zXS4KU2ludG8gbXVpdG8sIG1hcyBzZXUgQmFzZQpMZXZlbCBuw6NvIMOpIGFsdG8gbyBzdWZpY2llbnRlCnBhcmEgY29udHJhdGFyIGVzc2UgTWVyY2Vuw6FyaW8uClBvciBmYXZvciwgdm9sdGUgcGFyYSBtaW0KcXVhbmRvIHZvY8OqIGF0aW5naXIgbyBOw612ZWwgZGUgQmFzZSA1NS4=,,W0FkbWluLiBkZSBtZXJjZW5hcmlvc10KTG8gc2llbnRvLCBwZXJvIHR1IG5pdmVsCmRlIGJhc2Ugbm8gZXMgbG8gc3VmaWNpZW50ZW1lbnRlIGFsdG8KcGFyYSBjb250cmF0YXIgYSBlc3RlIG1lcmNlbmFyaW8uClJlZ3Jlc2EgY3VhbmRvIGhheWFzIGFsY2FuemFkbwp1biBuaXZlbCBkZSBiYXNlIDU1Lg==
InS3AQ,,W01lcmNlbmFyeSBNYW5hZ2VyXQpJJ20gc29ycnksIGJ1dCB5b3UKZG9uJ3QgaGF2ZSBlbm91Z2ggemVueQp0byBoaXJlIHRoaXMgTWVyY2VuYXJ5LgpUaGUgaGlyaW5nIGZlZSBpcyAzNSwwMDAgemVueS4=,,,,,W0dlcmVudGUgTWVyY2Vuw6FyaW9dLgpTaW50byBtdWl0bywgbWFzIHZvY8OqCm7Do28gdGVtIHplbnkgc3VmaWNpZW50ZQpwYXJhIGNvbnRyYXRhciBlc3NlIE1lcmNlbsOhcmlvLgpBIHRheGEgZGUgY29udHJhdGHDp8OjbyDDqSBkZSAzNS4wMDAgemVueS4=,,W0FkbWluLiBkZSBtZXJjZW5hcmlvc10KTG8gc2llbnRvLCBwZXJvCm5vIHRpZW5lcyBzdWZpY2llbnRlIHplbnkuCnBhcmEgY29udHJhdGFyIGEgZXN0ZSBtZXJjZW5hcmlvLgpMYSB0YXJpZmEgcGFyYSBjb250cmF0YXIgZXMgZGUgMzUwMDAgemVueS4=
I3S3AQ,,W01lcmNlbmFyeSBNYW5hZ2VyXQpTbyB5b3Ugd2FudCB0byBoaXJlIGEgNnRoCkdyYWRlIFNwZWFyIE1lcmNlbmFyeT8KWW91IG5lZWQgdG8gaGF2ZSBhdHRhaW5lZApCYXNlIExldmVsIDY1IG9yIGhpZ2hlciwgYW5kCm11c3QgcGF5IHRoZSA0MiwwMDAgemVueSBmZWUu,,,,,W0dlcmVudGUgZGUgTWVyY2Vuw6FyaW9zXQpFbnTDo28gdm9jw6ogcXVlciBjb250cmF0YXIgdW0gTWVyY2Vuw6FyaW8gZGUgTGFuw6dhIGRlIDbCui4KR3JhZGUgU3BlYXIgTWVyY2VuYXJ5PwpWb2PDqiBwcmVjaXNhIHRlciBhdGluZ2lkbyBvCk7DrXZlbCBiw6FzaWNvIDY1IG91IHN1cGVyaW9yIGUKZGV2ZSBwYWdhciBhIHRheGEgZGUgNDIuMDAwIHplbnku,,W0FkbWluLiBkZSBtZXJjZW5hcmlvc10Kwr9RdWllcmVzIGNvbnRyYXRhciBhIHVuIG1lcmNlbmFyaW8gZGUgZ3JhZG8gNgpxdWUgc2VhIGxhbmNlcm8/CkRlYmVzIGhhYmVyIGFsY2FuemFkbwp1biBuaXZlbCBkZSBiYXNlIDY1IG8gc3VwZXJpb3IsIHkKZGViZXMgcGFnYXIgbGEgdGFyaWZhIGRlIDQyMDAwIHplbnku
JHS3AQ,,W01lcmNlbmFyeSBNYW5hZ2VyXQpJJ20gc29ycnksIGJ1dCB5b3VyIEJhc2UKTGV2ZWwgaXNuJ3QgaGlnaCBlbm91Z2gKdG8gaGlyZSB0aGlzIE1lcmNlbmFyeS4KUGxlYXNlIGNvbWUgYmFjayB0byBtZQpvbmNlIHlvdSByZWFjaCBCYXNlIExldmVsIDY1Lg==,,,,,W0dlcmVudGUgZGUgTWVyY2Vuw6FyaW9zXS4KU2ludG8gbXVpdG8sIG1hcyBzZXUgQmFzZQpMZXZlbCBuw6NvIMOpIGFsdG8gbyBzdWZpY2llbnRlCnBhcmEgY29udHJhdGFyIGVzc2UgTWVyY2Vuw6FyaW8uClBvciBmYXZvciwgdm9sdGUgcGFyYSBtaW0KcXVhbmRvIHZvY8OqIGF0aW5naXIgbyBOw612ZWwgQsOhc2ljbyA2NS4=,,W0FkbWluLiBkZSBtZXJjZW5hcmlvc10KTG8gc2llbnRvLCBwZXJvIHR1IG5pdmVsCmRlIGJhc2Ugbm8gZXMgbG8gc3VmaWNpZW50ZW1lbnRlIGFsdG8KcGFyYSBjb250cmF0YXIgYSBlc3RlIG1lcmNlbmFyaW8uClJlZ3Jlc2EgY3VhbmRvIGhheWFzIGFsY2FuemFkbwp1biBuaXZlbCBkZSBiYXNlIDY1Lg==
JXS3AQ,,W01lcmNlbmFyeSBNYW5hZ2VyXQpJJ20gc29ycnksIGJ1dCB5b3UKZG9uJ3QgaGF2ZSBlbm91Z2ggemVueQp0byBoaXJlIHRoaXMgTWVyY2VuYXJ5LgpUaGUgaGlyaW5nIGZlZSBpcyA0MiwwMDAgemVueS4=,,,,,W0dlcmVudGUgTWVyY2Vuw6FyaW9dLgpTaW50byBtdWl0bywgbWFzIHZvY8OqCm7Do28gdGVtIHplbnkgc3VmaWNpZW50ZQpwYXJhIGNvbnRyYXRhciBlc3NlIE1lcmNlbsOhcmlvLgpBIHRheGEgZGUgY29udHJhdGHDp8OjbyDDqSBkZSA0Mi4wMDAgemVueS4=,,W0FkbWluLiBkZSBtZXJjZW5hcmlvc10KTG8gc2llbnRvLCBwZXJvCm5vIHRpZW5lcyBzdWZpY2llbnRlIHplbnkuCnBhcmEgY29udHJhdGFyIGEgZXN0ZSBtZXJjZW5hcmlvLgpMYSB0YXJpZmEgcGFyYSBjb250cmF0YXIgZXMgZGUgNDIwMDAgemVueS4=
JnS3AQ,,W01lcmNlbmFyeSBNYW5hZ2VyXQpTbyB5b3Ugd2FudCB0byBoaXJlIGEgN3RoCkdyYWRlIFNwZWFyIE1lcmNlbmFyeT8KWW91IG5lZWQgdG8gaGF2ZSBhdHRhaW5lZApCYXNlIExldmVsIDc1IG9yIGhpZ2hlciwgYW5kCm11c3QgcGF5IHRoZSA0OSwwMDAgemVueSBmZWUu,,,,,W0dlcmVudGUgZGUgTWVyY2Vuw6FyaW9zXQpFbnTDo28gdm9jw6ogcXVlciBjb250cmF0YXIgdW0gTWVyY2Vuw6FyaW8gZGUgTGFuw6dhIGRlIDfCui4KR3JhZGUgU3BlYXIgTWVyY2VuYXJ5PwpWb2PDqiBwcmVjaXNhIHRlciBhdGluZ2lkbyBvCk7DrXZlbCBiw6FzaWNvIDc1IG91IHN1cGVyaW9yLCBlCmRldmUgcGFnYXIgYSB0YXhhIGRlIDQ5LjAwMCB6ZW55Lg==,,W0FkbWluLiBkZSBtZXJjZW5hcmlvc10Kwr9RdWllcmVzIGNvbnRyYXRhciBhIHVuIG1lcmNlbmFyaW8gZGUgZ3JhZG8gNwpxdWUgc2VhIGxhbmNlcm8/CkRlYmVzIGhhYmVyIGFsY2FuemFkbwp1biBuaXZlbCBkZSBiYXNlIDc1IG8gc3VwZXJpb3IsIHkKZGViZXMgcGFnYXIgbGEgdGFyaWZhIGRlIDQ5MDAwIHplbnku
J3S3AQ,,W01lcmNlbmFyeSBNYW5hZ2VyXQpPaC4uLiBZb3VyIExveWFsdHkgcmF0aW5nCndpdGggdGhlIFNwZWFyIE1lcmNlbmFyeQpHdWlsZCBpc24ndCBoaWdoIGVub3VnaCB0bwpoaXJlIHRoaXMgTWVyY2VuYXJ5LiBQbGVhc2UKY29tZSBiYWNrIGFmdGVyIHlvdSBlYXJuCjUwIG9yIG1vcmUgTG95YWx0eSB3aXRoIHVzLg==,,,,,W0dlcmVudGUgTWVyY2Vuw6FyaW9dLgpPaC4uLiBTdWEgY2xhc3NpZmljYcOnw6NvIGRlIGxlYWxkYWRlCmNvbSBhIFNwZWFyIE1lcmNlbmFyeQpuw6NvIMOpIGFsdGEgbyBzdWZpY2llbnRlIHBhcmEKY29udHJhdGFyIGVzc2UgTWVyY2Vuw6FyaW8uIFBvciBmYXZvcgp2b2x0ZSBkZXBvaXMgcXVlIHZvY8OqIGdhbmhhcgo1MCBvdSBtYWlzIGRlIGxlYWxkYWRlIGNvbm9zY28u,,W0FkbWluLiBkZSBtZXJjZW5hcmlvc10KT2jigKYgVHUgw61uZGljZSBkZSBMZWFsdGFkCmNvbiBlbCBHcmVtaW8gZGUgbWVyY2VuYXJpb3MgbGFuY2Vyb3MKbm8gZXMgbG8gc3VmaWNpZW50ZW1lbnRlIGFsdG8gcGFyYQpjb250cmF0YXIgYSBlc3RlIG1lcmNlbmFyaW8uIFBvciBmYXZvciwKcmVncmVzYSBkZXNwdcOpcyBkZSBvYnRlbmVyCjUwIHB1bnRvcyBkZSBMZWFsdGFkIG8gbcOhcyBjb24gbm9zb3Ryb3Mu
KHS3AQ,,W01lcmNlbmFyeSBNYW5hZ2VyXQpJJ20gc29ycnksIGJ1dCB5b3VyIEJhc2UKTGV2ZWwgaXNuJ3QgaGlnaCBlbm91Z2gKdG8gaGlyZSB0aGlzIE1lcmNlbmFyeS4KUGxlYXNlIGNvbWUgYmFjayB0byBtZQpvbmNlIHlvdSByZWFjaCBCYXNlIExldmVsIDc1Lg==,,,,,W0dlcmVudGUgZGUgTWVyY2Vuw6FyaW9zXS4KU2ludG8gbXVpdG8sIG1hcyBzZXUgQmFzZQpMZXZlbCBuw6NvIMOpIGFsdG8gbyBzdWZpY2llbnRlCnBhcmEgY29udHJhdGFyIGVzc2UgTWVyY2Vuw6FyaW8uClBvciBmYXZvciwgdm9sdGUgcGFyYSBtaW0KcXVhbmRvIHZvY8OqIGF0aW5naXIgbyBOw612ZWwgQsOhc2ljbyA3NS4=,,W0FkbWluLiBkZSBtZXJjZW5hcmlvc10KTG8gc2llbnRvLCBwZXJvIHR1IG5pdmVsCmRlIGJhc2Ugbm8gZXMgbG8gc3VmaWNpZW50ZW1lbnRlIGFsdG8KcGFyYSBjb250cmF0YXIgYSBlc3RlIG1lcmNlbmFyaW8uClJlZ3Jlc2EgY3VhbmRvIGhheWFzIGFsY2FuemFkbwp1biBuaXZlbCBkZSBiYXNlIDc1Lg==
KXS3AQ,,W01lcmNlbmFyeSBNYW5hZ2VyXQpJJ20gc29ycnksIGJ1dCB5b3UKZG9uJ3QgaGF2ZSBlbm91Z2ggemVueQp0byBoaXJlIHRoaXMgTWVyY2VuYXJ5LgpUaGUgaGlyaW5nIGZlZSBpcyA0OSwwMDAgemVueS4=,,,,,W0dlcmVudGUgTWVyY2Vuw6FyaW9dLgpTaW50byBtdWl0bywgbWFzIHZvY8OqCm7Do28gdGVtIHplbnkgc3VmaWNpZW50ZQpwYXJhIGNvbnRyYXRhciBlc3NlIE1lcmNlbsOhcmlvLgpBIHRheGEgZGUgY29udHJhdGHDp8OjbyDDqSBkZSA0OS4wMDAgemVueS4=,,W0FkbWluLiBkZSBtZXJjZW5hcmlvc10KTG8gc2llbnRvLCBwZXJvCm5vIHRpZW5lcyBzdWZpY2llbnRlIHplbnkuCnBhcmEgY29udHJhdGFyIGEgZXN0ZSBtZXJjZW5hcmlvLgpMYSB0YXJpZmEgcGFyYSBjb250cmF0YXIgZXMgZGUgNDkwMDAgemVueS4=
KnS3AQ,,W01lcmNlbmFyeSBNYW5hZ2VyXQpTbyB5b3Ugd2FudCB0byBoaXJlIGEgOHRoCkdyYWRlIFNwZWFyIE1lcmNlbmFyeT8KWW91IG5lZWQgdG8gaGF2ZSBhdHRhaW5lZApCYXNlIExldmVsIDg1IG9yIGhpZ2hlciwgYW5kCm11c3QgcGF5IHRoZSA1NiwwMDAgemVueSBmZWUu,,,,,W0dlcmVudGUgZGUgTWVyY2Vuw6FyaW9zXQpFbnTDo28gdm9jw6ogcXVlciBjb250cmF0YXIgdW0gTWVyY2Vuw6FyaW8gZGUgTGFuw6dhIGRlIDhvCkdyYWRlIFNwZWFyIE1lcmNlbmFyeT8KVm9jw6ogcHJlY2lzYSB0ZXIgYXRpbmdpZG8gbwpOw612ZWwgYsOhc2ljbyA4NSBvdSBzdXBlcmlvciBlCmRldmUgcGFnYXIgYSB0YXhhIGRlIDU2LjAwMCB6ZW55Lg==,,W0FkbWluLiBkZSBtZXJjZW5hcmlvc10Kwr9RdWllcmVzIGNvbnRyYXRhciBhIHVuIG1lcmNlbmFyaW8gZGUgZ3JhZG8gOApxdWUgc2VhIGxhbmNlcm8/CkRlYmVzIGhhYmVyIGFsY2FuemFkbwp1biBuaXZlbCBkZSBiYXNlIDg1IG8gc3VwZXJpb3IsIHkKZGViZXMgcGFnYXIgbGEgdGFyaWZhIGRlIDU2MDAwIHplbnku
K3S3AQ,,W01lcmNlbmFyeSBNYW5hZ2VyXQpPaC4uLiBZb3VyIExveWFsdHkgcmF0aW5nCndpdGggdGhlIFNwZWFyIE1lcmNlbmFyeQpHdWlsZCBpc24ndCBoaWdoIGVub3VnaCB0bwpoaXJlIHRoaXMgTWVyY2VuYXJ5LiBQbGVhc2UKY29tZSBiYWNrIGFmdGVyIHlvdSBlYXJuCjEwMCBvciBtb3JlIExveWFsdHkgd2l0aCB1cy4=,,,,,W0dlcmVudGUgTWVyY2Vuw6FyaW9dLgpPaC4uLiBTdWEgY2xhc3NpZmljYcOnw6NvIGRlIGxlYWxkYWRlCmNvbSBhIFNwZWFyIE1lcmNlbmFyeQpuw6NvIMOpIGFsdGEgbyBzdWZpY2llbnRlIHBhcmEKY29udHJhdGFyIGVzc2UgTWVyY2Vuw6FyaW8uIFBvciBmYXZvcgp2b2x0ZSBkZXBvaXMgcXVlIHZvY8OqIGdhbmhhcgoxMDAgb3UgbWFpcyBkZSBsZWFsZGFkZSBjb25vc2NvLg==,,W0FkbWluLiBkZSBtZXJjZW5hcmlvc10KT2jigKYgVHUgw61uZGljZSBkZSBMZWFsdGFkCmNvbiBlbCBHcmVtaW8gZGUgbWVyY2VuYXJpb3MgbGFuY2Vyb3MKbm8gZXMgbG8gc3VmaWNpZW50ZW1lbnRlIGFsdG8gcGFyYQpjb250cmF0YXIgYSBlc3RlIG1lcmNlbmFyaW8uIFBvciBmYXZvciwKcmVncmVzYSBkZXNwdcOpcyBkZSBvYnRlbmVyCjEwMCBwdW50b3MgZGUgTGVhbHRhZCBvIG3DoXMgY29uIG5vc290cm9zLg==
LHS3AQ,,W01lcmNlbmFyeSBNYW5hZ2VyXQpJJ20gc29ycnksIGJ1dCB5b3VyIEJhc2UKTGV2ZWwgaXNuJ3QgaGlnaCBlbm91Z2gKdG8gaGlyZSB0aGlzIE1lcmNlbmFyeS4KUGxlYXNlIGNvbWUgYmFjayB0byBtZQpvbmNlIHlvdSByZWFjaCBCYXNlIExldmVsIDg1Lg==,,,,,W0dlcmVudGUgZGUgTWVyY2Vuw6FyaW9zXS4KU2ludG8gbXVpdG8sIG1hcyBzZXUgQmFzZQpMZXZlbCBuw6NvIMOpIGFsdG8gbyBzdWZpY2llbnRlCnBhcmEgY29udHJhdGFyIGVzc2UgTWVyY2Vuw6FyaW8uClBvciBmYXZvciwgdm9sdGUgcGFyYSBtaW0KcXVhbmRvIHZvY8OqIGF0aW5naXIgbyBOw612ZWwgQsOhc2ljbyA4NS4=,,W0FkbWluLiBkZSBtZXJjZW5hcmlvc10KTG8gc2llbnRvLCBwZXJvIHR1IG5pdmVsCmRlIGJhc2Ugbm8gZXMgbG8gc3VmaWNpZW50ZW1lbnRlIGFsdG8KcGFyYSBjb250cmF0YXIgYSBlc3RlIG1lcmNlbmFyaW8uClJlZ3Jlc2EgY3VhbmRvIGhheWFzIGFsY2FuemFkbwp1biBuaXZlbCBkZSBiYXNlIDg1Lg==
LXS3AQ,,W01lcmNlbmFyeSBNYW5hZ2VyXQpJJ20gc29ycnksIGJ1dCB5b3UKZG9uJ3QgaGF2ZSBlbm91Z2ggemVueQp0byBoaXJlIHRoaXMgTWVyY2VuYXJ5LgpUaGUgaGlyaW5nIGZlZSBpcyA1NiwwMDAgemVueS4=,,,,,W0dlcmVudGUgTWVyY2Vuw6FyaW9dLgpTaW50byBtdWl0bywgbWFzIHZvY8OqCm7Do28gdGVtIHplbnkgc3VmaWNpZW50ZQpwYXJhIGNvbnRyYXRhciBlc3NlIE1lcmNlbsOhcmlvLgpBIHRheGEgZGUgY29udHJhdGHDp8OjbyDDqSBkZSA1Ni4wMDAgemVueS4=,,W0FkbWluLiBkZSBtZXJjZW5hcmlvc10KTG8gc2llbnRvLCBwZXJvCm5vIHRpZW5lcyBzdWZpY2llbnRlIHplbnkuCnBhcmEgY29udHJhdGFyIGEgZXN0ZSBtZXJjZW5hcmlvLgpMYSB0YXJpZmEgcGFyYSBjb250cmF0YXIgZXMgZGUgNTYwMDAgemVueS4=
LnS3AQ,,W01lcmNlbmFyeSBNYW5hZ2VyXQpTbyB5b3Ugd2FudCB0byBoaXJlIGEgOXRoCkdyYWRlIFNwZWFyIE1lcmNlbmFyeT8KWW91IG5lZWQgdG8gaGF2ZSBhdHRhaW5lZApCYXNlIExldmVsIDkwIG9yIGhpZ2hlciwgYW5kCm11c3QgcGF5IHRoZSA2MywwMDAgemVueSBmZWUu,,,,,W0dlcmVudGUgZGUgTWVyY2Vuw6FyaW9zXQpFbnTDo28gdm9jw6ogcXVlciBjb250cmF0YXIgdW0gTWVyY2Vuw6FyaW8gZGUgTGFuw6dhIGRlIDlvLgpHcmFkZSBTcGVhciBNZXJjZW5hcnk/ClZvY8OqIHByZWNpc2EgdGVyIGF0aW5naWRvIG8KTsOtdmVsIGLDoXNpY28gOTAgb3Ugc3VwZXJpb3IgZQpkZXZlIHBhZ2FyIGEgdGF4YSBkZSA2My4wMDAgemVueS4=,,W0FkbWluLiBkZSBtZXJjZW5hcmlvc10Kwr9RdWllcmVzIGNvbnRyYXRhciBhIHVuIG1lcmNlbmFyaW8gZGUgZ3JhZG8gOQpxdWUgc2VhIGxhbmNlcm8/CkRlYmVzIGhhYmVyIGFsY2FuemFkbwp1biBuaXZlbCBkZSBiYXNlIDkwIG8gc3VwZXJpb3IsIHkKZGViZXMgcGFnYXIgbGEgdGFyaWZhIGRlIDYzMDAwIHplbnku
L3S3AQ,,W01lcmNlbmFyeSBNYW5hZ2VyXQpPaC4uLiBZb3VyIExveWFsdHkgcmF0aW5nCndpdGggdGhlIFNwZWFyIE1lcmNlbmFyeQpHdWlsZCBpc24ndCBoaWdoIGVub3VnaCB0bwpoaXJlIHRoaXMgTWVyY2VuYXJ5LiBQbGVhc2UKY29tZSBiYWNrIGFmdGVyIHlvdSBlYXJuCjMwMCBvciBtb3JlIExveWFsdHkgd2l0aCB1cy4=,,,,,W0dlcmVudGUgTWVyY2Vuw6FyaW9dLgpPaC4uLiBTdWEgY2xhc3NpZmljYcOnw6NvIGRlIGxlYWxkYWRlCmNvbSBhIFNwZWFyIE1lcmNlbmFyeQpuw6NvIMOpIGFsdGEgbyBzdWZpY2llbnRlIHBhcmEKY29udHJhdGFyIGVzc2UgTWVyY2Vuw6FyaW8uIFBvciBmYXZvcgp2b2x0ZSBkZXBvaXMgcXVlIHZvY8OqIGdhbmhhcgozMDAgb3UgbWFpcyBkZSBsZWFsZGFkZSBjb25vc2NvLg==,,W0FkbWluLiBkZSBtZXJjZW5hcmlvc10KT2jigKYgVHUgw61uZGljZSBkZSBMZWFsdGFkCmNvbiBlbCBHcmVtaW8gZGUgbWVyY2VuYXJpb3MgbGFuY2Vyb3MKbm8gZXMgbG8gc3VmaWNpZW50ZW1lbnRlIGFsdG8gcGFyYQpjb250cmF0YXIgYSBlc3RlIG1lcmNlbmFyaW8uIFBvciBmYXZvciwKcmVncmVzYSBkZXNwdcOpcyBkZSBvYnRlbmVyCjMwMCBwdW50b3MgZGUgTGVhbHRhZCBvIG3DoXMgY29uIG5vc290cm9zLg==
MHS3AQ,,W01lcmNlbmFyeSBNYW5hZ2VyXQpJJ20gc29ycnksIGJ1dCB5b3VyIEJhc2UKTGV2ZWwgaXNuJ3QgaGlnaCBlbm91Z2gKdG8gaGlyZSB0aGlzIE1lcmNlbmFyeS4KUGxlYXNlIGNvbWUgYmFjayB0byBtZQpvbmNlIHlvdSByZWFjaCBCYXNlIExldmVsIDkwLg==,,,,,W0dlcmVudGUgZGUgTWVyY2Vuw6FyaW9zXS4KU2ludG8gbXVpdG8sIG1hcyBzZXUgQmFzZQpMZXZlbCBuw6NvIMOpIGFsdG8gbyBzdWZpY2llbnRlCnBhcmEgY29udHJhdGFyIGVzc2UgTWVyY2Vuw6FyaW8uClBvciBmYXZvciwgdm9sdGUgcGFyYSBtaW0KcXVhbmRvIHZvY8OqIGF0aW5naXIgbyBOw612ZWwgZGUgQmFzZSA5MC4=,,W0FkbWluLiBkZSBtZXJjZW5hcmlvc10KTG8gc2llbnRvLCBwZXJvIHR1IG5pdmVsCmRlIGJhc2Ugbm8gZXMgbG8gc3VmaWNpZW50ZW1lbnRlIGFsdG8KcGFyYSBjb250cmF0YXIgYSBlc3RlIG1lcmNlbmFyaW8uClJlZ3Jlc2EgY3VhbmRvIGhheWFzIGFsY2FuemFkbwp1biBuaXZlbCBkZSBiYXNlIDkwLg==
MXS3AQ,,W01lcmNlbmFyeSBNYW5hZ2VyXQpJJ20gc29ycnksIGJ1dCB5b3UKZG9uJ3QgaGF2ZSBlbm91Z2ggemVueQp0byBoaXJlIHRoaXMgTWVyY2VuYXJ5LgpUaGUgaGlyaW5nIGZlZSBpcyA2MywwMDAgemVueS4=,,,,,W0dlcmVudGUgTWVyY2Vuw6FyaW9dLgpTaW50byBtdWl0bywgbWFzIHZvY8OqCm7Do28gdGVtIHplbnkgc3VmaWNpZW50ZQpwYXJhIGNvbnRyYXRhciBlc3NlIE1lcmNlbsOhcmlvLgpBIHRheGEgZGUgY29udHJhdGHDp8OjbyDDqSBkZSA2My4wMDAgemVueS4=,,W0FkbWluLiBkZSBtZXJjZW5hcmlvc10KTG8gc2llbnRvLCBwZXJvCm5vIHRpZW5lcyBzdWZpY2llbnRlIHplbnkuCnBhcmEgY29udHJhdGFyIGEgZXN0ZSBtZXJjZW5hcmlvLgpMYSB0YXJpZmEgcGFyYSBjb250cmF0YXIgZXMgZGUgNjMwMDAgemVueS4=
MnS3AQ,,W01lcmNlbmFyeSBNYW5hZ2VyXQpNZXJjZW5hcmllcyBhcmUgc29sZGllcnMKdGhhdCB3aWxsIGZpZ2h0IGF0IHlvdXIgc2lkZQpvbiB0aGUgYmF0dGxlZmllbGQsIGJ1dCB0aGVyZQphcmUgYSBmZXcgdGVybXMgYW5kIGNvbmRpdGlvbnMKeW91IG11c3QgZnVsZmlsbCB0byBoaXJlIHRoZW0u,,,,,W0dlcmVudGUgZGUgTWVyY2Vuw6FyaW9zXQpPcyBtZXJjZW7DoXJpb3Mgc8OjbyBzb2xkYWRvcwpxdWUgbHV0YXLDo28gYW8gc2V1IGxhZG8Kbm8gY2FtcG8gZGUgYmF0YWxoYSwgbWFzIGjDoQpow6EgYWxndW5zIHRlcm1vcyBlIGNvbmRpw6fDtWVzCnF1ZSB2b2PDqiBkZXZlIGN1bXByaXIgcGFyYSBjb250cmF0w6EtbG9zLg==,,W0FkbWluLiBkZSBtZXJjZW5hcmlvc10KTG9zIG1lcmNlbmFyaW9zIHNvbiBzb2xkYWRvcwpxdWUgbHVjaGFyw6FuIGEgdHUgbGFkbwplbiBlbCBjYW1wbyBkZSBiYXRhbGxhLCBwZXJvIGhheQphbGd1bmFzIGNvbmRpY2lvbmVzCnF1ZSBkZWJlcyBjdW1wbGlyIHBhcmEgY29udHJhdGFybG9zLg==
M3S3AQ,,W01lcmNlbmFyeSBNYW5hZ2VyXQpZb3UgbXVzdCBmdWxmaWxsIGEgbGV2ZWwKcmVxdWlyZW1lbnQgYW5kIHBheSBhIHplbnkKZmVlIHRvIGhpcmUgYSBNZXJjZW5hcnkuCkhpZ2hlciBncmFkZSBNZXJjZW5hcmllcwp3aWxsIGFsc28gcmVxdWlyZSB0aGF0IHlvdQpidWlsZCBhIExveWFsdHkgcmF0aW5nIHdpdGggdXMu,,,,,W0dlcmVudGUgTWVyY2Vuw6FyaW9dClZvY8OqIGRldmUgY3VtcHJpciB1bSByZXF1aXNpdG8gZGUgbsOtdmVsCmUgcGFnYXIgdW1hIHRheGEgZGUgemVueQpwYXJhIGNvbnRyYXRhciB1bSBNZXJjZW7DoXJpby4KTWVyY2Vuw6FyaW9zIGRlIG7DrXZlbCBtYWlzIGFsdG8KdGFtYsOpbSBleGlnaXLDo28gcXVlIHZvY8OqCmNvbnN0cnVhIHVtYSBjbGFzc2lmaWNhw6fDo28gZGUgbGVhbGRhZGUgY29ub3Njby4=,,W0FkbWluLiBkZSBtZXJjZW5hcmlvc10KRGViZXMgY3VtcGxpcgp1biByZXF1aXNpdG8gZGUgbml2ZWwgeSBwYWdhciB1bmEgY2FudGlkYWQgZGUgemVueQpwYXJhIGNvbnRyYXRhciBhIHVuIG1lcmNlbmFyaW8uCkxvcyBtZXJjZW5hcmlvcyBkZSBncmFkbyBzdXBlcmlvcgp0YW1iacOpbiByZXF1ZXJpcsOhbiBxdWUKZGVzYXJyb2xsZXMgdW4gw61uZGljZSBkZSBMZWFsdGFkIGNvbiBub3NvdHJvcy4=
NHS3AQ,,W01lcmNlbmFyeSBNYW5hZ2VyXQpNZXJjZW5hcnkgY29udHJhY3RzIGNhbid0IGJlCnRyYW5zZmVycmVkIHRvIG90aGVyIHBlb3BsZSwKYW5kIHdlIG9ubHkgYWxsb3cgYSA1IEJhc2UgTGV2ZWwgZGlmZmVyZW5jZSBiZXR3ZWVuIHRoZSBNZXJjZW5hcnkKYW5kIGNsaWVudCBzbyB5b3UgY2FuJ3QgaGlyZSBvbmUgbXVjaCBzdHJvbmdlciB0aGFuIHlvdS4=,,,,,W0dlcmVudGUgZGUgTWVyY2Vuw6FyaW9zXS4KT3MgY29udHJhdG9zIGRlIG1lcmNlbsOhcmlvcyBuw6NvIHBvZGVtIHNlcgp0cmFuc2Zlcmlkb3MgcGFyYSBvdXRyYXMgcGVzc29hcywKZSBzw7MgcGVybWl0aW1vcyB1bWEgZGlmZXJlbsOnYSBkZSA1IG7DrXZlaXMgYsOhc2ljb3MgZW50cmUgbyBtZXJjZW7DoXJpbyBlIG8gY2xpZW50ZS4KZSBvIGNsaWVudGUsIHBvcnRhbnRvIHZvY8OqIG7Do28gcG9kZSBjb250cmF0YXIgdW0gbXVpdG8gbWFpcyBmb3J0ZSBkbyBxdWUgdm9jw6ou,,W0FkbWluLiBkZSBtZXJjZW5hcmlvc10KTG9zIGNvbnRyYXRvcyBkZSBtZXJjZW5hcmlvcyBubyBwdWVkZW4KdHJhbnNmZXJpcnNlIGEgb3RyYXMgcGVyc29uYXMsCnkgc29sbyBwZXJtaXRpbW9zIHVuYSBkaWZlcmVuY2lhIGRlIG5pdmVsIGRlIGJhc2UgZGUgNSBlbnRyZSBlbCBtZXJjZW5hcmlvCnkgZWwgY2xpZW50ZSBwYXJhIHF1ZSBubyBwdWVkYXMgY29udHJhdGFyIGEgdW5vIG11Y2hvIG3DoXMgZnVlcnRlIHF1ZSB0w7ou
NXS3AQ,,W01lcmNlbmFyeSBNYW5hZ2VyXQpXZWxsLCB5b3UgY2FuIGZpZ3VyZSBvdXQgdGhlCmRldGFpbHMgd2hlbiB5b3UgYWN0dWFsbHkgZm9ybQphIGNvbnRyYWN0IHdpdGggb25lIG9mIG91cgpNZXJjZW5hcmllcywgYW5kIHJlY2VpdmUKdGhlIFN1bW1vbiBTY3JvbGwgdGhhdCB3aWxsCmNhbGwgYSBNZXJjZW5hcnkgdG8geW91ciBzaWRlLg==,,,,,W0dlcmVudGUgTWVyY2Vuw6FyaW9dCkJlbSwgdm9jw6ogcG9kZSBkZXNjb2JyaXIgb3MKZGV0YWxoZXMgcXVhbmRvIHZvY8OqIHJlYWxtZW50ZSBmaXJtYXIKdW0gY29udHJhdG8gY29tIHVtIGRlIG5vc3NvcwpNZXJjZW7DoXJpb3MgZSByZWNlYmVyCm8gUGVyZ2FtaW5obyBkZSBJbnZvY2HDp8OjbyBxdWUKcXVlIGNoYW1hcsOhIHVtIE1lcmNlbsOhcmlvIHBhcmEgbyBzZXUgbGFkby4=,,W0FkbWluLiBkZSBtZXJjZW5hcmlvc10KQnVlbm8sIHB1ZWRlcyBjb25zdWx0YXIKbG9zIGRldGFsbGVzIGN1YW5kbyBmaXJtZXMKdW4gY29udHJhdG8gY29uIHVubyBkZSBudWVzdHJvcwptZXJjZW5hcmlvcywgeSByZWNpYmlyCmVsIFBlcmdhbWlubyBkZSBpbnZvY2FjacOzbiBxdWUKaW52b2NhcsOhIGEgdW4gbWVyY2VuYXJpbyBhIHR1IGxhZG8u
NnS3AQ,,W01lcmNlbmFyeSBNYW5hZ2VyXQpZb3UgY2FuJ3QgZ2l2ZSB0aGlzIHNjcm9sbAp0byBhbnlvbmUgZWxzZSwgYW5kIHRoZQpNZXJjZW5hcnkgd2lsbCBvbmx5IHJlbWFpbgp3aXRoIHlvdSBmb3IgMzAgbWludXRlcyBhZnRlcgp5b3Ugc3VtbW9uIGhpbS4gRG9uJ3QgZm9yZ2V0CmFib3V0IHRoZSB0aW1lIGxpbWl0LCBva2F5Pw==,,,,,W0dlcmVudGUgTWVyY2Vuw6FyaW9dClZvY8OqIG7Do28gcG9kZSBkYXIgZXNzZSBwZXJnYW1pbmhvCmEgbWFpcyBuaW5ndcOpbSwgZSBvCk1lcmNlbsOhcmlvIHPDsyBwZXJtYW5lY2Vyw6EKY29tIHZvY8OqIHBvciAzMCBtaW51dG9zIGFww7NzCnZvY8OqIG8gY29udm9jYXIuIE7Do28gc2UgZXNxdWXDp2EKZG8gbGltaXRlIGRlIHRlbXBvLCBjZXJ0bz8=,,W0FkbWluLiBkZSBtZXJjZW5hcmlvc10KTm8gcHVlZGVzIGRhcmxlIGVzdGUgUGVyZ2FtaW5vCmEgY3VhbHF1aWVyIG90cmEgcGVyc29uYSwgeSBlbAptZXJjZW5hcmlvIHNvbG8gc2UgcXVlZGFyw6EgCmNvbnRpZ28gZHVyYW50ZSAzMCBtaW51dG9zIGRlc3B1w6lzCmRlIHF1ZSBsbyBpbnZvcXVlcy4gTm8gb2x2aWRlcwplbCBsw61taXRlIGRlIHRpZW1wbywgwr9kZSBhY3VlcmRvPw==
N3S3AQ,,W01lcmNlbmFyeSBNYW5hZ2VyXQpObz8gWW91IGRpZG4ndCBuZWVkIGFueQpoZWxwPyBXZWxsLCBmZWVsIGZyZWUgdG8KYXNrIG1lIGlmIHlvdSBoYXZlIGFueQpxdWVzdGlvbnMgYWJvdXQgTWVyY2VuYXJpZXMu,,,,,W0dlcmVudGUgTWVyY2Vuw6FyaW9dLgpOw6NvPyBWb2PDqiBuw6NvIHByZWNpc291IGRlIG5lbmh1bWEKYWp1ZGE/IEJlbSwgZmlxdWUgw6Agdm9udGFkZSBwYXJhCm1lIHBlcmd1bnRhciBzZSB0aXZlciBhbGd1bWEKZMO6dmlkYXMgc29icmUgTWVyY2VuYXJpZXMu,,W0FkbWluLiBkZSBtZXJjZW5hcmlvc10Kwr9Obz8gwr9ObyBuZWNlc2l0YWJhcwpheXVkYT8gQnVlbm8sIG5vIGR1ZGVzCmVuIGhhYmxhcm1lIHNpIHRpZW5lcyBhbGd1bmEKcHJlZ3VudGEgc29icmUgbG9zIG1lcmNlbmFyaW9zLg==
OHS3AQ,,W01lcmNlbmFyeSBNYW5hZ2VyXQoxMHRoIEdyYWRlIE1lcmNlbmFyaWVzIGFyZQp0aGUgYmVzdCB3ZSBoYXZlIHRvIG9mZmVyLAphbmQgd2UgdXNlIGRpZmZlcmVudCBjcml0ZXJpYQpmb3Igb3VyIGNsaWVudHMgdG8gaGlyZSB0aGVtLgpUaGVyZSdzIG5vIHplbnkgZmVlLCBidXQgeW91Cm11c3QgaGF2ZSA1MDAgTG95YWx0eS4=,,,,,W0dlcmVudGUgZGUgTWVyY2Vuw6FyaW9zXS4KT3MgTWVyY2Vuw6FyaW9zIGRvIDEwwrogYW5vIHPDo28Kc8OjbyBvcyBtZWxob3JlcyBxdWUgdGVtb3MgYSBvZmVyZWNlciwKZSB1c2Ftb3MgY3JpdMOpcmlvcyBkaWZlcmVudGVzCnBhcmEgcXVlIG5vc3NvcyBjbGllbnRlcyBvcyBjb250cmF0ZW0uCk7Do28gaMOhIHRheGEgZGUgemVueSwgbWFzIHZvY8OqCmRldmUgdGVyIDUwMCBMb3lhbHR5IChsZWFsZGFkZSku,,W0FkbWluLiBkZSBtZXJjZW5hcmlvc10KTG9zIG1lcmNlbmFyaW9zIGRlIGdyYWRvIDEwIHNvbgpsbyBtZWpvciBxdWUgcG9kZW1vcyBvZnJlY2VyLAp5IHV0aWxpemFtb3MgY3JpdGVyaW9zIGRpZmVyZW50ZXMKcGFyYSBxdWUgbnVlc3Ryb3MgY2xpZW50ZXMgbG9zIGNvbnRyYXRlbi4KTm8gaGF5IHVuYSB0YXJpZmEgZGUgemVueSwgcGVybwpkZWJlcyB0ZW5lciA1MDAgcHVudG9zIGRlIExlYWx0YWQu
OXS3AQ,,W01lcmNlbmFyeSBNYW5hZ2VyXQpPbmNlIHlvdSBtYWtlIGEgY29udHJhY3QKd2l0aCBhIDEwdGggR3JhZGUgTWVyY2VuYXJ5LAp5b3VyIExveWFsdHkgcmF0aW5nIHdpbGwgYmUKZGVjcmVhc2VkIGJ5IDQwMC4gSW4gb3RoZXIKd29yZHMsIHlvdSBwYXkgNDAwIExveWFsdHkKdG8gaGlyZSBhIDEwdGggR3JhZGUgTWVyY2VuYXJ5Lg==,,,,,W0dlcmVudGUgTWVyY2Vuw6FyaW9dClF1YW5kbyB2b2PDqiBmYXogdW0gY29udHJhdG8KY29tIHVtIE1lcmNlbsOhcmlvIGRlIDEwwrogZ3JhdSwKc2V1IMOtbmRpY2UgZGUgbGVhbGRhZGUgc2Vyw6EKZGltaW51w61kbyBlbSA0MDAuIEVtIG91dHJhcwpwYWxhdnJhcywgdm9jw6ogcGFnYSA0MDAgZGUgbGVhbGRhZGUKcGFyYSBjb250cmF0YXIgdW0gTWVyY2Vuw6FyaW8gZGUgMTDCuiBncmF1Lg==,,W0FkbWluLiBkZSBtZXJjZW5hcmlvc10KQ3VhbmRvIGZpcm1lcyBlbCBjb250cmF0bwpjb24gdW4gbWVyY2VuYXJpbyBkZSBncmFkbyAxMCwKdHUgw61uZGljZSBkZSBMZWFsdGFkCmRpc21pbnVpcsOhIDQwMCBwdW50b3MuIEVzIGRlY2lyLApwYWdhcsOhcyA0MDAgcHVudG9zIGRlIExlYWx0YWQKcG9yIGNvbnRyYXRhciBhIHVuIG1lcmNlbmFyaW8gZGUgZ3JhZG8gMTAu
OnS3AQ,,W01lcmNlbmFyeSBNYW5hZ2VyXQpZb3UgbXVzdCBhbHNvIGJlIGF0CkJhc2UgTGV2ZWwgOTAgb3IgaGlnaGVyIHRvCmhpcmUgYSAxMHRoIEdyYWRlIE1lcmNlbmFyeS4KQXJlIHlvdSBzdGlsbCBpbnRlcmVzdGVkIGluCmZvcm1pbmcgdGhpcyBjb250cmFjdD8=,,,,,W0dlcmVudGUgTWVyY2Vuw6FyaW9dClZvY8OqIHRhbWLDqW0gZGV2ZSBlc3RhciBubwpOw612ZWwgYsOhc2ljbyA5MCBvdSBzdXBlcmlvciBwYXJhCmNvbnRyYXRhciB1bSBtZXJjZW7DoXJpbyBkZSAxMMK6IGdyYXUuClZvY8OqIGFpbmRhIGVzdMOhIGludGVyZXNzYWRvIGVtCmVtIGZpcm1hciBlc3NlIGNvbnRyYXRvPw==,,W0FkbWluLiBkZSBtZXJjZW5hcmlvc10KVGFtYmnDqW4gZGViZXMgdGVuZXIKdW4gbml2ZWwgZGUgYmFzZSA5MCBvIHN1cGVyaW9yCnBhcmEgY29udHJhdGFyIGEgdW4gbWVyY2VuYXJpbyBkZSBncmFkbyAxMC4Kwr9UZSBzaWd1ZSBpbnRlcmVzYW5kbwpmaXJtYXIgZXN0ZSBjb250cmF0bz8=
O3S3AQ,,W01lcmNlbmFyeSBNYW5hZ2VyXQpJJ20gc29ycnksIGJ1dCB5b3VyCkxveWFsdHkgcmF0aW5nIGlzIHRvbwpsb3cgdG8gaGlyZSBhIDEwdGggR3JhZGUKTWVyY2VuYXJ5LiBZb3UgbXVzdCBoYXZlCjUwMCBvciBtb3JlIExveWFsdHkgdG8KZm9ybSBhIGNvbnRyYWN0IHdpdGggb25lLg==,,,,,W0dlcmVudGUgTWVyY2Vuw6FyaW9dLgpTaW50byBtdWl0bywgbWFzIHNldQrDrW5kaWNlIGRlIGxlYWxkYWRlIMOpIG11aXRvCmJhaXhvIGRlbWFpcyBwYXJhIGNvbnRyYXRhciB1bSBtZXJjZW7DoXJpbyBkZSAxMMK6IGdyYXUuCk1lcmNlbsOhcmlvLiBWb2PDqiBwcmVjaXNhIHRlcgo1MDAgb3UgbWFpcyBkZSBsZWFsZGFkZSBwYXJhCnBhcmEgZmlybWFyIHVtIGNvbnRyYXRvIGNvbSB1bSBkZWxlcy4=,,W0FkbWluLiBkZSBtZXJjZW5hcmlvc10KTG8gc2llbnRvLCBwZXJvCnR1IMOtbmRpY2UgZGUgTGVhbHRhZCBlcwpkZW1hc2lhZG8gYmFqbyBwYXJhIGNvbnRyYXRhciBhIHVuIG1lcmNlbmFyaW8KZGUgZ3JhZG8gMTAuIERlYmVzIHRlbmVyCjUwMCBwdW50b3MgZGUgTGVhbHRhZCBvIG3DoXMKcGFyYSBmaXJtYXIgdW4gY29udHJhdG8gY29uIHVuIG1lcmNlbmFyaW8u
PHS3AQ,,W01lcmNlbmFyeSBNYW5hZ2VyXQpJJ20gc29ycnksIGJ1dCB5b3UgbXVzdApiZSBhdCBCYXNlIExldmVsIDkwIG9yCmhpZ2hlciB0byBmb3JtIGEgY29udHJhY3QKd2l0aCBhIDEwdGggR3JhZGUgTWVyY2VuYXJ5Lg==,,,,,W0dlcmVudGUgTWVyY2Vuw6FyaW9dLgpTaW50byBtdWl0bywgbWFzIHZvY8OqIGRldmUKZXN0YXIgbm8gTsOtdmVsIELDoXNpY28gOTAgb3UKc3VwZXJpb3IgcGFyYSBmaXJtYXIgdW0gY29udHJhdG8KY29tIHVtIE1lcmNlbsOhcmlvIGRlIDEwwrogR3JhdS4=,,W0FkbWluLiBkZSBtZXJjZW5hcmlvc10KTG8gc2llbnRvLCBwZXJvIGRlYmVzIHRlbmVyCnVuIG5pdmVsIGRlIGJhc2UgOTAgbyBzdXBlcmlvcgpwYXJhIGZpcm1hciB1biBjb250cmF0bwpjb24gdW4gbWVyY2VuYXJpbyBkZSBncmFkbyAxMC4=
PXS3AQ,,W01lcmNlbmFyeSBNYW5hZ2VyXQpDb25ncmF0dWxhdGlvbnMhIEl0IGxvb2tzCmxpa2UgeW91J3JlIHBsYW5uaW5nIGluIHRha2luZwpvbiBzb21lIHZlcnkgZGFuZ2Vyb3VzIHdvcmsKc2luY2UgeW91J3JlIGhpcmluZyBhIDEwdGgKR3JhZGUgTWVyY2VuYXJ5LiBJIHdpc2ggeW91CnRoZSBiZXN0IG9mIGx1Y2sgd2l0aCBoaW0u,,,,,W0dlcmVudGUgZGUgTWVyY2Vuw6FyaW9zXS4KUGFyYWLDqW5zISBQYXJlY2UgcXVlCnF1ZSB2b2PDqiBlc3TDoSBwbGFuZWphbmRvIGFzc3VtaXIKdW0gdHJhYmFsaG8gbXVpdG8gcGVyaWdvc28KasOhIHF1ZSBlc3TDoSBjb250cmF0YW5kbyB1bSBNZXJjZW7DoXJpbyBkZSAxMMK6LgpncmF1LiBFdSBsaGUgZGVzZWpvCmJvYSBzb3J0ZSBjb20gZWxlLg==,,W0FkbWluLiBkZSBtZXJjZW5hcmlvc10KwqFGZWxpY2l0YWNpb25lcyEgUGFyZWNlIHF1ZQp2YXMgYSB0cmFiYWphcgplbiBhbGdvIG11eSBwZWxpZ3Jvc28sCnlhIHF1ZSBlc3TDoXMgY29udHJhdGFuZG8gYSB1biBtZXJjZW5hcmlvCmRlIGdyYWRvIDEwLiBUZSBkZXNlbwptdWNoYSBzdWVydGUgY29uIGVsIG1lcmNlbmFyaW8u
PnS3AQ,,W01lcmNlbmFyeSBNYW5hZ2VyXQpJIHVuZGVyc3RhbmQuLi4gSXQgdGFrZXMKaGFyZCB3b3JrIGFuZCBzYWNyaWZpY2UgdG8KZXZlbiByZWFjaCB0aGUgcG9pbnQgd2hlcmUKeW91IGNhbiBoaXJlIGEgMTB0aCBHcmFkZQpNZXJjZW5hcnkuIEhhdmUgeW91IGNvbnNpZGVyZWQKaGlyaW5nIGEgbG93ZXIgZ3JhZGUgTWVyY2VuYXJ5Pw==,,,,,W0dlcmVudGUgTWVyY2Vuw6FyaW9dLgpFdSBlbnRlbmRvLi4uIMOJIHByZWNpc28KdHJhYmFsaG8gZHVybyBlIHNhY3JpZsOtY2lvIHBhcmEKY2hlZ2FyIGFvIHBvbnRvIGVtIHF1ZQp2b2PDqiBwb2RlIGNvbnRyYXRhciB1bSBtZXJjZW7DoXJpbyBkZSAxMMK6IGdyYXUuCk1lcmNlbsOhcmlvLiBWb2PDqiBqw6EgcGVuc291IGVtCmNvbnRyYXRhciB1bSBtZXJjZW7DoXJpbyBkZSBncmF1IGluZmVyaW9yPw==,,W0FkbWluLiBkZSBtZXJjZW5hcmlvc10KRW50aWVuZG/igKYgU2UgbmVjZXNpdGEKdW4gdHJhYmFqbyBhcmR1byB5IG11Y2hvIHNhY3JpZmljaW8KcGFyYSBpbmNsdXNvIGxsZWdhcgphIGNvbnRyYXRhciBhIHVuIG1lcmNlbmFyaW8KZGUgZ3JhZG8gMTAuIMK/UGVuc2FzdGUgZW4KY29udHJhdGFyIGEgdW4gbWVyY2VuYXJpbyBkZSBncmFkbyBpbmZlcmlvcj8=
P3S3AQ,,W01lcmNlbmFyeSBNYW5hZ2VyXQpXZWxjb21lIHRvIHRoZQpTd29yZCBNZXJjZW5hcnkgR3VpbGQuCkRpZCB5b3UgaGF2ZSBhbnkgcXVlc3Rpb25zPw==,,,,,W0dlcmVudGUgZGUgTWVyY2Vuw6FyaW9zXQpCZW0tdmluZG8gw6AKR3VpbGRhIGRvcyBNZXJjZW7DoXJpb3MgZGEgRXNwYWRhLgpWb2PDqiB0ZW0gYWxndW1hIHBlcmd1bnRhPw==,,W0FkbWluLiBkZSBtZXJjZW5hcmlvc10KVGUgZGFtb3MgbGEgYmllbnZlbmlkYSBhbApHcmVtaW8gZGUgbWVyY2VuYXJpb3MgZXNwYWRhY2hpbmVzLgrCv1RpZW5lcyBhbGd1bmEgcHJlZ3VudGE/
QHS3AQ,,W01lcmNlbmFyeSBNYW5hZ2VyXQpZb3Ugd2FudCB0byBoaXJlIGEKU3dvcmQgTWVyY2VuYXJ5PwpXaGljaCBHcmFkZSB3ZXJlIHlvdQppbnRlcmVzdGVkIGluIGhpcmluZz8=,,,,,W0dlcmVudGUgTWVyY2Vuw6FyaW9dClZvY8OqIHF1ZXIgY29udHJhdGFyIHVtCk1lcmNlbsOhcmlvIGRhIEVzcGFkYT8KUXVhbCBHcmF1IHZvY8OqIGVzdGF2YQppbnRlcmVzc2FkbyBlbSBjb250cmF0YXI/,,W0FkbWluLiBkZSBtZXJjZW5hcmlvc10Kwr9RdWllcmVzIGNvbnRyYXRhciB1bgptZXJjZW5hcmlvIGNvbiBlc3BhZGE/CsK/UXXDqSBncmFkbyB0ZSBndXN0YXLDrWEKY29udHJhdGFyPw==
QXS3AQ,,MXN0IEdyYWRlIFN3b3JkIE1lcmNlbmFyeQ==,,,,,TWVyY2Vuw6FyaW8gZGEgZXNwYWRhIGRlIDHCuiBncmF1,,TWVyY2VuYXJpbyBjb24gZXNwYWRhIGRlIGdyYWRvIDEu
QnS3AQ,,Mm5kIEdyYWRlIFN3b3JkIE1lcmNlbmFyeQ==,,,,,TWVyY2Vuw6FyaW8gZGEgZXNwYWRhIGRlIDLCuiBncmF1,,TWVyY2VuYXJpbyBjb24gZXNwYWRhIGRlIGdyYWRvIDIu
Q3S3AQ,,M3JkIEdyYWRlIFN3b3JkIE1lcmNlbmFyeQ==,,,,,TWVyY2Vuw6FyaW8gZGEgZXNwYWRhIGRlIDPCuiBncmF1,,TWVyY2VuYXJpbyBjb24gZXNwYWRhIGRlIGdyYWRvIDMu
RHS3AQ,,NHRoIEdyYWRlIFN3b3JkIE1lcmNlbmFyeQ==,,,,,TWVyY2Vuw6FyaW8gZGEgZXNwYWRhIGRlIDTCuiBncmF1,,TWVyY2VuYXJpbyBjb24gZXNwYWRhIGRlIGdyYWRvIDQu
RXS3AQ,,NXRoIEdyYWRlIFN3b3JkIE1lcmNlbmFyeQ==,,,,,TWVyY2Vuw6FyaW8gZGEgZXNwYWRhIGRlIDXCuiBncmF1,,TWVyY2VuYXJpbyBjb24gZXNwYWRhIGRlIGdyYWRvIDUu
RnS3AQ,,NnRoIEdyYWRlIFN3b3JkIE1lcmNlbmFyeQ==,,,,,TWVyY2Vuw6FyaW8gZGEgZXNwYWRhIGRlIDbCuiBncmF1,,TWVyY2VuYXJpbyBjb24gZXNwYWRhIGRlIGdyYWRvIDYu
R3S3AQ,,N3RoIEdyYWRlIFN3b3JkIE1lcmNlbmFyeQ==,,,,,TWVyY2Vuw6FyaW8gZGEgZXNwYWRhIGRlIDfCuiBncmF1,,TWVyY2VuYXJpbyBjb24gZXNwYWRhIGRlIGdyYWRvIDcu
SHS3AQ,,OHRoIEdyYWRlIFN3b3JkIE1lcmNlbmFyeQ==,,,,,TWVyY2Vuw6FyaW8gZGEgZXNwYWRhIGRlIDjCuiBncmF1,,TWVyY2VuYXJpbyBjb24gZXNwYWRhIGRlIGdyYWRvIDgu
SXS3AQ,,OXRoIEdyYWRlIFN3b3JkIE1lcmNlbmFyeQ==,,,,,TWVyY2Vuw6FyaW8gZGEgZXNwYWRhIGRvIDnCuiBhbm8=,,TWVyY2VuYXJpbyBjb24gZXNwYWRhIGRlIGdyYWRvIDku
SnS3AQ,,W01lcmNlbmFyeSBNYW5hZ2VyXQpTbyB5b3Ugd2FudCB0byBoaXJlIGEgMXN0CkdyYWRlIFN3b3JkIE1lcmNlbmFyeT8KWW91IG5lZWQgdG8gaGF2ZSBhdHRhaW5lZApCYXNlIExldmVsIDE1IG9yIGhpZ2hlciwgYW5kCm11c3QgcGF5IHRoZSA3LDAwMCB6ZW55IGZlZS4=,,,,,W0dlcmVudGUgZGUgTWVyY2Vuw6FyaW9zXQpFbnTDo28gdm9jw6ogcXVlciBjb250cmF0YXIgdW0gTWVyY2Vuw6FyaW8gZGUgRXNwYWRhIGRlIDFvCkdyYXUgZGUgTWVyY2Vuw6FyaW8gZGEgRXNwYWRhPwpWb2PDqiBwcmVjaXNhIHRlciBhdGluZ2lkbyBvCk7DrXZlbCBiw6FzaWNvIDE1IG91IHN1cGVyaW9yIGUKZGV2ZSBwYWdhciBhIHRheGEgZGUgNy4wMDAgemVueS4=,,W0FkbWluLiBkZSBtZXJjZW5hcmlvc10Kwr9RdWllcmVzIGNvbnRyYXRhciBhIHVuIG1lcmNlbmFyaW8gZGUgZ3JhZG8gMQpjb24gZXNwYWRhPwpEZWJlcyBoYWJlciBhbGNhbnphZG8KdW4gbml2ZWwgZGUgYmFzZSAxNSBvIHN1cGVyaW9yLCB5CmRlYmVzIHBhZ2FyIGxhIHRhcmlmYSBkZSA3MDAwIHplbnku
S3S3AQ,,W01lcmNlbmFyeSBNYW5hZ2VyXQpTbyB5b3Ugd2FudCB0byBoaXJlIGEgMm5kCkdyYWRlIFN3b3JkIE1lcmNlbmFyeT8KWW91IG5lZWQgdG8gaGF2ZSBhdHRhaW5lZApCYXNlIExldmVsIDI1IG9yIGhpZ2hlciwgYW5kCm11c3QgcGF5IHRoZSAxNCwwMDAgemVueSBmZWUu,,,,,W0dlcmVudGUgZGUgTWVyY2Vuw6FyaW9zXQpFbnTDo28gdm9jw6ogcXVlciBjb250cmF0YXIgdW0gTWVyY2Vuw6FyaW8gZGEgRXNwYWRhIGRlIDJvCkdyYXUgZGUgTWVyY2Vuw6FyaW8gZGEgRXNwYWRhPwpWb2PDqiBwcmVjaXNhIHRlciBhdGluZ2lkbyBvCk7DrXZlbCBiw6FzaWNvIDI1IG91IHN1cGVyaW9yIGUKZGV2ZSBwYWdhciBhIHRheGEgZGUgMTQuMDAwIHplbnku,,W0FkbWluLiBkZSBtZXJjZW5hcmlvc10Kwr9RdWllcmVzIGNvbnRyYXRhciBhIHVuIG1lcmNlbmFyaW8gZGUgZ3JhZG8gMgpjb24gZXNwYWRhPwpEZWJlcyBoYWJlciBhbGNhbnphZG8KdW4gbml2ZWwgZGUgYmFzZSAyNSBvIHN1cGVyaW9yLCB5CmRlYmVzIHBhZ2FyIGxhIHRhcmlmYSBkZSAxNDAwMCB6ZW55Lg==
THS3AQ,,W01lcmNlbmFyeSBNYW5hZ2VyXQpTbyB5b3Ugd2FudCB0byBoaXJlIGEgM3JkCkdyYWRlIFN3b3JkIE1lcmNlbmFyeT8KWW91IG5lZWQgdG8gaGF2ZSBhdHRhaW5lZApCYXNlIExldmVsIDM1IG9yIGhpZ2hlciwgYW5kCm11c3QgcGF5IHRoZSAyMSwwMDAgemVueSBmZWUu,,,,,W0dlcmVudGUgZGUgTWVyY2Vuw6FyaW9zXQpFbnTDo28gdm9jw6ogcXVlciBjb250cmF0YXIgdW0gTWVyY2Vuw6FyaW8gZGEgRXNwYWRhIGRlIDNvCkdyYXUgZGUgTWVyY2Vuw6FyaW8gZGEgRXNwYWRhPwpWb2PDqiBwcmVjaXNhIHRlciBhdGluZ2lkbyBvCk7DrXZlbCBiw6FzaWNvIDM1IG91IHN1cGVyaW9yIGUKZGV2ZSBwYWdhciBhIHRheGEgZGUgMjEuMDAwIHplbnku,,W0FkbWluLiBkZSBtZXJjZW5hcmlvc10Kwr9RdWllcmVzIGNvbnRyYXRhciBhIHVuIG1lcmNlbmFyaW8gZGUgZ3JhZG8gMwpjb24gZXNwYWRhPwpEZWJlcyBoYWJlciBhbGNhbnphZG8KdW4gbml2ZWwgZGUgYmFzZSAzNSBvIHN1cGVyaW9yLCB5CmRlYmVzIHBhZ2FyIGxhIHRhcmlmYSBkZSAyMTAwMCB6ZW55Lg==
TXS3AQ,,W01lcmNlbmFyeSBNYW5hZ2VyXQpJJ20gc29ycnksIGJ1dCB5b3VyIEJhc2UKTGV2ZWwgaXNuJ3QgaGlnaCBlbm91Z2gKdG8gaGlyZSB0aGlzIE1lcmNlbmFyeS4KUGxlYXNlIGNvbWUgYmFjayB0byBtZQpvbmNlIHlvdSByZWFjaCBCYXNlIExldmVsIDM1Lg==,,,,,W0dlcmVudGUgZGUgTWVyY2Vuw6FyaW9zXS4KU2ludG8gbXVpdG8sIG1hcyBzZXUgQmFzZQpMZXZlbCBuw6NvIMOpIGFsdG8gbyBzdWZpY2llbnRlCnBhcmEgY29udHJhdGFyIGVzc2UgTWVyY2Vuw6FyaW8uClBvciBmYXZvciwgdm9sdGUgcGFyYSBtaW0KcXVhbmRvIHZvY8OqIGF0aW5naXIgbyBOw612ZWwgZGUgQmFzZSAzNS4=,,W0FkbWluLiBkZSBtZXJjZW5hcmlvc10KTG8gc2llbnRvLCBwZXJvIHR1IG5pdmVsCmRlIGJhc2Ugbm8gZXMgbG8gc3VmaWNpZW50ZW1lbnRlIGFsdG8KcGFyYSBjb250cmF0YXIgYSBlc3RlIG1lcmNlbmFyaW8uClJlZ3Jlc2EgY3VhbmRvIGhheWFzIGFsY2FuemFkbwp1biBuaXZlbCBkZSBiYXNlIDM1Lg==
TnS3AQ,,W01lcmNlbmFyeSBNYW5hZ2VyXQpTbyB5b3Ugd2FudCB0byBoaXJlIGEgNHRoCkdyYWRlIFN3b3JkIE1lcmNlbmFyeT8KWW91IG5lZWQgdG8gaGF2ZSBhdHRhaW5lZApCYXNlIExldmVsIDQ1IG9yIGhpZ2hlciwgYW5kCm11c3QgcGF5IHRoZSAyOCwwMDAgemVueSBmZWUu,,,,,W0dlcmVudGUgZGUgTWVyY2Vuw6FyaW9zXQpFbnTDo28gdm9jw6ogcXVlciBjb250cmF0YXIgdW0gTWVyY2Vuw6FyaW8gZGEgRXNwYWRhIGRlIDRvCkdyYXUgZGUgTWVyY2Vuw6FyaW8gZGEgRXNwYWRhPwpWb2PDqiBwcmVjaXNhIHRlciBhdGluZ2lkbyBvCk7DrXZlbCBiw6FzaWNvIDQ1IG91IHN1cGVyaW9yLCBlCmRldmUgcGFnYXIgYSB0YXhhIGRlIDI4LjAwMCB6ZW55Lg==,,W0FkbWluLiBkZSBtZXJjZW5hcmlvc10Kwr9RdWllcmVzIGNvbnRyYXRhciBhIHVuIG1lcmNlbmFyaW8gZGUgZ3JhZG8gNApjb24gZXNwYWRhPwpEZWJlcyBoYWJlciBhbGNhbnphZG8KdW4gbml2ZWwgZGUgYmFzZSA0NSBvIHN1cGVyaW9yLCB5CmRlYmVzIHBhZ2FyIGxhIHRhcmlmYSBkZSAyODAwMCB6ZW55Lg==
T3S3AQ,,W01lcmNlbmFyeSBNYW5hZ2VyXQpTbyB5b3Ugd2FudCB0byBoaXJlIGEgNXRoCkdyYWRlIFN3b3JkIE1lcmNlbmFyeT8KWW91IG5lZWQgdG8gaGF2ZSBhdHRhaW5lZApCYXNlIExldmVsIDU1IG9yIGhpZ2hlciwgYW5kCm11c3QgcGF5IHRoZSAzNSwwMDAgemVueSBmZWUu,,,,,W0dlcmVudGUgZGUgTWVyY2Vuw6FyaW9zXQpFbnTDo28gdm9jw6ogcXVlciBjb250cmF0YXIgdW0gTWVyY2Vuw6FyaW8gZGEgRXNwYWRhIGRlIDVvCkdyYXUgZGUgTWVyY2Vuw6FyaW8gZGEgRXNwYWRhPwpWb2PDqiBwcmVjaXNhIHRlciBhdGluZ2lkbyBvCk7DrXZlbCBiw6FzaWNvIDU1IG91IHN1cGVyaW9yLCBlCmRldmUgcGFnYXIgYSB0YXhhIGRlIDM1LjAwMCB6ZW55Lg==,,W0FkbWluLiBkZSBtZXJjZW5hcmlvc10Kwr9RdWllcmVzIGNvbnRyYXRhciBhIHVuIG1lcmNlbmFyaW8gZGUgZ3JhZG8gNQpjb24gZXNwYWRhPwpEZWJlcyBoYWJlciBhbGNhbnphZG8KdW4gbml2ZWwgZGUgYmFzZSA1NSBvIHN1cGVyaW9yLCB5CmRlYmVzIHBhZ2FyIGxhIHRhcmlmYSBkZSAzNTAwMCB6ZW55Lg==
UHS3AQ,,W01lcmNlbmFyeSBNYW5hZ2VyXQpTbyB5b3Ugd2FudCB0byBoaXJlIGEgNnRoCkdyYWRlIFN3b3JkIE1lcmNlbmFyeT8KWW91IG5lZWQgdG8gaGF2ZSBhdHRhaW5lZApCYXNlIExldmVsIDY1IG9yIGhpZ2hlciwgYW5kCm11c3QgcGF5IHRoZSA0MiwwMDAgemVueSBmZWUu,,,,,W0dlcmVudGUgZGUgTWVyY2Vuw6FyaW9zXQpFbnTDo28gdm9jw6ogcXVlciBjb250cmF0YXIgdW0gTWVyY2Vuw6FyaW8gZGEgRXNwYWRhIGRlIDZvCkdyYXUgZGUgTWVyY2Vuw6FyaW8gZGEgRXNwYWRhPwpWb2PDqiBwcmVjaXNhIHRlciBhdGluZ2lkbyBvCk7DrXZlbCBiw6FzaWNvIDY1IG91IHN1cGVyaW9yIGUKZGV2ZSBwYWdhciBhIHRheGEgZGUgNDIuMDAwIHplbnku,,W0FkbWluLiBkZSBtZXJjZW5hcmlvc10Kwr9RdWllcmVzIGNvbnRyYXRhciBhIHVuIG1lcmNlbmFyaW8gZGUgZ3JhZG8gNgpjb24gZXNwYWRhPwpEZWJlcyBoYWJlciBhbGNhbnphZG8KdW4gbml2ZWwgZGUgYmFzZSA2NSBvIHN1cGVyaW9yLCB5CmRlYmVzIHBhZ2FyIGxhIHRhcmlmYSBkZSA0MjAwMCB6ZW55Lg==
UXS3AQ,,W01lcmNlbmFyeSBNYW5hZ2VyXQpTbyB5b3Ugd2FudCB0byBoaXJlIGEgN3RoCkdyYWRlIFN3b3JkIE1lcmNlbmFyeT8KWW91IG5lZWQgdG8gaGF2ZSBhdHRhaW5lZApCYXNlIExldmVsIDc1IG9yIGhpZ2hlciwgYW5kCm11c3QgcGF5IHRoZSA0OSwwMDAgemVueSBmZWUu,,,,,W0dlcmVudGUgZGUgTWVyY2Vuw6FyaW9zXQpFbnTDo28gdm9jw6ogcXVlciBjb250cmF0YXIgdW0gTWVyY2Vuw6FyaW8gZGEgRXNwYWRhIGRlIDdvCkdyYXUgZGUgTWVyY2Vuw6FyaW8gZGEgRXNwYWRhPwpWb2PDqiBwcmVjaXNhIHRlciBhdGluZ2lkbyBvCk7DrXZlbCBiw6FzaWNvIDc1IG91IHN1cGVyaW9yLCBlCmRldmUgcGFnYXIgYSB0YXhhIGRlIDQ5LjAwMCB6ZW55Lg==,,W0FkbWluLiBkZSBtZXJjZW5hcmlvc10Kwr9RdWllcmVzIGNvbnRyYXRhciBhIHVuIG1lcmNlbmFyaW8gZGUgZ3JhZG8gNwpjb24gZXNwYWRhPwpEZWJlcyBoYWJlciBhbGNhbnphZG8KdW4gbml2ZWwgZGUgYmFzZSA3NSBvIHN1cGVyaW9yLCB5CmRlYmVzIHBhZ2FyIGxhIHRhcmlmYSBkZSA0OTAwMCB6ZW55Lg==
UnS3AQ,,W01lcmNlbmFyeSBNYW5hZ2VyXQpPaC4uLiBZb3VyIExveWFsdHkgcmF0aW5nCndpdGggdGhlIFN3b3JkIE1lcmNlbmFyeQpHdWlsZCBpc24ndCBoaWdoIGVub3VnaCB0bwpoaXJlIHRoaXMgTWVyY2VuYXJ5LiBQbGVhc2UKY29tZSBiYWNrIGFmdGVyIHlvdSBlYXJuCjUwIG9yIG1vcmUgTG95YWx0eSB3aXRoIHVzLg==,,,,,W0dlcmVudGUgTWVyY2Vuw6FyaW9dLgpPaC4uLiBTdWEgY2xhc3NpZmljYcOnw6NvIGRlIGxlYWxkYWRlCmNvbSBhIFN3b3JkIE1lcmNlbmFyeQpFc3BhZGEgbsOjbyDDqSBhbHRhIG8gc3VmaWNpZW50ZSBwYXJhCmNvbnRyYXRhciBlc3NlIE1lcmNlbsOhcmlvLiBQb3IgZmF2b3IKdm9sdGUgZGVwb2lzIHF1ZSB2b2PDqiBnYW5oYXIKNTAgb3UgbWFpcyBkZSBsZWFsZGFkZSBjb25vc2NvLg==,,W0FkbWluLiBkZSBtZXJjZW5hcmlvc10KT2jigKYgVHUgw61uZGljZSBkZSBMZWFsdGFkCmNvbiBlbCBHcmVtaW8gZGUgbWVyY2VuYXJpbyBjb24gZXNwYWRhCm5vIGVzIGxvIHN1ZmljaWVudGVtZW50ZSBhbHRvIHBhcmEKY29udHJhdGFyIGEgZXN0ZSBtZXJjZW5hcmlvLiBQb3IgZmF2b3IsCnJlZ3Jlc2EgZGVzcHXDqXMgZGUgb2J0ZW5lcgo1MCBwdW50b3MgZGUgTGVhbHRhZCBvIG3DoXMgY29uIG5vc290cm9zLg==
U3S3AQ,,W01lcmNlbmFyeSBNYW5hZ2VyXQpTbyB5b3Ugd2FudCB0byBoaXJlIGEgOHRoCkdyYWRlIFN3b3JkIE1lcmNlbmFyeT8KWW91IG5lZWQgdG8gaGF2ZSBhdHRhaW5lZApCYXNlIExldmVsIDg1IG9yIGhpZ2hlciwgYW5kCm11c3QgcGF5IHRoZSA1NiwwMDAgemVueSBmZWUu,,,,,W0dlcmVudGUgZGUgTWVyY2Vuw6FyaW9zXQpFbnTDo28gdm9jw6ogcXVlciBjb250cmF0YXIgdW0gTWVyY2Vuw6FyaW8gZGEgRXNwYWRhIGRlIDhvCkdyYXUgZGUgTWVyY2Vuw6FyaW8gZGEgRXNwYWRhPwpWb2PDqiBwcmVjaXNhIHRlciBhdGluZ2lkbyBvCk7DrXZlbCBiw6FzaWNvIDg1IG91IHN1cGVyaW9yIGUKZGV2ZSBwYWdhciBhIHRheGEgZGUgNTYuMDAwIHplbnku,,W0FkbWluLiBkZSBtZXJjZW5hcmlvc10Kwr9RdWllcmVzIGNvbnRyYXRhciBhIHVuIG1lcmNlbmFyaW8gZGUgZ3JhZG8gOApjb24gZXNwYWRhPwpEZWJlcyBoYWJlciBhbGNhbnphZG8KdW4gbml2ZWwgZGUgYmFzZSA4NSBvIHN1cGVyaW9yLCB5CmRlYmVzIHBhZ2FyIGxhIHRhcmlmYSBkZSA1NjAwMCB6ZW55Lg==
VHS3AQ,,W01lcmNlbmFyeSBNYW5hZ2VyXQpPaC4uLiBZb3VyIExveWFsdHkgcmF0aW5nCndpdGggdGhlIFN3b3JkIE1lcmNlbmFyeQpHdWlsZCBpc24ndCBoaWdoIGVub3VnaCB0bwpoaXJlIHRoaXMgTWVyY2VuYXJ5LiBQbGVhc2UKY29tZSBiYWNrIGFmdGVyIHlvdSBlYXJuCjEwMCBvciBtb3JlIExveWFsdHkgd2l0aCB1cy4=,,,,,W0dlcmVudGUgTWVyY2Vuw6FyaW9dLgpPaC4uLiBTdWEgY2xhc3NpZmljYcOnw6NvIGRlIGxlYWxkYWRlCmNvbSBhIFN3b3JkIE1lcmNlbmFyeQpFc3BhZGEgbsOjbyDDqSBhbHRhIG8gc3VmaWNpZW50ZSBwYXJhCmNvbnRyYXRhciBlc3NlIE1lcmNlbsOhcmlvLiBQb3IgZmF2b3IKdm9sdGUgZGVwb2lzIHF1ZSB2b2PDqiBnYW5oYXIKMTAwIG91IG1haXMgZGUgbGVhbGRhZGUgY29ub3Njby4=,,W0FkbWluLiBkZSBtZXJjZW5hcmlvc10KT2jigKYgVHUgw61uZGljZSBkZSBMZWFsdGFkCmNvbiBlbCBHcmVtaW8gZGUgbWVyY2VuYXJpbyBjb24gZXNwYWRhCm5vIGVzIGxvIHN1ZmljaWVudGVtZW50ZSBhbHRvIHBhcmEKY29udHJhdGFyIGEgZXN0ZSBtZXJjZW5hcmlvLiBQb3IgZmF2b3IsCnJlZ3Jlc2EgZGVzcHXDqXMgZGUgb2J0ZW5lcgoxMDAgcHVudG9zIGRlIExlYWx0YWQgbyBtw6FzIGNvbiBub3NvdHJvcy4=
VXS3AQ,,W01lcmNlbmFyeSBNYW5hZ2VyXQpTbyB5b3Ugd2FudCB0byBoaXJlIGEgOXRoCkdyYWRlIFN3b3JkIE1lcmNlbmFyeT8KWW91IG5lZWQgdG8gaGF2ZSBhdHRhaW5lZApCYXNlIExldmVsIDkwIG9yIGhpZ2hlciwgYW5kCm11c3QgcGF5IHRoZSA2MywwMDAgemVueSBmZWUu,,,,,W0dlcmVudGUgZGUgTWVyY2Vuw6FyaW9zXQpFbnTDo28gdm9jw6ogcXVlciBjb250cmF0YXIgdW0gTWVyY2Vuw6FyaW8gZGEgRXNwYWRhIGRlIDlvCkdyYXUgZGUgTWVyY2Vuw6FyaW8gZGEgRXNwYWRhPwpWb2PDqiBwcmVjaXNhIHRlciBhdGluZ2lkbyBvCk7DrXZlbCBiw6FzaWNvIDkwIG91IHN1cGVyaW9yIGUKZGV2ZSBwYWdhciBhIHRheGEgZGUgNjMuMDAwIHplbnku,,W0FkbWluLiBkZSBtZXJjZW5hcmlvc10Kwr9RdWllcmVzIGNvbnRyYXRhciBhIHVuIG1lcmNlbmFyaW8gZGUgZ3JhZG8gOQpjb24gZXNwYWRhPwpEZWJlcyBoYWJlciBhbGNhbnphZG8KdW4gbml2ZWwgZGUgYmFzZSA5MCBvIHN1cGVyaW9yLCB5CmRlYmVzIHBhZ2FyIGxhIHRhcmlmYSBkZSA2MzAwMCB6ZW55Lg==
VnS3AQ,,W01lcmNlbmFyeSBNYW5hZ2VyXQpPaC4uLiBZb3VyIExveWFsdHkgcmF0aW5nCndpdGggdGhlIFN3b3JkIE1lcmNlbmFyeQpHdWlsZCBpc24ndCBoaWdoIGVub3VnaCB0bwpoaXJlIHRoaXMgTWVyY2VuYXJ5LiBQbGVhc2UKY29tZSBiYWNrIGFmdGVyIHlvdSBlYXJuCjMwMCBvciBtb3JlIExveWFsdHkgd2l0aCB1cy4=,,,,,W0dlcmVudGUgTWVyY2Vuw6FyaW9dLgpPaC4uLiBTdWEgY2xhc3NpZmljYcOnw6NvIGRlIGxlYWxkYWRlCmNvbSBhIFN3b3JkIE1lcmNlbmFyeQpFc3BhZGEgbsOjbyDDqSBhbHRhIG8gc3VmaWNpZW50ZSBwYXJhCmNvbnRyYXRhciBlc3NlIE1lcmNlbsOhcmlvLiBQb3IgZmF2b3IKdm9sdGUgZGVwb2lzIHF1ZSB2b2PDqiBnYW5oYXIKMzAwIG91IG1haXMgZGUgbGVhbGRhZGUgY29ub3Njby4=,,W0FkbWluLiBkZSBtZXJjZW5hcmlvc10KT2jigKYgVHUgw61uZGljZSBkZSBMZWFsdGFkCmNvbiBlbCBHcmVtaW8gZGUgbWVyY2VuYXJpbyBjb24gZXNwYWRhCm5vIGVzIGxvIHN1ZmljaWVudGVtZW50ZSBhbHRvIHBhcmEKY29udHJhdGFyIGEgZXN0ZSBtZXJjZW5hcmlvLiBQb3IgZmF2b3IsCnJlZ3Jlc2EgZGVzcHXDqXMgZGUgb2J0ZW5lcgozMDAgcHVudG9zIGRlIExlYWx0YWQgbyBtw6FzIGNvbiBub3NvdHJvcy4=
V3S3AQ,,W01lcmNlbmFyeSBNYW5hZ2VyXQpXZWxjb21lIHRvIHRoZQpCb3cgTWVyY2VuYXJ5IEd1aWxkLgpIb3cgY2FuIEkgYmUgb2Ygc2VydmljZT8=,,,,,W0dlcmVudGUgZGUgTWVyY2Vuw6FyaW9zXQpCZW0tdmluZG8gw6AKR3VpbGRhIGRlIE1lcmNlbsOhcmlvcyBCb3cuCkVtIHF1ZSBwb3NzbyBzZXIgw7p0aWw/,,W0FkbWluLiBkZSBtZXJjZW5hcmlvc10KVGUgZGFtb3MgbGEgYmllbnZlbmlkYSBhbApHcmVtaW8gZGUgbWVyY2VuYXJpb3MgYXJxdWVyb3MuCsK/Q8OzbW8gcHVlZG8gc2VydmlydGU/
WHS3AQ,,W01lcmNlbmFyeSBNYW5hZ2VyXQpZb3Ugd2FudCB0byBoaXJlCmEgQm93IE1lcmNlbmFyeT8KV2hpY2ggR3JhZGUgd2VyZSB5b3UKaW50ZXJlc3RlZCBpbiBoaXJpbmc/,,,,,W0dlcmVudGUgTWVyY2Vuw6FyaW9dClZvY8OqIHF1ZXIgY29udHJhdGFyCnVtIE1lcmNlbsOhcmlvIGRlIEFyY28/ClF1YWwgR3JhZGUgdm9jw6ogZXN0YXZhCmludGVyZXNzYWRvIGVtIGNvbnRyYXRhcj8=,,W0FkbWluLiBkZSBtZXJjZW5hcmlvc10Kwr9RdWllcmVzIGNvbnRyYXRhciBhCnVuIG1lcmNlbmFyaW8gYXJxdWVybz8Kwr9RdcOpIGdyYWRvIHRlIGd1c3RhcsOtYQpjb250cmF0YXI/
WXS3AQ,,MXN0IEdyYWRlIEJvdyBNZXJjZW5hcnk=,,,,,TWVyY2Vuw6FyaW8gZGUgYXJjbyBkZSAxwrogZ3JhdQ==,,TWVyY2VuYXJpbyBhcnF1ZXJvIGRlIGdyYWRvIDEu
WnS3AQ,,Mm5kIEdyYWRlIEJvdyBNZXJjZW5hcnk=,,,,,TWVyY2Vuw6FyaW8gZGUgYXJjbyBkZSAywrogZ3JhdQ==,,TWVyY2VuYXJpbyBhcnF1ZXJvIGRlIGdyYWRvIDIu
W3S3AQ,,M3JkIEdyYWRlIEJvdyBNZXJjZW5hcnk=,,,,,TWVyY2Vuw6FyaW8gZGUgYXJjbyBkZSAzwrogZ3JhdQ==,,TWVyY2VuYXJpbyBhcnF1ZXJvIGRlIGdyYWRvIDMu
XHS3AQ,,NHRoIEdyYWRlIEJvdyBNZXJjZW5hcnk=,,,,,TWVyY2Vuw6FyaW8gZGUgYXJjbyBkZSA0wrogZ3JhdQ==,,TWVyY2VuYXJpbyBhcnF1ZXJvIGRlIGdyYWRvIDQu
XXS3AQ,,NXRoIEdyYWRlIEJvdyBNZXJjZW5hcnk=,,,,,TWVyY2Vuw6FyaW8gZGUgYXJjbyBkZSA1wrogZ3JhdQ==,,TWVyY2VuYXJpbyBhcnF1ZXJvIGRlIGdyYWRvIDUu
XnS3AQ,,NnRoIEdyYWRlIEJvdyBNZXJjZW5hcnk=,,,,,TWVyY2Vuw6FyaW8gZGUgYXJjbyBkZSA2wrogZ3JhdQ==,,TWVyY2VuYXJpbyBhcnF1ZXJvIGRlIGdyYWRvIDYu
X3S3AQ,,N3RoIEdyYWRlIEJvdyBNZXJjZW5hcnk=,,,,,TWVyY2Vuw6FyaW8gZGUgYXJjbyBkZSA3wrogZ3JhdQ==,,TWVyY2VuYXJpbyBhcnF1ZXJvIGRlIGdyYWRvIDcu
YHS3AQ,,OHRoIEdyYWRlIEJvdyBNZXJjZW5hcnk=,,,,,TWVyY2Vuw6FyaW8gZGUgYXJjbyBkZSA4wrogZ3JhdQ==,,TWVyY2VuYXJpbyBhcnF1ZXJvIGRlIGdyYWRvIDgu
YXS3AQ,,OXRoIEdyYWRlIEJvdyBNZXJjZW5hcnk=,,,,,TWVyY2Vuw6FyaW8gZGUgYXJjbyBkbyA5wrogYW5v,,TWVyY2VuYXJpbyBhcnF1ZXJvIGRlIGdyYWRvIDku
YnS3AQ,,W01lcmNlbmFyeSBNYW5hZ2VyXQpTbyB5b3Ugd2FudCB0byBoaXJlIGEKMXN0IEdyYWRlIEJvdyBNZXJjZW5hcnk/CllvdSBuZWVkIHRvIGhhdmUgYXR0YWluZWQKQmFzZSBMZXZlbCAxNSBvciBoaWdoZXIsIGFuZAptdXN0IHBheSB0aGUgNywwMDAgemVueSBmZWUu,,,,,W0dlcmVudGUgZGUgTWVyY2Vuw6FyaW9zXQpFbnTDo28gdm9jw6ogcXVlciBjb250cmF0YXIgdW0KTWVyY2Vuw6FyaW8gZGUgQXJjbyBkZSAxwrogR3JhdT8KVm9jw6ogcHJlY2lzYSB0ZXIgYXRpbmdpZG8gbwpOw612ZWwgYsOhc2ljbyAxNSBvdSBzdXBlcmlvciBlCmRldmUgcGFnYXIgYSB0YXhhIGRlIDcuMDAwIHplbnku,,W0FkbWluLiBkZSBtZXJjZW5hcmlvc10Kwr9RdWllcmVzIGNvbnRyYXRhciBhIHVuCm1lcmNlbmFyaW8gYXJxdWVybyBkZSBncmFkbyAxPwpEZWJlcyBoYWJlciBhbGNhbnphZG8KdW4gbml2ZWwgZGUgYmFzZSAxNSBvIHN1cGVyaW9yLCB5CmRlYmVzIHBhZ2FyIGxhIHRhcmlmYSBkZSA3MDAwIHplbnku
Y3S3AQ,,W01lcmNlbmFyeSBNYW5hZ2VyXQpTbyB5b3Ugd2FudCB0byBoaXJlIGEKMm5kIEdyYWRlIEJvdyBNZXJjZW5hcnk/CllvdSBuZWVkIHRvIGhhdmUgYXR0YWluZWQKQmFzZSBMZXZlbCAyNSBvciBoaWdoZXIsIGFuZAptdXN0IHBheSB0aGUgMTQsMDAwIHplbnkgZmVlLg==,,,,,W0dlcmVudGUgTWVyY2Vuw6FyaW9dCkVudMOjbyB2b2PDqiBxdWVyIGNvbnRyYXRhciB1bQpNZXJjZW7DoXJpbyBkZSBBcmNvIGRlIDLCuiBHcmF1PwpWb2PDqiBwcmVjaXNhIHRlciBhdGluZ2lkbyBvCk7DrXZlbCBiw6FzaWNvIDI1IG91IHN1cGVyaW9yIGUKZGV2ZSBwYWdhciBhIHRheGEgZGUgMTQuMDAwIHplbnku,,W0FkbWluLiBkZSBtZXJjZW5hcmlvc10Kwr9RdWllcmVzIGNvbnRyYXRhciBhIHVuCm1lcmNlbmFyaW8gYXJxdWVybyBkZSBncmFkbyAyPwpEZWJlcyBoYWJlciBhbGNhbnphZG8KdW4gbml2ZWwgZGUgYmFzZSAyNSBvIHN1cGVyaW9yLCB5CmRlYmVzIHBhZ2FyIGxhIHRhcmlmYSBkZSAxNDAwMCB6ZW55Lg==
ZHS3AQ,,W01lcmNlbmFyeSBNYW5hZ2VyXQpTbyB5b3Ugd2FudCB0byBoaXJlIGEKM3JkIEdyYWRlIEJvdyBNZXJjZW5hcnk/CllvdSBuZWVkIHRvIGhhdmUgYXR0YWluZWQKQmFzZSBMZXZlbCAzNSBvciBoaWdoZXIsIGFuZAptdXN0IHBheSB0aGUgMjEsMDAwIHplbnkgZmVlLg==,,,,,W0dlcmVudGUgZGUgTWVyY2Vuw6FyaW9zXQpFbnTDo28gdm9jw6ogcXVlciBjb250cmF0YXIgdW0KTWVyY2Vuw6FyaW8gZGUgQXJjbyBkZSAzwrogR3JhdT8KVm9jw6ogcHJlY2lzYSB0ZXIgYXRpbmdpZG8gbwpOw612ZWwgYsOhc2ljbyAzNSBvdSBzdXBlcmlvciwgZQpkZXZlIHBhZ2FyIGEgdGF4YSBkZSAyMS4wMDAgemVueS4=,,W0FkbWluLiBkZSBtZXJjZW5hcmlvc10Kwr9RdWllcmVzIGNvbnRyYXRhciBhIHVuCm1lcmNlbmFyaW8gYXJxdWVybyBkZSBncmFkbyAzPwpEZWJlcyBoYWJlciBhbGNhbnphZG8KdW4gbml2ZWwgZGUgYmFzZSAzNSBvIHN1cGVyaW9yLCB5CmRlYmVzIHBhZ2FyIGxhIHRhcmlmYSBkZSAyMTAwMCB6ZW55Lg==
ZXS3AQ,,W01lcmNlbmFyeSBNYW5hZ2VyXQpTbyB5b3Ugd2FudCB0byBoaXJlIGEKNHRoIEdyYWRlIEJvdyBNZXJjZW5hcnk/CllvdSBuZWVkIHRvIGhhdmUgYXR0YWluZWQKQmFzZSBMZXZlbCA0NSBvciBoaWdoZXIsIGFuZAptdXN0IHBheSB0aGUgMjgsMDAwIHplbnkgZmVlLg==,,,,,W0dlcmVudGUgZGUgTWVyY2Vuw6FyaW9zXQpFbnTDo28gdm9jw6ogcXVlciBjb250cmF0YXIgdW0KTWVyY2Vuw6FyaW8gZGUgQXJjbyBkZSA0wrogR3JhdT8KVm9jw6ogcHJlY2lzYSB0ZXIgYXRpbmdpZG8gbwpOw612ZWwgYsOhc2ljbyA0NSBvdSBzdXBlcmlvciBlCmRldmUgcGFnYXIgYSB0YXhhIGRlIDI4LjAwMCB6ZW55Lg==,,W0FkbWluLiBkZSBtZXJjZW5hcmlvc10Kwr9RdWllcmVzIGNvbnRyYXRhciBhIHVuCm1lcmNlbmFyaW8gYXJxdWVybyBkZSBncmFkbyA0PwpEZWJlcyBoYWJlciBhbGNhbnphZG8KdW4gbml2ZWwgZGUgYmFzZSA0NSBvIHN1cGVyaW9yLCB5CmRlYmVzIHBhZ2FyIGxhIHRhcmlmYSBkZSAyODAwMCB6ZW55Lg==
ZnS3AQ,,W01lcmNlbmFyeSBNYW5hZ2VyXQpTbyB5b3Ugd2FudCB0byBoaXJlIGEKNXRoIEdyYWRlIEJvdyBNZXJjZW5hcnk/CllvdSBuZWVkIHRvIGhhdmUgYXR0YWluZWQKQmFzZSBMZXZlbCA1NSBvciBoaWdoZXIsIGFuZAptdXN0IHBheSB0aGUgMzUsMDAwIHplbnkgZmVlLg==,,,,,W0dlcmVudGUgTWVyY2Vuw6FyaW9dCkVudMOjbyB2b2PDqiBxdWVyIGNvbnRyYXRhciB1bQpNZXJjZW7DoXJpbyBkZSBBcmNvIGRlIDXCuiBHcmF1PwpWb2PDqiBwcmVjaXNhIHRlciBhdGluZ2lkbyBvCk7DrXZlbCBiw6FzaWNvIDU1IG91IHN1cGVyaW9yIGUKZGV2ZSBwYWdhciBhIHRheGEgZGUgMzUuMDAwIHplbnku,,W0FkbWluLiBkZSBtZXJjZW5hcmlvc10Kwr9RdWllcmVzIGNvbnRyYXRhciBhIHVuCm1lcmNlbmFyaW8gYXJxdWVybyBkZSBncmFkbyA1PwpEZWJlcyBoYWJlciBhbGNhbnphZG8KdW4gbml2ZWwgZGUgYmFzZSA1NSBvIHN1cGVyaW9yLCB5CmRlYmVzIHBhZ2FyIGxhIHRhcmlmYSBkZSAzNTAwMCB6ZW55Lg==
Z3S3AQ,,W01lcmNlbmFyeSBNYW5hZ2VyXQpTbyB5b3Ugd2FudCB0byBoaXJlIGEKNnRoIEdyYWRlIEJvdyBNZXJjZW5hcnk/CllvdSBuZWVkIHRvIGhhdmUgYXR0YWluZWQKQmFzZSBMZXZlbCA2NSBvciBoaWdoZXIsIGFuZAptdXN0IHBheSB0aGUgNDIsMDAwIHplbnkgZmVlLg==,,,,,W0dlcmVudGUgTWVyY2Vuw6FyaW9dCkVudMOjbyB2b2PDqiBxdWVyIGNvbnRyYXRhciB1bQpNZXJjZW7DoXJpbyBkZSBBcmNvIGRlIDbCuiBHcmF1PwpWb2PDqiBwcmVjaXNhIHRlciBhdGluZ2lkbyBvCk7DrXZlbCBiw6FzaWNvIDY1IG91IHN1cGVyaW9yIGUKZGV2ZSBwYWdhciBhIHRheGEgZGUgNDIuMDAwIHplbnku,,W0FkbWluLiBkZSBtZXJjZW5hcmlvc10Kwr9RdWllcmVzIGNvbnRyYXRhciBhIHVuCm1lcmNlbmFyaW8gYXJxdWVybyBkZSBncmFkbyA2PwpEZWJlcyBoYWJlciBhbGNhbnphZG8KdW4gbml2ZWwgZGUgYmFzZSA2NSBvIHN1cGVyaW9yLCB5CmRlYmVzIHBhZ2FyIGxhIHRhcmlmYSBkZSA0MjAwMCB6ZW55Lg==
aHS3AQ,,W01lcmNlbmFyeSBNYW5hZ2VyXQpTbyB5b3Ugd2FudCB0byBoaXJlIGEKN3RoIEdyYWRlIEJvdyBNZXJjZW5hcnk/CllvdSBuZWVkIHRvIGhhdmUgYXR0YWluZWQKQmFzZSBMZXZlbCA3NSBvciBoaWdoZXIsIGFuZAptdXN0IHBheSB0aGUgNDksMDAwIHplbnkgZmVlLg==,,,,,W0dlcmVudGUgTWVyY2Vuw6FyaW9dCkVudMOjbyB2b2PDqiBxdWVyIGNvbnRyYXRhciB1bQpNZXJjZW7DoXJpbyBkbyBBcmNvIGRlIDfCuiBHcmF1PwpWb2PDqiBwcmVjaXNhIHRlciBhdGluZ2lkbyBvCk7DrXZlbCBCw6FzaWNvIDc1IG91IHN1cGVyaW9yLCBlCmRldmUgcGFnYXIgYSB0YXhhIGRlIDQ5LjAwMCB6ZW55Lg==,,W0FkbWluLiBkZSBtZXJjZW5hcmlvc10Kwr9RdWllcmVzIGNvbnRyYXRhciBhIHVuCm1lcmNlbmFyaW8gYXJxdWVybyBkZSBncmFkbyA3PwpEZWJlcyBoYWJlciBhbGNhbnphZG8KdW4gbml2ZWwgZGUgYmFzZSA3NSBvIHN1cGVyaW9yLCB5CmRlYmVzIHBhZ2FyIGxhIHRhcmlmYSBkZSA0OTAwMCB6ZW55Lg==
aXS3AQ,,W01lcmNlbmFyeSBNYW5hZ2VyXQpJJ20gc29ycnksIGJ1dCB5b3VyCkxveWFsdHkgcmF0aW5nIGlzIHRvbwpsb3cgdG8gaGlyZSB0aGlzIEJvdwpNZXJjZW5hcnkuIENvbWUgYmFjawphZ2FpbiB3aGVuIHlvdSBoYXZlCjUwIExveWFsdHkgb3IgbW9yZS4=,,,,,W0dlcmVudGUgTWVyY2Vuw6FyaW9dLgpTaW50byBtdWl0bywgbWFzIHNldQrDrW5kaWNlIGRlIGxlYWxkYWRlIMOpIG11aXRvCmJhaXhvIGRlbWFpcyBwYXJhIGNvbnRyYXRhciBlc3NlIEJvdwpNZXJjZW7DoXJpby4gVm9sdGUKbm92YW1lbnRlIHF1YW5kbyB2b2PDqiB0aXZlcgo1MCBMb3lhbHR5IG91IG1haXMu,,W0FkbWluLiBkZSBtZXJjZW5hcmlvc10KTG8gc2llbnRvLCBwZXJvCnR1IMOtbmRpY2UgZGUgTGVhbHRhZCBlcwpkZW1hc2lhZG8gYmFqbyBwYXJhIGNvbnRyYXRhciBhIGVzdGUgbWVyY2VuYXJpbwphcnF1ZXJvLiBWdWVsdmUKY3VhbmRvIHRlbmdhcwo1MCBwdW50b3MgZGUgTGVhbHRhZCBvIG3DoXMu
anS3AQ,,W01lcmNlbmFyeSBNYW5hZ2VyXQpTbyB5b3Ugd2FudCB0byBoaXJlIGEKOHRoIEdyYWRlIEJvdyBNZXJjZW5hcnk/CllvdSBuZWVkIHRvIGhhdmUgYXR0YWluZWQKQmFzZSBMZXZlbCA4NSBvciBoaWdoZXIsIGFuZAptdXN0IHBheSB0aGUgNTYsMDAwIHplbnkgZmVlLg==,,,,,W0dlcmVudGUgTWVyY2Vuw6FyaW9dCkVudMOjbyB2b2PDqiBxdWVyIGNvbnRyYXRhciB1bQpNZXJjZW7DoXJpbyBkbyBBcmNvIGRlIDjCuiBHcmF1PwpWb2PDqiBwcmVjaXNhIHRlciBhdGluZ2lkbyBvCk7DrXZlbCBiw6FzaWNvIDg1IG91IHN1cGVyaW9yIGUKZGV2ZSBwYWdhciBhIHRheGEgZGUgNTYuMDAwIHplbnku,,W0FkbWluLiBkZSBtZXJjZW5hcmlvc10Kwr9RdWllcmVzIGNvbnRyYXRhciBhIHVuCm1lcmNlbmFyaW8gYXJxdWVybyBkZSBncmFkbyA4PwpEZWJlcyBoYWJlciBhbGNhbnphZG8KdW4gbml2ZWwgZGUgYmFzZSA4NSBvIHN1cGVyaW9yLCB5CmRlYmVzIHBhZ2FyIGxhIHRhcmlmYSBkZSA1NjAwMCB6ZW55Lg==
a3S3AQ,,W01lcmNlbmFyeSBNYW5hZ2VyXQpJJ20gc29ycnksIGJ1dCB5b3VyCkxveWFsdHkgcmF0aW5nIGlzIHRvbwpsb3cgdG8gaGlyZSB0aGlzIEJvdwpNZXJjZW5hcnkuIENvbWUgYmFjawphZ2FpbiB3aGVuIHlvdSBoYXZlCjEwMCBMb3lhbHR5IG9yIG1vcmUu,,,,,W0dlcmVudGUgTWVyY2Vuw6FyaW9dLgpTaW50byBtdWl0bywgbWFzIHNldQrDrW5kaWNlIGRlIGxlYWxkYWRlIMOpIG11aXRvCmJhaXhvIGRlbWFpcyBwYXJhIGNvbnRyYXRhciBlc3NlIEJvdwpNZXJjZW7DoXJpby4gVm9sdGUKbm92YW1lbnRlIHF1YW5kbyB2b2PDqiB0aXZlcgoxMDAgTG95YWx0eSBvdSBtYWlzLg==,,W0FkbWluLiBkZSBtZXJjZW5hcmlvc10KTG8gc2llbnRvLCBwZXJvCnR1IMOtbmRpY2UgZGUgTGVhbHRhZCBlcwpkZW1hc2lhZG8gYmFqbyBwYXJhIGNvbnRyYXRhciBhIGVzdGUgbWVyY2VuYXJpbwphcnF1ZXJvLiBWdWVsdmUKY3VhbmRvIHRlbmdhcwoxMDAgcHVudG9zIGRlIExlYWx0YWQgbyBtw6FzLg==
bHS3AQ,,W01lcmNlbmFyeSBNYW5hZ2VyXQpTbyB5b3Ugd2FudCB0byBoaXJlIGEKOXRoIEdyYWRlIEJvdyBNZXJjZW5hcnk/CllvdSBuZWVkIHRvIGhhdmUgYXR0YWluZWQKQmFzZSBMZXZlbCA5MCBvciBoaWdoZXIsIGFuZAptdXN0IHBheSB0aGUgNjMsMDAwIHplbnkgZmVlLg==,,,,,W0dlcmVudGUgTWVyY2Vuw6FyaW9dCkVudMOjbyB2b2PDqiBxdWVyIGNvbnRyYXRhciB1bQpNZXJjZW7DoXJpbyBkbyBBcmNvIGRvIDnCuiBHcmF1PwpWb2PDqiBwcmVjaXNhIHRlciBhdGluZ2lkbyBvCk7DrXZlbCBiw6FzaWNvIDkwIG91IHN1cGVyaW9yIGUKZGV2ZSBwYWdhciBhIHRheGEgZGUgNjMuMDAwIHplbnku,,W0FkbWluLiBkZSBtZXJjZW5hcmlvc10Kwr9RdWllcmVzIGNvbnRyYXRhciBhIHVuCm1lcmNlbmFyaW8gYXJxdWVybyBkZSBncmFkbyA5PwpEZWJlcyBoYWJlciBhbGNhbnphZG8KdW4gbml2ZWwgZGUgYmFzZSA5MCBvIHN1cGVyaW9yLCB5CmRlYmVzIHBhZ2FyIGxhIHRhcmlmYSBkZSA2MzAwMCB6ZW55Lg==
bXS3AQ,,W01lcmNlbmFyeSBNYW5hZ2VyXQpJJ20gc29ycnksIGJ1dCB5b3VyCkxveWFsdHkgcmF0aW5nIGlzIHRvbwpsb3cgdG8gaGlyZSB0aGlzIEJvdwpNZXJjZW5hcnkuIENvbWUgYmFjawphZ2FpbiB3aGVuIHlvdSBoYXZlCjMwMCBMb3lhbHR5IG9yIG1vcmUu,,,,,W0dlcmVudGUgTWVyY2Vuw6FyaW9dLgpTaW50byBtdWl0bywgbWFzIHNldQrDrW5kaWNlIGRlIGxlYWxkYWRlIMOpIG11aXRvCmJhaXhvIGRlbWFpcyBwYXJhIGNvbnRyYXRhciBlc3NlIEJvdwpNZXJjZW7DoXJpby4gVm9sdGUKbm92YW1lbnRlIHF1YW5kbyB2b2PDqiB0aXZlcgozMDAgTG95YWx0eSBvdSBtYWlzLg==,,W0FkbWluLiBkZSBtZXJjZW5hcmlvc10KTG8gc2llbnRvLCBwZXJvCnR1IMOtbmRpY2UgZGUgTGVhbHRhZCBlcwpkZW1hc2lhZG8gYmFqbyBwYXJhIGNvbnRyYXRhciBhIGVzdGUgbWVyY2VuYXJpbwphcnF1ZXJvLiBWdWVsdmUKY3VhbmRvIHRlbmdhcwozMDAgcHVudG9zIGRlIExlYWx0YWQgbyBtw6FzLg==
bnS3AQ,,TWVyY2VuYXJ5IE1lcmNoYW50,,,,,TWVyY2Vuw6FyaW8gTWVyY2FudGU=,,TWVyY2VuYXJ5IE1lcmNoYW50
b3S3AQ,,W01lcmNlbmFyeSBHb29kcyBNZXJjaGFudF0KSGVsbG8sIEkgc2VsbCBnb29kcwp0aGF0IE1lcmNlbmFyaWVzIGNhbgp1c2UuIElzIHRoZXJlIGFueXRoaW5nCmluIHBhcnRpY3VsYXIgdGhhdAp5b3UncmUgbG9va2luZyBmb3I/,,,,,W01lcmNhZG9yIGRlIE1lcmNhZG9yaWFzIE1lcmNlbsOhcmlhc10KT2zDoSwgZXUgdmVuZG8gbWVyY2Fkb3JpYXMKcXVlIG9zIE1lcmNlbsOhcmlvcyBwb2RlbQp1c2FyLiBIw6EgYWxndW1hIGNvaXNhCmVtIHBhcnRpY3VsYXIgcXVlCnZvY8OqIGVzdMOhIHByb2N1cmFuZG8/,,W0NvbWVyY2lhbnRlIG1lcmNlbmFyaW9dCkhvbGEsIHZlbmRvIHByb2R1Y3RvcwpxdWUgbG9zIG1lcmNlbmFyaW9zIHB1ZWRlbgp1c2FyLiDCv0hheSBhbGdvCmVuIHBhcnRpY3VsYXIKcXVlIGVzdMOpcyBidXNjYW5kbz8=
cHS3AQ,,TWVyY2VuYXJ5IFJlZCBQb3Rpb24=,,,,,UG/Dp8OjbyB2ZXJtZWxoYSBtZXJjZW7DoXJpYQ==,,UG9jacOzbiByb2phIHBhcmEgbWVyY2VuYXJpb3M=
cXS3AQ,,TWVyY2VuYXJ5IEJsdWUgUG90aW9u,,,,,UG/Dp8OjbyBhenVsIG1lcmNlbsOhcmlh,,UG9jacOzbiBhenVsIHBhcmEgbWVyY2VuYXJpb3M=
cnS3AQ,,TWVyY2VuYXJ5IENvbmNlbnRyYXRpb24gUG90aW9u,,,,,UG/Dp8OjbyBkZSBjb25jZW50cmHDp8OjbyBkZSBtZXJjZW7DoXJpb3M=,,UG9jacOzbiBkZSBjb25jZW50cmFjacOzbiBwYXJhIG1lcmNlbmFyaW9z
c3S3AQ,,TWVyY2VuYXJ5IEF3YWtlbmluZyBQb3Rpb24=,,,,,UG/Dp8OjbyBkbyBEZXNwZXJ0YXIgZG8gTWVyY2Vuw6FyaW8=,,UG9jacOzbiBwYXJhIGRlc3BlcnRhciBwYXJhIG1lcmNlbmFyaW9z
dHS3AQ,,TWVyY2VuYXJ5IEJlcnNlcmsgUG90aW9u,,,,,UG/Dp8OjbyBNZXJjZW7DoXJpYSBCZXJzZXJr,,UG9jacOzbiBiZXJzZXJrIHBhcmEgbWVyY2VuYXJpb3M=
dXS3AQ,,W01lcmNlbmFyeSBHb29kcyBNZXJjaGFudF0KTWVyY2VuYXJ5IFJlZCBQb3Rpb25zCmVhY2ggY29zdCAxLDc1MCB6ZW55LgpIb3cgbWFueSB3b3VsZCB5b3UgbGlrZT8=,,,,,W01lcmNhZG9yIGRlIE1lcmNhZG9yaWFzIE1lcmNlbsOhcmlhc10KUG/Dp8O1ZXMgdmVybWVsaGFzIG1lcmNlbsOhcmlhcwpjYWRhIHVtYSBjdXN0YSAxLjc1MCB6ZW55LgpRdWFudGFzIHZvY8OqIGdvc3RhcmlhIGRlIHJlY2ViZXI/,,W0NvbWVyY2lhbnRlIG1lcmNlbmFyaW9dCkxhcyBQb2Npb25lcyByb2phcyBwYXJhIG1lcmNlbmFyaW9zCmN1ZXN0YW4gMTc1MCB6ZW55IHBvciB1bmlkYWQuCsK/Q3XDoW50YXMgcXVpZXJlcz8=
dnS3AQ,,W01lcmNlbmFyeSBHb29kcyBNZXJjaGFudF0KSSdtIHNvcnJ5LCBidXQgeW91IGRvbid0CmhhdmUgZW5vdWdoIHplbnkgZm9yIHRoaXMKbWFueSBwb3Rpb25zLiBXZWxsLCBJJ2xsIGJlCmJlIGhlcmUgd2hlbiB5b3UncmUgcmVhZHkKdG8gcHVyY2hhc2Ugc29tZXRoaW5nCmZvciB5b3VyIE1lcmNlbmFyaWVzLg==,,,,,W01lcmNhZG9yIGRlIE1lcmNhZG9yaWFzIE1lcmNlbsOhcmlhc10uClNpbnRvIG11aXRvLCBtYXMgdm9jw6ogbsOjbyB0ZW0KdGVtIHplbnkgc3VmaWNpZW50ZSBwYXJhIGVzc2EKdGFudGFzIHBvw6fDtWVzLiBCZW0sIGV1IGVzdGFyZWkKZXN0YXJlaSBhcXVpIHF1YW5kbyB2b2PDqiBlc3RpdmVyIHByb250bwpwYXJhIGNvbXByYXIgYWxnbwpwYXJhIHNldXMgTWVyY2Vuw6FyaW9zLg==,,W0NvbWVyY2lhbnRlIG1lcmNlbmFyaW9dCkxvIHNpZW50bywgcGVybyBubwp0aWVuZXMgc3VmaWNpZW50ZXMgemVueSBwYXJhCnRvZGFzIGVzdGFzIHBvY2lvbmVzLiBCdWVubywgZXN0YXLDqSAKYXF1w60gY3VhbmRvIHB1ZWRhcwpjb21wcmFyIGFsZ28KcGFyYSB0dXMgbWVyY2VuYXJpb3Mu
d3S3AQ,,W01lcmNlbmFyeSBHb29kcyBNZXJjaGFudF0KWW91J3JlIGNhcnJ5aW5nIHRvbyBtYW55Cml0ZW1zIGluIHlvdXIgSW52ZW50b3J5IG5vdy4KZnJlZSB1cCBtb3JlIHNwYWNlIHNvIHlvdQpjYW4gY2Fycnkgd2hhdCB5b3UgcHVyY2hhc2Uu,,,,,W01lcmNhZG9yIGRlIE1lcmNhZG9yaWFzIE1lcmNlbsOhcmlhc10KVm9jw6ogZXN0w6EgY2FycmVnYW5kbyBtdWl0b3MKaXRlbnMgZW0gc2V1IGludmVudMOhcmlvIGFnb3JhLgpsaWJlcmUgbWFpcyBlc3Bhw6dvIHBhcmEgcXVlIHZvY8OqCnBvc3NhIGNhcnJlZ2FyIG8gcXVlIHZvY8OqIGNvbXByYXIu,,W0NvbWVyY2lhbnRlIG1lcmNlbmFyaW9dCkxsZXZhcyBkZW1hc2lhZG9zCm9iamV0b3MgZW4gdHUgaW52ZW50YXJpby4KTGliZXJhIG3DoXMgZXNwYWNpbyBwYXJhIHF1ZQpwdWVkYXMgbGxldmFyIGxvIHF1ZSBjb21wcmVzLg==
eHS3AQ,,W01lcmNlbmFyeSBHb29kcyBNZXJjaGFudF0KSWYgSSBnYXZlIHlvdSB0aGF0IG1hbnkKcG90aW9ucywgeW91IHdvdWxkbid0IGJlCmFibGUgdG8gY2FycnkgdGhlbSB3aXRoIHlvdS4KUGxlYXNlIGNvbWUgYmFjayBhZnRlcgp5b3UgZnJlZSB1cCBzb21lIHNwYWNlCmluIHlvdXIgSW52ZW50b3J5Lg==,,,,,W01lcmNhZG9yIGRlIE1lcmNhZG9yaWFzIE1lcmNlbsOhcmlhc10uClNlIGV1IGxoZSBkZXNzZSB0YW50YXMKcG/Dp8O1ZXMsIHZvY8OqIG7Do28gY29uc2VndWlyaWEKY2FwYXogZGUgY2FycmVnw6EtbGFzIGNvbSB2b2PDqi4KUG9yIGZhdm9yLCB2b2x0ZSBkZXBvaXMgcXVlCnZvY8OqIGxpYmVyYXIgYWxndW0gZXNwYcOnbwplbSBzZXUgaW52ZW50w6FyaW8u,,W0NvbWVyY2lhbnRlIG1lcmNlbmFyaW9dClNpIHRlIGRpZXJhIHRhbnRhcwpwb2Npb25lcywgbm8gcG9kcsOtYXMKbGxldmFybGFzIGNvbnRpZ28uClZ1ZWx2ZSBsdWVnbyBkZQpsaWJlcmFyIGFsZ28gZGUgZXNwYWNpbwplbiB0dSBpbnZlbnRhcmlvLg==
eXS3AQ,,W01lcmNlbmFyeSBHb29kcyBNZXJjaGFudF0KSGVyZSdzIHt9IE1lcmNlbmFyeQpSZWQgUG90aW9uIGZvciB5b3UuIFRoYW5rIHlvdSwKYW5kIHBsZWFzZSBjb21lIGFnYWluIHdoZW4KeW91IG5lZWQgbW9yZSBwb3Rpb25zCmZvciB5b3VyIE1lcmNlbmFyaWVzLg==,,,,,W01lcmNhZG9yIGRlIE1lcmNhZG9yaWFzIE1lcmNlbsOhcmlhc10KQXF1aSBlc3TDoSB7fSBNZXJjZW7DoXJpbwpQb8Onw6NvIFZlcm1lbGhhIHBhcmEgdm9jw6ouIE9icmlnYWRvLAplLCBwb3IgZmF2b3IsIHZvbHRlIHF1YW5kbwp2b2PDqiBwcmVjaXNhciBkZSBtYWlzIHBvw6fDtWVzCnBhcmEgc2V1cyBNZXJjZW7DoXJpb3Mu,,W0NvbWVyY2lhbnRlIG1lcmNlbmFyaW9dCkFxdcOtIHRpZW5lcyB1bmEge30KUG9jacOzbiByb2phIHBhcmEgbWVyY2VuYXJpby4gR3JhY2lhcwp5LCBwb3IgZmF2b3IsIHZ1ZWx2ZSBjdWFuZG8KbmVjZXNpdGVzIG3DoXMgcG9jaW9uZXMuCnBhcmEgdHVzIG1lcmNlbmFyaW9zLg==
enS3AQ,,W01lcmNlbmFyeSBHb29kcyBNZXJjaGFudF0KTWVyY2VuYXJ5IEJsdWUgUG90aW9ucwplYWNoIGNvc3QgMyw1MDAgemVueS4KSG93IG1hbnkgd291bGQgeW91IGxpa2U/,,,,,W01lcmNlbsOhcmlvIE1lcmNhZG9yIGRlIE1lcmNhZG9yaWFzXS4KUG/Dp8O1ZXMgYXp1aXMgbWVyY2Vuw6FyaWFzCmNhZGEgdW1hIGN1c3RhIDMuNTAwIHplbnkuClF1YW50YXMgdm9jw6ogZ29zdGFyaWEgZGUgcmVjZWJlcj8=,,W0NvbWVyY2lhbnRlIG1lcmNlbmFyaW9dCkxhcyBQb2Npb25lcyBhenVsZXMgcGFyYSBtZXJjZW5hcmlvcwpjdWVzdGFuIDM1MDAgemVueSBwb3IgdW5pZGFkLgrCv0N1w6FudGFzIHF1aWVyZXM/
e3S3AQ,,W01lcmNlbmFyeSBHb29kcyBNZXJjaGFudF0KSGVyZSdzIHt9IE1lcmNlbmFyeQpCbHVlIFBvdGlvbiBmb3IgeW91LiBUaGFuayB5b3UsCmFuZCBwbGVhc2UgY29tZSBhZ2FpbiB3aGVuCnlvdSBuZWVkIG1vcmUgcG90aW9ucwpmb3IgeW91ciBNZXJjZW5hcmllcy4=,,,,,W01lcmNhZG9yIGRlIE1lcmNhZG9yaWFzIE1lcmNlbsOhcmlhc10KQXF1aSBlc3TDoSB7fSBNZXJjZW7DoXJpbwpQb8Onw6NvIEF6dWwgcGFyYSB2b2PDqi4gT2JyaWdhZG8sCmUsIHBvciBmYXZvciwgdm9sdGUgcXVhbmRvCnZvY8OqIHByZWNpc2FyIGRlIG1haXMgcG/Dp8O1ZXMKcGFyYSBzZXVzIE1lcmNlbsOhcmlvcy4=,,W0NvbWVyY2lhbnRlIG1lcmNlbmFyaW9dCkFxdcOtIHRpZW5lcyB1bmEge30KUG9jacOzbiBhenVsIHBhcmEgbWVyY2VuYXJpby4gR3JhY2lhcwp5LCBwb3IgZmF2b3IsIHZ1ZWx2ZSBjdWFuZG8KbmVjZXNpdGVzIG3DoXMgcG9jaW9uZXMuCnBhcmEgdHVzIG1lcmNlbmFyaW9zLg==
fHS3AQ,,W01lcmNlbmFyeSBHb29kcyBNZXJjaGFudF0KTWVyY2VuYXJ5IENvbmNlbnRyYXRpb24KUG90aW9ucyBlYWNoIGNvc3QgNTYwIHplbnkuCkhvdyBtYW55IHdvdWxkIHlvdSBsaWtlPw==,,,,,W01lcmNlbsOhcmlvIE1lcmNhZG9yIGRlIE1lcmNhZG9yaWFzXQpDb25jZW50cmHDp8OjbyBkZSBtZXJjZW7DoXJpb3MKQXMgcG/Dp8O1ZXMgY3VzdGFtIDU2MCB6ZW55IGNhZGEuClF1YW50YXMgdm9jw6ogZ29zdGFyaWEgZGUgcmVjZWJlcj8=,,W0NvbWVyY2lhbnRlIG1lcmNlbmFyaW9dCkxhcyBQb2Npb25lcyBkZSBjb25jZW50cmFjacOzbiBwYXJhIG1lcmNlbmFyaW9zCmN1ZXN0YW4gNTYwIHplbnkgcG9yIHVuaWRhZC4Kwr9DdcOhbnRhcyBxdWllcmVzPw==
fXS3AQ,,W01lcmNlbmFyeSBHb29kcyBNZXJjaGFudF0KSGVyZSdzIHt9IE1lcmNlbmFyeQpDb25jZW50cmF0aW9uIFBvdGlvbiBmb3IgeW91LgpUaGFuayB5b3UsCmFuZCBwbGVhc2UgY29tZSBhZ2FpbiB3aGVuCnlvdSBuZWVkIG1vcmUgcG90aW9ucwpmb3IgeW91ciBNZXJjZW5hcmllcy4=,,,,,W01lcmNhZG9yIGRlIE1lcmNhZG9yaWFzIE1lcmNlbsOhcmlhc10KQXF1aSBlc3TDoSB7fSBNZXJjZW7DoXJpbwpQb8Onw6NvIGRlIGNvbmNlbnRyYcOnw6NvIHBhcmEgdm9jw6ouCk9icmlnYWRvLAplLCBwb3IgZmF2b3IsIHZvbHRlIHF1YW5kbwpwcmVjaXNhciBkZSBtYWlzIHBvw6fDtWVzCnBhcmEgc2V1cyBNZXJjZW7DoXJpb3Mu,,W0NvbWVyY2lhbnRlIG1lcmNlbmFyaW9dCkFxdcOtIHRpZW5lcyB1bmEge30KUG9jacOzbiBkZSBjb25jZW50cmFjacOzbi4KR3JhY2lhcwp5LCBwb3IgZmF2b3IsIHZ1ZWx2ZSBjdWFuZG8KbmVjZXNpdGVzIG3DoXMgcG9jaW9uZXMuCnBhcmEgdHVzIG1lcmNlbmFyaW9zLg==
fnS3AQ,,W01lcmNlbmFyeSBHb29kcyBNZXJjaGFudF0KTWVyY2VuYXJ5IEF3YWtlbmluZwpQb3Rpb25zIGVhY2ggY29zdCAxLDA1MCB6ZW55LgpIb3cgbWFueSB3b3VsZCB5b3UgbGlrZT8=,,,,,W01lcmNhZG9yIGRlIE1lcmNhZG9yaWFzIE1lcmNlbsOhcmlhc10KRGVzcGVydGFyIGRvIE1lcmNlbsOhcmlvCkFzIHBvw6fDtWVzIGN1c3RhbSAxLjA1MCB6ZW55IGNhZGEuClF1YW50YXMgdm9jw6ogZ29zdGFyaWEgZGUgcmVjZWJlcj8=,,W0NvbWVyY2lhbnRlIG1lcmNlbmFyaW9dCkxhcyBQb2Npb25lcyBkZSBkZXNwZXJ0YXIgcGFyYSBtZXJjZW5hcmlvcwpjdWVzdGFuIDEwNTAgemVueSBwb3IgdW5pZGFkLgrCv0N1w6FudGFzIHF1aWVyZXM/
f3S3AQ,,W01lcmNlbmFyeSBHb29kcyBNZXJjaGFudF0KSGVyZSdzIHt9IE1lcmNlbmFyeQpBd2FrZW5pbmcgUG90aW9uIGZvciB5b3UuClRoYW5rIHlvdSwKYW5kIHBsZWFzZSBjb21lIGFnYWluIHdoZW4KeW91IG5lZWQgbW9yZSBwb3Rpb25zCmZvciB5b3VyIE1lcmNlbmFyaWVzLg==,,,,,W01lcmNhZG9yIGRlIE1lcmNhZG9yaWFzIE1lcmNlbsOhcmlhc10KQXF1aSBlc3TDoSB7fSBNZXJjZW7DoXJpbwpQb8Onw6NvIGRvIERlc3BlcnRhciBwYXJhIHZvY8OqLgpPYnJpZ2FkbywKZSwgcG9yIGZhdm9yLCB2b2x0ZSBxdWFuZG8Kdm9jw6ogcHJlY2lzYXIgZGUgbWFpcyBwb8Onw7VlcwpwYXJhIHNldXMgbWVyY2Vuw6FyaW9zLg==,,W0NvbWVyY2lhbnRlIG1lcmNlbmFyaW9dCkFxdcOtIHRpZW5lcyB1bmEge30KUG9jacOzbiBwYXJhIGRlc3BlcnRhci4KR3JhY2lhcwp5LCBwb3IgZmF2b3IsIHZ1ZWx2ZSBjdWFuZG8KbmVjZXNpdGVzIG3DoXMgcG9jaW9uZXMuCnBhcmEgdHVzIG1lcmNlbmFyaW9zLg==
gHS3AQ,,W01lcmNlbmFyeSBHb29kcyBNZXJjaGFudF0KTWVyY2VuYXJ5IEJlc2VyayBQb3Rpb25zCmVhY2ggY29zdCAyLDEwMCB6ZW55LgpIb3cgbWFueSB3b3VsZCB5b3UgbGlrZT8=,,,,,W01lcmNlbsOhcmlvIE1lcmNhZG9yIGRlIE1lcmNhZG9yaWFzXS4KUG/Dp8O1ZXMgQmVzZXJrIGRlIE1lcmNlbsOhcmlvCmNhZGEgdW1hIGN1c3RhIDIuMTAwIHplbnkuClF1YW50YXMgdm9jw6ogZ29zdGFyaWEgZGUgcmVjZWJlcj8=,,W0NvbWVyY2lhbnRlIG1lcmNlbmFyaW9dCkxhcyBQb2Npb25lcyBCZXJzZXJrIHBhcmEgbWVyY2VuYXJpb3MKY3Vlc3RhbiAyMTAwIHplbnkgcG9yIHVuaWRhZC4Kwr9DdcOhbnRhcyBxdWllcmVzPw==
gXS3AQ,,W01lcmNlbmFyeSBHb29kcyBNZXJjaGFudF0KSGVyZSdzIHt9IE1lcmNlbmFyeQpCZXJzZXJrIFBvdGlvbiBmb3IgeW91LiBUaGFuayB5b3UsCmFuZCBwbGVhc2UgY29tZSBhZ2FpbiB3aGVuCnlvdSBuZWVkIG1vcmUgcG90aW9ucwpmb3IgeW91ciBNZXJjZW5hcmllcy4=,,,,,W01lcmNhZG9yIGRlIE1lcmNhZG9yaWFzIE1lcmNlbsOhcmlhc10KQXF1aSBlc3TDoSB7fSBNZXJjZW7DoXJpbwpCZXJzZXJrIFBvdGlvbiBwYXJhIHZvY8OqLiBPYnJpZ2FkbywKZSwgcG9yIGZhdm9yLCB2b2x0ZSBxdWFuZG8Kdm9jw6ogcHJlY2lzYXIgZGUgbWFpcyBwb8Onw7VlcwpwYXJhIHNldXMgTWVyY2Vuw6FyaW9zLg==,,W0NvbWVyY2lhbnRlIG1lcmNlbmFyaW9dCkFxdcOtIHRpZW5lcyB1bmEge30KUG9jacOzbiBCZXJzZXJrLiBHcmFjaWFzLAp5LCBwb3IgZmF2b3IsIHZ1ZWx2ZSBjdWFuZG8KbmVjZXNpdGVzIG3DoXMgcG9jaW9uZXMuCnBhcmEgdHVzIG1lcmNlbmFyaW9zLg==
gnS3AQ,,W01lcmNlbmFyeSBHb29kcyBNZXJjaGFudF0KW01lcmNlbmFyeSBHb29kcyBNZXJjaGFudF0KSGVyZSdzIHt9IE1lcmNlbmFyeQpCZXJzZXJrIFBvdGlvbiBmb3IgeW91LiBUaGFuayB5b3UsCmFuZCBwbGVhc2UgY29tZSBhZ2FpbiB3aGVuCnlvdSBuZWVkIG1vcmUgcG90aW9ucwpmb3IgeW91ciBNZXJjZW5hcmllcy4=,,,,,W01lcmNhZG9yIGRlIE1lcmNhZG9yaWFzIE1lcmNlbsOhcmlhc10KW01lcmNhZG9yIGRlIE1lcmNhZG9yaWFzIE1lcmNlbsOhcmlhc10KQXF1aSBlc3TDoSB7fSBNZXJjZW7DoXJpbwpCZXJzZXJrIFBvdGlvbiBwYXJhIHZvY8OqLiBPYnJpZ2FkbywKZSwgcG9yIGZhdm9yLCB2b2x0ZSBxdWFuZG8Kdm9jw6ogcHJlY2lzYXIgZGUgbWFpcyBwb8Onw7VlcwpwYXJhIHNldXMgTWVyY2Vuw6FyaW9zLg==,,W0NvbWVyY2lhbnRlIG1lcmNlbmFyaW9dCltDb21lcmNpYW50ZSBtZXJjZW5hcmlvXQpBcXXDrSB0aWVuZXMgdW5hIHt9ClBvY2nDs24gQmVyc2Vyay4gR3JhY2lhcywKeSwgcG9yIGZhdm9yLCB2dWVsdmUgY3VhbmRvCm5lY2VzaXRlcyBtw6FzIHBvY2lvbmVzLgpwYXJhIHR1cyBtZXJjZW5hcmlvcy4=
g3S3AQ,,TWVyY2VuYXJ5IEd1aWxkIFN3aXRjaA==,,,,,VHJvY2EgZGUgR3VpbGRhIGRlIE1lcmNlbsOhcmlvcw==,,TWVyY2VuYXJ5IEd1aWxkIFN3aXRjaA==
hHS3AQ,,UGxlYXNlIHRyeSBhZ2FpbiBhZnRlciBpbnN0YWxsaW5nIGEgc3BlY2lhbCBpdGVtLg==,,,,,VGVudGUgbm92YW1lbnRlIGRlcG9pcyBkZSBpbnN0YWxhciB1bSBpdGVtIGVzcGVjaWFsLg==,,VnVlbHZlIGEgaW50ZW50YXJsbyBkZXNwdcOpcyBkZSBxdWUgaGF5YXMgaW5zdGFsYWRvIHVuIG9iamV0byBlc3BlY2lhbC4=
hXS3AQ,,W0NoZWNrZXJdClBsZWFzZSBpbnB1dCBhIHBhc3N3b3JkLg==,,,,,W1ZlcmlmaWNhZG9yXQpEaWdpdGUgdW1hIHNlbmhhLg==,,W1ZlcmlmaWNhZG9yXQpJbmdyZXNhIHVuYSBjb250cmFzZcOxYS4=
hnS3AQ,,W0NoZWNrZXJdClBsZWFzZSBzZWxlY3Qu,,,,,W1ZlcmlmaWNhZG9yXQpTZWxlY2lvbmUu,,W1ZlcmlmaWNhZG9yXQpTZWxlY2Npb25hci4=
h3S3AQ,,VHVybiBvZmYgTWVyY2VuYXJ5IE5QQw==,,,,,RGVzYXRpdmFyIG8gTlBDIE1lcmNlbsOhcmlv,,RGVzYWN0aXZhciBQTkogZGUgbWVyY2VuYXJpby4=
iHS3AQ,,VHVybiBvbiBNZXJjZW5hcnkgTlBD,,,,,QXRpdmFyIG8gTlBDIE1lcmNlbsOhcmlv,,QWN0aXZhciBQTkogZGUgbWVyY2VuYXJpby4=
iXS3AQ,,TlBDcyBhcmUgdHVybmVkIG9mZi4=,,,,,T3MgTlBDcyBlc3TDo28gZGVzYXRpdmFkb3Mu,,TG9zIFBOSiBlc3TDoW4gZGVzYWN0aXZhZG9zLg==
inS3AQ,,TlBDcyBhcmUgdHVybmVkIG9uLg==,,,,,T3MgTlBDcyBlc3TDo28gYXRpdmFkb3Mu,,TG9zIFBOSiBlc3TDoW4gYWN0aXZhZG9zLg==
i3S3AQ,,V3JvbmcgbnVtYmVy,,,,,TsO6bWVybyBlcnJhZG8=,,TsO6bWVybyBlcXVpdm9jYWRv
jHS3AQ,,V3JvbmcgbnVtYmVyLg==,,,,,TsO6bWVybyBlcnJhZG8u,,TsO6bWVybyBlcXVpdm9jYWRvLg==
