QMoEBQ,,SGFsZ3Vz,,,,,SGFsZ3Vz,,
QcoEBQ,,W0hhbGd1c10KTmV3IGhlcmUgYXJlIHlvdT8gV2VsbCBsb29rIEkgbGlrZSBoZWxwaW5nIG5ldyBmYWNlcyBhcm91bmQgaGVyZS4KQW5kIGxldHMgYmUgaG9uZXN0LCB5b3UgYXJlIG5vdCB0aGUgcHJldHRpZXN0IGxvb2tpbmcgZmFjZSBJJ3ZlIHNlZW4u,,,,,W0hhbGd1c10KTmV3IGhlcmUgYXJlIHlvdT8gV2VsbCBsb29rIEkgbGlrZSBoZWxwaW5nIG5ldyBmYWNlcyBhcm91bmQgaGVyZS4KQW5kIGxldHMgYmUgaG9uZXN0LCB5b3UgYXJlIG5vdCB0aGUgcHJldHRpZXN0IGxvb2tpbmcgZmFjZSBJJ3ZlIHNlZW4u,,
QsoEBQ,,W0hhbGd1c10KTm9uZS10aGUtbGVzcyBteSBkYXVnaHRlciB0aG91Z2h0IGl0IHdvdWxkIGJlIGZ1biB0byBnYXRoZXIgcHVwYSBhcm91bmQgdGhpcyBmaWVsZCBhbmQgaXQncyBiZWNvbWluZyB1bnNpZ2h0bHku,,,,,W0hhbGd1c10KTm9uZS10aGUtbGVzcyBteSBkYXVnaHRlciB0aG91Z2h0IGl0IHdvdWxkIGJlIGZ1biB0byBnYXRoZXIgcHVwYSBhcm91bmQgdGhpcyBmaWVsZCBhbmQgaXQncyBiZWNvbWluZyB1bnNpZ2h0bHku,,
Q8oEBQ,,W0hhbGd1c10KRG8geW91IG1pbmQgaGVscGluZyBtZSBnZXQgcmlkIG9mIHNvbWUgUHVwYSB0byBjbGVhciBvdXQgdGhpcyBmaWVsZD8=,,,,,W0hhbGd1c10KRG8geW91IG1pbmQgaGVscGluZyBtZSBnZXQgcmlkIG9mIHNvbWUgUHVwYSB0byBjbGVhciBvdXQgdGhpcyBmaWVsZD8=,,
RMoEBQ,,U3VyZSwgSSBkb24ndCBtaW5k,,,,,U3VyZSwgSSBkb24ndCBtaW5k,,
RcoEBQ,,Tm8=,,,,,Tm8=,,
RsoEBQ,,W0hhbGd1c10KVGhhbmsgeW91IHNvIG11Y2ghCkhvdyBtYW55IHdvdWxkIHlvdSBsaWtlIHRvIGdldCByaWQgb2Y/,,,,,W0hhbGd1c10KVGhhbmsgeW91IHNvIG11Y2ghCkhvdyBtYW55IHdvdWxkIHlvdSBsaWtlIHRvIGdldCByaWQgb2Y/,,
R8oEBQ,,NTAgUHVwYQ==,,,,,NTAgUHVwYQ==,,
SMoEBQ,,MTAwIFB1cGE=,,,,,MTAwIFB1cGE=,,
ScoEBQ,,MTUwIFB1cGE=,,,,,MTUwIFB1cGE=,,
SsoEBQ,,W0hhbGd1c10KSWYgeW91IGNhbiBnZXQgcmlkIG9mIDUwIG9mIHRob3NlIFB1cGEgZnJvbSB0aGUgZmllbGQgSSB3aWxsIGJlIGdyYXRlZnVsLg==,,,,,W0hhbGd1c10KSWYgeW91IGNhbiBnZXQgcmlkIG9mIDUwIG9mIHRob3NlIFB1cGEgZnJvbSB0aGUgZmllbGQgSSB3aWxsIGJlIGdyYXRlZnVsLg==,,
S8oEBQ,,W0hhbGd1c10KSWYgeW91IGNhbiBnZXQgcmlkIG9mIDEwMCBvZiB0aG9zZSBQdXBhIGZyb20gdGhlIGZpZWxkIEkgd2lsbCBiZSBncmF0ZWZ1bC4=,,,,,W0hhbGd1c10KSWYgeW91IGNhbiBnZXQgcmlkIG9mIDEwMCBvZiB0aG9zZSBQdXBhIGZyb20gdGhlIGZpZWxkIEkgd2lsbCBiZSBncmF0ZWZ1bC4=,,
TMoEBQ,,W0hhbGd1c10KSWYgeW91IGNhbiBnZXQgcmlkIG9mIDE1MCBvZiB0aG9zZSBQdXBhIGZyb20gdGhlIGZpZWxkIEkgd2lsbCBiZSBncmF0ZWZ1bC4=,,,,,W0hhbGd1c10KSWYgeW91IGNhbiBnZXQgcmlkIG9mIDE1MCBvZiB0aG9zZSBQdXBhIGZyb20gdGhlIGZpZWxkIEkgd2lsbCBiZSBncmF0ZWZ1bC4=,,
TcoEBQ,,W0hhbGd1c10KV2VsbCwgaWYgeW91IGNoYW5nZSB5b3VyIG1pbmQsIHBsZWFzZSBjb21lIGJhY2sgYW5kIHRhbGsgdG8gbWUu,,,,,W0hhbGd1c10KV2VsbCwgaWYgeW91IGNoYW5nZSB5b3VyIG1pbmQsIHBsZWFzZSBjb21lIGJhY2sgYW5kIHRhbGsgdG8gbWUu,,
TsoEBQ,,W0hhbGd1c10KWW91IGNvdWxkIHByb2JhYmx5IGVhc2lseSBoZWxwIG1lIG91dCwgYnV0IEkgd2FudCB0byBnaXZlIGNoYXJpdHkgdG8gdGhvc2Ugd2hvIGFyZSBub3QgYXMgc3Ryb25nIGFzIHlvdS4=,,,,,W0hhbGd1c10KWW91IGNvdWxkIHByb2JhYmx5IGVhc2lseSBoZWxwIG1lIG91dCwgYnV0IEkgd2FudCB0byBnaXZlIGNoYXJpdHkgdG8gdGhvc2Ugd2hvIGFyZSBub3QgYXMgc3Ryb25nIGFzIHlvdS4=,,
T8oEBQ,,W0hhbGd1c10KSGF2ZSB5b3UgZ290dGVuIHJpZCBvZiB0aGUgUHVwYT8=,,,,,W0hhbGd1c10KSGF2ZSB5b3UgZ290dGVuIHJpZCBvZiB0aGUgUHVwYT8=,,
UMoEBQ,,WWVz,,,,,WWVz,,
UcoEBQ,,SSB3YW50IHRvIHF1aXQ=,,,,,SSB3YW50IHRvIHF1aXQ=,,
UsoEBQ,,W0hhbGd1c10KSG1tLCBJIGRvbid0IHRoaW5rIHlvdSd2ZSBnb3R0ZW4gcmlkIG9mIDUwIFB1cGEgeWV0Li4u,,,,,W0hhbGd1c10KSG1tLCBJIGRvbid0IHRoaW5rIHlvdSd2ZSBnb3R0ZW4gcmlkIG9mIDUwIFB1cGEgeWV0Li4u,,
U8oEBQ,,W0hhbGd1c10KUmVtZW1iZXIsIGdldCByaWQgb2YgNTAgb2YgdGhvc2UgUHVwYSBmcm9tIHRoZSBmaWVsZC4=,,,,,W0hhbGd1c10KUmVtZW1iZXIsIGdldCByaWQgb2YgNTAgb2YgdGhvc2UgUHVwYSBmcm9tIHRoZSBmaWVsZC4=,,
VMoEBQ,,W0hhbGd1c10KQXJlIHlvdSBzdXJlIHRoYXQgeW91IHdhbnQgdG8gc3RvcCBodW50aW5nPwpBbnkgcHJvZ3Jlc3MgdGhhdCB5b3UndmUgbWFkZSB3aWxsIGJlIGVyYXNlZC4=,,,,,W0hhbGd1c10KQXJlIHlvdSBzdXJlIHRoYXQgeW91IHdhbnQgdG8gc3RvcCBodW50aW5nPwpBbnkgcHJvZ3Jlc3MgdGhhdCB5b3UndmUgbWFkZSB3aWxsIGJlIGVyYXNlZC4=,,
VcoEBQ,,W0hhbGd1c10KT2ssIHdlbGwgY29tZSBiYWNrIGlmIHlvdSBjaGFuZ2UgeW91ciBtaW5kLg==,,,,,W0hhbGd1c10KT2ssIHdlbGwgY29tZSBiYWNrIGlmIHlvdSBjaGFuZ2UgeW91ciBtaW5kLg==,,
VsoEBQ,,W0hhbGd1c10KT2ggdGhhbmsgeW91IHNvIG11Y2guCkkga25vdyB0aGF0IEkgY291bGQndmUgcHJvYmFibHkgZG9uZSB0aGlzIG15c2VsZiBidXQgaXQncyBub3QgZWFzeSB0byBiZSBzdGFuZGluZyBoZXJlIGFsbCBvZiB0aGUgdGltZS4=,,,,,W0hhbGd1c10KT2ggdGhhbmsgeW91IHNvIG11Y2guCkkga25vdyB0aGF0IEkgY291bGQndmUgcHJvYmFibHkgZG9uZSB0aGlzIG15c2VsZiBidXQgaXQncyBub3QgZWFzeSB0byBiZSBzdGFuZGluZyBoZXJlIGFsbCBvZiB0aGUgdGltZS4=,,
V8oEBQ,,W0hhbGd1c10KSG1tLCBJIGRvbid0IHRoaW5rIHlvdSd2ZSBnb3R0ZW4gcmlkIG9mIDEwMCBQdXBhIHlldC4uLg==,,,,,W0hhbGd1c10KSG1tLCBJIGRvbid0IHRoaW5rIHlvdSd2ZSBnb3R0ZW4gcmlkIG9mIDEwMCBQdXBhIHlldC4uLg==,,
WMoEBQ,,W0hhbGd1c10KUmVtZW1iZXIsIGdldCByaWQgb2YgMTAwIG9mIHRob3NlIFB1cGEgZnJvbSB0aGUgZmllbGQu,,,,,W0hhbGd1c10KUmVtZW1iZXIsIGdldCByaWQgb2YgMTAwIG9mIHRob3NlIFB1cGEgZnJvbSB0aGUgZmllbGQu,,
WcoEBQ,,W0hhbGd1c10KSG1tLCBJIGRvbid0IHRoaW5rIHlvdSd2ZSBnb3R0ZW4gcmlkIG9mIDE1MCBQdXBhIHlldC4uLg==,,,,,W0hhbGd1c10KSG1tLCBJIGRvbid0IHRoaW5rIHlvdSd2ZSBnb3R0ZW4gcmlkIG9mIDE1MCBQdXBhIHlldC4uLg==,,
WsoEBQ,,W0hhbGd1c10KUmVtZW1iZXIsIGdldCByaWQgb2YgMTUwIG9mIHRob3NlIFB1cGEgZnJvbSB0aGUgZmllbGQu,,,,,W0hhbGd1c10KUmVtZW1iZXIsIGdldCByaWQgb2YgMTUwIG9mIHRob3NlIFB1cGEgZnJvbSB0aGUgZmllbGQu,,
W8oEBQ,,UHVwYSBIdW50IEFkbWlu,,,,,UHVwYSBIdW50IEFkbWlu,,
XMoEBQ,,W1B1cGEgQWRtaW5dClBsZWFzZSBlbnRlciB0aGUgcGFzc3dvcmQ=,,,,,W1B1cGEgQWRtaW5dClBsZWFzZSBlbnRlciB0aGUgcGFzc3dvcmQ=,,
XcoEBQ,,UHVwYSBIdW50IE9O,,,,,UHVwYSBIdW50IE9O,,
XsoEBQ,,UHVwYSBIdW50IE9GRg==,,,,,UHVwYSBIdW50IE9GRg==,,
X8oEBQ,,Q2FuY2Vs,,,,,Q2FuY2Vs,,
YMoEBQ,,W1B1cGEgQWRtaW5dClRoZSBQdXBhIEh1bnQgd2lsbCBub3cgYmUgdHVybmVkIE9OLg==,,,,,W1B1cGEgQWRtaW5dClRoZSBQdXBhIEh1bnQgd2lsbCBub3cgYmUgdHVybmVkIE9OLg==,,
YcoEBQ,,W1B1cGEgQWRtaW5dClRoZSBQdXBhIEh1bnQgd2lsbCBub3cgYmUgdHVybmVkIE9GRi4=,,,,,W1B1cGEgQWRtaW5dClRoZSBQdXBhIEh1bnQgd2lsbCBub3cgYmUgdHVybmVkIE9GRi4=,,
YsoEBQ,,W1B1cGEgQWRtaW5dCkluY29ycmVjdCBQYXNzd29yZC4=,,,,,W1B1cGEgQWRtaW5dCkluY29ycmVjdCBQYXNzd29yZC4=,,
