YE/zAg,,QXJjaGVyIHRlYWNoZXI=,,,,,UHJvZmVzc29yIGRlIEFycXVlaXJv,,QXJjaGVyIHRlYWNoZXI=
YU/zAg,,V2h5IGFyZSB5b3UgY2Fycnlpbmcgc28gbXVjaCB3aXRoIHlvdT8gdW5sb2FkIGl0IHNvbWV3aGVyZSBhbmQgY29tZSB0byBtZS4=,,,,,UG9yIHF1ZSBlc3TDoSBjYXJyZWdhbmRvIHRhbnRhIGNvaXNhPyBMaWJlcmUgdW0gcG91Y28gZGUgZXNwYcOnbyBlIGZhbGUgY29taWdvLg==,,wr9Qb3IgcXXDqSBsbGV2YXMgdGFudGFzIGNvc2FzPyBEZXNjw6FyZ2FsYXMgcG9yIGFow60geSB2dWVsdmUgYXF1w60u
Yk/zAg,,W01hcmxicm9uXQpFbW1tLiBUaGlzIGlzPw==,,,,,W01hbGJlcm9uXQpIbS4gTyBxdWUgw6kgaXNzbz8=,,W01hcmxicm9uXQpFaGhoLiDCv1kgdMO6IGVyZXPigKY/
Y0/zAg,,W01hcmxicm9uXQpZb3Ugd2VyZSBuZXZlciB0cmFpbmVkIGJ5IG1lLgpUaGVuLCBJIGhhdmUgbm8gaW50ZXJlc3QgaW4geW91Lg==,,,,,W01hbGJlcm9uXQpWb2PDqiBudW5jYSBmb2kgdHJlaW5hZG8gcG9yIG1pbS4KRW50w6NvIG7Do28gdGVuaG8gaW50ZXJlc3NlIGVtIHZvY8OqLg==,,W01hcmxicm9uXQpOdW5jYSB0ZSBlbnRyZW7DqS4KRW50b25jZXMsIG5vIG1lIGludGVyZXNhcyBlbiBhYnNvbHV0by4=
ZE/zAg,,W01hcmxicm9uXQpZb3UgYXJlIGEgYmFkIHN0dWRlbnQgd2l0aG91dCBmaW5pc2hpbmcgdGhlIHRyYWluaW5nIGF0IFBheW9uLg==,,,,,W01hbGJlcm9uXQpFc3R1ZGFudGVzIGNvbW8gdm9jw6ogc8OjbyBydWlucyBwb3IgbsOjbyB0ZXJtaW5hciBvIHRyZWluYW1lbnRvIGVtIFBheW9uLg==,,W01hcmxicm9uXQpObyB0ZXJtaW5hciBlbCBlbnRyZW5hbWllbnRvIGVuIFBheW9uIGhhYmxhIG1hbCBkZSB0aSBjb21vIGVzdHVkaWFudGUu
ZU/zAg,,W01hcmxicm9uXQpOby4uIE5vLi4gRnJvbSBhIGRpZmZlcmVudCBhc3BlY3QsIHlvdSBhcmUgYSBzbWFydCBzdHVkZW50Pw==,,,,,W01hbGJlcm9uXQpOw6NvLi4uIE7Do28uLi4gVGFsdmV6IHNlamEgaW50ZWxpZ2VudGUgZGUgb3V0cmEgcGVyc3BlY3RpdmEu,,W01hcmxicm9uXQpOb+KApiBOb+KApiBQb3Igb3RybyBsYWRvLCBtZSBwcmVndW50byBzaSBlcmVzIGludGVsaWdlbnRlIGNvbW8gZXN0dWRpYW50ZS4=
Zk/zAg,,W01hcmxicm9uXQpBbnl3YXksIHlvdSBkb24ndCBoYXZlIGFueXRoaW5nIHRvIGRvIGhlcmUu,,,,,W01hbGJlcm9uXQpEZSBxdWFscXVlciBmb3JtYSwgdm9jw6ogbsOjbyB0ZW0gbmFkYSBwYXJhIGZhemVyIGFxdWku,,W01hcmxicm9uXQpEZSB0b2RvcyBtb2Rvcywgbm8gdGllbmVzIG5hZGEgcXVlIGhhY2VyIGFxdcOtLg==
Z0/zAg,,W01hcmxicm9uXQpIbW1+fiBTbWVsbCBvZiBhIGdvb2QgYXJjaGVyLg==,,,,,W01hbGJlcm9uXQpIbW1+fiBDaGVpcm8gZGUgdW0gYm9tIGFycXVlaXJvLg==,,W01hcmxicm9uXQpNbW0uIEVsIGFyb21hIGRlIHVuIGJ1ZW4gQXJxdWVyby4=
aE/zAg,,W01hcmxicm9uXQpJdCBpcyBsaWtlbHkgdGhlIHRhc3RlIGluIHRoZSBtaWRkbGUgb2YgYSBub3ZpY2UgYW5kIGFuIGV4cGVydCE=,,,,,W01hbGJlcm9uXQpFdSBkaXJpYSBxdWUgw6kgdW0gbWVpbyB0ZXJtbyBlbnRyZSBhcHJlbmRpeiBlIGVzcGVjaWFsaXN0YSE=,,W01hcmxicm9uXQrCoVF1aXrDoXMgZXMgZWwgc2Fib3IgcXVlIGhhYml0YSBlbnRyZSB1biBQcmluY2lwaWFudGUgeSB1biBleHBlcnRvIQ==
aU/zAg,,W01hcmxicm9uXQpZb3UgaGF2ZSBncm93biB1cCBhZnRlciBteSBjYXJlZnVsIHRyYWluaW5nISEhIQ==,,,,,W01hbGJlcm9uXQpWb2PDqiBjcmVzY2V1IHRhbnRvIGRlcG9pcyBkbyBtZXUgdHJlaW5hbWVudG8gY3VpZGFkb3NvISEh,,W01hcmxicm9uXQrCocKhwqHCoUNyZWNpc3RlIGJhc3RhbnRlIGRlc3B1w6lzIGRlIHF1ZSB0ZSBlbnRyZW7DqSBjb24gdGFudG8gYWjDrW5jbyEhISE=
ak/zAg,,W01hcmxicm9uXQpTbmlmZiBzbmlmZiEgSXQgaXMgdGhlIHNtZWxsIG9mIGEgbm92aWNlIQpOaWNlIHRvIG1lZXQgeW91ISEhCldoYXQgYnJvdWdodCB5b3UgaGVyZT8=,,,,,W01hbGJlcm9uXQpUw6Egc2VudGluZG8gZXNzZSBjaGVpcm8/IMOJIGRlIGFwcmVuZGl6IQpQcmF6ZXIgZW0gY29uaGVjZXIgdm9jw6ohISEKTyB0cmF6IHZvY8OqIGFxdWk/,,W01hcmxicm9uXQrCoVNuaWYsIHNuaWYhIMKhSHVlbG8gZWwgYXJvbWEgYSBQcmluY2lwaWFudGUhCsKhVW4gcGxhY2VyIGNvbm9jZXJ0ZSEKwr9RdcOpIHRlIHRyYWpvIGFxdcOtPw==
a0/zAg,,W01hcmxicm9uXQpJIGNhbiBndWVzcyBtb3N0LCBidXQgaGVoZWhlaGV+fgpQbGVhc2UgZmVlbCBjb21mb3J0YWJsZSBhbmQgdGVsbCBtZSBldmVyeXRoaW5nIHlvdSB3YW50IQ==,,,,,W01hbGJlcm9uXQpDb25zaWdvIGFkaXZpbmhhciBhIG1haW9yaWEsIG1hcyBoZWhlaGVoZX5+CkZpcXVlIMOgIHZvbnRhZGUgZSBjb250ZSB0dWRvIHF1ZSBxdWlzZXIh,,W01hcmxicm9uXQpQdWVkbyBpbWFnaW5hcm1lIGNhc2kgdG9kYSBsYSBoaXN0b3JpYSwgcGVyb+KApiBqZSwgamUsIGplLgpUb21hIGFzaWVudG8geSBjdcOpbnRhbWUgdG9kbyBsbyBxdWUgcXVpZXJhcy4=
bE/zAg,,SSBnZXQgYm9yZWQhICBQbGF5IHdpdGggbWUh,,,,,UXVlIHTDqWRpbyEgVmFtb3MgYnJpbmNhciE=,,wqFNZSBhYnVycm8hICDCoUp1ZWdhIGNvbm1pZ28h
bU/zAg,,VGVsbCBtZSBhYm91dCBBcmNoZXJzLg==,,,,,RmFsZSBzb2JyZSBvcyBhcnF1ZWlyb3Mu,,Q3XDqW50YW1lIHNvYnJlIGxvcyBBcnF1ZXJvcy4=
bk/zAg,,W01hcmxicm9uXQpXaGF0PyBCb3JlZD8gUGxheSB3aXRoIHlvdT8KWW91IHRoaW5rIHRoaXMgaXMganVzdCBzb21lIGtpZHMgcGxheWdyb3VuZD8=,,,,,W01hbGJlcm9uXQpPIHF1w6o/IFTDqWRpbz8gQnJpbmNhcj8KVm9jw6ogYWNoYSBxdWUgaXNzbyDDqSB1bSBwYXJxdWluaG8gZGUgY3JpYW7Dp2E/,,W01hcmxicm9uXQrCv1F1w6k/IMK/VGUgYWJ1cnJlcz8gwr9RdWUganVlZ3VlIGNvbnRpZ28/CsK/RMOzbmRlIGNyZWVzIHF1ZSBlc3TDoXM/IMK/RW4gdW4gcGFycXVlIGRlIGRpdmVyc2lvbmVzPw==
b0/zAg,,W01hcmxicm9uXQpJZiB5b3UgYXJlIGJvcmVkLCB3YWxrIGFyb3VuZCBhbmQgcHVuY2ggYSBtb25zdGVyIGluIHRoZSBmYWNlIGFuZCBzZWUgd2hhdCBoYXBwZW5zLg==,,,,,W01hbGJlcm9uXQpTZSBvIHByb2JsZW1hIGZvciB0w6lkaW8sIMOpIHPDsyBzYWlyIHBvciBhw60gZSBkYXIgdW0gc29jbyBuYSBjYXJhIGRlIHVtIG1vbnN0cm8gcXVlIHZvY8OqIHZhaSB2ZXIgbyBxdWUgYWNvbnRlY2Uu,,W01hcmxicm9uXQpTaSB0ZSBhYnVycmVzLCBwdWVkZXMgZGFyIHVuIHBhc2VvIHkgZ29scGVhciBhIHVuIG1vbnN0cnVvIGVuIGxhIGNhcmEsIHlhIHZlcsOhcyBxdcOpIHN1Y2VkZS4=
cE/zAg,,W01hcmxicm9uXQpPaCBkZWFyfiBhbm90aGVyIHNoZWVwIGhlcmUgdG8gZ2V0IGEgZnJlZSBsZXNzb24gZnJvbSBtZS4=,,,,,W01hbGJlcm9uXQpBaSwgY2FyYW1iYS4gTWFpcyB1bWEgb3ZlbGhhIHBhcmEgcmVjZWJlciB1bWEgYXVsYSBncsOhdGlzIG1pbmhhLg==,,W01hcmxicm9uXQpBaCwgY2llbG9zLiBPdHJhIG92ZWppdGEgcXVlIHF1aWVyZSBxdWUgbGUgZMOpIHVuYSBsZWNjacOzbiBncmF0aXMu
cU/zAg,,W01hcmxicm9uXQpUaGUgbWFpbiBwb2ludCBvZiBBcmNoZXJzIGlzIHRvIHVzZSBib3dzIHRvIGF0dGFjayBlbmVtaWVzIHF1aWNrbHkgZnJvbSBhIGxvbmcgZGlzdGFuY2Uu,,,,,W01hbGJlcm9uXQpPIG9iamV0aXZvIHByaW5jaXBhbCBkb3MgYXJxdWVpcm9zIMOpIHVzYXIgYXJjb3MgcGFyYSBhdGFjYXIgaW5pbWlnb3MgcmFwaWRhbWVudGUgZGUgdW1hIGxvbmdhIGRpc3TDom5jaWEu,,W01hcmxicm9uXQpMb3MgQXJxdWVyb3MgdXNhbiBzdXMgYXJjb3MgcGFyYSBhdGFjYXIgcsOhcGlkYW1lbnRlIGEgbG9zIGVuZW1pZ29zIGRlc2RlIGxhcmdhIGRpc3RhbmNpYSwgZXNlIGVzIHN1IHByaW5jaXBhbCBvYmpldGl2by4=
ck/zAg,,W01hcmxicm9uXQpPbmx5IHByb2JsZW0gaXMgdGhleSBhcmUgcGh5c2ljYWxseSB3ZWFrLgpCdXQsIGl0IGRvZXNuJ3QgbWF0dGVyIGlmIHRoZXkgYXJlIHRyYWluZWQgY29ycmVjdGx5Lg==,,,,,W01hbGJlcm9uXQpPIMO6bmljbyBwcm9ibGVtYSDDqSBxdWUgZWxlcyBzw6NvIGZpc2ljYW1lbnRlIGZyYWNvcy4KTWFzIGlzc28gbsOjbyBpbXBvcnRhIHNlIGVsZXMgZm9yZW0gdHJlaW5hZG9zIGNvcnJldGFtZW50ZS4=,,W01hcmxicm9uXQpFbCDDum5pY28gcHJvYmxlbWEgZXMgcXVlIHNvbiBkw6liaWxlcyBmw61zaWNhbWVudGUuClBlcm8gZXNvIG5vIHZhIGEgaW1wb3J0YXIgc2kgc2UgbG9zIGVudHJlbmEgY29tbyBzZSBkZWJlLg==
c0/zAg,,W01hcmxicm9uXQpXaGF0IGRvIHlvdSB3YW50IHRvIGtub3cgYWJvdXQgYW4gQXJjaGVyPyBJIHdpbGwgdGVsbCB5b3UgZXZlcnl0aGluZ34KV2l0aCBteSBmdWxsIGV4cGxhbmF0aW9ufiwgeW91IGNhbiBiZSBhbiBleGNlbGxlbnQgb25lLg==,,,,,W01hbGJlcm9uXQpPIHF1ZSB2b2PDqiBxdWVyIHNhYmVyIHNvYnJlIHVtIGFycXVlaXJvPyBQb3NzbyBjb250YXIgdHVkb34KQ29tIG1pbmhhIGV4cGxpY2HDp8OjbyBjb21wbGV0YSwgdm9jw6ogcG9kZSBzZXIgdmlyYXIgZXNwZWNpYWxpc3RhLg==,,W01hcmxicm9uXQrCv1F1w6kgcXVpZXJlcyBzYWJlciBzb2JyZSBsb3MgQXJxdWVyb3M/IFRlIGNvbnRhcsOpIHRvZG8uCkNvbiB0b2RvIGxvIHF1ZSB0ZSBjdWVudGUsIHB1ZWRlcyBhbGNhbnphciBsYSBleGNlbGVuY2lhLg==
dE/zAg,,QXJjaGVyJ3Mgc3RhdHM=,,,,,QXRyaWJ1dG9zIGRlIGFycXVlaXJv,,RXN0YWTDrXN0aWNhcyBkZWwgQXJxdWVyby4=
dU/zAg,,QXJjaGVyJ3Mgc2tpbGxz,,,,,SGFiaWxpZGFkZXMgZGUgYXJxdWVpcm8=,,SGFiaWxpZGFkZXMgZGVsIEFycXVlcm8u
dk/zAg,,SSB3YW50IHRvIGJlY29tZSBhbiBBcmNoZXIu,,,,,UXVlcm8gbWUgdG9ybmFyIHVtIGFycXVlaXJvLg==,,UXVpZXJvIGNvbnZlcnRpcm1lIGVuIEFycXVlcm8u
d0/zAg,,TmV2ZXJtaW5k,,,,,RGVpeGEgcHJhIGzDoQ==,,Tm8gbWUgaW50ZXJlc2Eu
eE/zAg,,W01hcmxicm9uXQpBcmUgeW91IGN1cmlvdXMgYWJvdXQgdGhlIEFyY2hlcidzIHN0YXRzPwpEbyB5b3Uga25vdyB0aGUgbW9zdCBuZWNlc3Nhcnkgc3RhdHMgZm9yIEFyY2hlcnM/,,,,,W01hbGJlcm9uXQpWb2PDqiBxdWVyIHNhYmVyIHNvYnJlIG9zIGF0cmlidXRvcyBkZSBhcnF1ZWlybz8KVm9jw6ogc2FiZSBxdWFpcyBzw6NvIG9zIGF0cmlidXRvcyBtYWlzIG5lY2Vzc8OhcmlvcyBwYXJhIG9zIGFycXVlaXJvcz8=,,W01hcmxicm9uXQrCv1F1aWVyZXMgc2FiZXIgbGFzIGVzdGFkw61zdGljYXMgZGVsIEFycXVlcm8/CsK/Q29ub2NlcyBsYXMgZXN0YWTDrXN0aWNhcyBtw6FzIGltcG9ydGFudGVzIHBhcmEgbG9zIEFycXVlcm9zPw==
eU/zAg,,W01hcmxicm9uXQpUaGF0IGlzIF4wMDAwQ0REZXheMDAwMDAwLg==,,,,,W01hbGJlcm9uXQpBIHJlc3Bvc3RhIMOpIF4wMDAwQ0REZXN0cmV6YV4wMDAwMDAu,,W01hcmxicm9uXQpFc3RhIGVzIGxhIF45OTAwOTlERVNeMDAwMDAwLg==
ek/zAg,,W01hcmxicm9uXQpUbyByYWlzZSB1cCB0aGUgYXR0YWNraW5nIHBvd2VyIGluIG90aGVyIGpvYnMsIFN0ciBzaG91bGQgYmUgcmFpc2VkIGJ1dCBBcmNoZXJzIHZhcnkgaW4gYWNjb3JkYW5jZSB3aXRoIHRoZWlyIERleCBmaWd1cmVzLg==,,,,,W01hbGJlcm9uXQpQYXJhIGF1bWVudGFyIG8gcG9kZXIgZGUgYXRhcXVlIGRlIG91dHJhcyBjbGFzc2VzLCBkZXZlLXNlIGF1bWVudGFyIGEgRk9SLCBtYXMgb3MgYXJxdWVpcm9zIHZhcmlhbSBkZSBhY29yZG8gY29tIHNldXMgdmFsb3JlcyBkZSBERVMu,,W01hcmxicm9uXQpQYXJhIGF1bWVudGFyIGVsIHBvZGVyIGRlIGF0YXF1ZSBlbiBvdHJhcyBjbGFzZXMsIHNlIGRlYmUgYXVtZW50YXIgbGEgRlVFLCBwZXJvIHBhcmEgbG9zIEFycXVlcm9zIGVzdG8gdmFyw61hIHNlZ8O6biBzdSBERVMu
e0/zAg,,W01hcmxicm9uXQpIZXJlIGlzIGEgc2ltcGxlIHF1ZXN0aW9uISBXaGF0IGlzIHRoZSBuYW1lIG9mIHRoZSBzdGF0IGRldGVybWluaW5nIHRoZSBBcmNoZXIncyBhdHRhY2tpbmcgcG93ZXI/,,,,,W01hbGJlcm9uXQpVbWEgcGVyZ3VudGEgc2ltcGxlcyEgUXVhbCDDqSBvIG5vbWUgZG8gYXRyaWJ1dG8gcXVlIGRldGVybWluYSBvIHBvZGVyIGRlIGF0YXF1ZSBkbyBhcnF1ZWlybz8=,,W01hcmxicm9uXQrCoVRlbmdvIHVuYSBwcmVndW50YSBzaW1wbGUhIMK/Q8OzbW8gc2UgbGxhbWEgbGEgZXN0YWTDrXN0aWNhIHF1ZSBkZXRlcm1pbmEgZWwgcG9kZXIgZGUgYXRhcXVlIGRlbCBBcnF1ZXJvPw==
fE/zAg,,RGV4IQ==,,,,,REVTIQ==,,wqFERVMh
fU/zAg,,W01hcmxicm9uXQpZb3UgYXJlIGNvcnJlY3R+fg==,,,,,W01hbGJlcm9uXQpBY2VydG91fn4=,,W01hcmxicm9uXQpDb3JyZWN0by4=
fk/zAg,,W01hcmxicm9uXQpJZiB5b3Ugd2FudCB0byBrbm93IG1vcmUgYWJvdXQgdGhlIHJvbGUgb2Ygb3RoZXIgc3RhdHMsIF4wMDAwQ0RvcGVuIHRoZSBzdGF0dXMgd2luZG93IGJ5IHByZXNzaW5nIEFMVCtRLl4wMDAwMDA=,,,,,W01hbGJlcm9uXQpTZSBxdWlzZXIgc2FiZXIgbWFpcyBzb2JyZSBhIGZ1bsOnw6NvIGRlIG91dHJvcyBhdHJpYnV0b3MsIF4wMDAwQ0RhYnJhIGEgamFuZWxhIGRlIGF0cmlidXRvcyBhcGVydGFuZG8gQUxUK1EuXjAwMDAwMA==,,W01hcmxicm9uXQpTaSBxdWllcmVzIHNhYmVyIG3DoXMgc29icmUgZWwgcm9sIGRlIG90cmFzIGVzdGFkw61zdGljYXMsIF45OTAwOTlhYnJlIGxhIHZlbnRhbmEgZGUgZXN0YWRvIHByZXNpb25hbmRvIEFMVCtRLl4wMDAwMDA=
f0/zAg,,W01hcmxicm9uXQpJZiB5b3UgYXJlIGN1cmlvdXMgYWJvdXQgc3RhdHMgZXhjZXB0IERleCwgeW91IGNhbiBjaGVjayBpdCBvdXQuCklmIHlvdSBoYXZlIGEgam9iIGxhdGVyLCB5b3UgY2FuIHJlc2V0IHRoZSBzdGF0cyBhbnl3YXku,,,,,W01hbGJlcm9uXQpDYXNvIHF1ZWlyYSBzYWJlciBtYWlzIHNvYnJlIGF0cmlidXRvcyBhbMOpbSBkZSBERVMsIGV4cGVyaW1lbnRlLgpBbyBtdWRhciBkZSBjbGFzc2UsIG9zIGF0cmlidXRvcyBzw6NvIHJlZGVmaW5pZG9zLg==,,W01hcmxicm9uXQpTaSBxdWllcmVzIHNhYmVyIG90cmFzIGVzdGFkw61zdGljYXMgcXVlIG5vIHNlYW4gbGEgREVTLCBwdWVkZXMgY29tcHJvYmFybG8gdGFtYmnDqW4uClNpIGZvcm1hcyBwYXJ0ZSBkZSB1bmEgY2xhc2UgbcOhcyB0YXJkZSwgcHVlZGVzIHJlc3RhYmxlY2VyIGxhcyBlc3RhZMOtc3RpY2FzIGRlIHRvZG9zIG1vZG9zLg==
gE/zAg,,W01hcmxicm9uXQpIZXksIGp1c3QgY2xpY2sgdGhpcyBhbmQgdGhhdCE=,,,,,W01hbGJlcm9uXQpFaSwgYmFzdGEgY2xpY2FyIGFxdWkgZSBwcm9udG8h,,W01hcmxicm9uXQrCoUV5LCBlcyBzb2xvIGhhY2VyIGNsaWMgYXF1w60geSBhbGzDoSE=
gU/zAg,,W01hcmxicm9uXQpIbW0uIFlvdSBhcmUgaW50ZXJlc3RlZCBpbiBza2lsbHM/IFRoZW4sIGxldCdzIHN0dWR5IF4wMDAwQ0Qgc2tpbGxeMDAwMDAwcy4=,,,,,W01hbGJlcm9uXQpIbS4gUXVlciBzYWJlciBzb2JyZSBhcyBoYWJpbGlkYWRlcz8gVmFtb3MgXjAwMDBDRGVzdHVkw6EtbGFzXjAwMDAwMC4=,,W01hcmxicm9uXQpNbW0uIMK/VGUgaW50ZXJlc2FuIGxhcyBoYWJpbGlkYWRlcz8gRXN0dWRpZW1vcyBlbnRvbmNlcyBsYXMgXjk5MDA5OWhhYmlsaWRhZGVzXjAwMDAwMC4=
gk/zAg,,W01hcmxicm9uXQpJIHRob3VnaHQgeW91IHdvdWxkIGJldHRlciBleHBlcmllbmNlIHRoZSBza2lsbCB0aGFuIHRhbGtpbmcsIHNvIEkgcHJlcGFyZWQgdGhlIGV4cGVyaWVuY2Ugb2YgdGhlIGFyY2hlcidzIHNraWxsIGluIGEgbWFudWFsLg==,,,,,W01hbGJlcm9uXQpBY2hlaSBxdWUgc2VyaWEgbWVsaG9yIHZvY8OqIGV4cGVyaW1lbnRhciBhIGhhYmlsaWRhZGUgZW0gdmV6IGRlIGZhbGFyIGRlbGEsIGVudMOjbyBwcmVwYXJlaSBhIGV4cGVyacOqbmNpYSBkYSBoYWJpbGlkYWRlIGRlIGFycXVlaXJvIGVtIHVtIG1hbnVhbC4=,,W01hcmxicm9uXQpNZSBwYXJlY2UgbWVqb3IgcXVlIGV4cGVyaW1lbnRlcyBsYXMgaGFiaWxpZGFkZXMgZW4gdmV6IGRlIGhhYmxhciBkZSBlbGxhcywgcG9yIGVzbyBwcmVwYXLDqSBlbiB1biBtYW51YWwgbGEgZXhwZXJpZW5jaWEgZGUgaGFiaWxpZGFkZXMgZGUgbG9zIEFycXVlcm9zLg==
g0/zAg,,W01hcmxicm9uXQpBcmNoZXIgaGF2ZSBhIGxvdCBvZiB2ZXJ5IHVzZWZ1bCBza2lsbHMuCkJ1dCByZWdyZXRmdWxseSBhcyBtb3N0IG9mIHRoZW0gYXJlIHNraWxscyB1c2VmdWwgb25seSB3aXRoIGFycm93cyBhbmQgYm93cywgeW91IGNhbid0IGV4cGVyaWVuY2UgdGhlbS4=,,,,,W01hbGJlcm9uXQpBcnF1ZWlyb3MgdMOqbSBtdWl0YXMgaGFiaWxpZGFkZXMgYmVtIMO6dGVpcy4KTWFzLCBpbmZlbGl6bWVudGUsIGNvbW8gYSBtYWlvcmlhIGRlbGFzIHPDo28gaGFiaWxpZGFkZXMgw7p0ZWlzIGFwZW5hcyBjb20gZmxlY2hhcyBlIGFyY29zLCB2b2PDqiBuw6NvIHBvZGUgZXhwZXJpbWVudMOhLWxhcy4=,,W01hcmxicm9uXQpMb3MgQXJxdWVyb3MgdGllbmVuIG11Y2hhcyBoYWJpbGlkYWRlcyB0cmVtZW5kYW1lbnRlIMO6dGlsZXMuClBlcm8sIGxhbWVudGFibGVtZW50ZSwgcGFyYSBsYSBtYXlvcsOtYSBzZSBuZWNlc2l0YW4gZmxlY2hhcyB5IGFyY29zLCBhc8OtIHF1ZSBubyBwb2Ryw6FzIGV4cGVyaW1lbnRhcmxhcy4=
hE/zAg,,W01hcmxicm9uXQpUaGVyZSBpcyBhIHVzZWZ1bCBza2lsbCB3aXRob3V0IGEgYm93Li4uIENhbGxlZCBeMDAwMENESW1wcm92ZSBDb25jZW50cmF0aW9uXjAwMDAwMCwgZm9yIGEgY2VydGFpbiBwZXJpb2QgdGltZSwgaXQgd2lsbCBlbmhhbmNlIHlvdXIgXjAwMDBDRERleCAmIEFnaV4wMDAwMDAu,,,,,W01hbGJlcm9uXQpFeGlzdGUgdW1hIGhhYmlsaWRhZGUgw7p0aWwgc2VtIGFyY28uLi4gQ2hhbWFkYSBeMDAwMENETWVsaG9yYXIgRGVkaWNhw6fDo29eMDAwMDAwLCBxdWUgbWVsaG9yYSBhIF4wMDAwQ0RERVMgZSBBR0leMDAwMDAwIHBvciB1bSBkZXRlcm1pbmFkbyBwZXLDrW9kby4=,,W01hcmxicm9uXQpIYXkgdW5hIGhhYmlsaWRhZCBwYXJhIGxhIHF1ZSBubyBzZSBuZWNlc2l0YSB1biBhcmNv4oCmIFNlIGxsYW1hIF45OTAwOTlNZWpvcmFyIGNvbmNlbnRyYWNpw7NuXjAwMDAwMCB5IGR1cmFudGUgY2llcnRvIHBlcsOtb2RvLCBtZWpvcmFyw6EgdHUgXjk5MDA5OURFUyB5IEFHSV4wMDAwMDAu
hU/zAg,,W01hcmxicm9uXQpBdCB0aGUgc2FtZSB0aW1lLCBpdCB3aWxsIHJldmVhbCBoaWRkZW4gZW5lbWllcyBuZWFyYnku,,,,,W01hbGJlcm9uXQpBbMOpbSBkaXNzbywgYSBoYWJpbGlkYWRlIHJldmVsYXLDoSBpbmltaWdvcyBvY3VsdG9zIG5hcyBwcm94aW1pZGFkZXMu,,W01hcmxicm9uXQpBZGVtw6FzLCByZXZlbGFyw6EgZW5lbWlnb3Mgb2N1bHRvcyBxdWUgZXN0w6luIGNlcmNhLg==
hk/zAg,,W01hcmxicm9uXQpJZiB5b3Ugd2FudCB0byBrbm93IG1vcmUgYW5vdXQgc2tpbGwsIHRoZW4gb3BlbiB0aGUgc2tpbGwgd2luZG93IGJ5IHByZXNzaW5nIHRoZSBrZXkgIF4wMDAwQ0RBTFQrU14wMDAwMDA=,,,,,W01hbGJlcm9uXQpTZSB2b2PDqiBxdWlzZXIgc2FiZXIgbWFpcyBzb2JyZSBhIGhhYmlsaWRhZGUsIGFicmEgYSBqYW5lbGEgZGUgaGFiaWxpZGFkZSBhIHRlY2xhIGFwZXJ0YW5kbyBeMDAwMENEQUxUK1NeMDAwMDAw,,W01hcmxicm9uXQpTaSBxdWllcmVzIHNhYmVyIG3DoXMgc29icmUgbGFzIGhhYmlsaWRhZGVzLCBhYnJlIGxhIHZlbnRhbmEgZGUgaGFiaWxpZGFkZXMgcHJlc2lvbmFuZG8gXjk5MDA5OUFMVCtTXjAwMDAwMA==
h0/zAg,,W01hcmxicm9uXQpXaGVuIHlvdSBzY29sbCB0aGUgbW91c2Ugb24gdGhlIHNraWxsIGljb24sIHRoZXJlIHBvcHMgdXAgdGhlIGRldGFpbHMgYWJvdXQgdGhlIHNraWxsLiBQbGVhc2UgcmVhZCBpdC4=,,,,,W01hbGJlcm9uXQpBbyBwYXNzYXIgbyBtb3VzZSBzb2JyZSBvIMOtY29uZSBkYSBoYWJpbGlkYWRlLCDDqSBwb3Nzw612ZWwgdmVyIG9zIGRldGFsaGVzIHNvYnJlIGEgaGFiaWxpZGFkZS4gTGVpYSBjb20gYXRlbsOnw6NvLg==,,W01hcmxicm9uXQpDdWFuZG8gZGVzbGl6YXMgZWwgbW91c2Ugc29icmUgZWwgw61jb25vIGRlIGxhIGhhYmlsaWRhZCwgYXBhcmVjZW4gdG9kb3MgbG9zIGRldGFsbGVzLiBMw6llbG9zLg==
iE/zAg,,W01hcmxicm9uXQpUbyB1c2Ugc2tpbGxzLCBjbGljayB0aGUgc2tpbGwgaWNvbiBvbiB0aGUgc2tpbGwgd2luZG93LiBUaGVuIGRyYWcgYW5kIHJlZ2lzdGVyIGl0IG9uIHRoZSBeMDAwMENEc2hvcnRjdXQgd2luZG93XjAwMDAwMCB0byB1c2UgY29udmVuaWVudGx5Lg==,,,,,W01hbGJlcm9uXQpQYXJhIHVzYXIgYXMgaGFiaWxpZGFkZXMsIGNsaXF1ZSBubyDDrWNvbmUgZGEgaGFiaWxpZGFkZSBuYSBqYW5lbGEgZGUgaGFiaWxpZGFkZXMuIEVtIHNlZ3VpZGEsIGFycmFzdGUtYXMgZSByZWdpc3RyZS1hcyBuYSBeMDAwMENEamFuZWxhIGRlIGF0YWxob14wMDAwMDAgcGFyYSB1c8OhLWxhcyBkZSBmb3JtYSBjb252ZW5pZW50ZS4=,,W01hcmxicm9uXQpQYXJhIHVzYXIgdW5hIGhhYmlsaWRhZCwgaGF6IGNsaWMgZW4gc3Ugw61jb25vIGVuIGxhIHZlbnRhbmEgZGUgaGFiaWxpZGFkZXMuIEx1ZWdvIGFycsOhc3RyYWxhIGUgaW5ncsOpc2FsYSBlbiBsYSBeOTkwMDk5dmVudGFuYSBkZSBhY2Nlc29zIGRpcmVjdG9zXjAwMDAwMCBwYXJhIHVzYXIgZXN0YSBoYWJpbGlkYWQgY3VhbmRvIHF1aWVyYXMu
iU/zAg,,W01hcmxicm9uXQpXaWxsIHlvdSBnbyBhbmQgZmluZCBhIGh1bnRpbmcgdGVhY2hlciBvbiB0aGUgMXN0IGZsb29yPyBpZiB5b3UgZG8gbm90IHdhbnQsIHRoZW4gbm8gbmVlZC4=,,,,,W01hbGJlcm9uXQpWb2PDqiB2YWkgcHJvY3VyYXIgdW0gcHJvZmVzc29yIGRlIGNhw6dhIG5vIHByaW1laXJvIGFuZGFyPyBOw6NvIHByZWNpc2EsIHNlIG7Do28gcXVpc2VyLg==,,W01hcmxicm9uXQrCv0J1c2NhcsOhcyBhbGd1aWVuIHF1ZSB0ZSBlbnNlw7FlIGEgY2F6YXIgZW4gZWwgcHJpbWVyIHBpc28/IFNpIG5vIHF1aWVyZXMsIG5vIGhhY2UgZmFsdGEu
ik/zAg,,W01hcmxicm9uXQpCdXQgaGUgbWF5IHRyYWluIHlvdSB3aXRoIGEgbG90IG9mIHVzZWZ1bCBodW50aW5nIHNraWxscyBmb3IgeW91Lgo8TkFWST5eNEQ0REZGW0JhdHRsZSB0cmFpbmVyIFNiaW5vXV4wMDAwMDA8SU5GTz5pel9hYzAxLDU5LDgzLDwvSU5GTz48L05BVkk+CllvdSBtYXkgdmlzaXQgaGltLg==,,,,,W01hbGJlcm9uXQpNYXMgZWxlIHBvZGUgdHJlaW7DoS1sbyBjb20gbXVpdGFzIGhhYmlsaWRhZGVzIGRlIGNhw6dhIMO6dGVpcy4KPE5BVkk+XjRENERGRltUcmVpbmFkb3IgZGUgQmF0YWxoYSBTcGlub11eMDAwMDAwPElORk8+aXpfYWMwMSw1OSw4Myw8L0lORk8+PC9OQVZJPgpWb2PDqiBwb2RlIHZpc2l0w6EtbG8u,,W01hcmxicm9uXQpQZXJvIHB1ZWRlIGF5dWRhcnRlIGEgZW50cmVuYXIgbXVjaGFzIGhhYmlsaWRhZGVzIGRlIGNhemEgcXVlIHRlIHNlcnZpcsOhbi4KPE5BVkk+XjRENERGRltJbnN0cnVjdG9yIFN1Ymlub11eMDAwMDAwPElORk8+aXpfYWMgMDEsNTksODMsPC9JTkZPPjwvTkFWST4KUHVlZGVzIHZpc2l0YXJsby4=
i0/zAg,,W01hcmxicm9uXQpEbyB5b3Ugd2FudCB0byBiZWNvbWUgYW5eMDAwMENEIEFyY2hlcl4wMDAwMDA/Ckl0IGhhc24ndCBiZWVuIGEgbG9uZyB0aW1lIHNpbmNlIHdlIG1ldCB0b2dldGhlci4gQnV0IEkgYW0gc2FkIGFib3V0IHNheWluZyBnb29kIGJ5ZSB0byB5b3Uu,,,,,W01hbGJlcm9uXQpWb2PDqiBxdWVyIHNlIHRvcm5hciB1bSBeMDAwMENEQXJxdWVpcm9eMDAwMDAwPwpOw6NvIGZheiBtdWl0byB0ZW1wbyBxdWUgbm9zIGNvbmhlY2Vtb3MsIG1hcyBlc3RvdSB0cmlzdGUgcG9yIGRpemVyIGFkZXVzIGEgdm9jw6ou,,W01hcmxicm9uXQrCv1F1aWVyZXMgY29udmVydGlydGUgZW4gXjk5MDA5OUFycXVlcm9eMDAwMDAwPwpOb3MgY29ub2NpbW9zIGhhY2UgcG9jbyB0aWVtcG8uIFBlcm8gaWd1YWwgbWUgcG9uZSB0cmlzdGUgZGVjaXJ0ZSBhZGnDs3Mu
jE/zAg,,W01hcmxicm9uXQpMZXQgbWUgY2hlY2sgYSBsaXR0bGUgd2hpbGUsIGJlZm9yZSB5b3UgY2hhbmdlIHlvdXIgam9iIHlvdSBoYXZlIHRvIGJlIGF0IGpvYiBsZXZlbCAxMC4=,,,,,W01hbGJlcm9uXQpEZWl4YSBldSB2ZXIgdW1hIGNvaXNhLiBBbnRlcyBkZSBtdWRhciBkZSBjbGFzc2UsIHZvY8OqIHByZWNpc2EgZXN0YXIgbm8gbsOtdmVsIGRlIGNsYXNzZSAxMC4=,,W01hcmxicm9uXQpEw6lqYW1lIGNvbXByb2JhciBhbGdvLCBwb3JxdWUgYW50ZXMgZGUgY2FtYmlhciBkZSBjbGFzZSB0aWVuZXMgcXVlIGVzdGFyIGVuIGVsIG5pdmVsIGRlIGNsYXNlIDEwLg==
jU/zAg,,W01hcmxicm9uXQpDaGFuZ2UgY29uZGl0aW9ucyBzYXRpc2ZpZWQhIQ==,,,,,W01hbGJlcm9uXQpNdWRhbsOnYSBkZSBjb25kacOnw7VlcyBhdGVuZGlkYSEhIQ==,,W01hcmxicm9uXQrCocKhU2UgY3VtcGxpw7MgZWwgY2FtYmlvIGRlIGNvbmRpY2lvbmVzISE=
jk/zAg,,W01hcmxicm9uXQpOb3csIHlvdSBjYW4gY2hhbmdlIGpvYnMgcmlnaHQgaGVyZSB0aHJvdWdoIF40RDRERkZBcmNoZXIncyBHdWlsZF4wMDAwMDAuCklmIHBvc3NpYmxlLCBJIHJlY29tbWVuZCB0aGF0IHlvdSBnbyBkaXJlY3RseSB0byB0aGUgQXJjaGVyJ3MgR3VpbGQgYW5kIGNoYW5nZSBqb2JzLg==,,,,,W01hbGJlcm9uXQpBZ29yYSwgdm9jw6ogcG9kZSBtdWRhciBkZSBjbGFzc2UgYXF1aSBtZXNtbyBuYSBeNEQ0REZGR3VpbGRhIGRvcyBBcnF1ZWlyb3NeMDAwMDAwLgpTZSBwb3Nzw612ZWwsIHJlY29tZW5kbyBxdWUgdsOhIHBhcmEgYSBHdWlsZGEgZG9zIEFycXVlaXJvcyBlIG11ZGUgZGUgY2xhc3NlLg==,,W01hcmxicm9uXQpBaG9yYSwgcHVlZGVzIGNhbWJpYXIgZGUgY2xhc2UgYXF1w60gbWlzbW8gYSB0cmF2w6lzIGRlbCBeNEQ0REZGZ3JlbWlvIGRlIEFycXVlcm9zXjAwMDAwMC4KU2kgZXMgcG9zaWJsZSwgbWkgcmVjb21lbmRhY2nDs24gZXMgcXVlIHZheWFzIGRpcmVjdGFtZW50ZSBhbCBncmVtaW8gZGUgQXJxdWVyb3MgeSBjYW1iaWVzIGRlIGNsYXNlLg==
j0/zAg,,W01hcmxicm9uXQpJZiB5b3UgY2hhbmdlIGpvYnMgZGlyZWN0bHkgZnJvbSB0aGUgQXJjaGVyJ3MgR3VpbGQKQXMgYSBsaXR0bGUgYm9udXMsIHdlIHRlYWNoIHlvdSB0aGUgc2tpbGxzIHlvdSBuZWVkIHRvIHByYWN0aWNlIHJpZ2h0IGF3YXku,,,,,W01hbGJlcm9uXQpTZSB2b2PDqiBtdWRhciBkZSBjbGFzc2UgbmEgR3VpbGRhIGRvcyBBcnF1ZWlyb3MuLi4KRW5zaW5hbW9zIGNvbW8gYsO0bnVzIGFzIGhhYmlsaWRhZGVzIHF1ZSB2b2PDqiBwcmVjaXNhIHByYXRpY2FyIGltZWRpYXRhbWVudGUu,,W01hcmxicm9uXQpTaSBjYW1iaWFzIGRlIGNsYXNlIGRpcmVjdGFtZW50ZSBkZXNkZSBlbCBncmVtaW8gZGUgQXJxdWVyb3PigKYKQ29tbyB1bmEgcGVxdWXDsWEgYXl1ZGEgZXh0cmEsIHRlIGVuc2XDsWFyZW1vcyBsYXMgaGFiaWxpZGFkZXMgcXVlIG5lY2VzaXRhcyBwcmFjdGljYXIgZGUgaW5tZWRpYXRvLg==
kE/zAg,,W01hcmxicm9uXQpJZiB5b3UgY2hhbmdlIGpvYnMgcmlnaHQgaGVyZQpeNEQ0REZGVG8gYWNxdWlyZSBhZGRpdGlvbmFsIHNraWxsc14wMDAwMDAsIHlvdSBuZWVkIHRvIGRvIHNvbWUgcXVlc3RzLg==,,,,,W01hbGJlcm9uXQpTZSBtdWRhciBkZSBjbGFzc2UgYXF1aSwKXjRENERGRnBhcmEgb2J0ZXIgaGFiaWxpZGFkZXMgYWRpY2lvbmFpc14wMDAwMDAsIHZvY8OqIHRlcsOhIHF1ZSBmYXplciBhbGd1bWFzIG1pc3PDtWVzLg==,,W01hcmxicm9uXQpTaSBjYW1iaWFzIGRlIGNsYXNlIGFxdcOtIG1pc21vLApeNEQ0REZGcGFyYSBhZHF1aXJpciBoYWJpbGlkYWRlcyBhZGljaW9uYWxlc14wMDAwMDAgdGVuZHLDoXMgcXVlIGhhY2VyIGFsZ3VuYXMgbWlzaW9uZXMu
kU/zAg,,W01hcmxicm9uXQpXaGF0IHdvdWxkIHlvdSBsaWtlIHRvIGRvPw==,,,,,W01hbGJlcm9uXQpPIHF1ZSB2b2PDqiBnb3N0YXJpYSBkZSBmYXplcj8=,,W01hcmxicm9uXQrCv1F1w6kgcXVpZXJlcyBoYWNlcj8=
kk/zAg,,U3RpbGwsIEkgd2FudCB0byBjaGFuZ2Ugam9icyByaWdodCBhd2F5Lg==,,,,,QWluZGEgYXNzaW0sIHF1ZXJvIG11ZGFyIGRlIGNsYXNzZSBpbWVkaWF0YW1lbnRlLg==,,QXVuIGFzw60sIHF1aWVybyBjYW1iaWFyIGRlIGNsYXNlIGVuc2VndWlkYS4=
k0/zAg,,SSdsbCBnbyB0byB0aGUgYXJjaGVyJ3MgZ3VpbGQgYW5kIGNoYW5nZSBqb2JzLi4=,,,,,Vm91IGF0w6kgYSBndWlsZGEgZG9zIGFycXVlaXJvcyBlIHRyb2NhciBkZSBjbGFzc2Uu,,SXLDqSBhbCBncmVtaW8gZGUgQXJxdWVyb3MgYSBjYW1iaWFyIGRlIGNsYXNl4oCm
lE/zAg,,W01hcmxicm9uXQpDaGFuZ2UgeW91ciBqb2IgdGhyb3VnaCBeNEQ0REZGQXJjaGVyJ3MgR3VpbGReMDAwMDAwIGhlcmUuCldlIHJlc3BlY3QgeW91ciBjaG9pY2Uu,,,,,W01hbGJlcm9uXQpNdWRlIGRlIGNsYXNzZSBhcXVpIG5hIF40RDRERkZHdWlsZGEgZG9zIEFycXVlaXJvc14wMDAwMDAuClJlc3BlaXRhbW9zIHN1YSBlc2NvbGhhLg==,,W01hcmxicm9uXQpDYW1iaWEgdHUgY2xhc2UgYXF1w60gYSB0cmF2w6lzIGRlbCBeNEQ0REZGZ3JlbWlvIGRlIEFycXVlcm9zXjAwMDAwMC4KUmVzcGV0YW1vcyB0dSBlbGVjY2nDs24u
lU/zAg,,W01hcmxicm9uXQpZb3UndmUgZGVjaWRlZC4=,,,,,W01hbGJlcm9uXQpWb2PDqiBkZWNpZGl1Lg==,,W01hcmxicm9uXQpZYSBkZWNpZGlzdGUu
lk/zAg,,W01hcmxicm9uXQpEbyB5b3UgcmVhbGx5IHdhbnQgdG8gY2hhbmdlIGpvYnM/IElmIHlvdSB3YW50IHRvIGNoYW5nZSBqb2JzLCB0aGV5IHdpbGwgc2VuZCB5b3UgdG8gdGhlIGpvYiBjaGFuZ2UgY2VudGVyLg==,,,,,W01hbGJlcm9uXQpRdWVyIG1lc21vIG11ZGFyIGRlIGNsYXNzZT8gU2UgcXVpc2VyLCBsZXZhcsOjbyB2b2PDqiBwYXJhIG8gY2VudHJvIGRlIG11ZGFuw6dhIGRlIGNsYXNzZS4=,,W01hcmxicm9uXQrCv0RlIHZlcmRhZCBxdWllcmVzIGNhbWJpYXIgZGUgY2xhc2U/IFNpIHF1aWVyZXMgY2FtYmlhcmxhLCB0ZSBlbnZpYXLDoW4gYWwgY2VudHJvIGRlIGNhbWJpbyBkZSBjbGFzZS4=
l0/zAg,,WWVzLg==,,,,,U2ltLg==,,U8OtLg==
mE/zAg,,Q2FuY2VsLg==,,,,,Q2FuY2VsYXI=,,Q2FuY2VsYXIu
mU/zAg,,W01hcmxicm9uXQpCZWZvcmUgY2hhbmdpbmcgam9icywgbGV0IG1lIGV4cGxhaW4gYWJvdXQgdGhlIHZpbGxhZ2Ugd2hlcmUgdGhlIGpvYiBjaGFuZ2Ugb2ZmaWNlIGlzIGxvY2F0ZWQu,,,,,W01hbGJlcm9uXQpBbnRlcyBkZSBtdWRhciBkZSBjbGFzc2UsIGRlaXhlLW1lIGV4cGxpY2FyIHNvYnJlIGEgdmlsYSBvbmRlIGZpY2EgbyBlc2NyaXTDs3JpbyBkZSBtdWRhbsOnYSBkZSBjbGFzc2Uu,,W01hcmxicm9uXQpBbnRlcyBkZSBjYW1iaWFyIGRlIGNsYXNlLCBkw6lqYW1lIGNvbnRhcnRlIHNvYnJlIGxhIGFsZGVhIGVuIGxhIHF1ZSBlc3TDoSBsYSBvZmljaW5hIGRlIGNhbWJpbyBkZSBjbGFzZS4=
mk/zAg,,W01hcmxicm9uXQpUaGUgaG9tZXRvd24gb2YgYXJjaGVyIGlzIF4wMDAwQ0RQYXlvbl4wMDAwMDAu,,,,,W01hbGJlcm9uXQpBIGNpZGFkZSBuYXRhbCBkbyBhcnF1ZWlybyDDqSBeMDAwMENEUGF5b25eMDAwMDAwLg==,,W01hcmxicm9uXQpFbCBob2dhciBkZSBsb3MgQXJxdWVyb3MgZXMgXjk5MDA5OVBheW9uXjAwMDAwMC4=
m0/zAg,,W01hcmxicm9uXQpHbyB0aGVyZSB3aGVuIHlvdXIgYm9keSBhbmQgbWluZCBhcmUgdGlyZWQuCkl0IHdpbGwgYWx3YXlzIHdlbGNvbWUgeW91IGxpa2UgYSBob21ldG93bi4=,,,,,W01hbGJlcm9uXQpWw6EgcGFyYSBsw6EgcXVhbmRvIHNldSBjb3JwbyBlIHN1YSBtZW50ZSBlc3RpdmVyZW0gY2Fuc2Fkb3MuCkVsYSBzZW1wcmUgcmVjZWJlcsOhIHZvY8OqIGNvbW8gdW1hIGNpZGFkZSBuYXRhbC4=,,W01hcmxicm9uXQpWZSBhbGzDoSBwYXJhIGRlc2NhbnNhciB0dSBjdWVycG8geSB0dSBtZW50ZS4KU2llbXByZSB0ZSByZWNpYmlyw6FuIGNvbiBjYWxpZGV6Lg==
nE/zAg,,W01hcmxicm9uXQpZb3UgY2FuIGNoYW5nZSBqb2Igb24gXjAwMDBDREFyY2hlciB2aWxsYWdlIG5vcnRoIG9mIFBheW9uXjAwMDAwMC4=,,,,,W01hbGJlcm9uXQpWb2PDqiBwb2RlIG11ZGFyIGRlIGNsYXNzZSBuYSBeMDAwMENEdmlsYSBkb3MgQXJxdWVpcm9zLCBhbyBub3J0ZSBkZSBQYXlvbl4wMDAwMDAu,,W01hcmxicm9uXQpQdWVkZXMgY2FtYmlhciBkZSBjbGFzZSBlbiBsYSBeMDAwMENEQWxkZWEgZGUgbG9zIEFycXVlcm9zXjAwMDAwMCwgYWwgbm9ydGUgZGUgUGF5b24u
nU/zAg,,W01hcmxicm9uXQpJJ2xsIHNlbmQgeW91IHRoZXJlIG5vdy4KSSB3YW50IHRvIGdvIHdpdGggeW91LCBidXQgeW91IGhhdmUgdG8gZ28gYWxvbmUuCkknbGwgc2hvdyB5b3UgdGhlIHdheSwgc28gbG9vayBjYXJlZnVsbHkgYW5kIGZpbmQgdGhlIHdheS4=,,,,,W01hbGJlcm9uXQpWb3UgbWFuZGFyIHZvY8OqIHBhcmEgbMOhIGFnb3JhLgpRdWVybyBpciBqdW50bywgbWFzIHZvY8OqIHRlbSBxdWUgaXIgc296aW5oby4KVGVudGFyZWkgZ3VpYXIsIHBvcnRhbnRvLCBwcmVzdGUgYXRlbsOnw6NvIGUgZW5jb250cmUgbyBjYW1pbmhvLg==,,W01hcmxicm9uXQpUZSBlbnZpYXLDqSBhbGzDoSBhaG9yYS4KUXVpZXJvIGlyIGNvbnRpZ28sIHBlcm8gbm8gc2UgYWRtaXRlIGNvbXBhw7HDrWEuClRlIG1vc3RyYXLDqSBlbCBjYW1pbm8sIGFzw60gcXVlIHByZXN0YSBhdGVuY2nDs24gcGFyYSBubyBwZXJkZXJ0ZS4=
nk/zAg,,W01hcmxicm9uXQpUaGF0J3Mgd2hlcmUgSSdsbCBzZW5kIHlvdS4KV2hlbiB5b3UgYXJyaXZlLCB5b3UgY2FuIHNlZSB0aGUgXjAwMDBDRHJlZCBjaXJjbGVeMDAwMDAwIGFib3ZlPyBXaGVuIHlvdSBnbyB0aGVyZS4uLg==,,,,,W01hbGJlcm9uXQrDiSBwYXJhIGzDoSBxdWUgZXUgZW52aWFyZWkgdm9jw6ouClF1YW5kbyBjaGVnYXIsIHByb2N1cmUgbyBeMDAwMENEY8OtcmN1bG8gdmVybWVsaG9eMDAwMDAwIGFjaW1hLiBRdWFuZG8gY2hlZ2FyIGzDoS4uLg==,,W01hcmxicm9uXQpBaMOtIGVzIGRvbmRlIHRlIGVudmlhcsOpLgpDdWFuZG8gbGxlZ3VlcywgdmVyw6FzIGVsIF4wMDAwQ0Rjw61yY3VsbyByb2pvXjAwMDAwMCBhaMOtIGFycmliYS4gQ3VhbmRvIGxsZWd1ZXMgYWxsw63igKY=
n0/zAg,,W01hcmxicm9uXQpUaGUgZGVzdGluYXRpb24gaXMgUGF5b24hCklmIHlvdSBmb2xsb3cgdGhlIGRpcmVjdGlvbiBvZiB0aGUgXjAwMDBDRGFycm93IGRyYXduIG9uIHRoZSBtaW5pbWFwIGhlcmVeMDAwMDAwLCB5b3UgY2FuIGdvIHN0cmFpZ2h0IHRvIF4wMDAwQ0RBcmNoZXIgVmlsbGFnZV4wMDAwMDAu,,,,,W01hbGJlcm9uXQpPIGRlc3Rpbm8gw6kgUGF5b24hClNlIHZvY8OqIHNlZ3VpciBhIGRpcmXDp8OjbyBkYSBeMDAwMENEc2V0YSBkZXNlbmhhZGEgbm8gbWluaW1hcGFeMDAwMDAwLCBjb25zZWd1aXLDoSBpciBkaXJldG8gcGFyYSBhIF4wMDAwQ0RWaWxhIGRvcyBBcnF1ZWlyb3NeMDAwMDAwLg==,,W01hcmxicm9uXQrCoVBheW9uIGVzIHR1IGRlc3Rpbm8hClNpIHNpZ3VlcyBsYSBeMDAwMENEZmxlY2hhIGRpYnVqYWRhIGVuIGVzdGUgbWluaW1hcGFeMDAwMDAwLCBsbGVnYXLDoXMgZGlyZWN0YW1lbnRlIGEgbGEgXjAwMDBDREFsZGVhIGRlIGxvcyBBcnF1ZXJvc14wMDAwMDAu
oE/zAg,,W01hcmxicm9uXQpBbmQgaGVyZSwgdGhlIHBsYWNlIG1hcmtlZCB3aXRoIHRoZSBeMDAwMENEY2lyY2xlXjAwMDAwMCBpcyB0aGUgXjAwMDBDREFyY2hlcidzIGZvcm1lciBsb2NhdGlvbiwgQXJjaGVyJ3MgR3VpbGReMDAwMDAwLgpIb3cgaXMgaXQ/IEl0J3MgZWFzeSB0byBmaW5kIHlvdXIgd2F5LCByaWdodD8=,,,,,W01hbGJlcm9uXQpFIGFxdWksIG8gbG9jYWwgbWFyY2FkbyBjb20gbyBeMDAwMENEY8OtcmN1bG9eMDAwMDAwLCDDqSBvbmRlIGZpY2EgYSBhbnRpZ2EgXjAwMDBDRGJhc2UsIGEgR3VpbGRhIGRvcyBBcnF1ZWlyb3NeMDAwMDAwLgpPIHF1ZSBhY2hhPyDDiSBmw6FjaWwgZW5jb250cmFyIHNldSBjYW1pbmhvLCBuw6k/,,W01hcmxicm9uXQpZIGFxdcOtLCBlc3RlIF4wMDAwQ0Rjw61yY3Vsb14wMDAwMDAgaW5kaWNhIGxhIF45OTAwOTlhbnRpZ3VhIHViaWNhY2nDs24gZGVsIGdyZW1pbyBkZSBBcnF1ZXJvc14wMDAwMDAuCsK/UXXDqSB0ZSBwYXJlY2U/IEVzIGbDoWNpbCBlbmNvbnRyYXIgZWwgY2FtaW5vLCDCv3ZlcmRhZD8=
oU/zAg,,W01hcmxicm9uXQpTaW5jZSB0aGVyZSBpcyBhIG5hdmlnYXRpb24gc3lzdGVtLCB5b3Ugd29uJ3QgaGF2ZSB0byB3b3JyeSBhYm91dCBnZXR0aW5nIGxvc3QuClN0aWxsLCBpZiB5b3UgYXJlIG5vdCBzdXJlLCB5b3UgY2FuIGFzayB0aGUgXjAwMDBDREluZm9ybWF0aW9uIFN0YWZmXjAwMDAwMCBuZWFyIHRoZSBlbnRyYW5jZSBmb3IgdGhlIGxvY2F0aW9uLg==,,,,,W01hbGJlcm9uXQpDb21vIGjDoSB1bSBzaXN0ZW1hIGRlIG5hdmVnYcOnw6NvLCB2b2PDqiBuw6NvIHByZWNpc2Fyw6Egc2UgcHJlb2N1cGFyIGVtIHNlIHBlcmRlci4KTWVzbW8gYXNzaW0sIGVtIGNhc28gZGUgZMO6dmlkYXMsIHBvZGUgcGVyZ3VudGFyIHNvYnJlIGEgbG9jYWxpemHDp8OjbyBwYXJhIGEgXjAwMDBDREd1aWEgZGEgQ2lkYWRlXjAwMDAwMCBwZXJ0byBkYSBlbnRyYWRhLg==,,W01hcmxicm9uXQpIYXkgdW4gc2lzdGVtYSBkZSBuYXZlZ2FjacOzbiwgYXPDrSBxdWUgbm8gdGUgcHJlb2N1cGVzIHBvciBwZXJkZXIgZWwgcnVtYm8uCkF1biBhc8OtLCBzaSB0aWVuZXMgZHVkYXMsIHB1ZWRlcyBhY3VkaXIgYWwgXjAwMDBDRHBlcnNvbmFsIGRlIGluZm9ybWFjacOzbl4wMDAwMDAsIGNlcmNhIGRlIGxhIGVudHJhZGEu
ok/zAg,,W01hcmxicm9uXQpKdXN0IGNvbWUgdG8gdGhlIGd1aWxkIGFuZCBjb21lIGZpbmQgbWUu,,,,,W01hbGJlcm9uXQpCYXN0YSBpciBhdMOpIGEgZ3VpbGRhIGUgbWUgcHJvY3VyYXIu,,W01hcmxicm9uXQpWZW4gYWwgZ3JlbWlvIHkgYsO6c2NhbWUu
o0/zAg,,W01hcmxicm9uXQpXZWxsIHRoZW4sIEkgaG9wZSB5b3UgYmVjb21lIGEgZ3JlYXQgYXJjaGVyISE=,,,,,W01hbGJlcm9uXQpCZW0sIGVzcGVybyBxdWUgdm9jw6ogYWNhYmUgZW50cmUgb3MgZ3JhbmRlcyBhcnF1ZWlyb3Mh,,W01hcmxicm9uXQpCdWVubywgwqHCoWVzcGVybyBxdWUgdGUgY29udmllcnRhcyBlbiB1biBncmFuIEFycXVlcm8hIQ==
pE/zAg,,W01hcmxicm9uXQpQbGVhc2UgdGhpbmsgYWdhaW4u,,,,,W01hbGJlcm9uXQpQZW5zZSBtYWlzIHVtIHBvdWNvLg==,,W01hcmxicm9uXQpQb3IgZmF2b3IsIHBpw6luc2FsbyBkZSBudWV2by4=
pU/zAg,,W01hcmxicm9uXQpIbW1tLiBZb3UgYXJlIGEgbGl0dGxlIGJpdCBzaG9ydCBvZiBKT0IgbGV2ZWwuCkFyZSB5b3UgY29taW5nIGJhY2sgYWZ0ZXIgbW9yZSB0cmFpbmluZz8=,,,,,W01hbGJlcm9uXQpIbW1tLiBWb2PDqiBlc3TDoSB1bSBwb3VjbyBhYmFpeG8gZG8gbsOtdmVsIGRlIGNsYXNzZS4KUXVlIHRhbCB2b2x0YXIgZGVwb2lzIGRlIHRyZWluYXIgdW0gcG91Y28gbWFpcz8=,,W01hcmxicm9uXQpNbW1tLiBUZSBmYWx0YSB1biBwb2NvIGRlIG5pdmVsIGRlIGNsYXNlLgrCv1ZhcyBhIHZvbHZlciBkZXNwdcOpcyBkZSBlbnRyZW5hciBtw6FzPw==
pk/zAg,,W01hcmxicm9uXQpBdCBBcm1vcnkgb24gdGhlIDFzdCBmbG9vciA8TkFWST5eNEQ0REZGW0JhdHRsZSB0cmFpbmVyIFNiaW5vXV4wMDAwMDA8SU5GTz5pel9hYzAxLDU5LDgzLDwvSU5GTz48L05BVkk+CllvdSBtYXkgdmlzaXQgaGltLg==,,,,,W01hbGJlcm9uXQpOYSBTYWxhIGRhcyBBcm1hcywgbm8gMcK6IGFuZGFyLCA8TkFWST5eNEQ0REZGW1RyZWluYWRvciBkZSBCYXRhbGhhIFNwaW5vXV4wMDAwMDA8SU5GTz5pel9hYzAxLDU5LDgzLDwvSU5GTz48L05BVkk+ClZvY8OqIHBvZGUgdmlzaXTDoS1sby4=,,W01hcmxicm9uXQpFbiBsYSBBcm1lcsOtYSBkZWwgcHJpbWVyIHBpc28sIGVsIDxOQVZJPl40RDRERkZbSW5zdHJ1Y3RvciBTdWJpbm9dXjAwMDAwMDxJTkZPPml6X2FjIDAxLDU5LDgzLDwvSU5GTz48L05BVkk+ClB1ZWRlcyB2aXNpdGFybG8u
p0/zAg,,W01hcmxicm9uXQpSZWFsbHk/IFRoZW4sIGRvbid0IGJlIGxhenkgYnV0IGdldCBzb21lIHRyYWluaW5nLg==,,,,,W01hbGJlcm9uXQpTw6lyaW8/IEVudMOjbyBuw6NvIHBlcmNhIHRlbXBvIGUgdsOhIHRyZWluYXIu,,W01hcmxicm9uXQrCv0RlIHZlcmRhZD8gRW50b25jZXMsIMKhY29taWVuemEgYSBlbnRyZW5hciE=
qE/zAg,,W01hcmxicm9uXQpZb3UgYXJlIHN1cHBvc2VkIHRvIGdvIGZvciB0cmFuc2ZlciwgYnV0IHdoeSBhcmUgeW91IGhlcmU/Ckkgd2lsbCBnbyBmb3IgdHJhbnNmZXIu,,,,,W01hbGJlcm9uXQpKw6EgZGV2ZXJpYW0gdGVyIHRyYW5zZmVyaWRvIHZvY8OqLiBQb3IgcXVlIGFpbmRhIGVzdMOhIGFxdWk/CkZhcmVpIGEgdHJhbnNmZXLDqm5jaWEu,,W01hcmxicm9uXQpTZSBzdXBvbmUgcXVlIHRpZW5lcyBxdWUgaXIgYSBxdWUgdGUgdHJhbnNmaWVyYW4sIMK/cG9yIHF1w6kgZXN0w6FzIGFxdcOtPwpJcsOpIGEgcXVlIG1lIHRyYW5zZmllcmFuLg==
qU/zAg,,W01hcmxicm9uXQpIb3cgYWJvdXQgaXQ/IFdhcyB0aGUgdHJhaWluZyB2YWx1YWJsZSB0byB5b3U/ClRyYWRpdGlvbmFsbHksIGEgZ29vZCBhcmNoZXIgd2FzIG1hZGUgYnkgYW4gZXhjZWxsZW50IGFyY2hlciB0cmFpbmVyLi4gRWh1bS4=,,,,,W01hbGJlcm9uXQpPIHF1ZSB2b2PDqiBhY2hvdT8gTyB0cmVpbmFtZW50byBmb2kgdmFsaW9zbyBwYXJhIHZvY8OqPwpUcmFkaWNpb25hbG1lbnRlLCB1bSBib20gYXJxdWVpcm8gZXJhIGZvcm1hZG8gcG9yIHVtIGV4Y2VsZW50ZSB0cmVpbmFkb3IgZGUgYXJxdWVpcm8uLi4gQWhlbS4=,,W01hcmxicm9uXQrCv1F1w6kgdGUgcGFyZWNlPyDCv0VsIGVudHJlbmFtaWVudG8gZnVlIMO6dGlsPwpUcmFkaWNpb25hbG1lbnRlLCBkZXRyw6FzIGRlIHRvZG8gYnVlbiBBcnF1ZXJvIGhhYsOtYSB1biBleGNlbGVudGUgZW50cmVuYWRvciBkZSBBcnF1ZXJvcy4gQWphbeKApg==
qk/zAg,,W01hcmxicm9uXQpJIGFscmVhZHkgYXBwbGllZCBidXQgaXQgaGFzIG5vdCBjb21wbGV0ZWQgeWV0LgpDb21lIGFuZCBzZWUgbWUgYWZ0ZXIgZmluaXNoaW5nIG90aGVyIHRoaW5ncy4=,,,,,W01hbGJlcm9uXQpFdSBqw6EgbWUgaW5zY3JldmksIG1hcyBhaW5kYSBuw6NvIGZvaSBhY2Fib3UuCkZhbGUgY29taWdvIGRlcG9pcyBkZSB0ZXJtaW5hciBvdXRyYXMgY29pc2FzLg==,,W01hcmxicm9uXQpZYSBwcmVzZW50w6kgbGEgc29saWNpdHVkLCBwZXJvIG5vIHNlIGNvbXBsZXTDsyBhw7puLgpWZW4gYSB2ZXJtZSBkZXNwdcOpcyBkZSB0ZXJtaW5hciBvdHJhcyBjb3Nhcy4=
q0/zAg,,W01hcmxicm9uXQpEaWQgeW91IGRpcmVjdGx5IGNvbWUgaGVyZSB3aXRob3V0IHRoZSBlbnRyYW5jZSBhcHBsaWNhdGlvbiBmb3IgQ3JpdHVyYSBBY2FkZW15IHlldD8KWW91IGFyZSB0b28gaW4gYSBodXJyeS4gUnVzaCB0byBnbyB0byB0aGUgMXN0IGZsb29yIGZvciBhcHBsaWNhdGlvbiwgYW5kIGNvbWUgYmFjayB0byBtZS4=,,,,,W01hbGJlcm9uXQpWb2PDqiB2ZWlvIGRpcmV0byBwYXJhIGPDoSBzZW0gbyBmb3JtdWzDoXJpbyBkZSBpbnNjcmnDp8OjbyBkYSBBY2FkZW1pYSBkbyBBcHJlbmRpej8KVm9jw6ogZXN0w6EgY29tIG11aXRhIHByZXNzYS4gQ29ycmEgcGFyYSBvIHByaW1laXJvIGFuZGFyIHBhcmEgZmF6ZXIgYSBpbnNjcmnDp8OjbyBlIGZhbGUgY29taWdvLg==,,W01hcmxicm9uXQrCv1ZpbmlzdGUgZGlyZWN0YW1lbnRlPyDCv1NpbiBsYSBzb2xpY2l0dWQgZGUgaW5ncmVzbyBwYXJhIGxhIEFjYWRlbWlhIGRlIGNyaWF0dXJhcz8KVGllbmVzIGRlbWFzaWFkYSBwcmlzYS4gVmUgeWEgbWlzbW8gYWwgcHJpbWVyIHBpc28gYSByZWFsaXphciBsYSBzb2xpY2l0dWQgeSB2dWVsdmUgYXF1w60u
rE/zAg,,W01hcmxicm9uXQpXaHkgYXJlIHlvdSBvZiBhIGRpZmZlcmVudCBqb2Igc25vb3BpbmcgYXJvdW5kIGhlcmU/,,,,,W01hbGJlcm9uXQpQb3IgcXVlIHZvY8OqIHRlbSB1bWEgY2xhc3NlIGRpZmVyZW50ZSBlIGVzdMOhIGJpc2JpbGhvdGFuZG8gcG9yIGFxdWk/,,W01hcmxicm9uXQrCv1F1w6kgaGFjZXMgaHVzbWVhbmRvIHBvciBhcXXDrSBzaSBlc3RhIG5vIGVzIHR1IGNsYXNlPw==
rU/zAg,,W01hcmxicm9uXQpEb24ndCBzbm9vcCBhcm91bmQgYW5kIGdldCBvdXQgb2YgaGVyZSEh,,,,,W01hbGJlcm9uXQpOw6NvIGZpcXVlIGJpc2JpbGhvdGFuZG8gZSBzYWlhIGrDoSBkYXF1aSE=,,W01hcmxicm9uXQrCocKhTm8gaHVzbWVlcyBtw6FzIHkgdmV0ZSBkZSBhcXXDrSEh
