oOmgAg,,U2VhIENhcHRhaW4=,,,,,Q2FwaXTDo28gZG8gTWFy,,Q2FwaXTDoW4gZGUgYmFyY28=
oemgAg,,W1dhbHRlciBNb2Vyc10KSGV5LCB0aGVyZS4KSGF2ZSB5b3UgZXZlciBoZWFyZCB0aGF0IHRoZXJlCmFyZSB0b3RhbGx5IGRpZmZlcmVudCBjb3VudHJpZXMKdGhhbiB0aGUgUnVuZS1NaWRnYXJkIEtpbmdkb20/,,,,,W1dhbHRlciBNb2Vyc10KT2zDoS4KVm9jw6ogasOhIG91dml1IGZhbGFyIHF1ZSBleGlzdGVtCmV4aXN0ZW0gcGHDrXNlcyB0b3RhbG1lbnRlIGRpZmVyZW50ZXMKZG8gcXVlIG8gUmVpbm8gZGUgUnVuZS1NaWRnYXJkPw==,,W1dhbHRlciBNb2Vyc10KSG9sYS4Kwr9Pw61zdGUgYWxndW5hIHZleiBxdWUgaGF5CnBhw61zZXMgdG90YWxtZW50ZSBkaWZlcmVudGVzCmFsIHJlaW5vIFJ1bmUtTWlkZ2FydHM/
oumgAg,,QWJvdXQgQW1hdHN1Li4u,,,,,U29icmUgQW1hdHN1Li4u,,QWNlcmNhIGRlIEFtYXRzdeKApg==
o+mgAg,,R28gdG8gQW1hdHN1,,,,,SXIgcGFyYSBBbWF0c3U=,,SXIgYSBBbWF0c3Uu
pOmgAg,,Q2FuY2Vs,,,,,Q2FuY2VsYXI=,,Q2FuY2VsYXIu
pemgAg,,W1dhbHRlciBNb2Vyc10KSSBoZWFyZCB0aGF0IGEgZHJpZnRpbmcgc2hpcAphY2NpZGVudGFsbHkgZGlzY292ZXJlZCBpdC4uLgpUaGUgc2hpcCB3YXMgdG90YWxseSBkZXN0cm95ZWQKYnkgYSByYWdpbmcgc3Rvcm0gaW4gaGVhdnkgZm9nLg==,,,,,W1dhbHRlciBNb2Vyc10KT3V2aSBkaXplciBxdWUgdW0gbmF2aW8gw6AgZGVyaXZhCm8gZGVzY29icml1IGFjaWRlbnRhbG1lbnRlLi4uCk8gbmF2aW8gZm9pIHRvdGFsbWVudGUgZGVzdHJ1w61kbwpwb3IgdW1hIHRlbXBlc3RhZGUgdmlvbGVudGEgZW0gbWVpbyBhIHVtYSBmb3J0ZSBuZWJsaW5hLg==,,W1dhbHRlciBNb2Vyc10KT8OtIHF1ZSB1biBiYXJjbyBhIGxhIGRlcml2YQpsbyBkZXNjdWJyacOzIGFjY2lkZW50YWxtZW50ZeKApgpFbCBiYXJjbyBmdWUgdG90YWxtZW50ZSBkZXN0cnVpZG8KcG9yIHVuYSBmdXJpb3NhIHRvcm1lbnRhIGVuIG1lZGlvIGRlIHVuYSBlc3Blc2EgbmllYmxhLg==
pumgAg,,W1dhbHRlciBNb2Vyc10KQW55d2F5LCB0aGUgc2hpcCB3YXMgd3JlY2tlZApvbiB0aGUgYmVhY2guIEl0IHdhcyB0aGVyZQpoZSBhcnJpdmVkIGF0IGEgdG93biBjYWxsZWQgQW1hdHN1Lg==,,,,,W1dhbHRlciBNb2Vyc10KRGUgcXVhbHF1ZXIgZm9ybWEsIG8gbmF2aW8gbmF1ZnJhZ291Cm5hIHByYWlhLiBGb2kgbMOhIHF1ZQplbGUgY2hlZ291IGEgdW1hIGNpZGFkZSBjaGFtYWRhIEFtYXRzdS4=,,W1dhbHRlciBNb2Vyc10KRGUgdG9kb3MgbW9kb3MsIGVsIGJhcmNvIG5hdWZyYWfDswplbiBsYSBwbGF5YS4gRnVlIGFsbMOtCnF1ZSDDqWwgbGxlZ8OzIGEgdW5hIGNpdWRhZCBsbGFtYWRhIEFtYXRzdS4=
p+mgAg,,W1dhbHRlciBNb2Vyc10KVGhlIHRvd25lcnMgdG9vayBwaXR5IG9uIGhpbQphbmQgdG9vayBjYXJlIG9mIGhpcyB3b3VuZHMuCkhlIGxpdmVkIHRoZXJlIHVudGlsIGhlIGZpbmlzaGVkIG1ha2luZyBhIG1hcC4=,,,,,W1dhbHRlciBNb2Vyc10KT3MgaGFiaXRhbnRlcyBkYSBjaWRhZGUgZmljYXJhbSBjb20gcGVuYSBkZWxlCmUgY3VpZGFyYW0gZGUgc2V1cyBmZXJpbWVudG9zLgpFbGUgdml2ZXUgbMOhIGF0w6kgdGVybWluYXIgZGUgZmF6ZXIgdW0gbWFwYS4=,,W1dhbHRlciBNb2Vyc10KTG9zIGNpdWRhZGFub3Mgc2UgYXBpYWRhcm9uIGRlIMOpbAp5IHNlIG9jdXDDsyBkZSBzdXMgaGVyaWRhcy4KVml2acOzIGFsbMOtIGhhc3RhIHF1ZSB0ZXJtaW7DsyBkZSBoYWNlciB1biBtYXBhLg==
qOmgAg,,W1dhbHRlciBNb2Vyc10KSGUgcGFzc2VkIGF3YXkgd2hlbiBoZSByZXR1cm5lZAp0byBSdW5lLU1pZGdhcmQuIEZvcnR1bmF0ZWx5LAp0aGUgbWFwIHdhcyBnaXZlbiB0byBvdXIga2luZywgVHJpc3RhbiBJSUku,,,,,W1dhbHRlciBNb2Vyc10KRWxlIGZhbGVjZXUgcXVhbmRvIHJldG9ybm91CnBhcmEgUnVuZS1NaWRnYXJkLiBGZWxpem1lbnRlLApvIG1hcGEgZm9pIGVudHJlZ3VlIGFvIG5vc3NvIHJlaSwgVHJpc3RhbiBJSUku,,W1dhbHRlciBNb2Vyc10KRmFsbGVjacOzIGN1YW5kbyByZWdyZXPDswphIFJ1bmUtTWlkZ2FydHMuIEFmb3J0dW5hZGFtZW50ZSwKZWwgbWFwYSBmdWUgZW50cmVnYWRvIGEgbnVlc3RybyByZXksIFRyaXN0YW4gSUlJLg==
qemgAg,,W1dhbHRlciBNb2Vyc10KS2luZyBUcmlzdGFuIElJSSBhbm5vdW5jZWQKdGhhdCBoZSB3b3VsZCByZXdhcmQgYW55CnBlcnNvbiBicmF2ZSBlbm91Z2ggdG8gdmVudHVyZSB0byBBbWF0c3UsIGFuZCBzcHJlYWQgY29waWVzIG9mIHRoaXMgbWFwLg==,,,,,W1dhbHRlciBNb2Vyc10KTyByZWkgVHJpc3TDo28gSUlJIGFudW5jaW91CnF1ZSByZWNvbXBlbnNhcmlhIHF1YWxxdWVyIHBlc3NvYQpwZXNzb2EgY29yYWpvc2EgbyBzdWZpY2llbnRlIHBhcmEgc2UgYXZlbnR1cmFyIGVtIEFtYXRzdSBlIGVzcGFsaGFyIGPDs3BpYXMgZGVzc2UgbWFwYS4=,,W1dhbHRlciBNb2Vyc10KRWwgcmV5IFRyaXN0YW4gSUlJIGFudW5jacOzCnF1ZSByZWNvbXBlbnNhcsOtYSBhIGN1YWxxdWllcgpwZXJzb25hIGxvIHN1ZmljaWVudGVtZW50ZSB2YWxpZW50ZSBjb21vIHBhcmEgYXZlbnR1cmFyc2UgYSBBbWF0c3UsIHkgZGlmdW5kaXIgY29waWFzIGRlIGVzdGUgbWFwYS4=
qumgAg,,W1dhbHRlciBNb2Vyc10KTWFueSBicmF2ZSBhbmQgYWR2ZW50dXJvdXMKc2VhIGNhcHRhaW5zIHRvb2sgdGhlCmNoYWxsZW5nZS4gR3JlYXQgZm9ydHVuZSBjb3VsZApiZSBtYWRlIGluIHRyYWRlIHdpdGggQW1hdHN1LCBhcyB3ZWxsIGFzIHRoZSByZXdhcmRzIGZyb20gS2luZyBUcmlzdGFuIElJSS4uLg==,,,,,W1dhbHRlciBNb2Vyc10uCk11aXRvcyBjYXBpdMOjZXMgY29yYWpvc29zIGUgYXZlbnR1cmVpcm9zCmUgYXZlbnR1cmVpcm9zIGFjZWl0YXJhbSBvCmRlc2FmaW8uIEdyYW5kZSBmb3J0dW5hIHBvZGVyaWEKc2VyIGZlaXRhIG5vIGNvbcOpcmNpbyBjb20gQW1hdHN1LCBiZW0gY29tbyBhcyByZWNvbXBlbnNhcyBkbyByZWkgVHJpc3TDo28gSUlJLi4u,,W1dhbHRlciBNb2Vyc10KTXVjaG9zIHZhbGllbnRlcyB5IGF2ZW50dXJlcm9zCmNhcGl0YW5lcyBkZWwgbWFyIGFjZXB0YXJvbiBlbApkZXNhZsOtby4gUG9kcsOtYSBnYW5hcnNlIHVuYSBmb3J0dW5hCmVuIGVsIGNvbWVyY2lvIGNvbiBBbWF0c3UsIGFzw60gY29tbyBjb24gbGFzIHJlY29tcGVuc2FzIGRlbCByZXkgVHJpc3RhbiBJSUnigKY=
q+mgAg,,W1dhbHRlciBNb2Vyc10KSG93ZXZlciwgdGhleSBhbGwgZmFpbGVkIQpUbyBvdmVyY29tZSB2YXJpb3VzIGN1cnJlbnRzCmFuZCBiYWQgd2VhdGhlciwgbG90cyBvZgpleHBlcmllbmNlIGlzIHJlcXVpcmVkLiBCdXQgdGhleSB3ZXJlIGFsbCBibGluZGVkIGJ5IHRoZWlyIGdyZWVkLi4u,,,,,W1dhbHRlciBNb2Vyc10KTm8gZW50YW50bywgdG9kb3MgZWxlcyBmYWxoYXJhbSEKUGFyYSBzdXBlcmFyIGFzIHbDoXJpYXMgY29ycmVudGVzCmUgbWF1IHRlbXBvLCDDqSBuZWNlc3PDoXJpYSBtdWl0YQpleHBlcmnDqm5jaWEgw6kgbmVjZXNzw6FyaWEuIE1hcyB0b2RvcyBlbGVzIGVzdGF2YW0gY2Vnb3MgcG9yIHN1YSBnYW7Dom5jaWEuLi4=,,W1dhbHRlciBNb2Vyc10KU2luIGVtYmFyZ28sIMKhdG9kb3MgZnJhY2FzYXJvbiEKU2UgcmVxdWllcmUgZXhwZXJpZW5jaWEgcGFyYSBzdXBlcmFyIGxhcyBkaXZlcnNhcyBjb3JyaWVudGVzIHkgZWwgbWFsIHRpZW1wby4gUGVybyB0b2RvcyBlc3RhYmFuIGNlZ2Fkb3MgcG9yIHN1IGNvZGljaWHigKY=
rOmgAg,,W1dhbHRlciBNb2Vyc10KRmluYWxseSwgYSBncmVhdCBtYW4gZGlzY292ZXJlZAp0aGUgcGVyZmVjdCBzZWFsYW5lIHRvIEFtYXRzdS4uLgpSaWdodCEgVGhhdCBpcyBtZS4gU2lyIFdhbHRlcgpNb2Vycy4gSSBzdGFydGVkIHRoZSB0cmFkZSB3aXRoIEFtYXRzdSEgSGFoYWhhISBXZWxsLCB0aGF0J3MgYWxsIGFib3V0IEFtYXRzdS4=,,,,,W1dhbHRlciBNb2Vyc10uCkZpbmFsbWVudGUsIHVtIGdyYW5kZSBob21lbSBkZXNjb2JyaXUKbyBzZWxpbSBwZXJmZWl0byBwYXJhIEFtYXRzdS4uLgpDZXJ0byEgRXNzZSBzb3UgZXUuIFNpciBXYWx0ZXIKTW9lcnMuIEV1IGNvbWVjZWkgYSBuZWdvY2lhw6fDo28gY29tIEFtYXRzdSEgSGFoYWhhISBCZW0sIGlzc28gw6kgdHVkbyBzb2JyZSBvIEFtYXRzdS4=,,W1dhbHRlciBNb2Vyc10KRmluYWxtZW50ZSwgdW4gZ3JhbiBob21icmUgZGVzY3VicmnDswplbCBjYW1pbm8gcGVyZmVjdG8gaGFjaWEgQW1hdHN14oCmCsKhQXPDrSBlcyEgRXNlIHNveSB5by4gU2lyIFdhbHRlcgpNb2Vycy4gwqFFbXBlY8OpIGVsIGNvbWVyY2lvIGNvbiBBbWF0c3UhIMKhSmEsIGphLCBqYSEgQnVlbm8sIGVzbyBlcyB0b2RvIHNvYnJlIEFtYXRzdS4=
remgAg,,W1dhbHRlciBNb2Vyc10KSSBtYWRlIGdvb2QgbW9uZXkgZnJvbSB0cmFkZXMKZm9yIHllYXJzLCBhbmQgbm93IEknbSBpbnRlcmVzdGVkCmluIHRvdXJpc20uIElmIHlvdSB3YW50IHRvIGdvIHRvIEFtYXRzdSwgbGV0IG1lIGtub3d+IQ==,,,,,W1dhbHRlciBNb2Vyc10KR2FuaGVpIHVtIGJvbSBkaW5oZWlybyBjb20gbmVnb2NpYcOnw7VlcwpkdXJhbnRlIGFub3MsIGUgYWdvcmEgZXN0b3UgaW50ZXJlc3NhZG8KZW0gdHVyaXNtby4gU2Ugdm9jw6ogcXVpc2VyIGlyIHBhcmEgQW1hdHN1LCBtZSBhdmlzZX4h,,W1dhbHRlciBNb2Vyc10KSGljZSBidWVuIGRpbmVybyBjb24gZWwgY29tZXJjaW8KZHVyYW50ZSBhw7FvcywgeSBhaG9yYSBlc3RveSBpbnRlcmVzYWRvCmVuIGVsIHR1cmlzbW8uIMKhU2kgcXVpZXJlcyBpciBhIEFtYXRzdSwgYXbDrXNhbWUh
rumgAg,,W1dhbHRlciBNb2Vyc10KT2ggeWVhaD8gSXQncyBhIGxvbmcgd2F5IHRvCkFtYXRzdS4gVGhhdCdzIHdoeSB3ZSBhcmUKY2hhcmdpbmcgYSBmYXJlLiBZb3UgZG9uJ3QgdGhpbmsgdGhhdCBjcm9zc2luZyBvY2VhbnMgYW5kIGN1cnJlbnRzIGlzIGVhc3ksIGRvIHlvdT8=,,,,,W1dhbHRlciBNb2Vyc10KQWgsIHNpbT8gw4kgdW0gbG9uZ28gY2FtaW5obyBhdMOpCkFtYXRzdS4gw4kgcG9yIGlzc28gcXVlIGVzdGFtb3MKY29icmFuZG8gdW1hIHRhcmlmYS4gVm9jw6ogbsOjbyBhY2hhIHF1ZSBhdHJhdmVzc2FyIG9jZWFub3MgZSBjb3JyZW50ZXMgw6kgZsOhY2lsLCBhY2hhPw==,,W1dhbHRlciBNb2Vyc10Kwr9BaCwgc8OtPyBFcyB1biBsYXJnbyBjYW1pbm8gaGFzdGEKQW1hdHN1LiBQb3IgZXNvCmNvYnJhbW9zIHVuYSB0YXJpZmEuIE5vIGNyZWVyw6FzIHF1ZSBjcnV6YXIgb2PDqWFub3MgeSBjb3JyaWVudGVzIGVzIGbDoWNpbCwgwr92ZXJkYWQ/
r+mgAg,,W1dhbHRlciBNb2Vyc10KMTAsMDAwIHplbnkgZm9yIGEgcm91bmQtdHJpcCEgSSd2ZQpnb3QgYSBzdGF0ZWx5IHJvb20gaW4gYSBzdHVyZHkgYW5kCnNhZmUgdHJhZGUgc2hpcCBmb3IgeW91LiBJdCBpcyBhIApyZWFzb25hYmxlIGZhcmUgd2hlbiB5b3UgY29uc2lkZXIKdGhhdCB0aGlzIGlzbid0IGEgb25lIHdheSB0cmlwLg==,,,,,W1dhbHRlciBNb2Vyc10KMTAuMDAwIHplbnkgcG9yIHVtYSB2aWFnZW0gZGUgaWRhIGUgdm9sdGEhIEV1IHRlbmhvCnVtIHF1YXJ0byBpbXBvbmVudGUgZW0gdW0gbmF2aW8gY29tZXJjaWFsIHJvYnVzdG8gZQpuYXZpbyBjb21lcmNpYWwgcm9idXN0byBlIHNlZ3VybyBwYXJhIHZvY8OqLiDDiSB1bWEgdGFyaWZhIAp0YXJpZmEgcmF6b8OhdmVsIHF1YW5kbyB2b2PDqiBjb25zaWRlcmEKcXVlIG7Do28gc2UgdHJhdGEgZGUgdW1hIHZpYWdlbSBzw7MgZGUgaWRhLg==,,W1dhbHRlciBNb2Vyc10KwqExMDAwMCB6ZW55IHBvciB1biB2aWFqZSBkZSBpZGEgeSB2dWVsdGEhIFRlbmdvCnVuYSBoYWJpdGFjacOzbiBzZcOxb3JpYWwgZW4gdW4KYmFyY28gY29tZXJjaWFsIHNlZ3VybyBwYXJhIHRpLiBTZSB0cmF0YSBkZSB1bmEgCnRhcmlmYSByYXpvbmFibGUgc2kgc2UgdGllbmUgZW4gY3VlbnRhCnF1ZSBlc3RvIG5vIGVzIHVuIHZpYWplIGRlIGlkYS4=
sOmgAg,,W1dhbHRlciBNb2Vyc10KU2hhbGwgd2UgZ28gbm93PyBZb3UgZGlkbid0IGZvcmdldAp0aGUgZmFyZSwgcmlnaHQ/IExldCdzIGdvLg==,,,,,W1dhbHRlciBNb2Vyc10KVmFtb3MgZW1ib3JhIGFnb3JhPyBWb2PDqiBuw6NvIGVzcXVlY2V1CmEgcGFzc2FnZW0sIGNlcnRvPyBWYW1vcyBsw6Eu,,W1dhbHRlciBNb2Vyc10Kwr9Ob3MgdmFtb3M/IExvIG9sdmlkYXN0ZSwgwr92ZXJkYWQ/CmxhIHRhcmlmYSwgwr92ZXJkYWQ/IFZhbW9zLg==
semgAg,,QWxsIEFib2FyZCE=,,,,,VG9kb3MgYSBib3JkbyE=,,wqFUb2RvcyBhIGJvcmRvIQ==
sumgAg,,W1dhbHRlciBNb2Vyc10KQWxyaWdodCwgSSB3aWxsIHN0YXJ0IHRoZSBlbmdpbmUh,,,,,W1dhbHRlciBNb2Vyc10KTXVpdG8gYmVtLCB2b3UgbGlnYXIgbyBtb3RvciE=,,W1dhbHRlciBNb2Vyc10KwqFNdXkgYmllbiwgYXJyYW5jYXLDqSBlbCBtb3RvciE=
s+mgAg,,W1dhbHRlciBNb2Vyc10KV2VyZSB5b3UgZXZlbiBsaXN0ZW5pbmcgdG8gbWU/CjEwLDAwMCB6ZW55LiBJZiB5b3UgZ290Cm5vdGhpbmcsIGZpbmQgc29tZSB0cmVhc3VyZQpzb21ld2hlcmUsIGxpa2UgaW4gYSB3cmVja2VkIHNoaXAuLi5TaG93IG1lIHRoZSBtb25leSE=,,,,,W1dhbHRlciBNb2Vyc10KVm9jw6ogZXN0YXZhIG1lIG91dmluZG8/CjEwLjAwMCB6ZW55LiBTZSB2b2PDqiB0ZW0KbmFkYSwgZW5jb250cmUgYWxndW0gdGVzb3VybwplbSBhbGd1bSBsdWdhciwgY29tbyBlbSB1bSBuYXZpbyBuYXVmcmFnYWRvLi4uIE1vc3RyZS1tZSBvIGRpbmhlaXJvIQ==,,W1dhbHRlciBNb2Vyc10Kwr9NZSBlc3RhYmFzIGVzY3VjaGFuZG8/CjEwMDAwIHplbnkuIFNpIG5vIHRpZW5lcwpuYWRhLCBlbmN1ZW50cmEgYWxnw7puIHRlc29ybwplbiBhbGfDum4gbHVnYXIsIGNvbW8gZW4gdW4gYmFyY28gbmF1ZnJhZ2Fkb+KApiDCoUVuc8Opw7FhbWUgZWwgZGluZXJvIQ==
tOmgAg,,W1dhbHRlciBNb2Vyc10KSWYgeW91IGFyZSBhbiBhZHZlbnR1cmVyLAp0aGlzIGlzIGEgZ3JlYXQgY2hhbmNlCnRvIGV4cGVyaWVuY2UgYSBkaWZmZXJlbnQgY3VsdHVyZS4uLldlbGwsIGl0IGlzIHVwIHRvIHlvdS4=,,,,,W1dhbHRlciBNb2Vyc10uClNlIHZvY8OqIMOpIHVtIGF2ZW50dXJlaXJvLAplc3RhIMOpIHVtYSDDs3RpbWEgY2hhbmNlCmRlIGNvbmhlY2VyIHVtYSBjdWx0dXJhIGRpZmVyZW50ZS4uLiBCZW0sIGlzc28gZGVwZW5kZSBkZSB2b2PDqi4=,,W1dhbHRlciBNb2Vyc10KU2kgZXJlcyB0cm90YW11bmRvcywKZXN0YSBlcyB1bmEgZ3JhbiBvcG9ydHVuaWRhZCBwYXJhCmV4cGVyaW1lbnRhciB1bmEgY3VsdHVyYSBkaWZlcmVudGXigKYgQnVlbm8sIGRlcGVuZGUgZGUgdGku
temgAg,,W1dhbHRlciBNb2Vyc10KMSwwMDAgemVueSBmb3IgYSByb3VuZC10cmlwISBJJ3ZlCmdvdCBhIHN0YXRlbHkgcm9vbSBpbiBhIHN0dXJkeSBhbmQKc2FmZSB0cmFkZSBzaGlwIGZvciB5b3UuIEl0IGlzIGEgCnJlYXNvbmFibGUgZmFyZSB3aGVuIHlvdSBjb25zaWRlcgp0aGF0IHRoaXMgaXNuJ3QgYSBvbmUgd2F5IHRyaXAu,,,,,W1dhbHRlciBNb2Vyc10KMS4wMDAgemVueSBwb3IgdW1hIHZpYWdlbSBkZSBpZGEgZSB2b2x0YSEgRXUgdGVuaG8KdW0gcXVhcnRvIGltcG9uZW50ZSBlbSB1bSBuYXZpbyBjb21lcmNpYWwgcm9idXN0byBlCm5hdmlvIGNvbWVyY2lhbCByb2J1c3RvIGUgc2VndXJvIHBhcmEgdm9jw6ouIMOJIHVtYSB0YXJpZmEgCnRhcmlmYSByYXpvw6F2ZWwgcXVhbmRvIHZvY8OqIGNvbnNpZGVyYQpxdWUgbsOjbyBzZSB0cmF0YSBkZSB1bWEgdmlhZ2VtIHPDsyBkZSBpZGEu,,W1dhbHRlciBNb2Vyc10KwqExMDAwIHplbnkgcG9yIHVuIHZpYWplIGRlIGlkYSB5IHZ1ZWx0YSEgVGVuZ28KdW5hIGhhYml0YWNpw7NuIHNlw7FvcmlhbCBlbiB1bgpiYXJjbyBjb21lcmNpYWwgc2VndXJvIHBhcmEgdGkuIFNlIHRyYXRhIGRlIHVuYSAKdGFyaWZhIHJhem9uYWJsZSBzaSBzZSB0aWVuZSBlbiBjdWVudGEKcXVlIGVzdG8gbm8gZXMgdW4gdmlhamUgZGUgaWRhLg==
tumgAg,,W1dhbHRlciBNb2Vyc10KV2VyZSB5b3UgZXZlbiBsaXN0ZW5pbmcgdG8gbWU/CjEsMDAwIHplbnkuIElmIHlvdSBnb3QKbm90aGluZywgZmluZCBzb21lIHRyZWFzdXJlCnNvbWV3aGVyZSwgbGlrZSBpbiBhIHdyZWNrZWQgc2hpcC4uLlNob3cgbWUgdGhlIG1vbmV5IQ==,,,,,W1dhbHRlciBNb2Vyc10KVm9jw6ogZXN0YXZhIG1lIG91dmluZG8/CjEuMDAwIHplbnkuIFNlIHZvY8OqIHRlbQpuYWRhLCBlbmNvbnRyZSBhbGd1bSB0ZXNvdXJvCmVtIGFsZ3VtIGx1Z2FyLCBjb21vIGVtIHVtIG5hdmlvIG5hdWZyYWdhZG8uLi4gTW9zdHJlLW1lIG8gZGluaGVpcm8h,,W1dhbHRlciBNb2Vyc10Kwr9NZSBlc3RhYmFzIGVzY3VjaGFuZG8/CjEuMDAwIHplbnkuIApuYWRhLCBlbmN1ZW50cmEgYWxnw7puIHRlc29ybwplbiBhbGfDum4gbHVnYXIsIGNvbW8gZW4gdW4gYmFyY28gbmF1ZnJhZ2Fkb+KApiDCoUVuc8Opw7FhbWUgZWwgZGluZXJvIQ==
t+mgAg,,W1dhbHRlciBNb2Vyc10KSWYgeW91IGFyZSB0aXJlZCBvZiB5b3VyIGRhaWx5CmxpZmUsIHRha2UgYSB0cmlwIHRvIGEgZGlzdGFudApjb3VudHJ5IGFjcm9zcyB0aGUgb2NlYW4uClNvbWVwbGFjZSBsaWtlLCBvaCBJIGRvbid0IGtub3csIEFtYXRzdX4=,,,,,W1dhbHRlciBNb2Vyc10uClNlIHZvY8OqIGVzdMOhIGNhbnNhZG8gZGUgc3VhIHZpZGEgY290aWRpYW5hCnZpZGEgY290aWRpYW5hLCBmYcOnYSB1bWEgdmlhZ2VtIGEgdW0gcGHDrXMgZGlzdGFudGUKcGHDrXMgZGlzdGFudGUgZG8gb3V0cm8gbGFkbyBkbyBvY2Vhbm8uCkFsZ3VtIGx1Z2FyIGNvbW8sIG9oLCBuw6NvIHNlaSwgQW1hdHN1fg==,,W1dhbHRlciBNb2Vyc10KU2kgZXN0w6FzIGNhbnNhZG8gZGUgdHUKdmlkYSBkaWFyaWEsIGhheiB1biB2aWFqZSBhIHVuCnBhw61zIGFsIG90cm8gbGFkbyBkZWwgb2PDqWFuby4KQSBhbGfDum4gbHVnYXIgY29tbywgb2gsIG5vIHPDqSwgQW1hdHN1Lg==
uOmgAg,,W1dhbHRlciBNb2Vyc10KWW91IGNhbWUuLi4gRGlkIHlvdSBlbmpveQp5b3VyIHRyaXAgdG8gQW1hdHN1Li4uPwpBbHJpZ2h0LCBJIHdpbGwgdGFrZSB5b3UKYmFjayB0byBBbGJlcnRhLg==,,,,,W1dhbHRlciBNb2Vyc10KVm9jw6ogdmVpby4uLiBHb3N0b3UgZGUgc3VhCnN1YSB2aWFnZW0gYSBBbWF0c3UuLi4/ClR1ZG8gYmVtLCBldSBvIGxldmFyZWkKZGUgdm9sdGEgcGFyYSBBbGJlcnRhLg==,,W1dhbHRlciBNb2Vyc10KVmluaXN0ZeKApiDCv1RlIGd1c3TDswp0dSB2aWFqZSBhIEFtYXRzdeKApj8KTXV5IGJpZW4sIHRlIGxsZXZhcsOpCmRlIHZ1ZWx0YSBhIEFsYmVydGEu
uemgAg,,QmFjayB0byBBbGJlcnRh,,,,,Vm9sdGFyIHBhcmEgQWxiZXJ0YQ==,,Vm9sdmVyIGEgQWxiZXJ0YS4=
uumgAg,,W1dhbHRlciBNb2Vyc10KTGV0J3MgZ28gdGhlbi4gWW91IG11c3QgaGF2ZQpzbyBtYW55IHRoaW5ncyB0byB0YWxrIGFib3V0LApyaWdodD8gQWxsIGFib2FyZCBub3cu,,,,,W1dhbHRlciBNb2Vyc10KVmFtb3MgbMOhLCBlbnTDo28uIFZvY8OqIGRldmUgdGVyCnRhbnRhcyBjb2lzYXMgcGFyYSBjb252ZXJzYXIsCmNlcnRvPyBUb2RvcyBhIGJvcmRvIGFnb3JhLg==,,W1dhbHRlciBNb2Vyc10KVmFtb3MsIGVudG9uY2VzLiBTZWd1cmFtZW50ZSBzw60uCnRhbnRhcyBjb3NhcyBkZSBsYXMgcXVlIGhhYmxhciwKwr92ZXJkYWQ/IFRvZG9zIGEgYm9yZG8u
u+mgAg,,W1dhbHRlciBNb2Vyc10KV2VsbCwgdGFrZSB5b3VyIHRpbWUuClRoZSBzaGlwIHRvIEFsYmVydGEgaXMKYWx3YXlzIHJlYWR5IHRvIGRlcGFydC4uLg==,,,,,W1dhbHRlciBNb2Vyc10KQmVtLCBuw6NvIHRlbmhhIHByZXNzYS4KTyBuYXZpbyBwYXJhIEFsYmVydGEgZXN0w6EKc2VtcHJlIHByb250byBwYXJhIHBhcnRpci4uLg==,,W1dhbHRlciBNb2Vyc10KVMOzbWF0ZSB0dSB0aWVtcG8uCkVsIGJhcmNvIGNvbiBkZXN0aW5vIGEgQWxiZXJ0YSBlc3TDoQpzaWVtcHJlIGxpc3RvIHBhcmEgcGFydGly4oCm
vOmgAg,,S3VubHVuIEVudm95,,,,,RW52aWFkbyBkZSBLdW5sdW4=,,RW52aWFkbyBkZSBLdW5sdW4=
vemgAg,,W1dhIEJhaSBIdV0KR29vZCBkYXl+CkxldCBtZSBpbnZpdGUgeW91IGFsbAp0byBteSBob21lbGFuZCwgS3VubHVuLgpJdCBpcyBteSBob25vciB0byBndWlkZQpzdWNoIGRpc3Rpbmd1aXNoZWQgcXVlc3RzIGZyb20KdGhlIFJ1bmUtTWlkZ2FyZCBraW5nZG9tLg==,,,,,W1dhIEJhaSBIdV0KQm9tIGRpYSEKRGVpeGVtLW1lIGNvbnZpZMOhLWxvcyBhIHRvZG9zCnBhcmEgbWluaGEgdGVycmEgbmF0YWwsIEt1bmx1bi4Kw4kgdW1hIGhvbnJhIHBhcmEgbWltIGd1aWFyCm1pc3PDtWVzIHTDo28gZGlzdGludGFzIGRvCmRvIHJlaW5vIGRlIFJ1bmUtTWlkZ2FyZC4=,,W1dhIEJhaSBIdV0KUXVlIHRlbmdhcyB1biBidWVuIGTDrWEuClBlcm3DrXRhbm1lIGludml0YXJsb3MgYSB0b2RvcwphIG1pIHRpZXJyYSBuYXRhbCwgS3VubHVuLgpFcyB1biBob25vciBwYXJhIG3DrSBndWlhcgplbiBtaXNpb25lcyB0YW4gZGlzdGluZ3VpZGFzIGRlbApyZWlubyBSdW5lLU1pZGdhcnRzLg==
vumgAg,,QWJvdXQgS3VubHVu,,,,,U29icmUgYSBLdW5sdW4=,,QWNlcmNhIGRlIEt1bmx1bi4=
v+mgAg,,VmlzaXQgS3VubHVu,,,,,VmlzaXRlIEt1bmx1bg==,,VmlzaXRhciBLdW5sdW4u
wOmgAg,,W1dhIEJhaSBIdV0KS3VubHVuIGlzIGEgYmVhdXRpZnVsIHBsYWNlLApyaWNoIHdpdGggaGlzdG9yeSwgYW5kIGl0cwpvd24gdHJhZGl0aW9ucy4gSSBhbHNvIHRoaW5rCkt1bmx1biBpcyB0aGUgYmVzdCBwbGFjZSBmb3IKc2lnaHRzZWVpbmcu,,,,,W1dhIEJhaSBIdV0KS3VubHVuIMOpIHVtIGx1Z2FyIGxpbmRvLApyaWNvIGVtIGhpc3TDs3JpYSBlIGVtIHN1YXMKdHJhZGnDp8O1ZXMgcHLDs3ByaWFzLiBFdSB0YW1iw6ltIGFjaG8gcXVlCkt1bmx1biDDqSBvIG1lbGhvciBsdWdhciBwYXJhCnBhc3NlaW9zIHR1csOtc3RpY29zLg==,,W1dhIEJhaSBIdV0KS3VubHVuIGVzIHVuIGx1Z2FyIHByZWNpb3NvLApjb24gbXVjaGEgaGlzdG9yaWEgeSBzdXMKcHJvcGlhcyB0cmFkaWNpb25lcy4gVGFtYmnDqW4gY3JlbyBxdWUKS3VubHVuIGVzIGVsIG1lam9yIGx1Z2FyIHBhcmEgaGFjZXIgdHVyaXNtby4=
wemgAg,,W1dhIEJhaSBIdV0KV2hlbiB5b3UgYXJyaXZlIGF0IHRoZSBoYXJib3Igb2YKS3VubHVuLCB5b3UnbGwgYmUgYWJsZSB0byBzZWUKbWluaWF0dXJlIHJlcGxpY2FzIG9mCmJ1aWxkaW5ncyBmb3VuZCBpbiBBbGJlcnRhCmFuZCBQcm9udGVyYS4=,,,,,W1dhIEJhaSBIdV0KUXVhbmRvIHZvY8OqIGNoZWdhciBhbyBwb3J0byBkZQpLdW5sdW4sIHZvY8OqIHBvZGVyw6EgdmVyCnLDqXBsaWNhcyBlbSBtaW5pYXR1cmEgZGUKZWRpZsOtY2lvcyBlbmNvbnRyYWRvcyBlbSBBbGJlcnRhCmUgUHJvbnRlcmEu,,W1dhIEJhaSBIdV0KQ3VhbmRvIGxsZWd1ZXMgYWwgcHVlcnRvIGRlCkt1bmx1biwgcG9kcsOhcyB2ZXIKcsOpcGxpY2FzIGVuIG1pbmlhdHVyYSBkZQplZGlmaWNpb3MgcXVlIHNlIGVuY3VlbnRyYW4gZW4gQWxiZXJ0YQp5IFByb250ZXJhLg==
wumgAg,,W1dhIEJhaSBIdV0KQWZ0ZXIgZW5qb3lpbmcgYSBuaWNlLCBsZWlzdXJlbHkKc3Ryb2xsLCBzdGVwIGludG8gdGhlIGJlYXV0aWZ1bApjb2x1bW4gb2YgbGlnaHQgdGhhdCB3aWxsIHRha2UKeW91IHVwIGludG8gdGhlIGNsb3VkcyB0bwpLdW5sdW4gVmlsbGFnZS4=,,,,,W1dhIEJhaSBIdV0KRGVwb2lzIGRlIGRlc2ZydXRhciBkZSB1bSBwYXNzZWlvIGFncmFkw6F2ZWwgZQpwYXNzZWlvLCBlbnRyZSBuYSBiZWxhCmNvbHVuYSBkZSBsdXogcXVlIG8gbGV2YXLDoQpxdWUgbyBsZXZhcsOhIHBhcmEgYXMgbnV2ZW5zIGF0w6kgYQpWaWxhIEt1bmx1bi4=,,W1dhIEJhaSBIdV0KRGVzcHXDqXMgZGUgZGlzZnJ1dGFyIGRlIHVuCnBhc2VvLCBlbnRyYSBlbiBsYSBoZXJtb3NhCmNvbHVtbmEgZGUgbHV6IHF1ZSB0ZSBsbGV2YXLDoQphIGxhcyBudWJlcyBoYWNpYQpsYSBhbGRlYSBLdW5sdW4u
w+mgAg,,W1dhIEJhaSBIdV0KSSd2ZSBoZWFyZCB0aGF0IG9uIHRoZQpSdW5lLU1pZGdhcnRzIGNvbnRpbmVudCwKdGhlcmUgaXMgYW5vdGhlciBjaXR5IHRoYXQgaXMKaXMga2VwdCBhbG9mdCBpbiB0aGUgc2t5IGJ5CmFuIGFuY2llbnQsIG15c3RlcmlvdXMgcG93ZXIuLi4=,,,,,W1dhIEJhaSBIdV0KT3V2aSBkaXplciBxdWUgbm8KY29udGluZW50ZSBkZSBSdW5lLU1pZGdhcmQsCmjDoSBvdXRyYSBjaWRhZGUgcXVlIMOpCsOpIG1hbnRpZGEgbm8gY8OpdSBwb3IKdW0gcG9kZXIgYW50aWdvIGUgbWlzdGVyaW9zby4uLg==,,W1dhIEJhaSBIdV0KT8OtIHF1ZSBlbiBlbApjb250aW5lbnRlIFJ1bmUtTWlkZ2FydHMsCmhheSBvdHJhIGNpdWRhZCBxdWUKc2UgbWFudGllbmUgZW4gZWwgY2llbG8gZ3JhY2lhcyBhCnVuIHBvZGVyIGFudGlndW8geSBtaXN0ZXJpb3Nv4oCm
xOmgAg,,W1dhIEJhaSBIdV0KV2VsbCwgbXkgS3VubHVuIGFsc28gZmxvYXRzCmluIHRoZSBhaXIsIGJ1dCB3aXRob3V0IGFueQpzbyBjYWxsZWQgdGVjaG5vbG9neSBvcgpwb3dlciBzdXBwbHkuIFdlIGNvbnNpZGVyCm91ciBsYW5kIGVzcGVjaWFsbHkgYmxlc3NlZC4uLg==,,,,,W1dhIEJhaSBIdV0KQmVtLCBtZXUgS3VubHVuIHRhbWLDqW0gZmx1dHVhCm5vIGFyLCBtYXMgc2VtIG5lbmh1bWEKY2hhbWFkYSB0ZWNub2xvZ2lhIG91CmZvbnRlIGRlIGFsaW1lbnRhw6fDo28uIE7Ds3MgY29uc2lkZXJhbW9zCm5vc3NhIHRlcnJhIGVzcGVjaWFsbWVudGUgYWJlbsOnb2FkYS4uLg==,,W1dhIEJhaSBIdV0KQnVlbm8sIG1pIEt1bmx1biB0YW1iacOpbiBmbG90YQplbiBlbCBhaXJlLCBwZXJvIHNpbgp0ZWNub2xvZ8OtYSBuaQpmdWVudGUgZGUgYWxpbWVudGFjacOzbi4gQ29uc2lkZXJhbW9zIHF1ZQpudWVzdHJhIHRpZXJyYSBlc3TDoSBlc3BlY2lhbG1lbnRlIGJlbmRlY2lkYeKApg==
xemgAg,,W1dhIEJhaSBIdV0KV2hlbiB5b3UncmUgaW4gS3VubHVuLCBkb24ndApmb3JnZXQgdG8gdHJ5IG91ciBzcGVjaWFsdGllcwpzdWNoIGFzIHRoZSBnaWFudCBkdW1wbGluZyBvciB0aGUgaGVhdmVuIHBlYWNoLg==,,,,,W1dhIEJhaSBIdV0KUXVhbmRvIHZvY8OqIGVzdGl2ZXIgZW0gS3VubHVuLCBuw6NvCmVzcXVlw6dhIGRlIGV4cGVyaW1lbnRhciBub3NzYXMgZXNwZWNpYWxpZGFkZXMKY29tbyBvIGJvbGluaG8gZGUgbWFzc2EgZ2lnYW50ZSBvdSBvIHDDqnNzZWdvIGRvIGPDqXUu,,W1dhIEJhaSBIdV0KQ3VhbmRvIGVzdMOpcyBlbiBLdW5sdW4sIG5vCnRlIG9sdmlkZXMgZGUgcHJvYmFyIG51ZXN0cmFzIGVzcGVjaWFsaWRhZGVzCmNvbW8gZWwgZHVtcGxpbmcgZ2lnYW50ZSBvIGVsIGR1cmF6bm8gY2VsZXN0aWFsLg==
xumgAg,,W1dhIEJhaSBIdV0KWW91J2QgYmV0dGVyIHByZXBhcmUgeW91cnNlbGYKaWYgeW91IGFyZSBwbGFubmluZyB0byB2aXNpdAp0aGUgS3VubHVuIGR1bmdlb24uIEkgbXVzdApzYXksIHRoYXQgaXMgbm90IGEgc2FmZSBwbGFjZSB0byBnbyBmb3IgZnVuLg==,,,,,W1dhIEJhaSBIdV0Kw4kgbWVsaG9yIHZvY8OqIHNlIHByZXBhcmFyCnNlIGVzdGl2ZXIgcGxhbmVqYW5kbyB2aXNpdGFyCmEgbWFzbW9ycmEgZGUgS3VubHVuLiBFdSBkZXZvCkRldm8gZGl6ZXIgcXVlIGVzc2UgbsOjbyDDqSB1bSBsdWdhciBzZWd1cm8gcGFyYSBzZSBkaXZlcnRpci4=,,W1dhIEJhaSBIdV0KU2Vyw6EgbWVqb3IgcXVlIHRlIHByZXBhcmVzCnNpIHRpZW5lcyBwcmV2aXN0byB2aXNpdGFyCmxhIG1hem1vcnJhIGRlIEt1bmx1bi4gRGVibwpkZWNpciwgcXVlIG5vIGVzIHVuIGx1Z2FyIHNlZ3VybyBwYXJhIGlyIGEgZGl2ZXJ0aXJzZS4=
x+mgAg,,W1dhIEJhaSBIdV0KSWYgeW91IGFyZSBpbnRlcmVzdGVkIGluIHZpc2l0aW5nCkt1bmx1biwgZG8gbm90IGhlc2l0YXRlIHRvIGxldAptZSBrbm93LiBJdCdzIG15IGdyZWF0IHBsZWFzdXJlCnRvIHNlcnZlIHlvdSwgaG9ub3JhYmxlIGd1ZXN0Lg==,,,,,W1dhIEJhaSBIdV0KU2Ugdm9jw6ogZXN0aXZlciBpbnRlcmVzc2FkbyBlbSB2aXNpdGFyCkt1bmx1biwgbsOjbyBoZXNpdGUgZW0gbWUgYXZpc2FyLgptZSBhdmlzYXIuIMOJIHVtIGdyYW5kZSBwcmF6ZXIKYXRlbmTDqi1sbywgaG9ub3LDoXZlbCBjb252aWRhZG8u,,W1dhIEJhaSBIdV0KU2kgZXN0w6FzIGludGVyZXNhZG8gZW4gdmlzaXRhcgpLdW5sdW4sIG5vIGR1ZGVzIGVuCmRlY8Otcm1lbG8uIEVzIHVuIGdyYW4gcGxhY2VyCnNlcnZpcnRlLCBob25vcmFibGUgaHXDqXNwZWQu
yOmgAg,,W1dhIEJhaSBIdV0KRXhjZWxsZW50IGNob2ljZSwgSSBhbSBnbGFkCnRvIGhhdmUgeW91IGFzIG91ciBndWVzdH4KSG93ZXZlciwgYSBzbWFsbCBmZWUgaXMgcmVxdWlyZWQKdG8gYm9hcmQgdGhlIHNoaXAgdG8gS3VubHVuLg==,,,,,W1dhIEJhaSBIdV0KRXhjZWxlbnRlIGVzY29saGEsIGVzdG91IGZlbGl6CnTDqi1sbyBjb21vIG5vc3NvIGNvbnZpZGFkb34KTm8gZW50YW50bywgw6kgbmVjZXNzw6FyaW8gcGFnYXIgdW1hIHBlcXVlbmEgdGF4YQpwYXJhIGVtYmFyY2FyIG5vIG5hdmlvIHBhcmEgS3VubHVuLg==,,W1dhIEJhaSBIdV0KRXhjZWxlbnRlIGVsZWNjacOzbiwgbWUgYWxlZ3JvCmRlIHRlbmVydGUgY29tbyBodcOpc3BlZC4KU2luIGVtYmFyZ28sIGhheSBxdWUgcGFnYXIgdW5hIHBlcXVlw7FhIHRhc2EKcGFyYSBhYm9yZGFyIGVsIGJhcmNvIGEgS3VubHVuLg==
yemgAg,,W1dhIEJhaSBIdV0KV2UgYXNrIHRoYXQgeW91IHBheSAxMCwwMDAgemVueQpwcmlvciB0byBkZXBhcnR1cmUuIFRoYXQgZmVlIGFsc28KY292ZXJzIHRoZSBjb3N0IG9mIHJldHVybmluZwp0byBBbGJlcnRhLiBJIGFtIHJlYWR5IHRvIGd1aWRlCnlvdSB0byBLdW5sdW4gYXQgYW55IHRpbWUu,,,,,W1dhIEJhaSBIdV0KUGVkaW1vcyBxdWUgdm9jw6ogcGFndWUgMTAuMDAwIHplbnkKYW50ZXMgZGEgcGFydGlkYS4gRXNzYSB0YXhhIHRhbWLDqW0KY29icmUgbyBjdXN0byBkZSByZXRvcm5vCnBhcmEgQWxiZXJ0YS4gRXN0b3UgcHJvbnRvIHBhcmEgZ3Vpw6EtbG8Kdm9jw6ogYSBLdW5sdW4gYSBxdWFscXVlciBtb21lbnRvLg==,,W1dhIEJhaSBIdV0KVGUgcGVkaW1vcyBxdWUgcGFndWVzIDEwMDAwIHplbnkKYW50ZXMgZGUgbGEgc2FsaWRhLiBFc2EgdGFzYSB0YW1iacOpbgpjdWJyZSBsb3MgZ2FzdG9zIGRlIHZvbHZlcgphIEFsYmVydGE/IE1lIGRpc3BvbmdvIGEgZ3VpYXJ0ZQphIEt1bmx1biBlbiBjdWFscXVpZXIgbW9tZW50by4=
yumgAg,,W1dhIEJhaSBIdV0KV291bGQgeW91IGxpa2UgdG8gYm9hcmQ/,,,,,W1dhIEJhaSBIdV0KVm9jw6ogZ29zdGFyaWEgZGUgZW1iYXJjYXI/,,W1dhIEJhaSBIdV0Kwr9RdWllcmVzIHN1YmlyIGEgYm9yZG8/
y+mgAg,,VG8gS3VubHVufiE=,,,,,UGFyYSBLdW5sdW5+IQ==,,wqFBIEt1bmx1biE=
zOmgAg,,Tm8u,,,,,TsOjby4=,,Tm8u
zemgAg,,W1dhIEJhaSBIdV0KVGhhbmsgeW91LCBsZXQgbWUgZ3VpZGUgeW91IHRoZXJlIGltbWVkaWF0ZWx5Lg==,,,,,W1dhIEJhaSBIdV0KT2JyaWdhZG8sIGRlaXhlLW1lIGd1acOhLWxvIGF0w6kgbMOhIGltZWRpYXRhbWVudGUu,,W1dhIEJhaSBIdV0KR3JhY2lhcywgZMOpamFtZSBndWlhcnRlIGFsbMOtIGlubWVkaWF0YW1lbnRlLg==
zumgAg,,W1dhIEJhaSBIdV0KSSBhbSBzb3JyeSwgYnV0IHlvdSBtdXN0IGhhdmUKMTAsMDAwIHplbnkgdG8gdHJhdmVsIHRvIEt1bmx1bi4KUGxlYXNlIG1ha2Ugc3VyZSB5b3UgaGF2ZSBlbm91Z2gKemVueSB3aXRoIHlvdS4gVGhhbmsgeW91LCBhbmQKcGxlYXNlIGNvbWUgYWdhaW4u,,,,,W1dhIEJhaSBIdV0KU2ludG8gbXVpdG8sIG1hcyB2b2PDqiBwcmVjaXNhIHRlcgoxMC4wMDAgemVueSBwYXJhIHZpYWphciBwYXJhIEt1bmx1bi4KUG9yIGZhdm9yLCBjZXJ0aWZpcXVlLXNlIGRlIHRlciB6ZW55IHN1ZmljaWVudGUKemVueSBjb20gdm9jw6ouIE9icmlnYWRvLCBlCnBvciBmYXZvciwgdm9sdGUgc2VtcHJlLg==,,W1dhIEJhaSBIdV0KTG8gc2llbnRvLCBwZXJvIGRlYmVzIHRlbmVyCjEwMDAwIHplbnkgcGFyYSB2aWFqYXIgYSBLdW5sdW4uClBvciBmYXZvciwgYXNlZ8O6cmF0ZSBkZSB0ZW5lciBzdWZpY2llbnRlcwp6ZW55IGNvbnRpZ28uIEdyYWNpYXMgeQp2dWVsdmUgcHJvbnRvLg==
z+mgAg,,W1dhIEJhaSBIdV0KSSBzZWUuIEhvd2V2ZXIsIHdoZW5ldmVyIHlvdQpjaGFuZ2UgeW91ciBtaW5kLCBwbGVhc2UgbGV0Cm1lIGtub3cuIEl0IHdvdWxkIGJlIGEgZ3JlYXQKcGxlYXNlIHRvIHNlcnZlIHlvdSwgbW9zdApob25vcmFibGUgZ3Vlc3Qu,,,,,W1dhIEJhaSBIdV0KRW50ZW5kby4gTm8gZW50YW50bywgc2VtcHJlIHF1ZSB2b2PDqgptdWRhciBkZSBpZGVpYSwgcG9yIGZhdm9yLCBtZSBhdmlzZS4KbWUgYXZpc2UuIFNlcmlhIHVtIGdyYW5kZQpwcmF6ZXIgZW0gYXRlbmTDqi1sbywgbXVpdG8KaG9ub3LDoXZlbCBow7NzcGVkZS4=,,W1dhIEJhaSBIdV0KWWEgdmVvLiBTaW4gZW1iYXJnbywgc2llbXByZSBxdWUKY2FtYmllcyBkZSBvcGluacOzbiwgcG9yIGZhdm9yClNlcsOtYSB1biBncmFuCnBsYWNlciBwYXJhIG3DrSBzZXJ2aXJ0ZSwKaHXDqXNwZWQgZGUgaG9ub3Iu
0OmgAg,,W1dhIEJhaSBIdV0KV2UgYXNrIHRoYXQgeW91IHBheSAxLDAwMCB6ZW55CnByaW9yIHRvIGRlcGFydHVyZS4gVGhhdCBmZWUgYWxzbwpjb3ZlcnMgdGhlIGNvc3Qgb2YgcmV0dXJuaW5nCnRvIEFsYmVydGEuIEkgYW0gcmVhZHkgdG8gZ3VpZGUKeW91IHRvIEt1bmx1biBhdCBhbnkgdGltZS4=,,,,,W1dhIEJhaSBIdV0KUGVkaW1vcyBxdWUgdm9jw6ogcGFndWUgMS4wMDAgemVueQphbnRlcyBkYSBwYXJ0aWRhLiBFc3NhIHRheGEgdGFtYsOpbQpjb2JyZSBvIGN1c3RvIGRlIHJldG9ybm8KcGFyYSBBbGJlcnRhLiBFc3RvdSBwcm9udG8gcGFyYSBndWnDoS1sbwp2b2PDqiBhIEt1bmx1biBhIHF1YWxxdWVyIG1vbWVudG8u,,W1dhIEJhaSBIdV0KVGUgcGVkaW1vcyBxdWUgcGFndWVzIDEwMDAgemVueQphbnRlcyBkZSBsYSBzYWxpZGEuIEVzYSB0YXNhIHRhbWJpw6luCmN1YnJlIGxvcyBnYXN0b3MgZGUgdm9sdmVyCmEgQWxiZXJ0YT8gTWUgZGlzcG9uZ28gYSBndWlhcnRlCmEgS3VubHVuIGVuIGN1YWxxdWllciBtb21lbnRvLg==
0emgAg,,W1dhIEJhaSBIdV0KSSBhbSBzb3JyeSwgYnV0IHlvdSBtdXN0IGhhdmUKMSwwMDAgemVueSB0byB0cmF2ZWwgdG8gS3VubHVuLgpQbGVhc2UgbWFrZSBzdXJlIHlvdSBoYXZlIGVub3VnaAp6ZW55IHdpdGggeW91LiBUaGFuayB5b3UsIGFuZApwbGVhc2UgY29tZSBhZ2Fpbi4=,,,,,W1dhIEJhaSBIdV0KU2ludG8gbXVpdG8sIG1hcyB2b2PDqiBwcmVjaXNhIHRlcgoxLjAwMCB6ZW55IHBhcmEgdmlhamFyIHBhcmEgS3VubHVuLgpQb3IgZmF2b3IsIGNlcnRpZmlxdWUtc2UgZGUgdGVyIHplbnkgc3VmaWNpZW50ZQp6ZW55IGNvbSB2b2PDqi4gT2JyaWdhZG8sIGUKcG9yIGZhdm9yLCB2b2x0ZSBzZW1wcmUu,,W1dhIEJhaSBIdV0KTG8gc2llbnRvLCBwZXJvIGRlYmVzIHRlbmVyCnBhcmEgdmlhamFyIGEgS3VubHVuLgpQb3IgZmF2b3IsIGFzZWfDunJhdGUgZGUgdGVuZXIgc3VmaWNpZW50ZXMKemVueSBjb250aWdvLiBHcmFjaWFzIHkKdnVlbHZlIHByb250by4=
0umgAg,,W1dhIEJhaSBIdV0KSSBzZWUuIEhvd2V2ZXIsIHdoZW5ldmVyIHlvdQpjaGFuZ2UgeW91ciBtaW5kLCBwbGVhc2UgbGV0IG1lCmtub3cuIEl0IHdvdWxkIGJlIGEgZ3JlYXQgcGxlYXN1cmUgdG8gc2VydmUgeW91LCBtb3N0IGhvbm9yYWJsZSBndWVzdC4=,,,,,W1dhIEJhaSBIdV0KRW50ZW5kby4gTm8gZW50YW50bywgc2VtcHJlIHF1ZSB2b2PDqgptdWRhciBkZSBpZGVpYSwgcG9yIGZhdm9yLCBtZSBhdmlzZQptZSBhdmlzZS4gU2Vyw6EgdW0gZ3JhbmRlIHByYXplciBhdGVuZMOqLWxvLCBob25vcsOhdmVsIGNvbnZpZGFkby4=,,W1dhIEJhaSBIdV0KWWEgdmVvLiBTaW4gZW1iYXJnbywgc2llbXByZSBxdWUKU2kgY2FtYmlhcyBkZSBvcGluacOzbiwgcG9yIGZhdm9yLApow6F6bWVsbyBzYWJlci4gU2Vyw6EgdW4gZ3JhbiBwbGFjZXIgc2VydmlydGUsIGhvbm9yYWJsZSBodcOpc3BlZC4=
0+mgAg,,W1dhIEJhaSBIdV0KU28sIGRpZCB5b3UgZW5qb3kgeW91ciB0cmlwPwpJIGd1ZXNzIGl0J3MgdGhlIHRpbWUgZm9yIHlvdSB0bwpnbyBob21lLiBUaGUgc2hpcCB0byBSdW5lLU1pZGdhcmQgaXMgcmVhZHkgdG8gZGVwYXJ0IGF0IGFueSB0aW1lLg==,,,,,W1dhIEJhaSBIdV0KRW50w6NvLCB2b2PDqiBnb3N0b3UgZGEgdmlhZ2VtPwpBY2hvIHF1ZSBlc3TDoSBuYSBob3JhIGRlIHZvY8OqCnZvbHRhciBwYXJhIGNhc2EuIE8gbmF2aW8gcGFyYSBSdW5lLU1pZGdhcmQgZXN0w6EgcHJvbnRvIHBhcmEgcGFydGlyIGEgcXVhbHF1ZXIgbW9tZW50by4=,,W1dhIEJhaSBIdV0Kwr9EaXNmcnV0YXN0ZSBkZSB0dSB2aWFqZT8KU3Vwb25nbyBxdWUgZXMgZWwgbW9tZW50byBkZSBxdWUKdnVlbHZhcyBhIGNhc2EuIEVsIGJhcmNvIGEgUnVuZS1NaWRnYXJ0cyBlc3TDoSBsaXN0byBwYXJhIHBhcnRpciBlbiBjdWFscXVpZXIgbW9tZW50by4=
1OmgAg,,R28gYmFjayB0byBBbGJlcnRh,,,,,Vm9sdGFyIHBhcmEgQWxiZXJ0YQ==,,Vm9sdmVyIGEgQWxiZXJ0YS4=
1emgAg,,W1dhIEJhaSBIdV0KUGxlYXNlIGNvbWUgYWdhaW4uCkkgaG9wZSB5b3Ugd2lsbCBsZXQgeW91ciBmcmllbmRzCmtub3cgYWJvdXQgS3VubHVuIHdoZW4geW91IGdldApiYWNrLiBOb3csIGxldCBtZSBndWlkZSB5b3UKYmFjayB0byBBbGJlcnRhLg==,,,,,W1dhIEJhaSBIdV0KUG9yIGZhdm9yLCB2b2x0ZSBzZW1wcmUuCkVzcGVybyBxdWUgY29udGUgYW9zIHNldXMgYW1pZ29zCnNvYnJlIEt1bmx1biBxdWFuZG8gdm9jw6ogdm9sdGFyLgp2b2x0YXIuIEFnb3JhLCBkZWl4ZS1tZSBndWnDoS1sbwpkZSB2b2x0YSBhIEFsYmVydGEu,,W1dhIEJhaSBIdV0KVnVlbHZlIHByb250by4KRXNwZXJvIHF1ZSBsZSBkaWdhcyBhIHR1cyBhbWlnb3MKc29icmUgS3VubHVuIGN1YW5kbwpyZWdyZXNlcy4gQWhvcmEsIGTDqWphbWUgZ3VpYXJ0ZS4KZGUgdnVlbHRhIGEgQWxiZXJ0YS4=
1umgAg,,W1dhIEJhaSBIdV0KVGFrZSB5b3VyIHRpbWUsIG15IGd1ZXN0LgpUaGVyZSBzaG91bGQgYmUgbWFueSBwbGFjZXMKeW91IG1heSBoYXZlIG1pc3NlZC4=,,,,,W1dhIEJhaSBIdV0KRmlxdWUgw6Agdm9udGFkZSwgbWV1IGNvbnZpZGFkby4KRGV2ZSBoYXZlciBtdWl0b3MgbHVnYXJlcwpxdWUgdm9jw6ogcG9kZSB0ZXIgcGVyZGlkby4=,,W1dhIEJhaSBIdV0KVMOzbWF0ZSB0dSB0aWVtcG8sIGh1w6lzcGVkLgpEZWJlIGhhYmVyIG11Y2hvcyBsdWdhcmVzCnF1ZSBwdWVkZSBxdWUgdGUgaGF5YXMgcGVyZGlkby4=
1+mgAg,,W1poYW5nIFF1aW5nIExvbmddClBsZWFzZSBoZWFkIG5vcnRoIHRvIGVudGVyIEt1bmx1bi4KSSBob3BlIHlvdSB3aWxsIGhhdmUgYSBncmVhdCB0aW1lCndoaWxlIHN0YXlpbmcgaW4gS3VubHVuLg==,,,,,W1poYW5nIFF1aW5nIExvbmddClBvciBmYXZvciwgZGlyaWphbS1zZSBhbyBub3J0ZSBwYXJhIGVudHJhciBlbSBLdW5sdW4uCkVzcGVybyBxdWUgdm9jw6ogc2UgZGl2aXJ0YSBtdWl0bwplbnF1YW50byBlc3RpdmVyIGVtIEt1bmx1bi4=,,W1poYW5nIFF1aW5nIExvbmddClBvciBmYXZvciwgZGlyw61nZXRlIGFsIG5vcnRlIHBhcmEgZW50cmFyIGVuIEt1bmx1bi4KRXNwZXJvIHF1ZSB0ZSBkaXZpZXJ0YXMKZHVyYW50ZSB0dSBlc3RhZMOtYSBlbiBLdW5sdW4u
2OmgAg,,W1poYW5nIFF1aW5nIExvbmddClBsZWFzZSBtYWtlIHlvdXJzZWxmIGNvbWZvcnRhYmxlLgpJZiB5b3Ugd2FudCB0byBnbyBiYWNrLCBJIHdpbGwKYmUgbW9yZSB0aGFuIGhhcHB5IHRvIGd1aWRlIHlvdQp0byB0aGUgc2hpcCB0byBBbGJlcnRhLg==,,,,,W1poYW5nIFF1aW5nIExvbmddClBvciBmYXZvciwgZmlxdWUgw6Agdm9udGFkZS4KU2Ugdm9jw6ogcXVpc2VyIHZvbHRhciwgZXUgZmljYXJlaQpmaWNhcmVpIG1haXMgZG8gcXVlIGZlbGl6IGVtIGd1acOhLWxvCmF0w6kgbyBuYXZpbyBwYXJhIEFsYmVydGEu,,W1poYW5nIFF1aW5nIExvbmddClBvciBmYXZvciwgc2nDqW50ZXRlIGNvbW8gZW4gY2FzYS4KU2kgcXVpZXJlcyB2b2x2ZXIsCm1lIGVuY2FudGFyw61hIGd1aWFydGUKYWwgYmFyY28gYSBBbGJlcnRhLg==
2emgAg,,R28gYmFjayB0byB0aGUgaGFyYm9y,,,,,Vm9sdGFyIHBhcmEgbyBwb3J0bw==,,Vm9sdmVyIGFsIHB1ZXJ0by4=
2umgAg,,W1poYW5nIFF1aW5nIExvbmddCkkgaG9wZSB5b3UgZW5qb3llZCB5b3VyIHRyaXAuCk5vdywgbGV0IG1lIGd1aWRlIHlvdSBiYWNrCnRvIHRoZSBoYXJib3Iu,,,,,W1poYW5nIFF1aW5nIExvbmddCkVzcGVybyBxdWUgdGVuaGEgZ29zdGFkbyBkZSBzdWEgdmlhZ2VtLgpBZ29yYSwgZGVpeGUtbWUgZ3Vpw6EtbG8gZGUgdm9sdGEKYW8gcG9ydG8u,,W1poYW5nIFF1aW5nIExvbmddCkVzcGVybyBxdWUgaGF5YXMgZGlzZnJ1dGFkbyBkZSB0dSB2aWFqZS4KQWhvcmEsIGTDqWphbWUgZ3VpYXJ0ZSBkZSB2dWVsdGEKYWwgcHVlcnRvLg==
2+mgAg,,W1poYW5nIFF1aW5nIExvbmddClRha2UgeW91ciB0aW1lLCBteSBndWVzdC4KVGhlcmUgc2hvdWxkIGJlIG1hbnkgcGxhY2VzCnlvdSBtYXkgaGF2ZSBtaXNzZWQu,,,,,W1poYW5nIFF1aW5nIExvbmddCkZpcXVlIMOgIHZvbnRhZGUsIG1ldSBjb252aWRhZG8uCkRldmUgaGF2ZXIgbXVpdG9zIGx1Z2FyZXMKcXVlIHZvY8OqIHBvZGUgdGVyIHBlcmRpZG8u,,W1poYW5nIFF1aW5nIExvbmddClTDs21hdGUgdHUgdGllbXBvLCBodcOpc3BlZC4KRGViZSBoYWJlciBtdWNob3MgbHVnYXJlcwpxdWUgcHVlZGUgcXVlIHRlIGhheWFzIHBlcmRpZG8u
3OmgAg,,R2lybA==,,,,,R2Fyb3Rh,,Q2hpY2E=
3emgAg,,W0dpcmxdCkxhIGxhIGxhIGxhfgpJIGZlZWwgc28gZ29vZCB0b2RheX4KSSdtIGluIHRoZSBtb29kIHRvIGdvCm9uIGEgcGljbmljIHNvbWV3aGVyZX4KTGEgbGEgbGEgbGF+,,,,,W01lbmluYV0KTGEgbGEgbGEgbGF+CkVzdG91IG1lIHNlbnRpbmRvIHTDo28gYmVtIGhvamV+CkVzdG91IGNvbSB2b250YWRlIGRlIGlyCmZhemVyIHVtIHBpcXVlbmlxdWUgZW0gYWxndW0gbHVnYXJ+CkxhIGxhIGxhIGxhfg==,,W0NoaWNhXQpMYSwgbGEsIGxhLCBsYS4KTWUgc2llbnRvIHRhbiBiaWVuIGhveS4KVGVuZ28gZ2FuYXMgZGUgaXIKYSB1biBwaWNuaWMgZW4gYWxndW5hIHBhcnRlLgpMYSwgbGEsIGxhLCBsYS4=
3umgAg,,QWJvdXQgTG91eWFuZy4=,,,,,U29icmUgTG91eWFuZy4=,,U29icmUgTG91eWFuZy4=
3+mgAg,,R28gdG8gTG91eWFuZy4=,,,,,VsOhIHBhcmEgTG91eWFuZy4=,,SXIgYSBMb3V5YW5nLg==
4OmgAg,,Q2FuY2VsLg==,,,,,Q2FuY2VsYXI=,,Q2FuY2VsYXIu
4emgAg,,W0dpcmxdCk9oLCBhcmUgeW91CmludGVyZXN0ZWQgaW4gTG91eWFuZz8KSXQncyBhIG5pY2UgcGxhY2UgdG8KdmlzaXQgZm9yIHRyYXZlbGVycy4=,,,,,W01lbmluYV0KT2gsIHZvY8OqIGVzdMOhCmludGVyZXNzYWRhIGVtIExvdXlhbmc/CsOJIHVtIGJvbSBsdWdhciBwYXJhCnZpc2l0YXIgcGFyYSB2aWFqYW50ZXMu,,W0NoaWNhXQpBaCwgwr90ZSBpbnRlcmVzYQpMb3V5YW5nPwpFcyB1biBsdWdhciBhZ3JhZGFibGUgcGFyYQpxdWUgdmlzaXRlbiBsb3MgdmlhamVyb3Mu
4umgAg,,W0dpcmxdCkxvdXlhbmcgaGFzIGEgbG9uZyBoaXN0b3J5CndpdGggc3RvcmllcyBvZiBhbmNpZW50IG1hZ2ljIGFuZCB3YXJyaW9ycy4gSXQncyBhbHNvIHJ1bW9yZWQgdGhhdCBtYW55IGV2aWwgYmVhc3RzIHJvYW0gdGhlCkxvdXlhbmcgYXJlYS4=,,,,,W01lbmluYV0KTG91eWFuZyB0ZW0gdW1hIGxvbmdhIGhpc3TDs3JpYQpjb20gaGlzdMOzcmlhcyBkZSBtYWdpYSBlIGd1ZXJyZWlyb3MgYW50aWdvcy4gVGFtYsOpbSBow6EgcnVtb3JlcyBkZSBxdWUgbXVpdGFzIGZlcmFzIG1hbGlnbmFzIHZhZ2FtIHBlbGEKw6FyZWEgZGUgTG91eWFuZy4=,,W0NoaWNhXQpMb3V5YW5nIHRpZW5lIHVuYSBsYXJnYSBoaXN0b3JpYQpjb24gcmVsYXRvcyBkZSBtYWdpYSB5IGd1ZXJyZXJvcyBhbnRpZ3Vvcy4gVGFtYmnDqW4gc2UgcnVtb3JlYSBxdWUgbXVjaGFzIGJlc3RpYXMgbWFsaWduYXMgdmFnYW4gcG9yIGxhCnpvbmEgZGUgTG91eWFuZy4=
4+mgAg,,W0dpcmxdCllvdSBjYW4gZmluZCBjdXJlLWFsbCBtZWRpY2luZXMsIG15c3RlcmlvdXMgb2NjdXJyZW5jZXMsIGFuZAptYXJ0aWFsIGFydGlzdHMgYWxsIGluIG9uZSBwbGFjZSE=,,,,,W0dhcm90YV0KVm9jw6ogcG9kZSBlbmNvbnRyYXIgcmVtw6lkaW9zIHF1ZSBjdXJhbSB0dWRvLCBvY29ycsOqbmNpYXMgbWlzdGVyaW9zYXMgZQphcnRpc3RhcyBtYXJjaWFpcywgdHVkbyBlbSB1bSBzw7MgbHVnYXIh,,W0NoaWNhXQpQdWVkZXMgZW5jb250cmFyIG1lZGljaW5hcyBxdWUgbG8gY3VyYW4gdG9kbywgc3VjZXNvcyBtaXN0ZXJpb3NvcyB5CmFydGlzdGFzIG1hcmNpYWxlcywgwqF0b2RvIGVuIGVsIG1pc21vIHNpdGlvIQ==
5OmgAg,,W0dpcmxdCkkgdXNlZCB0byB0cmFpbiBpbiB0aGUgbWFydGlhbCBhcnRzIGV2ZXJ5IG1vcm5pbmcgYmFjayB3aGVuIEkgd2FzIGluIExvdXlhbmcuIEkgbWlnaHQgbm90IGxvb2sgbGlrZSBpdCwgYnV0IEknbSBwcmV0dHkgc3Ryb25nIQ==,,,,,W01lbmluYV0KRXUgY29zdHVtYXZhIHRyZWluYXIgYXJ0ZXMgbWFyY2lhaXMgdG9kYXMgYXMgbWFuaMOjcyBxdWFuZG8gZXN0YXZhIGVtIExvdXlhbmcuIFBvc3NvIG7Do28gcGFyZWNlciwgbWFzIHNvdSBtdWl0byBmb3J0ZSE=,,W0NoaWNhXQpTb2zDrWEgZW50cmVuYXJtZSBlbiBhcnRlcyBtYXJjaWFsZXMgdG9kYXMgbGFzIG1hw7FhbmFzIGN1YW5kbyBlc3RhYmEgZW4gTG91eWFuZy4gUHVlZGUgcXVlIG5vIGxvIHBhcmV6Y2EsIMKhcGVybyBzb3kgYmFzdGFudGUgZnVlcnRlIQ==
5emgAg,,W0dpcmxdCklmIHlvdSB3YW50IHRvIHZpc2l0CkxvdXlhbmcsIGZlZWwgZnJlZSB0bwp0ZWxsIG1lLiBKdXN0IGdpdmUgbWUKc29tZSBaZW55IGFuZCB3ZSdsbCBnb34=,,,,,W01lbmluYV0KU2Ugdm9jw6ogcXVpc2VyIHZpc2l0YXIKTG91eWFuZywgZmlxdWUgw6Agdm9udGFkZSBwYXJhCm1lIGRpemVyLiBCYXN0YSBtZSBkYXIKdW0gcG91Y28gZGUgWmVueSBlIG7Ds3MgaXJlbW9zfg==,,W0NoaWNhXQpTaSBxdWllcmVzIHZpc2l0YXIKTG91eWFuZywgbm8gZHVkZXMgZW4gZGVjaXJtZS4gU29sbyBkYW1lCnVuIHBvY28gZGUgemVueSB5IG5vcyB2YW1vcy4=
5umgAg,,W0dpcmxdCkknbGwgZ3VpZGUgeW91IHRvCkxvdXlhbmcgcmlnaHQgYXdheS4KRm9yIG15IHNlcnZpY2UsIEkgYW0KYWNjZXB0aW5nIDEwLDAwMCBaZW55Lg==,,,,,W01lbmluYV0KVm91IGd1acOhLWxvIGF0w6kKTG91eWFuZyBpbWVkaWF0YW1lbnRlLgpQZWxvIG1ldSBzZXJ2acOnbywgZXN0b3UKYWNlaXRhciAxMC4wMDAgWmVueS4=,,W0NoaWNhXQpUZSBndWlhcsOpIGhhc3RhCkxvdXlhbmcgZGUgaW5tZWRpYXRvLgpQb3IgbWkgc2VydmljaW8sCmFjZXB0byAxMCAwMDAgemVueS4=
5+mgAg,,W0dpcmxdClNvLCBhcmUgeW91IHJlYWR5Pw==,,,,,W01lbmluYV0KRW50w6NvLCB2b2PDqiBlc3TDoSBwcm9udG8/,,W0NoaWNhXQrCv1RpZW5lcyB0b2RvIGxpc3RvPw==
6OmgAg,,WWVzIQ==,,,,,U2ltIQ==,,wqFTw60h
6emgAg,,W0dpcmxdCk9rYXl+ClJlYWR5IQpIYXZlIGZ1biE=,,,,,W01lbmluYV0KT2t+ClByb250byEKRGl2aXJ0YW0tc2Uh,,W0NoaWNhXQpEZSBhY3VlcmRvCsKhVG9kbyBsaXN0byEKwqFRdWUgdGUgZGl2aWVydGFzIQ==
6umgAg,,W0dpcmxdCi4uLgpZb3UgZG9uJ3Qgc2VlbQp0byBoYXZlIDEwLDAwMCBaZW55Li4uCkdvIGdldCBzb21lIG1vbmV5IGZpcnN0IQ==,,,,,W01lbmluYV0KLi4uClZvY8OqIG7Do28gcGFyZWNlCnRlciAxMC4wMDAgWmVueS4uLgpWw6EgYnVzY2FyIGRpbmhlaXJvIHByaW1laXJvIQ==,,W0NoaWNhXQrigKYKTm8gcGFyZWNlCnF1ZSB0ZW5nYXMgMTAgMDAwIHplbnnigKYKwqFQcmltZXJvIHZlIGEgY29uc2VndWlyIGRpbmVybyE=
6+mgAg,,W0dpcmxdCk9oLi4uCkl0J3Mgc28gZGlzYXBwb2ludGluZwp0byBoZWFyIHlvdSBzYXkgdGhhdC4KV2VsbCwgaGF2ZSBhIGdvb2QgZGF5IQ==,,,,,W0dhcm90YV0uCk9oLi4uCsOJIHTDo28gZGVjZXBjaW9uYW50ZQpvdXZpciB2b2PDqiBkaXplciBpc3NvLgpCZW0sIHRlbmhhIHVtIGJvbSBkaWEh,,W0NoaWNhXQpPaOKApgpFcyB0YW4gZGVjZXBjaW9uYW50ZQpvw61ydGUgZGVjaXIgZXNvLgrCoUJ1ZW5vLCBxdWUgdGVuZ2FzIHVuIGJ1ZW4gZMOtYSE=
7OmgAg,,W0dpcmxdCkknbGwgZ3VpZGUgeW91IHRvCkxvdXlhbmcgcmlnaHQgYXdheS4KRm9yIG15IHNlcnZpY2UsIEkgYW0KYWNjZXB0aW5nIDEsMDAwIFplbnku,,,,,W01lbmluYV0KVm91IGd1acOhLWxvIGF0w6kKTG91eWFuZyBpbWVkaWF0YW1lbnRlLgpQZWxvIG1ldSBzZXJ2acOnbywgZXN0b3UKYWNlaXRhciAxLjAwMCBaZW55Lg==,,W0NoaWNhXQpUZSBndWlhcsOpIGhhc3RhCkxvdXlhbmcgZGUgaW5tZWRpYXRvLgpQb3IgbWkgc2VydmljaW8sCmFjZXB0byAxMDAwIHplbnku
7emgAg,,W0dpcmxdCi4uLgpZb3UgZG9uJ3Qgc2VlbQp0byBoYXZlIDEsMDAwIFplbnkuLi4KR28gZ2V0IHNvbWUgbW9uZXkgZmlyc3Qh,,,,,W01lbmluYV0KLi4uClZvY8OqIG7Do28gcGFyZWNlCnRlciAxLjAwMCBaZW55Li4uClbDoSBidXNjYXIgZGluaGVpcm8gcHJpbWVpcm8h,,W0NoaWNhXQrigKYKTm8gcGFyZWNlCnF1ZSB0ZW5nYXMgMTAwMCB6ZW554oCmCsKhUHJpbWVybyB2ZSBhIGNvbnNlZ3VpciBkaW5lcm8h
7umgAg,,W0dpcmxdCk9oLi4uCkhhdmUgYSBnb29kIGRheSE=,,,,,W0dhcm90YV0uCk9oLi4uClRlbmhhIHVtIGJvbSBkaWEh,,W0NoaWNhXQpPaOKApgrCoVF1ZSB0ZW5nYXMgdW4gYnVlbiBkw61hIQ==
7+mgAg,,W0dpcmxdCldvdWxkIHlvdQpsaWtlIHRvIGdvIGJhY2sKdG8gQWxiZXJ0YT8=,,,,,W01lbmluYV0KVm9jw6ogZ29zdGFyaWEgZGUKZ29zdGFyaWEgZGUgdm9sdGFyCnBhcmEgQWxiZXJ0YT8=,,W0NoaWNhXQrCv1RlCmd1c3RhcsOtYSB2b2x2ZXIKYSBBbGJlcnRhPw==
8OmgAg,,R28gYmFjayB0byBBbGJlcnRhLg==,,,,,Vm9sdGUgcGFyYSBBbGJlcnRhLg==,,Vm9sdmVyIGEgQWxiZXJ0YS4=
8emgAg,,W0dpcmxdCkkgaG9wZSB0bwpzZWUgeW91IGFnYWluIQpCeWUgYnllIQ==,,,,,W01lbmluYV0KRXNwZXJvCnZlciB2b2PDqiBkZSBub3ZvIQpUY2hhdSwgdGNoYXUh,,W0NoaWNhXQrCoUVzcGVybwp2ZXJ0ZSBlbiBvdHJhIG9wb3J0dW5pZGFkIQpCeWUgYnllIQ==
8umgAg,,W0dpcmxdCklmIHlvdSBsaWtlIHRoaXMKYXJlYSwgd2h5IGRvbid0IHlvdQpzdGF5IGFuZCBlbmpveSB0aGUKdGhlIGZvb2QgYW5kIHRoZSBzaWdodHMh,,,,,W0dhcm90YV0KU2Ugdm9jw6ogZ29zdGEgZGVzc2EKw6FyZWEsIHBvciBxdWUgbsOjbwpmaWNhIGUgYXByb3ZlaXRhIGEKYSBjb21pZGEgZSBvcyBwb250b3MgdHVyw61zdGljb3Mh,,W0NoaWNhXQpTaSB0ZSBndXN0YQplc3RhIHpvbmEsIMK/cG9yIHF1w6kgbm8KdGUgcXVlZGFzIHkgZGlzZnJ1dGFzIGRlCmxhIGNvbWlkYSB5IGxvcyBwYWlzYWplcz8=
8+mgAg,,W0dpcmxdCkFuZCBieSBzaWdodHMuLi4KSSBtZWFuIGdpcmxzIQpUZWUgaGVlfg==,,,,,W01lbmluYV0KRSBwb3IgcG9udG9zIHR1csOtc3RpY29zLi4uClF1ZXJvIGRpemVyIGdhcm90YXMhClRlZSBoZWV+,,W0NoaWNhXQpZIHBvciBwYWlzYWplc+KApgrCoU1lIHJlZmllcm8gYSBsYXMgY2hpY2FzIQpKZSwgamUu
9OmgAg,,W0dpcmxdCkFuZCB0aGUgYm95cyBoZXJlCmFyZW4ndCBiYWQgbG9va2luZ34=,,,,,W01lbmluYV0KRSBvcyBtZW5pbm9zIGRhcXVpCm7Do28gc8OjbyBydWlucyBkZSBvbGhhcn4=,,W0NoaWNhXQpZIGxvcyBjaGljb3MgZGUgYXF1w60Kbm8gc2UgdmVuIG1hbC4=
9emgAg,,QWliYWt0aGluZw==,,,,,QWliYWt0aGluZw==,,QWliYWt0aGluZw==
9umgAg,,W0FpYmFrdGhpbmddCkhvbyEgSGFoISBIb28hIEhhaCEKTGV0IG1lIHRha2UgeW91IGF3YXkgdG8KYSBkaXN0YW50IHNwaXJpdHVhbCBwbGFjZSwKYSBsYW5kIG9mIGV4b3RpYyBteXN0ZXJ5LApteSBob21ldG93biBBeW90YXlhIQ==,,,,,W0FpYmFrdGhpbmddCkhvbyEgSGFoISBIb28hIEhvbyEKRGVpeGUtbWUgbGV2w6EtbG8gcGFyYQp1bSBsdWdhciBlc3Bpcml0dWFsIGRpc3RhbnRlLAp1bWEgdGVycmEgZGUgbWlzdMOpcmlvIGV4w7N0aWNvLAptaW5oYSBjaWRhZGUgbmF0YWwsIEF5b3RheWEh,,W0FpYmFrdGhpbmddCsKhSnUhIMKhSmEhIMKhSnUhIMKhSmEhCsKhRMOpamFtZSBsbGV2YXJ0ZSBhCnVuIGx1Z2FyIGVzcGlyaXR1YWwgbGVqYW5vLAp1bmEgdGllcnJhIGRlIGV4w7N0aWNvIG1pc3RlcmlvLAptaSBjaXVkYWQgbmF0YWwsIEF5b3RheWEh
9+mgAg,,QWJvdXQgQXlvdGF5YS4=,,,,,U29icmUgQXlvdGF5YS4=,,U29icmUgQXlvdGF5YS4=
+OmgAg,,R28gdG8gQXlvdGF5YS4=,,,,,VsOhIHBhcmEgQXlvdGF5YS4=,,SXIgYSBBeW90YXlhLg==
+emgAg,,W0FpYmFrdGhpbmddCldlIEF5b3RoYXlhbnMgYXJlIGEgcGlvdXMgcGVvcGxlIHdobyB2YWx1ZSBwZWFjZSBhbmQgc2luY2VyaXR5LiBXZSBlbmRlYXZvciB0byBsZWFkIHNpbXBsZSwgeWV0IG5vYmxlLCBsaXZlcyBpbiBoYXJtb255IHdpdGggbmF0dXJlLg==,,,,,W0FpYmFrdGhpbmddCk7Ds3MsIGF5b3RoYXlhbm9zLCBzb21vcyB1bSBwb3ZvIHBpZWRvc28gcXVlIHZhbG9yaXphIGEgcGF6IGUgYSBzaW5jZXJpZGFkZS4gTsOzcyBub3MgZXNmb3LDp2Ftb3MgcGFyYSBsZXZhciB1bWEgdmlkYSBzaW1wbGVzLCBwb3LDqW0gbm9icmUsIGVtIGhhcm1vbmlhIGNvbSBhIG5hdHVyZXphLg==,,W0FpYmFrdGhpbmddCkxvcyBheW90YXlhbm9zIHNvbW9zIHVuIHB1ZWJsbyBkZXZvdG8gcXVlIHZhbG9yYSBsYSBwYXogeSBsYSBzaW5jZXJpZGFkLiBMbGV2YW1vcyB1bmEgdmlkYSBzZW5jaWxsYSwgcGVybyBub2JsZSwgZW4gYXJtb27DrWEgY29uIGxhIG5hdHVyYWxlemEu
+umgAg,,W0FpYmFrdGhpbmddCk91ciB0cmFkaXRpb25hbCBjdWlzaW5lIGlzIHdvcmxkIGZhbW91cy4gSXQncyBubyBzdXJwcmlzZSB3aGVuIHdlIHNlcnZlIGRpc2hlcyBsaWtlIFRvbSBZdW0gR29vbmcsIG1hZGUgb2YgU2hyaW1wLCBMZW1vbiBhbmQgQ2hpbGxpcywgd2hpY2ggaGFzIGEgdGFudGFsaXppbmcgYXJvbWEgYW5kIGZsYXZvciBiZXlvbmQgaW1hZ2luaW5nLg==,,,,,W0FpYmFrdGhpbmddCk5vc3NhIGN1bGluw6FyaWEgdHJhZGljaW9uYWwgw6kgbXVuZGlhbG1lbnRlIGZhbW9zYS4gTsOjbyDDqSBzdXJwcmVzYSBxdWFuZG8gc2Vydmltb3MgcHJhdG9zIGNvbW8gbyBUb20gWXVtIEdvb25nLCBmZWl0byBkZSBjYW1hcsOjbywgbGltw6NvIGUgY2hpbGxpcywgcXVlIHRlbSB1bSBhcm9tYSBlIHNhYm9yIHRlbnRhZG9yZXMgYWzDqW0gZGEgaW1hZ2luYcOnw6NvLg==,,W0FpYmFrdGhpbmddCk51ZXN0cmEgY29jaW5hIHRyYWRpY2lvbmFsIGVzIGZhbW9zYSBlbiB0b2RvIGVsIG11bmRvLiBTZXJ2aW1vcyBwbGF0b3MgY29tbyBlbCBUb20gWXVtIEdvb25nLCBhIGJhc2UgZGUgY2FtYXJvbmVzLCBsaW3Ds24geSBjaGlsZXMsIHF1ZSB0aWVuZSB1biBhcm9tYSB0ZW50YWRvciB5IHVuIHNhYm9yIGluaW1hZ2luYWJsZS4=
++mgAg,,W0FpYmFrdGhpbmddCkZvciB0aG9zZSB3aG8gY3JhdmUgYWR2ZW50dXJlLCB0aGVyZSBpcyBhbiBhZ2Ugb2xkIHN0b3J5IGFib3V0IHRoZSBTYS1taGluZyBUaWdlciwgYW4gZXZpbCBjcmVhdHVyZSB0aGF0IGhhdW50cyBvdXIgdGVtcGxlIHJ1aW5zLg==,,,,,W0FpYmFrdGhpbmddClBhcmEgYXF1ZWxlcyBxdWUgYW5zZWlhbSBwb3IgYXZlbnR1cmEsIGjDoSB1bWEgaGlzdMOzcmlhIGFudGlnYSBzb2JyZSBvIFRpZ3JlIFNhLW1oaW5nLCB1bWEgY3JpYXR1cmEgbWFsaWduYSBxdWUgYXNzb21icmEgYXMgcnXDrW5hcyBkZSBub3NzbyB0ZW1wbG8u,,W0FpYmFrdGhpbmddClBhcmEgbG9zIGFtYW50ZXMgZGUgbGEgYXZlbnR1cmEsIGV4aXN0ZSB1bmEgYW50aWd1YSBoaXN0b3JpYSBzb2JyZSBlbCB0aWdyZSBTYS1taGluZywgdW5hIGNyaWF0dXJhIG1hbGlnbmEgcXVlIHJvbmRhIGxhcyBydWluYXMgZGUgbnVlc3Ryb3MgdGVtcGxvcy4=
/OmgAg,,W0FpYmFrdGhpbmddCkhvbyEgSGFoaCEgSG9vISBIYWhoIQpObyBtYW4gYWxpdmUgY2FuIHJlc2lzdCB0aGUKY2FsbCBvZiB0aGlzIGJlYXV0aWZ1bCBsYW5kLgpSdW5lLU1pZGdhcmRpYW5zIGFyZQphbHdheXMgd2VsY29tZSE=,,,,,W0FpYmFrdGhpbmddCkhvbyEgSGFoaCEgSG9vISBIYWhoIQpOZW5odW0gaG9tZW0gdml2byBwb2RlIHJlc2lzdGlyIGFvCmFvIGNoYW1hZG8gZGVzdGEgYmVsYSB0ZXJyYS4KT3MgUnVuZS1NaWRnYXJkaWFucyBzw6NvCnNlbXByZSBiZW0tdmluZG9zIQ==,,W0FpYmFrdGhpbmddCsKhSmFhISAgCk5pbmfDum4gaG9tYnJlIHZpdm8gcHVlZGUgcmVzaXN0aXJzZSBhbCBsbGFtYWRvIGRlIGVzdGEgaGVybW9zYSB0aWVycmEuCsKhTG9zIHJ1bmVtaWRnYXJkaWFub3Mgc29uCnNpZW1wcmUgYmllbnZlbmlkb3Mh
/emgAg,,W0FpYmFrdGhpbmddCkFoLCB5b3UgbXVzdCBwYXkgMTAsMDAwIFplbnkKaWYgeW91IHdpc2ggdG8gdmlzaXQgQXlvdGF5YS4KSWYgeW91J3JlIHJlYWR5LCB3ZSBjYW4gbGVhdmUKcmlnaHQgbm93fg==,,,,,W0FpYmFrdGhpbmddCkFoLCB2b2PDqiBkZXZlIHBhZ2FyIDEwLjAwMCBaZW55CnNlIHF1aXNlciB2aXNpdGFyIEF5b3RheWEuClNlIGVzdGl2ZXIgcHJvbnRvLCBwb2RlbW9zIHBhcnRpcgphZ29yYSBtZXNtb34=,,W0FpYmFrdGhpbmddCkFoLCBkZWJlcyBwYWdhciAxMCAwMDAgemVueQpzaSBkZXNlYXMgdmlzaXRhciBBeW90YXlhLgpTaSBlc3TDoXMgbGlzdG8sIHBvZGVtb3MgaXJub3MKYWhvcmEgbWlzbW8u
/umgAg,,SSdtIHJlYWR5LCBsZXQncyBnbyE=,,,,,RXN0b3UgcHJvbnRvLCB2YW1vcyBsw6Eh,,wqFZYSBtZSBwcmVwYXLDqSwgdmFtb3Mh
/+mgAg,,W0FpYmFrdGhpbmddCkhvbyEgSGFoISBIb28hIEhhaCEKTGV0IHVzIGJlIG9mZiEgQmFjayB0byBteQpiZWF1dGlmdWwgQXlvdGF5YSE=,,,,,W0FpYmFrdGhpbmddCkhvbyEgSGFoISBIb28hIEhvbyEKVmFtb3MgZW1ib3JhISBEZSB2b2x0YSDDoCBtaW5oYQpiZWxhIEF5b3RheWEh,,W0FpYmFrdGhpbmddCsKhSnUhIMKhSmEhIMKhSnUhIMKhSmEhCsKhVsOhbW9ub3MhCsKhUnVtYm8gYSBtaSBoZXJtb3NhIEF5b3RheWEh
AOqgAg,,W0FpYmFrdGhpbmddCkkgYW0gc29ycnksIGJ1dCB5b3UgZG8gbm90IGhhdmUgdGhlIDEwLDAwMCBaZW55IHRvIHRyYXZlbCB0byBBeW90YXlhLiBTdWNoIGEgcHJpY2UgaXMgbm90aGluZyBjb21wYXJlZCB0byB0aGUgZXhwZXJpZW5jZXMgdGhhdCBhd2FpdCB5b3Uh,,,,,W0FpYmFrdGhpbmddClNpbnRvIG11aXRvLCBtYXMgdm9jw6ogbsOjbyB0ZW0gb3MgMTAuMDAwIFplbnkgcGFyYSB2aWFqYXIgcGFyYSBBeW90YXlhLiBFc3NlIHByZcOnbyBuw6NvIMOpIG5hZGEgY29tcGFyYWRvIMOgcyBleHBlcmnDqm5jaWFzIHF1ZSBvIGFndWFyZGFtIQ==,,W0FpYmFrdGhpbmddCkxvIHNpZW50bywgcGVybyBubyB0aWVuZXMgbG9zIDEwIDAwMCB6ZW55IHBhcmEgdmlhamFyIGEgQXlvdGF5YS4gRXNlIHByZWNpbyBubyBlcyBuYWRhIGNvbXBhcmFkbyBjb24gbGFzIGV4cGVyaWVuY2lhcyBxdWUgdGUgZXNwZXJhbi4=
AeqgAg,,W0FpYmFrdGhpbmddCkhhdmUgeW91IGV2ZXIgZHJlYW1lZApvZiBhIGJlYXV0aWZ1bCBwbGFjZSBmaWxsZWQKd2l0aCBzcGlyaXR1YWwgc2VyZW5pdHk/IFlvdQptdXN0IGhhdmUgYmVlbiBkcmVhbWluZwpvZiBBeW90YXlhLCBteSBmcmllbmQu,,,,,W0FpYmFrdGhpbmddClZvY8OqIGrDoSBzb25ob3UKY29tIHVtIGx1Z2FyIGxpbmRvIGUgY2hlaW8KZGUgc2VyZW5pZGFkZSBlc3Bpcml0dWFsPyBWb2PDqgpkZXZlIHRlciBzb25oYWRvCmNvbSBBeW90YXlhLCBtZXUgYW1pZ28u,,W0FpYmFrdGhpbmddCsK/QWxndW5hIHZleiBzb8OxYXN0ZSBjb24gdW4gbHVnYXIgaGVybW9zbywKbGxlbm8gZGUgc2VyZW5pZGFkIGVzcGlyaXR1YWw/CkVudG9uY2VzIHNvw7Fhc3RlIGNvbiBBeW90YXlhLg==
AuqgAg,,W0FpYmFrdGhpbmddCkFoLCB5b3UgbXVzdCBwYXkgMSwwMDAgWmVueQppZiB5b3Ugd2lzaCB0byB2aXNpdCBBeW90YXlhLgpJZiB5b3UncmUgcmVhZHksIHdlIGNhbiBsZWF2ZQpyaWdodCBub3d+,,,,,W0FpYmFrdGhpbmddCkFoLCB2b2PDqiBkZXZlIHBhZ2FyIDEuMDAwIFplbnkKc2UgcXVpc2VyIHZpc2l0YXIgQXlvdGF5YS4KU2UgZXN0aXZlciBwcm9udG8sIHBvZGVtb3MgcGFydGlyCmFnb3JhIG1lc21vfg==,,W0FpYmFrdGhpbmddCkFoLCBkZWJlcyBwYWdhciAxMDAwIHplbnkgcGFyYSB2aWFqYXIgYSBBeW90YXlhLgpTaSB5YSBlc3TDoSB0b2RvLCBwb2RlbW9zIGlybm9zIGFob3JhIG1pc21vLg==
A+qgAg,,W0FpYmFrdGhpbmddCkkgYW0gc29ycnksIGJ1dCB5b3UgZG8gbm90IGhhdmUgdGhlIDEsMDAwIFplbnkgdG8gdHJhdmVsIHRvIEF5b3RheWEuIFN1Y2ggYSBwcmljZSBpcyBub3RoaW5nIGNvbXBhcmVkIHRvIHRoZSBleHBlcmllbmNlcyB0aGF0IGF3YWl0IHlvdSE=,,,,,W0FpYmFrdGhpbmddClNpbnRvIG11aXRvLCBtYXMgdm9jw6ogbsOjbyB0ZW0gb3MgMS4wMDAgWmVueSBwYXJhIHZpYWphciBwYXJhIEF5b3RheWEuIEVzc2UgcHJlw6dvIG7Do28gw6kgbmFkYSBjb21wYXJhZG8gw6BzIGV4cGVyacOqbmNpYXMgcXVlIG8gYWd1YXJkYW0h,,W0FpYmFrdGhpbmddCkxvIHNpZW50bywgcGVybyBubyB0aWVuZXMgbG9zIDEwMDAgemVueSBwYXJhIHZpYWphciBhIEF5b3RheWEuIA==
BOqgAg,,W0FpYmFrdGhpbmddCkhvbyEgSGFoISBIbW0hIEhhaCEKU28sIGhvdyBkaWQgeW91IGxpa2UgQXlvdGF5YT8gRGlkIHlvdSBnZXQgYSBjaGFuY2UgdG8gdHJ5IFRvbSBZdW0gR29vbmc/IFdoZW4geW91J3JlIHJlYWR5LCBJIHNoYWxsIHRha2UgeW91IGJhY2sgaG9tZS4=,,,,,W0FpYmFrdGhpbmddCkhvbyEgSGFoISBIw6MhIEhhaCEKRW50w6NvLCBvIHF1ZSB2b2PDqiBhY2hvdSBkbyBBeW90YXlhPyBUZXZlIGEgY2hhbmNlIGRlIGV4cGVyaW1lbnRhciBvIFRvbSBZdW0gR29vbmc/IFF1YW5kbyBlc3RpdmVyIHByb250bywgZXUgbyBsZXZhcmVpIGRlIHZvbHRhIHBhcmEgY2FzYS4=,,W0FpYmFrdGhpbmddCsKhSnUhIMKhSmEhIMKhTW1tISDCoUphIQrCv1F1w6kgdGUgcGFyZWNpw7MgQXlvdGF5YT8gwr9Qcm9iYXN0ZSBlbCBUb20gWXVtIEdvb25nPyBDdWFuZG8gdGVuZ2FzIHRvZG8gbGlzdG8sIHRlIGxsZXZhcsOpIGRlIHZ1ZWx0YSBhIGNhc2Eu
BeqgAg,,W0FpYmFrdGhpbmddCllvdSB3aWxsIGJlIHdlbGNvbWUgdG8gY29tZSBiYWNrIHdoZW5ldmVyIHlvdSBwbGVhc2UuIEkgaG9wZSB0aGF0IHdlIHdpbGwgc2VlIGVhY2ggb3RoZXIgYWdhaW4gc29tZXRpbWUgc29vbi4gVGhhbmsgeW91fg==,,,,,W0FpYmFrdGhpbmddClZvY8OqIHNlcsOhIGJlbS12aW5kbyBwYXJhIHZvbHRhciBzZW1wcmUgcXVlIHF1aXNlci4gRXNwZXJvIHF1ZSBwb3NzYW1vcyBub3MgdmVyIG5vdmFtZW50ZSBlbSBicmV2ZS4gT2JyaWdhZG9+,,W0FpYmFrdGhpbmddClB1ZWRlcyB2b2x2ZXIgY3VhbmRvIHF1aWVyYXMuIEVzcGVybyBxdWUgbm9zIHZvbHZhbW9zIGEgdmVyIHByb250by4gR3JhY2lhcy4=
BuqgAg,,W0FpYmFrdGhpbmddCkFoIHllcy4gSSB1bmRlcnN0YW5kIHRoYXQgaXQgaXMgZGlmZmljdWx0IHRvIHRha2UgbGVhdmUgb2Ygc3VjaCBhIGJlYXV0aWZ1bCBwbGFjZS4gRG8gbm90IHdvcnJ5CmFuZCB0YWtlIHlvdXIgdGltZS4=,,,,,W0FpYmFrdGhpbmddCkFoLCBzaW0uIEVudGVuZG8gcXVlIMOpIGRpZsOtY2lsIHNlIGRlc3BlZGlyIGRlIHVtIGx1Z2FyIHTDo28gYm9uaXRvLiBOw6NvIHNlIHByZW9jdXBlCmUgbsOjbyB0ZW5oYSBwcmVzc2Eu,,W0FpYmFrdGhpbmddCkFoLCBzw60uIENvbXByZW5kbyBxdWUgc2VhIGRpZsOtY2lsIGRlc3BlZGlyc2UgZGUgdW4gbHVnYXIgdGFuIGhlcm1vc28uIE5vIHRlIHByZW9jdXBlcy4gVMOzbWF0ZSB0dSB0aWVtcG8u
B+qgAg,,TW9zY292aWEgUC5SLiBPZmZpY2Vy,,,,,T2ZpY2lhbCBkZSBSLlAuIGRlIE1vc2Nvdmlh,,T2ZpY2lhbCBkZSBSUi5QUC4gZGUgTW9zY292aWE=
COqgAg,,W01vc2NvdmlhIFAuUi4gT2ZmaWNlcl0KTW9zY292aWEhIERvIHlvdSBrbm93IE1vc2NvdmlhPwp0aGUgcGFyYWRpc2Ugc3ByZWFkaW5nIG9uIHRoZSBlbmRsZXNzIHNlYXMuLi4gCkl0J3MgYW4gYWR2ZW50dXJvdXMgYW5kIG15c3RpYyBsYW5kLg==,,,,,W09maWNpYWwgZGUgUmVsYcOnw7VlcyBQw7pibGljYXMgZGUgTW9zY8OzdmlhXQpNb3Njw7N2aWEhIFZvY8OqIGNvbmhlY2UgTW9zY8OzdmlhPwpPIHBhcmHDrXNvIHF1ZSBzZSBlc3BhbGhhIHBlbG9zIG1hcmVzIHNlbSBmaW0uLi4gCsOJIHVtYSB0ZXJyYSBhdmVudHVyZWlyYSBlIG3DrXN0aWNhLg==,,W09maWNpYWwgZGUgUlIuUFAuIGRlIE1vc2NvdmlhXQrCoU1vc2NvdmlhISDCv0Nvbm9jZXMgTW9zY292aWE/CkVsIHBhcmHDrXNvIHF1ZSBzZSBleHRpZW5kZSBwb3IgbG9zIG1hcmVzIGluZmluaXRvc+KApiAKRXMgdW5hIHRpZXJyYSBhdmVudHVyZXJhIHkgbcOtc3RpY2Eu
CeqgAg,,QWJvdXQgTW9zY292aWEuLi4=,,,,,U29icmUgTW9zY292aWEuLi4=,,U29icmUgTW9zY292aWHigKY=
CuqgAg,,R28gdG8gTW9zY292aWEu,,,,,VsOhIHBhcmEgTW9zY8OzdmlhLg==,,SXIgYSBNb3Njb3ZpYS4=
C+qgAg,,W01vc2NvdmlhIFAuUi4gT2ZmaWNlcl0KTW9zY292aWEgaXMgYSBiZWF1dGlmdWwga2luZG9tCm9uIGFuIGlzbGFuZCBsb2NhdGVkIG5vcnRoIG9mIFJ1bmUtTWlkZ2FydHMu,,,,,W09maWNpYWwgZGEgUi5QLiBkZSBNb3Njw7N2aWFdCk1vc2PDs3ZpYSDDqSB1bSBiZWxvIHJlaW5vCmVtIHVtYSBpbGhhIGxvY2FsaXphZGEgYW8gbm9ydGUgZGUgUnVuZS1NaWRnYXJkLg==,,W09maWNpYWwgZGUgUlIuUFAuIGRlIE1vc2NvdmlhXQpNb3Njb3ZpYSBlcyB1biBwYcOtcyBwcmVjaW9zbwplbiB1bmEgaXNsYSBzaXR1YWRhIGFsIG5vcnRlIGRlIFJ1bmUtTWlkZ2FydHMu
DOqgAg,,W01vc2NvdmlhIFAuUi4gT2ZmaWNlcl0KSSdtIHN1cmUgdGhhdCB5b3Ugd2lsbCBiZSBhYnNvbHV0ZWx5IGZhc2NpbmF0ZWQKYnkgTW9zY292aWEncyBiZWF1dGlmdWwgc2NlbmVyeQphbmQgZ29yZ2VvdXMgcGFsYWNlLg==,,,,,W09maWNpYWwgZGUgUmVsYcOnw7VlcyBQw7pibGljYXMgZGUgTW9zY8OzdmlhXS4KVGVuaG8gY2VydGV6YSBkZSBxdWUgdm9jw6ogZmljYXLDoSBhYnNvbHV0YW1lbnRlIGZhc2NpbmFkbwpjb20gYXMgYmVsYXMgcGFpc2FnZW5zIGRlIE1vc2PDs3ZpYQplIHBlbG8gbGluZG8gcGFsw6FjaW8gZGUgTW9zY8OzdmlhLg==,,W09maWNpYWwgZGUgUlIuUFAuIGRlIE1vc2NvdmlhXQpFc3RveSBzZWd1cm8gZGUgcXVlIHRlIGZhc2NpbmFyw6FuCmxvcyBiZWxsb3MgcGFpc2FqZXMgZGUgTW9zY292aWEKeSBzdSBwcmVjaW9zbyBwYWxhY2lvLg==
DeqgAg,,W01vc2NvdmlhIFAuUi4gT2ZmaWNlcl0KTm93IHRoYXQgb3VyIGxvbmcgd2ludGVyIGhhcyBwYXNzZWQsCkknbSBoYXBweSB0aGF0IEkgY2FuIG5vdyBzaG93IHlvdQpvdXIgZ29yZ2VvdXMgaG9tZXRvd24u,,,,,W09maWNpYWwgZGUgUmVsYcOnw7VlcyBQw7pibGljYXMgZGUgTW9zY8OzdmlhXS4KQWdvcmEgcXVlIG5vc3NvIGxvbmdvIGludmVybm8gcGFzc291LAplc3RvdSBmZWxpeiBwb3IgcG9kZXIgbGhlIG1vc3RyYXIKbm9zc2EgbGluZGEgY2lkYWRlIG5hdGFsLg==,,W09maWNpYWwgZGUgUlIuUFAuIGRlIE1vc2NvdmlhXQpBaG9yYSBxdWUgbnVlc3RybyBsYXJnbyBpbnZpZXJubyBoYSBwYXNhZG8sCm1lIGFsZWdybyBkZSBwb2RlciBtb3N0cmFydGUgYWhvcmEKbnVlc3RyYSBwcmVjaW9zYSBjaXVkYWQgbmF0YWwu
DuqgAg,,W01vc2NvdmlhIFAuUi4gT2ZmaWNlcl0KSWYgeW91IGZlZWwgbGlrZSB2aXNpdGluZyBNb3Njb3ZpYQp0YWtlIHRoZSBjaGFuY2Ugbm93IQpJJ2xsIGhlbHAgeW91IHRvIGhhdmUgYSBuaWNlIHRyaXAKdG8gTW9zY292aWEh,,,,,W09maWNpYWwgZGUgUmVsYcOnw7VlcyBQw7pibGljYXMgZGUgTW9zY8OzdmlhXS4KU2Ugdm9jw6ogdGVtIHZvbnRhZGUgZGUgdmlzaXRhciBNb3Njb3ZpYQphcHJvdmVpdGUgYSBjaGFuY2UgYWdvcmEhCkV1IG8gYWp1ZGFyZWkgYSBmYXplciB1bWEgYm9hIHZpYWdlbQpwYXJhIE1vc2PDs3ZpYSE=,,W09maWNpYWwgZGUgUlIuUFAuIGRlIE1vc2NvdmlhXQrCoVNpIHRlIGFwZXRlY2UgdmlzaXRhciBNb3Njb3ZpYQphcHJvdmVjaGEgbGEgb3BvcnR1bmlkYWQgYWhvcmEhClRlIGF5dWRhcsOpIGEgdGVuZXIgdW4gYnVlbiB2aWFqZQphIE1vc2NvdmlhLg==
D+qgAg,,W01vc2NvdmlhIFAuUi4gT2ZmaWNlcl0KT2sgdGhlbiwgbGV0IHVzIHN0YXJ0IG5vdy4KWW91IHNob3VsZCBwYXkgbWUgMTAsMDAwIHplbnkgCnRvIGdvIHRvIE1vc2NvdmlhLgpCdXQgd2hlbiB5b3UgY29tZSBiYWNrLAp5b3UgZG9uJ3QgaGF2ZSB0byBwYXku,,,,,W09maWNpYWwgZGUgUmVsYcOnw7VlcyBQw7pibGljYXMgZGUgTW9zY8OzdmlhXS4KT2ssIGVudMOjbyB2YW1vcyBjb21lw6dhciBhZ29yYS4KVm9jw6ogZGV2ZSBtZSBwYWdhciAxMC4wMDAgemVueSAKcGFyYSBpciBhIE1vc2PDs3ZpYS4KTWFzIHF1YW5kbyB2b2PDqiB2b2x0YXIsCm7Do28gcHJlY2lzYXLDoSBwYWdhci4=,,W09maWNpYWwgZGUgUlIuUFAuIGRlIE1vc2NvdmlhXQpCaWVuLCBlbXBlY2Vtb3MgYWhvcmEuCkRlYmVyw61hcyBwYWdhcm1lIDEwMDAwIHplbnkgCnBhcmEgaXIgYSBNb3Njb3ZpYS4KUGVybyBjdWFuZG8gdnVlbHZhcywKbm8gdGllbmVzIHF1ZSBwYWdhci4=
EOqgAg,,W01vc2NvdmlhIFAuUi4gT2ZmaWNlcl0KQ2FuIHdlIGxlYXZlIG5vdz8=,,,,,W09maWNpYWwgZGUgUmVsYcOnw7VlcyBQw7pibGljYXMgZGUgTW9zY8OzdmlhXQpQb2RlbW9zIGlyIGVtYm9yYSBhZ29yYT8=,,W09maWNpYWwgZGUgUlIuUFAuIGRlIE1vc2NvdmlhXQrCv1BvZGVtb3MgaXJub3MgeWE/
EeqgAg,,TGV0J3MgZ28h,,,,,VmFtb3MgbMOhIQ==,,wqFWYW1vcyE=
EuqgAg,,W01vc2NvdmlhIFAuUi4gT2ZmaWNlcl0KT2sgdGhlbiwgd2UncmUgbGVhdmluZyBub3c=,,,,,W09maWNpYWwgZGUgUmVsYcOnw7VlcyBQw7pibGljYXMgZGUgTW9zY8OzdmlhXQpPaywgZW50w6NvLCBlc3RhbW9zIGluZG8gZW1ib3JhIGFnb3Jh,,W09maWNpYWwgZGUgUlIuUFAuIGRlIE1vc2NvdmlhXQpCdWVubywgZW50b25jZXMsIG5vcyB2YW1vcyBhaG9yYS4=
E+qgAg,,W01vc2NvdmlhIFAuUi4gT2ZmaWNlcl0KSSdtIHNvcnJ5IGJ1dCB5b3UgZG9uJ3QgaGF2ZQplbm91Z2ggemVueSBub3cKWW91IG5lZWQgMTAsMDAwIHplbnkgCnRvIGdvIHRvIE1vc2NvdmlhClRoYW5rIHlvdS4=,,,,,W09maWNpYWwgZGUgUmVsYcOnw7VlcyBQw7pibGljYXMgZGUgTW9zY8OzdmlhXS4KU2ludG8gbXVpdG8sIG1hcyB2b2PDqiBuw6NvIHRlbQp6ZW55IHN1ZmljaWVudGUgYWdvcmEKVm9jw6ogcHJlY2lzYSBkZSAxMC4wMDAgemVueSAKcGFyYSBpciBhIE1vc2NvdmlhCk9icmlnYWRvLg==,,W09maWNpYWwgZGUgUlIuUFAuIGRlIE1vc2NvdmlhXQpMbyBzaWVudG8gcGVybyBubyB0aWVuZXMKc3VmaWNpZW50ZXMgemVueS4KTmVjZXNpdGFzIDEwMDAwIHplbnkgCnBhcmEgaXIgYSBNb3Njb3ZpYS4KR3JhY2lhcy4=
FOqgAg,,W01vc2NvdmlhIFAuUi4gT2ZmaWNlcl0KSWYgeW91J3JlIHRvbyBidXN5IG5vdywKcGxlYXNlIHRlbGwgbWUgYWdhaW4gd2hlbmV2ZXIgeW91IHdhbnQuCkknbSBhbHdheXMgcmVhZHkgdG8gZ3VpZGUgYW55b25lIHRvIE1vc2NvdmlhLg==,,,,,W09maWNpYWwgZGUgUmVsYcOnw7VlcyBQw7pibGljYXMgZGUgTW9zY8OzdmlhXS4KU2Ugdm9jw6ogZXN0aXZlciBtdWl0byBvY3VwYWRvIGFnb3JhLApwb3IgZmF2b3IsIGRpZ2EtbWUgbm92YW1lbnRlIHF1YW5kbyBxdWlzZXIuCkVzdG91IHNlbXByZSBwcm9udG8gcGFyYSBvcmllbnRhciBxdWFscXVlciBwZXNzb2EgZW0gTW9zY8OzdmlhLg==,,W09maWNpYWwgZGUgUlIuUFAuIGRlIE1vc2NvdmlhXQpTaSBhaG9yYSBubyB0aWVuZXMgdGllbXBvLApwb3IgZmF2b3IsIGTDrW1lbG8gZGUgbnVldm8gY3VhbmRvIHF1aWVyYXMuClNpZW1wcmUgZXN0b3kgYSBkaXNwb3NpY2nDs24gcGFyYSBhIGd1aWFyIGEgTW9zY292aWEu
FeqgAg,,W01vc2NvdmlhIFAuUi4gT2ZmaWNlcl0KT2sgdGhlbiwgbGV0IHVzIHN0YXJ0IG5vdy4KWW91IHNob3VsZCBwYXkgbWUgMSwwMDAgemVueSAKdG8gZ28gdG8gTW9zY292aWEuCkJ1dCB3aGVuIHlvdSBjb21lIGJhY2ssCnlvdSBkb24ndCBoYXZlIHRvIHBheS4=,,,,,W09maWNpYWwgZGUgUmVsYcOnw7VlcyBQw7pibGljYXMgZGUgTW9zY8OzdmlhXS4KT2ssIGVudMOjbyB2YW1vcyBjb21lw6dhciBhZ29yYS4KVm9jw6ogZGV2ZSBtZSBwYWdhciAxLjAwMCB6ZW55IApwYXJhIGlyIGEgTW9zY8OzdmlhLgpNYXMgcXVhbmRvIHZvY8OqIHZvbHRhciwKbsOjbyBwcmVjaXNhcsOhIHBhZ2FyLg==,,W09maWNpYWwgZGUgUlIuUFAuIGRlIE1vc2NvdmlhXQpCaWVuLCBlbXBlY2Vtb3MgYWhvcmEuCkRlYmVyw61hcyBwYWdhcm1lIDEwMDAgemVueS4gCnBhcmEgaXIgYSBNb3Njb3ZpYS4KUGVybyBjdWFuZG8gdnVlbHZhcywKbm8gdGllbmVzIHF1ZSBwYWdhci4=
FuqgAg,,W01vc2NvdmlhIFAuUi4gT2ZmaWNlcl0KSSdtIHNvcnJ5IGJ1dCB5b3UgZG9uJ3QgaGF2ZQplbm91Z2ggemVueSBub3cKWW91IG5lZWQgMSwwMDAgemVueSAKdG8gZ28gdG8gTW9zY292aWEKVGhhbmsgeW91Lg==,,,,,W09maWNpYWwgZGUgUmVsYcOnw7VlcyBQw7pibGljYXMgZGUgTW9zY8OzdmlhXS4KU2ludG8gbXVpdG8sIG1hcyB2b2PDqiBuw6NvIHRlbQp6ZW55IHN1ZmljaWVudGUgYWdvcmEKVm9jw6ogcHJlY2lzYSBkZSAxLjAwMCB6ZW55IApwYXJhIGlyIHBhcmEgTW9zY292aWEKT2JyaWdhZG8u,,W09maWNpYWwgZGUgUlIuUFAuIGRlIE1vc2NvdmlhXQpMbyBzaWVudG8gcGVybyBubyB0aWVuZXMKc3VmaWNpZW50ZXMgemVueS4KTmVjZXNpdGFzIDEwMDAgemVueS4gCnBhcmEgaXIgYSBNb3Njb3ZpYS4KR3JhY2lhcy4=
F+qgAg,,W01vc2NvdmlhIFAuUi4gT2ZmaWNlcl0KSG93IHdhcyB5b3VyIHRyaXA/CkRvIHlvdSBoYXZlIGdvb2QgbWVtb3JpZXMgZnJvbSBNb3Njb3ZpYT8KQSBzaGlwIGlzIG5vdyBsZWF2aW5nCmZvciBSdW5lIE1pZGdhcnRzLg==,,,,,W09maWNpYWwgZGUgUmVsYcOnw7VlcyBQw7pibGljYXMgZGUgTW9zY8OzdmlhXQpDb21vIGZvaSBzdWEgdmlhZ2VtPwpWb2PDqiB0ZW0gYm9hcyBsZW1icmFuw6dhcyBkZSBNb3Njw7N2aWE/ClVtYSBuYXZlIGVzdMOhIHBhcnRpbmRvIGFnb3JhCnBhcmEgUnVuZS1NaWRnYXJkLg==,,W09maWNpYWwgZGUgUlIuUFAuIGRlIE1vc2NvdmlhXQrCv1F1w6kgdGFsIGVsIHZpYWplPwrCv1RpZW5lcyBidWVub3MgcmVjdWVyZG9zIGRlIE1vc2NvdmlhPwpBaG9yYSBzYWxlIHVuIGJhcmNvCnBhcmEgUnVuZS1NaWRnYXJ0cy4=
GOqgAg,,UmV0dXJuIHRvIEFsYmVydGE=,,,,,UmV0b3JuYXIgcGFyYSBBbGJlcnRh,,Vm9sdmVyIGEgQWxiZXJ0YS4=
GeqgAg,,W01vc2NvdmlhIFAuUi4gT2ZmaWNlcl0KUGxlYXNlIGNvbWUgYW5kIHZpc2l0IHNvb24uCk9rIHRoZW4sIExldCdzIGdldCBnb2luZy4=,,,,,W09maWNpYWwgZGUgUmVsYcOnw7VlcyBQw7pibGljYXMgZGUgTW9zY8OzdmlhXS4KUG9yIGZhdm9yLCB2ZW5oYSBub3MgdmlzaXRhciBlbSBicmV2ZS4KT2ssIGVudMOjbyB2YW1vcyBsw6Eu,,W09maWNpYWwgZGUgUlIuUFAuIGRlIE1vc2NvdmlhXQpWaXPDrXRhbm9zIHByb250by4KQnVlbm8sIGVudG9uY2VzLCB2YW1vcyBhIHNlZ3VpciBhZGVsYW50ZS4=
GuqgAg,,W01vc2NvdmlhIFAuUi4gT2ZmaWNlcl0KSWYgeW91IHdhbnQgdG8gc2VlIG1vcmUKcGxlYXNlIHRha2UgeW91ciB0aW1lLg==,,,,,W09maWNpYWwgZGEgUi5QLiBNb3Njb3ZpYV0KU2Ugdm9jw6ogcXVpc2VyIHZlciBtYWlzCnBvciBmYXZvciwgdG9tZSBzZXUgdGVtcG8u,,W09maWNpYWwgZGUgUlIuUFAuIGRlIE1vc2NvdmlhXQpTaSBxdWllcmVzIHZlciBtw6FzLAp0w7NtYXRlIHR1IHRpZW1wby4=
G+qgAg,,Q3Jld21hbg==,,,,,VHJpcHVsYW50ZQ==,,VHJpcHVsYW50ZQ==
HOqgAg,,W0NyZXdtYW5dCk15IHNoaXAgaXMgZ29pbmcgdG8gYmFjayB0byBBbGJlcnRhLCBkbyB5b3Ugd2FudCB0byBqb2luIHVzPw==,,,,,W1RyaXB1bGFudGVdCk1pbmhhIG5hdmUgZXN0w6Egdm9sdGFuZG8gcGFyYSBBbGJlcnRhLCBxdWVyIHNlIGp1bnRhciBhIG7Ds3M/,,W1RyaXB1bGFudGVdCk1pIGJhcmNvIHZhIGRlIHJlZ3Jlc28gYSBBbGJlcnRhLCDCv3F1aWVyZXMgdmVuaXIgYSBub3NvdHJvcz8=
HeqgAg,,Tm90IHlldH4u,,,,,QWluZGEgbsOjb34u,,VG9kYXbDrWEgbm8u
HuqgAg,,W0NyZXdtYW5dCkkgc3VyZSBkbyBtaXNzIGhvbWUu,,,,,W1RyaXB1bGFudGVdClNpbnRvIG11aXRhIGZhbHRhIGRlIGNhc2Eu,,W1RyaXB1bGFudGVdCkVjaG8gbXVjaG8gZGUgbWVub3MgbWkgaG9nYXIu
H+qgAg,,W0NyZXdtYW5dCk9rLCBzdWl0IHlvdXJzZWxmLiBXZSdsbCBzZWUgeW91IHdoZW4gd2UgZ2V0IGJhY2sgdGhlbi4=,,,,,W1RyaXB1bGFudGVdLgpPaywgZmlxdWUgw6Agdm9udGFkZS4gTsOzcyBvIHZlcmVtb3MgcXVhbmRvIHZvbHRhcm1vcy4=,,W1RyaXB1bGFudGVdCkJ1ZW5vLCBjb21vIHF1aWVyYXMuIE5vcyB2ZXJlbW9zIGN1YW5kbyB2b2x2YW1vcy4=
IOqgAg,,W0NyZXdtYW5dCkhleSwgaGF2ZSB5b3UgaGVhcmQgb2YgYSBwbGFjZSBjYWxsZWQgQnJhc2lsaXM/Ckl0J3MgYSB0cm9waWNhbCBjaXR5IHRoYXQncyBob3QgbGlrZSB0aGUgZGVzZXJ0IGJ1dCBhbHNvIHJhaW55LiBJdCBpcyBhIHZlcnkgbXlzdGVyaW91cyBwbGFjZS4=,,,,,W1RyaXB1bGFudGVdCkVpLCB2b2PDqiBqw6Egb3V2aXUgZmFsYXIgZGUgdW0gbHVnYXIgY2hhbWFkbyBCcmFzaWxpcz8Kw4kgdW1hIGNpZGFkZSB0cm9waWNhbCBxdWUgw6kgcXVlbnRlIGNvbW8gbyBkZXNlcnRvLCBtYXMgdGFtYsOpbSDDqSBjaHV2b3NhLiDDiSB1bSBsdWdhciBtdWl0byBtaXN0ZXJpb3NvLg==,,W1RyaXB1bGFudGVdCk95ZSwgwr9oYXMgZXNjdWNoYWRvIGRlIHVuIHNpdGlvIGxsYW1hZG8gQnJhc2lsaXM/CkVzIHVuYSBjaXVkYWQgdHJvcGljYWwsIGNhbHVyb3NhIGNvbW8gZWwgZGVzaWVydG8sIHBlcm8gdGFtYmnDqW4gbGx1dmlvc2EuIEVzIHVuIGx1Z2FyIG11eSBtaXN0ZXJpb3NvLg==
IeqgAg,,W0NyZXdtYW5dCldlIHJlY2VudGx5IGZvdW5kIGEgbmV3IG9jZWFuIHJvdXRlIHRvIGdldCB0aGVyZSBlYXNpbHkuCkl0J3MganVzdCAxMCwwMDAgemVueSBmb3IgYSByb3VuZCB0cmlwISBTbyBkbyB5b3Ugd2FudCB0byBnbz8=,,,,,W1RyaXB1bGFudGVdLgpSZWNlbnRlbWVudGUsIGRlc2NvYnJpbW9zIHVtYSBub3ZhIHJvdGEgbWFyw610aW1hIHBhcmEgY2hlZ2FyIGzDoSBmYWNpbG1lbnRlLgpTw6NvIGFwZW5hcyAxMC4wMDAgemVueSBwYXJhIHVtYSB2aWFnZW0gZGUgaWRhIGUgdm9sdGEhIEVudMOjbywgdm9jw6ogcXVlciBpcj8=,,W1RyaXB1bGFudGVdCkhhY2UgcG9jbyBlbmNvbnRyYW1vcyB1bmEgbnVldmEgcnV0YSBvY2XDoW5pY2EgcGFyYSBsbGVnYXIgZsOhY2lsbWVudGUuClNvbiBzb2xvIDEwIDAwMCB6ZW55IHBvciB1biB2aWFqZSBkZSBpZGEgeSB2dWVsdGEuIMK/UXVpZXJlcyBpcj8=
IuqgAg,,VGFrZSBtZSB0byBCcmFzaWxpcyE=,,,,,TGV2ZS1tZSBwYXJhIG8gQnJhc2lsaXMh,,wqFMbMOpdmFtZSBhIEJyYXNpbGlzIQ==
I+qgAg,,SSdsbCBzdGF5IGhlcmUu,,,,,RXUgZmljYXJlaSBhcXVpLg==,,TWUgcXVlZGFyw6kgYXF1w60u
JOqgAg,,W0NyZXdtYW5dCkNvb2x+ISEgTGV0J3MgZ29+IQ==,,,,,W1RyaXB1bGFudGVdLgpMZWdhbH4hISEgVmFtb3MgbMOhfiE=,,W1RyaXB1bGFudGVdCsKhR2VuaWFsISA=
JeqgAg,,W0NyZXdtYW5dCkkgc2FpZCAxMCwwMDAgemVueS4=,,,,,W1RyaXB1bGFudGVdCkV1IGRpc3NlIDEwLjAwMCB6ZW55Lg==,,W1RyaXB1bGFudGVdCkRpamUgMTAgMDAwIHplbnku
JuqgAg,,W0NyZXdtYW5dCldlbGwgaWYgeW91J3JlIGV2ZXIgaW50ZXJlc3RlZCwgbGV0IG1lIGtub3cgYW5kIEkgY2FuIHRha2UgeW91IHRoZXJlLg==,,,,,W1RyaXB1bGFudGVdCkJlbSwgc2Ugdm9jw6ogZXN0aXZlciBpbnRlcmVzc2FkbywgYXZpc2UtbWUgZSBwb3NzbyBsZXbDoS1sbyBhdMOpIGzDoS4=,,W1RyaXB1bGFudGVdCkJ1ZW5vLCBzaSBhbGd1bmEgdmV6IHRlIGludGVyZXNhLCBow6F6bWVsbyBzYWJlciB5IHB1ZWRvIGxsZXZhcnRlIGFsbMOtLg==
J+qgAg,,W0NyZXdtYW5dCldlIHJlY2VudGx5IGZvdW5kIGEgbmV3IG9jZWFuIHJvdXRlIHRvIGdldCB0aGVyZSBlYXNpbHkuCkl0J3MganVzdCAxLDAwMCB6ZW55IGZvciBhIHJvdW5kIHRyaXAhIFNvIGRvIHlvdSB3YW50IHRvIGdvPw==,,,,,W1RyaXB1bGFudGVdLgpSZWNlbnRlbWVudGUsIGRlc2NvYnJpbW9zIHVtYSBub3ZhIHJvdGEgbWFyw610aW1hIHBhcmEgY2hlZ2FyIGzDoSBmYWNpbG1lbnRlLgpTw6NvIGFwZW5hcyAxLjAwMCB6ZW55IHBhcmEgdW1hIHZpYWdlbSBkZSBpZGEgZSB2b2x0YSEgRW50w6NvLCB2b2PDqiBxdWVyIGlyPw==,,W1RyaXB1bGFudGVdCkhhY2UgcG9jbyBlbmNvbnRyYW1vcyB1bmEgbnVldmEgcnV0YSBvY2XDoW5pY2EgcGFyYSBsbGVnYXIgZsOhY2lsbWVudGUuClNvbiBzb2xvIDEwMDAgemVueSBwb3IgdW4gdmlhamUgZGUgaWRhIHkgdnVlbHRhLiDCv1F1aWVyZXMgaXI/
KOqgAg,,W0NyZXdtYW5dCkkgc2FpZCAxLDAwMCB6ZW55Lg==,,,,,W1RyaXB1bGFudGVdCkV1IGRpc3NlIDEuMDAwIHplbnku,,W1RyaXB1bGFudGVdCkRpamUgMTAwMCB6ZW55Lg==
