QIcGCg,,RWRlbiBUZWxlcG9ydCBPZmZpY2Vy,,,,,T2ZpY2lhbCBkbyDDiWRlbg==,,T2ZpY2lhbCBkZSB0ZWxldHJhbnNwb3J0ZSBkZSBFZGVu
QYcGCg,,W0VkZW4gVGVsZXBvcnQgT2ZmaWNlcl0KTmV3Y29tZXJzIHRvIHRoaXMgdW5mYW1pbGlhciB3b3JsZCwgYWltbGVzcywgaWRsZSBBZHZlbnR1cmVyczsgY29tZSB0byBtZSEKRWRlbiBHcm91cCBoYXMgdGhlIGFuc3dlciB0byB5b3VyIHByb2JsZW1zIQ==,,,,,W09maWNpYWwgZG8gw4lkZW5dClJlY8OpbS1jaGVnYWRvcyBhIGVzdGUgbXVuZG8gZGVzY29uaGVjaWRvLCBhdmVudHVyZWlyb3Mgb2Npb3NvcyBlIHNlbSBydW1vOyB2ZW5oYW0gYXTDqSBtaW0hCk8gR3J1cG8gZG8gw4lkZW4gdGVtIGEgcmVzcG9zdGEgcGFyYSBzZXVzIHByb2JsZW1hcyE=,,W09maWNpYWwgZGUgVGVsZXBvcnRhY2nDs24gZGUgRWTDqW5dClJlY2nDqW4gbGxlZ2Fkb3MgYSBlc3RlIG11bmRvIGRlc2Nvbm9jaWRvLCBhdmVudHVyZXJvcyBvY2lvc29zIHkgc2luIHJ1bWJvLCDCoXZlbmlkIGEgbcOtIQrCoUVsIEdydXBvIEVkw6luIHRpZW5lIGxhIHJlc3B1ZXN0YSBhIHZ1ZXN0cm9zIHByb2JsZW1hcyE=
QocGCg,,W0VkZW4gVGVsZXBvcnQgT2ZmaWNlcl0KT2ghIEFkdmVudHVyZXIhClRoZXJlJ3MgYSBtZXNzYWdlIGhlcmUgZnJvbSB0aGUgQ3JpYXR1cmEgQWNhZGVteSBpbiBJemx1ZGUhCl40RDRERkZTcHJha2tpXjAwMDAwMCBhc2tlZCBtZSB0byB0YWtlIHlvdSB0byBoZXIh,,,,,W09maWNpYWwgZG8gw4lkZW5dCk9oISBBdmVudHVyZWlybyEKSMOhIHVtYSBtZW5zYWdlbSBhcXVpIGRhIEFjYWRlbWlhIENyaWF0dXJhIGVtIEl6bHVkZSEKXjRENERGRlNwcmFra2leMDAwMDAwIG1lIHBlZGl1IHBhcmEgbGV2w6EtbG8gYXTDqSBlbGEh,,W0VkZW4gVGVsZXBvcnQgT2ZmaWNlcl0KwqFPaCEgwqFBdmVudHVyZXJvIQrCoUFxdcOtIGhheSB1biBtZW5zYWplIGRlIGxhIEFjYWRlbWlhIENyaWF0dXJhIGVuIEl6bHVkZSEKwqFeNEQ0REZGU3ByYWtraV4wMDAwMDAgbWUgcGlkacOzIHF1ZSB0ZSBsbGV2YXJhIGNvbiBlbGxhIQ==
Q4cGCg,,W0VkZW4gVGVsZXBvcnQgT2ZmaWNlcl0KTW0/IFdoYXQncyBnb2luZyBvbiB0aGVyZT8KSSBoZWFyZCB0aGF0IHRoZXJlJ3MgYSBxdWVzdCBmb3IgeW91IGZyb20gdGhlIGd1aWxkIC4uLgpBc2sgZm9yIG1vcmUgZGV0YWlscyB3aGVuIHlvdSBnZXQgdGhlcmUu,,,,,W09maWNpYWwgZG8gw4lkZW5dCkh1bT8gTyBxdWUgZXN0w6EgYWNvbnRlY2VuZG8gYcOtPwpPdXZpIGRpemVyIHF1ZSBow6EgdW1hIG1pc3PDo28gZGEgZ3VpbGRhIHBhcmEgdm9jw6ouLi4KUGXDp2EgbWFpcyBkZXRhbGhlcyBxdWFuZG8gdm9jw6ogY2hlZ2FyIGzDoS4=,,W0VkZW4gVGVsZXBvcnQgT2ZmaWNlcl0Kwr9NbT8gwr9RdcOpIGVzdMOhIHBhc2FuZG8gYWjDrT8KSGUgb8OtZG8gcXVlIGhheSB1bmEgYsO6c3F1ZWRhIHBhcmEgdGkgZGVsIGdyZW1pbyAuLi4KUGlkZSBtw6FzIGRldGFsbGVzIGN1YW5kbyBsbGVndWVzIGFsbMOtLg==
RIcGCg,,W0VkZW4gVGVsZXBvcnQgT2ZmaWNlcl0KXjRENERGRlNwcmFra2leMDAwMDAwIHdpbGwgdGVsbCB5b3UgZXZlcnl0aGluZy4=,,,,,W09maWNpYWwgZG8gw4lkZW5dCl40RDRERkZTcHJha2tpXjAwMDAwMCBsaGUgZGlyw6EgdHVkby4=,,W09maWNpYWwgZGUgVGVsZXRyYW5zcG9ydGUgRWRlbl0KXjRENERGRlNwcmFra2leMDAwMDAwIHRlIGxvIGNvbnRhcsOhIHRvZG8u
RYcGCg,,TGV0J3MgZ28h,,,,,VmFtb3MgbMOhIQ==,,wqFWYW1vcyE=
RocGCg,,SSdsbCBnbyBsYXRlci4=,,,,,RXUgdm91IG1haXMgdGFyZGUu,,SXLDqSBtw6FzIHRhcmRlLg==
R4cGCg,,W0VkZW4gVGVsZXBvcnQgT2ZmaWNlcl0KWWVhaCEgTGV0J3MgZ28h,,,,,W09maWNpYWwgZG8gw4lkZW5dClNpbSEgVmFtb3MgbMOhIQ==,,W09maWNpYWwgZGUgVGVsZXRyYW5zcG9ydGUgRWRlbl0KwqFTw60hIMKhVmFtb3Mh
SIcGCg,,W0VkZW4gVGVsZXBvcnQgT2ZmaWNlcl0KVGFsayB0byBtZSB3aGVuIHlvdSBhcmUgcmVhZHksIHRoZW4uCkknbGwgc2VuZCB5b3UgdG8gdGhlIGxvYmJ5IGF0IHRoZSBDcmlhdHVyYSBBY2FkZW15IHdpdGhpbiBhIGZldyBzZWNvbmRzLg==,,,,,W09maWNpYWwgZG8gw4lkZW5dCkZhbGUgY29taWdvIHF1YW5kbyBlc3RpdmVyIHByb250bywgZW50w6NvLgpFdSBvIGVudmlhcmVpIHBhcmEgbyBzYWd1w6NvIGRhIEFjYWRlbWlhIENyaWF0dXJhIGRlbnRybyBkZSBhbGd1bnMgc2VndW5kb3Mu,,W09maWNpYWwgZGUgVGVsZXBvcnRhY2nDs24gRWRlbl0KSMOhYmxhbWUgY3VhbmRvIGVzdMOpcyBsaXN0bywgZW50b25jZXMuClRlIGVudmlhcsOpIGFsIHZlc3TDrWJ1bG8gZGUgbGEgQWNhZGVtaWEgQ3JpYXR1cmEgZW4gdW5vcyBzZWd1bmRvcy4=
SYcGCg,,W0VkZW4gVGVsZXBvcnQgT2ZmaWNlcl0KSW1wb3J0YW50IGluZm9ybWF0aW9uIQpZb3UgbWF5IGdvIHRvIF40RDRERkZFZGVuIEdyb3VwXjAwMDAwMCBub3cgZm9yIF40RDRERkZsZXZlbCAyIHRyYWluaW5nXjAwMDAwMCBhbmQgZ2V0IHlvdXIgXjRENERGRkVxdWlwbWVudF4wMDAwMDAu,,,,,W09maWNpYWwgZG8gw4lkZW5dCkluZm9ybWHDp8O1ZXMgaW1wb3J0YW50ZXMhClZvY8OqIHBvZGUgaXIgYW8gXjRENERGRkdydXBvIGRvIMOJZGVuXjAwMDAwMCBhZ29yYSBwYXJhIG8gXjRENERGRm7DrXZlbCAyIHRyYWluaW5nXjAwMDAwMCBlIG9idGVyIHNldSBeNEQ0REZGRXF1aXBtZW50b14wMDAwMDAu,,W0VkZW4gVGVsZXBvcnQgT2ZmaWNlcl0KwqFJbmZvcm1hY2nDs24gaW1wb3J0YW50ZSEKWWEgcHVlZGVzIGlyIGFsIF40RDRERkZHcnVwbyBFZMOpbl4wMDAwMDAgcGFyYSByZWNpYmlyIGVudHJlbmFtaWVudG8gZGUgXjRENERGRm5pdmVsIDJeMDAwMDAwIHkgY29uc2VndWlyIHR1IF40RDRERkZFcXVpcG9eMDAwMDAwLg==
SocGCg,,W0VkZW4gVGVsZXBvcnQgT2ZmaWNlcl0KUGxlYXNlIGdvIHRvIHNlZSBeNEQ0REZGSW5zdHJ1Y3RvciBCb3lhIGF0IEVkZW4gR3JvdXBeMDAwMDAwLgpHb29kIGluZm8sIHJpZ2h0Pw==,,,,,W09maWNpYWwgZG8gw4lkZW5dClBvciBmYXZvciwgdsOhIHZlciBeNEQ0REZGSW5zdHJ1dG9yYSBCb3lhIG5vIEdydXBvIGRvIMOJZGVuXjAwMDAwMC4KQm9hIGluZm9ybWHDp8OjbywgY2VydG8/,,W09maWNpYWwgZGUgVGVsZXRyYW5zcG9ydGUgRWRlbl0KUG9yIGZhdm9yLCB2ZSBhIHZlciBhbCBeNEQ0REZGSW5zdHJ1Y3RvciBCb3lhIGVuIGVsIEdydXBvIEVkw6luXjAwMDAwMC4KQnVlbmEgaW5mb3JtYWNpw7NuLCDCv3ZlcmRhZD8=
S4cGCg,,W0VkZW4gVGVsZXBvcnQgT2ZmaWNlcl0KSW1wb3J0YW50IGluZm9ybWF0aW9uIQpZb3UgbWF5IGdvIHRvIF40RDRERkZFZGVuIEdyb3VwXjAwMDAwMCBub3cgZm9yIF40RDRERkZsZXZlbCAzIHRyYWluaW5nXjAwMDAwMCBhbmQgZ2V0IHlvdXIgXjRENERGRkVxdWlwbWVudF4wMDAwMDAu,,,,,W09maWNpYWwgZG8gw4lkZW5dCkluZm9ybWHDp8O1ZXMgaW1wb3J0YW50ZXMhClZvY8OqIHBvZGUgaXIgYW8gXjRENERGRkdydXBvIGRvIMOJZGVuXjAwMDAwMCBhZ29yYSBwYXJhIG8gXjRENERGRnRyZWluYW1lbnRvIGRlIG7DrXZlbCAzXjAwMDAwMCBlIG9idGVyIHNldSBeNEQ0REZGRXF1aXBtZW50b14wMDAwMDAu,,W0VkZW4gVGVsZXBvcnQgT2ZmaWNlcl0KwqFJbmZvcm1hY2nDs24gaW1wb3J0YW50ZSEKWWEgcHVlZGVzIGlyIGFsIF40RDRERkZHcnVwbyBFZMOpbl4wMDAwMDAgcGFyYSByZWNpYmlyIGVudHJlbmFtaWVudG8gZGUgXjRENERGRm5pdmVsIDNeMDAwMDAwIHkgY29uc2VndWlyIHR1IF40RDRERkZFcXVpcG9eMDAwMDAwLg==
TIcGCg,,W0VkZW4gVGVsZXBvcnQgT2ZmaWNlcl0KSW1wb3J0YW50IGluZm9ybWF0aW9uIQpZb3UgbWF5IGdvIHRvIF40RDRERkZFZGVuIEdyb3VwXjAwMDAwMCBub3cgZm9yIF40RDRERkZ0cmFpbmluZ14wMDAwMDAgYW5kIGdldCB5b3VyIF40RDRERkZIaWdoLUdyYWRlIEVxdWlwbWVudF4wMDAwMDAu,,,,,W09maWNpYWwgZG8gw4lkZW5dCkluZm9ybWHDp8O1ZXMgaW1wb3J0YW50ZXMhClZvY8OqIHBvZGUgaXIgYW8gXjRENERGRkdydXBvIGRvIMOJZGVuXjAwMDAwMCBhZ29yYSBwYXJhIF40RDRERkZ0cmVpbmFtZW50b14wMDAwMDAgZSBvYnRlciBzZXUgXjRENERGRkVxdWlwYW1lbnRvIGRlIEFsdGEgQ2xhc3NlXjAwMDAwMC4=,,W0VkZW4gVGVsZXBvcnQgT2ZmaWNlcl0KwqFJbmZvcm1hY2nDs24gaW1wb3J0YW50ZSEKUHVlZGVzIGlyIGFsIF40RDRERkZHcnVwbyBFZMOpbl4wMDAwMDAgYWhvcmEgcGFyYSBeNEQ0REZGZW50cmVuYXJ0ZV4wMDAwMDAgeSBjb25zZWd1aXIgdHUgXjRENERGRkVxdWlwbyBkZSBBbHRvIEdyYWRvXjAwMDAwMC4=
TYcGCg,,W0VkZW4gVGVsZXBvcnQgT2ZmaWNlcl0KUGxlYXNlIGdvIHRvIHNlZSBeNEQ0REZGSW5zdHJ1Y3RvciBVciBhdCBFZGVuIEdyb3VwXjAwMDAwMC4KR29vZCBpbmZvLCByaWdodD8=,,,,,W09maWNpYWwgZG8gw4lkZW5dClBvciBmYXZvciwgdsOhIHZlciBeNEQ0REZGSW5zdHJ1dG9yIFVyIG5vIEdydXBvIGRvIMOJZGVuXjAwMDAwMC4KQm9hIGluZm9ybWHDp8OjbywgY2VydG8/,,W09maWNpYWwgZGUgVGVsZXRyYW5zcG9ydGUgRWRlbl0KUG9yIGZhdm9yLCB2ZSBhIHZlciBhbCBeNEQ0REZGSW5zdHJ1Y3RvciBVciBlbiBlbCBHcnVwbyBFZMOpbl4wMDAwMDAuCkJ1ZW5hIGluZm9ybWFjacOzbiwgwr92ZXJkYWQ/
TocGCg,,W0VkZW4gVGVsZXBvcnQgT2ZmaWNlcl0KSW1wb3J0YW50IGluZm9ybWF0aW9uIQpZb3UgbWF5IGdvIHRvIF40RDRERkZFZGVuIEdyb3VwXjAwMDAwMCBub3cgZm9yIF40RDRERkZsZXZlbCAxIHRyYWluaW5nXjAwMDAwMCBhbmQgZ2V0IHlvdXIgXldlYXBvbiBVcGdyYWRlXjAwMDAwMC4=,,,,,W09maWNpYWwgZG8gw4lkZW5dCkluZm9ybWHDp8O1ZXMgaW1wb3J0YW50ZXMhClZvY8OqIHBvZGUgaXIgYW8gXjRENERGRkdydXBvIGRvIMOJZGVuXjAwMDAwMCBhZ29yYSBwYXJhIF40RDRERkZ0cmVpbmFtZW50byBkZSBuw612ZWwgMV4wMDAwMDAgZSBvYnRlciBzdWEgXkF0dWFsaXphw6fDo28gZGUgQXJtYV4wMDAwMDAu,,W0VkZW4gVGVsZXBvcnQgT2ZmaWNlcl0KwqFJbmZvcm1hY2nDs24gaW1wb3J0YW50ZSEKWWEgcHVlZGVzIGlyIGFsIF40RDRERkZHcnVwbyBFZMOpbl4wMDAwMDAgcGFyYSByZWNpYmlyIGVudHJlbmFtaWVudG8gZGUgXjRENERGRm5pdmVsIDFeMDAwMDAwIHkgY29uc2VndWlyIHR1IF5BY3R1YWxpemFjacOzbiBkZSBBcm1hXjAwMDAwMC4=
T4cGCg,,W0VkZW4gVGVsZXBvcnQgT2ZmaWNlcl0KSW1wb3J0YW50IGluZm9ybWF0aW9uIQpZb3UgbWF5IGdvIHRvIF40RDRERkZFZGVuIEdyb3VwXjAwMDAwMCBub3cgZm9yIF40RDRERkZsZXZlbCAyIHRyYWluaW5nXjAwMDAwMCBhbmQgZ2V0IHlvdXIgXldlYXBvbiBVcGdyYWRlXjAwMDAwMC4=,,,,,W09maWNpYWwgZG8gw4lkZW5dCkluZm9ybWHDp8O1ZXMgaW1wb3J0YW50ZXMhClZvY8OqIHBvZGUgaXIgYW8gXjRENERGRkdydXBvIGRvIMOJZGVuXjAwMDAwMCBhZ29yYSBwYXJhIF40RDRERkZ0cmVpbmFtZW50byBkZSBuw612ZWwgMl4wMDAwMDAgZSBvYnRlciBzdWEgXkF0dWFsaXphw6fDo28gZGUgQXJtYV4wMDAwMDAu,,W0VkZW4gVGVsZXBvcnQgT2ZmaWNlcl0KwqFJbmZvcm1hY2nDs24gaW1wb3J0YW50ZSEKWWEgcHVlZGVzIGlyIGFsIF40RDRERkZHcnVwbyBFZMOpbl4wMDAwMDAgcGFyYSByZWNpYmlyIGVudHJlbmFtaWVudG8gZGUgXjRENERGRm5pdmVsIDJeMDAwMDAwIHkgY29uc2VndWlyIHR1IF5BY3R1YWxpemFjacOzbiBkZSBBcm1hXjAwMDAwMC4=
UIcGCg,,W0VkZW4gVGVsZXBvcnQgT2ZmaWNlcl0KSW1wb3J0YW50IGluZm9ybWF0aW9uIQpZb3UgbWF5IGdvIHRvIF40RDRERkZFZGVuIEdyb3VwXjAwMDAwMCBub3cgZm9yIF40RDRERkZsZXZlbCAzIHRyYWluaW5nXjAwMDAwMCBhbmQgZ2V0IHlvdXIgXldlYXBvbiBVcGdyYWRlXjAwMDAwMC4=,,,,,W09maWNpYWwgZG8gw4lkZW5dCkluZm9ybWHDp8O1ZXMgaW1wb3J0YW50ZXMhClZvY8OqIHBvZGUgaXIgYW8gXjRENERGRkdydXBvIGRvIMOJZGVuXjAwMDAwMCBhZ29yYSBwYXJhIF40RDRERkZ0cmVpbmFtZW50byBkZSBuw612ZWwgM14wMDAwMDAgZSBvYnRlciBzdWEgXkF0dWFsaXphw6fDo28gZGUgQXJtYV4wMDAwMDAu,,W0VkZW4gVGVsZXBvcnQgT2ZmaWNlcl0KwqFJbmZvcm1hY2nDs24gaW1wb3J0YW50ZSEKWWEgcHVlZGVzIGlyIGFsIF40RDRERkZHcnVwbyBFZMOpbl4wMDAwMDAgcGFyYSByZWNpYmlyIGVudHJlbmFtaWVudG8gZGUgXjRENERGRm5pdmVsIDNeMDAwMDAwIHkgY29uc2VndWlyIHR1IF5BY3R1YWxpemFjacOzbiBkZSBBcm1hXjAwMDAwMC4=
UYcGCg,,W0VkZW4gVGVsZXBvcnQgT2ZmaWNlcl0KRG8geW91IHdhbnQgdXMgdG8gZ2l2ZSB5b3Ugc29tZSBxdWVzdHMgdGhhdCdsbCBiZSBoZWxwZnVsIGZvciB5b3VyIGFkdmVudHVyZT8=,,,,,W09maWNpYWwgZG8gw4lkZW5dClF1ZXIgcXVlIGxoZSBkZW1vcyBhbGd1bWFzIG1pc3PDtWVzIHF1ZSBzZXLDo28gw7p0ZWlzIHBhcmEgc3VhIGF2ZW50dXJhPw==,,W09maWNpYWwgZGUgVGVsZXRyYW5zcG9ydGUgRWRlbl0Kwr9RdWllcmVzIHF1ZSB0ZSBkZW1vcyBhbGd1bmFzIG1pc2lvbmVzIMO6dGlsZXMgcGFyYSB0dSBhdmVudHVyYT8=
UocGCg,,R28gdG8gRWRlbiBHcm91cC4=,,,,,SXIgcGFyYSBvIEdydXBvIGRvIMOJZGVuLg==,,SXIgYWwgR3J1cG8gRWRlbi4=
U4cGCg,,XjRENERGRkFzayBmb3IgYWR2aWNlLl4wMDAwMDA=,,,,,XjRENERGRlBlw6dhIGNvbnNlbGhvcy5eMDAwMDAw,,XjRENERGRlBpZGUgY29uc2Vqby5eMDAwMDAw
VIcGCg,,RW5kIGNvbnZlcnNhdGlvbi4=,,,,,RmltIGRhIGNvbnZlcnNhLg==,,RmluIGRlIGxhIGNvbnZlcnNhY2nDs24u
VYcGCg,,W0VkZW4gVGVsZXBvcnQgT2ZmaWNlcl0KSGVyZSwgbGV0J3MgZ28gdG8gb3VyIGJhc2Uh,,,,,W09maWNpYWwgZG8gw4lkZW5dCkFxdWksIHZhbW9zIHBhcmEgbm9zc2EgYmFzZSE=,,W09maWNpYWwgZGUgVGVsZXRyYW5zcG9ydGUgRWRlbl0KwqFBcXXDrSwgdmFtb3MgYSBudWVzdHJhIGJhc2Uh
VocGCg,,W0VkZW4gVGVsZXBvcnQgT2ZmaWNlcl0KVGhlIGFzc2lzdGFuY2UgSSBjYW4gZ2l2ZSB5b3UgZm9yIG5vdwppcyBpbnRyb2R1Y2luZyBzb21lIHF1ZXN0cyBzdWl0ZWQgdG8geW91ciBza2lsbHMu,,,,,W09maWNpYWwgZG8gw4lkZW5dCkEgYWp1ZGEgcXVlIHBvc3NvIGxoZSBkYXIgcG9yIGVucXVhbnRvCsOpIGEgaW50cm9kdcOnw6NvIGRlIGFsZ3VtYXMgbWlzc8O1ZXMgYWRlcXVhZGFzIMOgcyBzdWFzIGhhYmlsaWRhZGVzLg==,,W0VkZW4gVGVsZXBvcnQgT2ZmaWNlcl0KTGEgYXl1ZGEgcXVlIHB1ZWRvIGRhcnRlIHBvciBhaG9yYQplcyBwcmVzZW50YXJ0ZSBhbGd1bmFzIG1pc2lvbmVzIGFkZWN1YWRhcyBhIHR1cyBoYWJpbGlkYWRlcy4=
V4cGCg,,W0VkZW4gVGVsZXBvcnQgT2ZmaWNlcl0KWW91IGFyZSAuLi4gSG0gLi4uClRha2UgYSBsb29rIGFyb3VuZCBuZWFyIF40RDRERkZQcm9udGVyYV4wMDAwMDAgYW5kIF40RDRERkZQYXlvbl4wMDAwMDAuClRoZXJlIG11c3QgYmUgcGVvcGxlIHdobyBuZWVkIHlvdXIgaGVscC4=,,,,,W09maWNpYWwgZG8gw4lkZW5dClZvY8OqIMOpIC4uLiBIbSAuLi4KRMOqIHVtYSBvbGhhZGEgbmFzIHByb3hpbWlkYWRlcyBkZSBeNEQ0REZGUHJvbnRlcmFeMDAwMDAwIGUgXjRENERGRlBheW9uXjAwMDAwMC4KRGV2ZSBoYXZlciBwZXNzb2FzIHF1ZSBwcmVjaXNhbSBkZSBzdWEgYWp1ZGEu,,W0VkZW4gVGVsZXBvcnQgT2ZpY2lhbF0KVXN0ZWQgZXMgLi4uIEhtIC4uLgpFY2hhIHVuIHZpc3Rhem8gY2VyY2EgZGUgXjRENERGRlByb250ZXJhXjAwMDAwMCB5IF40RDRERkZQYXlvbl4wMDAwMDAuCkRlYmUgaGFiZXIgZ2VudGUgcXVlIG5lY2VzaXRhIHR1IGF5dWRhLg==
WIcGCg,,QXNrIGZvciBjbGllbnRzIG5lYXIgUHJvbnRlcmEu,,,,,UGVyZ3VudGUgcG9yIGNsaWVudGVzIHByw7N4aW1vcyDDoCBQcm9udGVyYS4=,,UHJlZ3VudGUgcG9yIGxvcyBjbGllbnRlcyBjZXJjYSBkZSBQcm9udGVyYS4=
WYcGCg,,QXNrIGZvciBjbGllbnRzIG5lYXIgUGF5b24u,,,,,UGVyZ3VudGUgcG9yIGNsaWVudGVzIHByw7N4aW1vcyBhIFBheW9uLg==,,UHJlZ3VudGUgcG9yIGxvcyBjbGllbnRlcyBjZXJjYSBkZSBQYXlvbi4=
WocGCg,,W0VkZW4gVGVsZXBvcnQgT2ZmaWNlcl0KSWYgeW91ciBsZXZlbCBpcyBhcm91bmQgMTAsCm1lZXQgPE5BVkk+W1BhdWwgaW4gUHJvbnRlcmEgV2VzdCBGaWVsZF08SU5GTz5wcnRfZmlsZDA1LDM1MywyMjEsMDAwLDA8L0lORk8+PC9OQVZJPi4KSWYgeW91J3JlIGNyYXZpbmcgbW9yZSBvZiBhIGNoYWxsZW5nZSwKSSdsbCBpbnRyb2R1Y2UgeW91IHRvIDxOQVZJPltJbnN0cnVjdG9yIFBob250ZXMgb2YgSXpsdWRlXTxJTkZPPml6bHVkZSwxMzIsMjA3LDAwMCwwPC9JTkZPPjwvTkFWST4u,,,,,W09maWNpYWwgZG8gw4lkZW5dClNlIHNldSBuw612ZWwgZXN0aXZlciBlbSB0b3JubyBkZSAxMCwKZW5jb250cmUgPE5BVkk+W1BhdWxpbmhvIG5vIENhbXBvIE9lc3RlIGRlIFByb250ZXJhXTxJTkZPPnBydF9maWxkMDUsMzUzLDIyMSwwMDAsMDwvSU5GTz48L05BVkk+LgpTZSBlc3RpdmVyIGRlc2VqYW5kbyB1bSBkZXNhZmlvIG1haW9yLAp2b3UgYXByZXNlbnTDoS1sbyBhbyA8TkFWST5bSW5zdHJ1dG9yYSBQb250aXMgZW0gSXpsdWRlXTxJTkZPPml6bHVkZSwxMzIsMjA3LDAwMCwwPC9JTkZPPjwvTkFWST4u,,W0VkZW4gVGVsZXBvcnQgT2ZmaWNlcl0KU2kgdHUgbml2ZWwgcm9uZGEgZWwgMTAsCnJlw7puZXRlIGNvbiA8TkFWST5bUGF1bCBlbiBDYW1wbyBQcm9udGVyYSBPZXN0ZV08SU5GTz5wcnRfZmlsZDA1LDM1MywyMjEsMDAwLDA8L0lORk8+PC9OQVZJPi4KU2kgdGUgYXBldGVjZSB1biByZXRvIG1heW9yLAp0ZSBwcmVzZW50byBhIDxOQVZJPltJbnN0cnVjdG9yIFBob250ZXMgZGUgSXpsdWRlXTxJTkZPPml6bHVkZSwxMzIsMjA3LDAwMCwwPC9JTkZPPjwvTkFWST4u
W4cGCg,,W0VkZW4gVGVsZXBvcnQgT2ZmaWNlcl0KVGhpcyBpcyB0aGUgbGlzdCBvZiBjbGllbnRzIGluIHRoZSBQYXlvbiBhcmVhIGZvciBBZHZlbnR1cmVycyBhcm91bmQgbGV2ZWwgMTU6CjxOQVZJPltQYXlvbidzIFdvcnJpZWQgTGFkeV08SU5GTz5wYXlvbiwyMTcsOTQsMDAwLDA8L0lORk8+PC9OQVZJPgo8TkFWST5bUGF5b24ncyBXb3JyaWVkIExhZHldPElORk8+cGF5b24sMjM3LDY0LDAwMCwwPC9JTkZPPjwvTkFWST4KPE5BVkk+W1BheW9uJ3MgV29ycmllZCBPbGQgR2VlemVyXTxJTkZPPnBheW9uLDIzOSw2NCwwMDAsMDwvSU5GTz48L05BVkk+CjxOQVZJPltPbGQgVmlsbGFnZXIgaW4gUGF5b25dPElORk8+cGF5b24sMTkyLDEwOSwwMDAsMDwvSU5GTz48L05BVkk+,,,,,W09maWNpYWwgZG8gw4lkZW5dCkVzdGEgw6kgYSBsaXN0YSBkZSBjbGllbnRlcyBuYSDDoXJlYSBkZSBQYXlvbiBwYXJhIEF2ZW50dXJlaXJvcyBlbSB0b3JubyBkbyBuw612ZWwgMTU6CjxOQVZJPltNb8OnYSBBc3N1c3RhZGFdPElORk8+cGF5b24sMjE3LDk0LDAwMCwwPC9JTkZPPjwvTkFWST4KPE5BVkk+W1Zvdm96aW5oYV08SU5GTz5wYXlvbiwyMzcsNjQsMDAwLDA8L0lORk8+PC9OQVZJPgo8TkFWST5bTyBWZWxobyBQcmVvY3VwYWRvIGRlIFBheW9uXTxJTkZPPnBheW9uLDIzOSw2NCwwMDAsMDwvSU5GTz48L05BVkk+CjxOQVZJPltWZWxobyBhbGRlw6NvIGVtIFBheW9uXTxJTkZPPnBheW9uLDE5MiwxMDksMDAwLDA8L0lORk8+PC9OQVZJPg==,,W0VkZW4gVGVsZXBvcnQgT2ZmaWNlcl0KRXN0YSBlcyBsYSBsaXN0YSBkZSBjbGllbnRlcyBkZSBsYSB6b25hIGRlIFBheW9uIHBhcmEgQXZlbnR1cmVyb3MgZW4gdG9ybm8gYWwgbml2ZWwgMTU6CjxOQVZJPltEYW1hIFByZW9jdXBhZGEgZGUgUGF5b25dPElORk8+cGF5b24sMjE3LDk0LDAwMCwwPC9JTkZPPjwvTkFWST4KPE5BVkk+W0RhbWEgUHJlb2N1cGFkYSBkZSBQYXlvbl08SU5GTz5wYXlvbiwyMzcsNjQsMDAwLDA8L0lORk8+PC9OQVZJPgo8TkFWST5bVmllam8gUHJlb2N1cGFkbyBkZSBQYXlvbl08SU5GTz5wYXlvbiwyMzksNjQsMDAwLDA8L0lORk8+PC9OQVZJPgo8TkFWST5bVmllam8gYWxkZWFubyBkZSBQYXlvbl08SU5GTz5wYXlvbiwxOTIsMTA5LDAwMCwwPC9JTkZPPjwvTkFWST4=
XIcGCg,,W0VkZW4gVGVsZXBvcnQgT2ZmaWNlcl0KSWYgeW91IGdldCBhIHF1ZXN0IGZyb20gdGhlIDxOQVZJPltPbGQgVmlsbGFnZXIgaW4gUGF5b25dPElORk8+cGF5b24sMTkyLDEwOSwwMDAsMDwvSU5GTz48L05BVkk+IC4uLgp5b3UnbGwgYmUgYWJsZSB0byBnZXQgc29tZSBvdGhlciBxdWVzdHMsIHRvby4=,,,,,W09maWNpYWwgZG8gw4lkZW5dClNlIHZvY8OqIG9idGl2ZXIgdW1hIG1pc3PDo28gZG8gPE5BVkk+W0FsZGXDo29dPElORk8+cGF5b24sMTkyLDEwOSwwMDAsMDwvSU5GTz48L05BVkk+IC4uLgp2b2PDqiBwb2RlcsOhIG9idGVyIGFsZ3VtYXMgb3V0cmFzIG1pc3PDtWVzIHRhbWLDqW0u,,W09maWNpYWwgZGUgdGVsZXRyYW5zcG9ydGUgRWRlbl0KU2kgY29uc2lndWVzIHVuYSBxdWVzdCBkZWwgPE5BVkk+W1ZpZWpvIEFsZGVhbm8gZW4gUGF5b25dPElORk8+cGF5b24sMTkyLDEwOSwwMDAsMDwvSU5GTz48L05BVkk+IC4uLgp0YW1iacOpbiBwb2Ryw6FzIGNvbnNlZ3VpciBvdHJhcyBtaXNpb25lcy4=
XYcGCg,,W0VkZW4gVGVsZXBvcnQgT2ZmaWNlcl0KWW91IGFyZSAuLi4gSG0gLi4uClRha2UgYSBsb29rIGFyb3VuZCBuZWFyIDxOQVZJPltQYXlvbl08SU5GTz5wYXlvbiwyMzksNjQsMDAwLDA8L0lORk8+PC9OQVZJPi4KVGhlIGZpZWxkIG5lYXIgaXQgc2hvdWxkIHN1aXQgeW91IHdlbGwu,,,,,W09maWNpYWwgZG8gw4lkZW5dClZvY8OqIMOpIC4uLiBIbSAuLi4KRMOqIHVtYSBvbGhhZGEgbmFzIHByb3hpbWlkYWRlcyBkZSA8TkFWST5bUGF5b25dPElORk8+cGF5b24sMjM5LDY0LDAwMCwwPC9JTkZPPjwvTkFWST4uCk8gY2FtcG8gcHLDs3hpbW8gYSBlbGUgZGV2ZSBsaGUgc2VydmlyIGJlbS4=,,W0VkZW4gVGVsZXBvcnQgT2ZpY2lhbF0KVXN0ZWQgZXMgLi4uIEhtIC4uLgpFY2hhIHVuIHZpc3Rhem8gY2VyY2EgZGUgPE5BVkk+W1BheW9uXTxJTkZPPnBheW9uLDIzOSw2NCwwMDAsMDwvSU5GTz48L05BVkk+LgpFbCBjYW1wbyBjZXJjYW5vIGRlYmVyw61hIGlydGUgYmllbi4=
XocGCg,,W0VkZW4gVGVsZXBvcnQgT2ZmaWNlcl0KSGF2ZSB5b3UgYmVlbiB0byBeNEQ0REZGUGF5b24gRHVuZ2Vvbl4wMDAwMDAgeWV0PwpIb3cgYWJvdXQgXjRENERGRkNvbW9kb14wMDAwMDAsIHRoZW4/CjxOQVZJPltDaGVmIEJhYmlRIGluIENvbW9kb108SU5GTz5jb21vZG8sMjA2LDMwNCwwMDAsMDwvSU5GTz48L05BVkk+IHNlZW1lZCB0byBiZSBpbiB0cm91YmxlIHJlY2VudGx5IC4uLgpJIGJlbGlldmUgeW91IGNhbiBoZWxwIGhpbSBvdXQu,,,,,W09maWNpYWwgZG8gw4lkZW5dClZvY8OqIGrDoSBmb2kgYW8gXjRENERGRkNhdmVybmEgZGUgUGF5b25eMDAwMDAwPwpRdWUgdGFsIF40RDRERkZDb21vZG9eMDAwMDAwLCBlbnTDo28/CjxOQVZJPltDaHVycmFzcXVlaXJvIGVtIENvbW9kb108SU5GTz5jb21vZG8sMjA2LDMwNCwwMDAsMDwvSU5GTz48L05BVkk+IHBhcmVjZXUgZXN0YXIgY29tIHByb2JsZW1hcyByZWNlbnRlbWVudGUuLi4KQWNyZWRpdG8gcXVlIHZvY8OqIHBvc3NhIGFqdWTDoS1sby4=,,W09maWNpYWwgZGUgVGVsZXRyYW5zcG9ydGUgRWRlbl0Kwr9IYXMgZXN0YWRvIHlhIGVuIF40RDRERkZQYXlvbiBEdW5nZW9uXjAwMDAwMD8Kwr9RdcOpIHRhbCBeNEQ0REZGQ29tb2RvXjAwMDAwMCwgZW50b25jZXM/CjxOQVZJPltDaGVmIEJhYmlRIGVuIENvbW9kb108SU5GTz5jb21vZG8sMjA2LDMwNCwwMDAsMDwvSU5GTz48L05BVkk+IHBhcmVjw61hIHRlbmVyIHByb2JsZW1hcyDDumx0aW1hbWVudGUuLi4KQ3JlbyBxdWUgcHVlZGVzIGF5dWRhcmxlLg==
X4cGCg,,W0VkZW4gVGVsZXBvcnQgT2ZmaWNlcl0KSSdsbCBpbnRyb2R1Y2UgeW91IHRvIHNvbWUgc3VpdGFibGUgY2xpZW50cy4KSSB0aGluayB0aGF0IHF1ZXN0cyBmcm9tIFByb250ZXJhLCBBbGJlcnRhLCBhbmQgSXpsdWRlIHdpbGwgc3VpdCB5b3Ugd2VsbC4=,,,,,W09maWNpYWwgZG8gw4lkZW5dClZvdSBhcHJlc2VudMOhLWxvIGEgYWxndW5zIGNsaWVudGVzIGFkZXF1YWRvcy4KQWNobyBxdWUgYXMgbWlzc8O1ZXMgZGUgUHJvbnRlcmEsIEFsYmVydGEgZSBJemx1ZGUgbGhlIGFncmFkYXLDo28gYmFzdGFudGUu,,W09maWNpYWwgZGUgVGVsZXRyYW5zcG9ydGUgRWRlbl0KVGUgcHJlc2VudGFyw6kgYSBhbGd1bm9zIGNsaWVudGVzIGFkZWN1YWRvcy4KQ3JlbyBxdWUgbGFzIG1pc2lvbmVzIGRlIFByb250ZXJhLCBBbGJlcnRhIGUgSXpsdWRlIHRlIGlyw6FuIGJpZW4u
YIcGCg,,QXNrIGZvciBxdWVzdHMgaW4gUHJvbnRlcmEu,,,,,UGVkaXIgbWlzc8O1ZXMgZW0gUHJvbnRlcmEu,,UGlkZSBtaXNpb25lcyBlbiBQcm9udGVyYS4=
YYcGCg,,QXNrIGZvciBxdWVzdHMgaW4gSXpsdWRlLg==,,,,,UGXDp2EgbWlzc8O1ZXMgZW0gSXpsdWRlLg==,,UGlkZSBtaXNpb25lcyBlbiBJemx1ZGUu
YocGCg,,QXNrIGZvciBxdWVzdHMgaW4gQWxiZXJ0YS4=,,,,,U29saWNpdGUgbWlzc8O1ZXMgZW0gQWxiZXJ0YS4=,,UGlkZSBtaXNpb25lcyBlbiBBbGJlcnRhLg==
Y4cGCg,,W0VkZW4gVGVsZXBvcnQgT2ZmaWNlcl0KVGhlcmUncyBiZWVuIGEgbW9uc3RlciByYWlkIHVuZGVyd2F5IGluIFByb250ZXJhIHJlY2VudGx5IQpQbGVhc2UgcmVhZCB0aGUgPE5BVkk+W0hlbHAgV2FudGVkOiBNb25zdGVyIFJhaWRzXTxJTkZPPnByb250ZXJhLDU5LDMzOSwwMDAsMDwvSU5GTz48L05BVkk+IHNpZ24KYW5kIHBhcnRpY2lwYXRlIQ==,,,,,W09maWNpYWwgZG8gw4lkZW5dCkhvdXZlIHVtYSBpbmN1cnPDo28gZGUgbW9uc3Ryb3MgZW0gYW5kYW1lbnRvIGVtIFByb250ZXJhIHJlY2VudGVtZW50ZSEKUG9yIGZhdm9yLCBsZWlhIGEgcGxhY2EgPE5BVkk+W1ByZWNpc2Etc2UgZGUgYWp1ZGE6IEluY3Vyc8O1ZXMgZGUgbW9uc3Ryb3NdPElORk8+cHJvbnRlcmEsNTksMzM5LDAwMCwwPC9JTkZPPjwvTkFWST4KZSBwYXJ0aWNpcGUh,,W0VkZW4gVGVsZXBvcnQgT2ZmaWNlcl0KwqFIYSBoYWJpZG8gdW5hIGluY3Vyc2nDs24gZGUgbW9uc3RydW9zIGVuIG1hcmNoYSBlbiBQcm9udGVyYSByZWNpZW50ZW1lbnRlIQpQb3IgZmF2b3IsIGxlZSBlbCBjYXJ0ZWwgPE5BVkk+W1NlIGJ1c2NhIGF5dWRhOiBJbmN1cnNpw7NuIGRlIG1vbnN0cnVvc108SU5GTz5wcm9udGVyYSw1OSwzMzksMDAwLDA8L0lORk8+PC9OQVZJPgrCoXkgcGFydGljaXBhIQ==
ZIcGCg,,W0VkZW4gVGVsZXBvcnQgT2ZmaWNlcl0KPE5BVkk+W0luc3RydWN0b3IgUGhvbnRlcyBvZiBJemx1ZGVdPElORk8+aXpsdWRlLDEzMiwyMDcsMDAwLDA8L0lORk8+PC9OQVZJPgpzZWVtcyB0byBoYXZlIGRyYWZ0ZWQgYSBuZXcgdHJhaW5pbmcgcGxhbi4KQWxzbywgdGhlcmUgaXMgYSBxdWVzdCBmcm9tIEJ5YWxhbiBJc2xhbmQuCk1lZXQgPE5BVkk+W0NvbGxlZ2UgU3R1ZGVudCBIZWxkZW4gaW4gQnlhbGFuIElzbGFuZF08SU5GTz5pemx1MmR1biwxMDUsNjgsMDAwLDA8L0lORk8+PC9OQVZJPi4=,,,,,W09maWNpYWwgZG8gw4lkZW5dCjxOQVZJPltJbnN0cnV0b3JhIFBvbnRpcyBlbSBJemx1ZGVdPElORk8+aXpsdWRlLDEzMiwyMDcsMDAwLDA8L0lORk8+PC9OQVZJPgpwYXJlY2UgdGVyIGVsYWJvcmFkbyB1bSBub3ZvIHBsYW5vIGRlIHRyZWluYW1lbnRvLgpBbMOpbSBkaXNzbywgaMOhIHVtYSBtaXNzw6NvIGRhIElsaGEgQnlhbGFuLgpFbmNvbnRyZSA8TkFWST5bRXN0dWRhbnRlIHVuaXZlcnNpdMOhcmlvIEhlbGRlbiBuYSBJbGhhIEJ5YWxhbl08SU5GTz5pemx1MmR1biwxMDUsNjgsMDAwLDA8L0lORk8+PC9OQVZJPi4=,,W09maWNpYWwgZGUgVGVsZXRyYW5zcG9ydGUgZGUgRWTDqW5dCjxOQVZJPltJbnN0cnVjdG9yIFBob250ZXMgZGUgSXpsdWRlXTxJTkZPPml6bHVkZSwxMzIsMjA3LDAwMCwwPC9JTkZPPjwvTkFWST4KcGFyZWNlIGhhYmVyIGVsYWJvcmFkbyB1biBudWV2byBwbGFuIGRlIGVudHJlbmFtaWVudG8uCkFkZW3DoXMsIGhheSB1bmEgcXVlc3QgZGUgbGEgaXNsYSBCeWFsYW4uClJlw7puZXRlIGNvbiA8TkFWST5bRXN0dWRpYW50ZSB1bml2ZXJzaXRhcmlvIEhlbGRlbiBlbiBJc2xhIEJ5YWxhbl08SU5GTz5pemx1MmR1biwxMDUsNjgsMDAwLDA8L0lORk8+PC9OQVZJPi4=
ZYcGCg,,W0VkZW4gVGVsZXBvcnQgT2ZmaWNlcl0KPE5BVkk+W1RpbW90aHkgb2YgQWxiZXJ0YV08SU5GTz5hbGJlcnRhLDE1NCwyMjQsMDAwLDA8L0lORk8+PC9OQVZJPgppcyBsb29raW5nIGZvciBzb21lIGhlbHAu,,,,,W09maWNpYWwgZG8gw4lkZW5dCjxOQVZJPltUaW3Ds3RlbyBkZSBBbGJlcnRhXTxJTkZPPmFsYmVydGEsMTU0LDIyNCwwMDAsMDwvSU5GTz48L05BVkk+CmVzdMOhIHByb2N1cmFuZG8gYWp1ZGEu,,W0VkZW4gVGVsZXBvcnQgT2ZmaWNlcl0KPE5BVkk+W1RpbW90ZW8gZGUgQWxiZXJ0YV08SU5GTz5hbGJlcnRhLDE1NCwyMjQsMDAwLDA8L0lORk8+PC9OQVZJPgplc3TDoSBidXNjYW5kbyBheXVkYS4=
ZocGCg,,W0VkZW4gVGVsZXBvcnQgT2ZmaWNlcl0KTWVldCA8TkFWST5bQnlhbGFuIElzbGFuZCBNZW1iZXIgRXJuZXN0XTxJTkZPPml6X2R1bjAxLDEyMSwxNTgsMDAwLDA8L0lORk8+PC9OQVZJPi4KQSBncm91cCBvZiBleGNoYW5nZSBzdHVkZW50cyB3ZW50IHRoZXJlLCBhbmQgSSdtIHdvcnJpZWQgYWJvdXQgdGhlbS4KQW4gPE5BVkk+W09sZCBTY2hvbGFyIGluIE1vcnJvY108SU5GTz5tb3JvY2MsMTUxLDg2LDAwMCwwPC9JTkZPPjwvTkFWST4gaXMgcmVzZWFyY2hpbmcgc29tZXRoaW5nOwp5b3UgY2FuIHByb2JhYmx5IGJlIGEgYmlnIGhlbHAgdG8gaGltLg==,,,,,W09maWNpYWwgZG8gw4lkZW5dCkNvbmhlw6dhIG8gPE5BVkk+W01lbWJybyBFcm5lc3RdPElORk8+aXpfZHVuMDEsMTIxLDE1OCwwMDAsMDwvSU5GTz48L05BVkk+LgpVbSBncnVwbyBkZSBlc3R1ZGFudGVzIGRlIGludGVyY8OibWJpbyBmb2kgcGFyYSBsw6EsIGUgZXN0b3UgcHJlb2N1cGFkbyBjb20gZWxlcy4KVW0gPE5BVkk+W1ZlbGhvIFByb2Zlc3NvciBlbSBNb3Jyb2NdPElORk8+bW9yb2NjLDE1MSw4NiwwMDAsMDwvSU5GTz48L05BVkk+IGVzdMOhIHBlc3F1aXNhbmRvIGFsZ287CnZvY8OqIHByb3ZhdmVsbWVudGUgcG9kZXLDoSBzZXIgZGUgZ3JhbmRlIGFqdWRhIHBhcmEgZWxlLg==,,W09maWNpYWwgZGUgdGVsZXRyYW5zcG9ydGUgRWRlbl0KVGUgcHJlc2VudG8gYSA8TkFWST5bRXJuZXN0LCBtaWVtYnJvIGRlIGxhIGlzbGEgZGUgQnlhbGFuXTxJTkZPPml6X2R1bjAxLDEyMSwxNTgsMDAwLDA8L0lORk8+PC9OQVZJPi4KVW4gZ3J1cG8gZGUgZXN0dWRpYW50ZXMgZGUgaW50ZXJjYW1iaW8gZnVlIGFsbMOtIHkgZXN0b3kgcHJlb2N1cGFkbyBwb3IgZWxsb3MuClVuIDxOQVZJPltBbnRpZ3VvIEVydWRpdG8gZW4gTW9ycm9jXTxJTkZPPk1vcnJvYywxNTEsODYsMDAwLDA8L0lORk8+PC9OQVZJPiBlc3TDoSBpbnZlc3RpZ2FuZG8gYWxnbzsKcHJvYmFibGVtZW50ZSBwdWVkYXMgc2VybGUgZGUgZ3JhbiBheXVkYS4=
Z4cGCg,,W0VkZW4gVGVsZXBvcnQgT2ZmaWNlcl0KQWgsIGhhdmUgeW91IG1ldCA8TkFWST5bTHVtaW4gaW4gT3JjIFZpbGxhZ2VdPElORk8+aW5fb3JjczAxLDIwLDE3MiwwMDAsMDwvSU5GTz48L05BVkk+IHlldD8KSGUgc2VlbXMgdG8gYmUgd2FpdGluZyBmb3Igc29tZW9uZTsgSSB3YXMgd29uZGVyaW5nIGlmIGl0IHdhcyB5b3Uu,,,,,W09maWNpYWwgZG8gw4lkZW5dCkFoLCB2b2PDqiBqw6EgZW5jb250cm91IDxOQVZJPltSdW1pbiBuYSBWaWxhIGRvcyBPcmNzXTxJTkZPPmluX29yY3MwMSwyMCwxNzIsMDAwLDA8L0lORk8+PC9OQVZJPj8KRWxlIHBhcmVjZSBlc3RhciBlc3BlcmFuZG8gcG9yIGFsZ3XDqW07IGV1IHF1ZXJpYSBzYWJlciBzZSDDqSB2b2PDqi4=,,W0VkZW4gVGVsZXBvcnQgT2ZmaWNlcl0KQWgsIMK/aGFzIGNvbm9jaWRvIHlhIGEgPE5BVkk+W0x1bWluIGVuIFB1ZWJsbyBPcmNvXTxJTkZPPmluX29yY3MwMSwyMCwxNzIsMDAwLDA8L0lORk8+PC9OQVZJPj8KUGFyZWNlIGVzdGFyIGVzcGVyYW5kbyBhIGFsZ3VpZW47IG1lIHByZWd1bnRhYmEgc2kgc2Vyw61hcyB0w7ou
aIcGCg,,W0VkZW4gVGVsZXBvcnQgT2ZmaWNlcl0KVGhlcmUgaXMgYSBxdWVzdCBhYm91dCBjbGVhbnNpbmcgdGhlIDxOQVZJPltQYXlvbiBDYXZlIERlc2VydGVkIFRvd25dPElORk8+cGF5X2FyY2hlLDQxLDEzMywwMDAsMDwvSU5GTz48L05BVkk+Owp5b3Ugc2hvdWxkIGdvIHBheSBhIHZpc2l0IHRoZXJlIHlvdXJzZWxmLg==,,,,,W09maWNpYWwgZG8gw4lkZW5dCkjDoSB1bWEgbWlzc8OjbyBzb2JyZSBhIGxpbXBlemEgZG8gPE5BVkk+W1ZpbGFyZWpvIEFiYW5kb25hZG8gZW0gUGF5b25dPElORk8+cGF5X2FyY2hlLDQxLDEzMywwMDAsMDwvSU5GTz48L05BVkk+Owp2b2PDqiBkZXZlIGZhemVyIHVtYSB2aXNpdGEgbmVsZS4=,,W09maWNpYWwgZGUgdGVsZXRyYW5zcG9ydGUgZGUgRWTDqW5dCkhheSB1bmEgcXVlc3Qgc29icmUgbGEgbGltcGllemEgZGUgbGEgPE5BVkk+W0N1ZXZhIGRlIFBheW9uIFB1ZWJsbyBEZXNpZXJ0b108SU5GTz5wYXlfYXJjaGUsNDEsMTMzLDAwMCwwPC9JTkZPPjwvTkFWST47CmRlYmVyw61hcyBpciBhIHZpc2l0YXJsbyB0w7ogbWlzbW8u
aYcGCg,,W0VkZW4gVGVsZXBvcnQgT2ZmaWNlcl0KVGhlIDxOQVZJPltPbGQgU2Nob2xhciBpbiBNb3Jyb2NdPElORk8+bW9yb2NjLDE1MSw4NiwwMDAsMDwvSU5GTz48L05BVkk+IHNlZW1zIHRvIGJlIG1ha2luZyBncmVhdCBzdHJpZGVzIGluIGhpcyBleGNhdmF0aW9uIHJlc2VhcmNoLgpUaGVyZSBhcmUgYSBjb3VwbGUgb2YgcmVsYXRlZCBxdWVzdHMsIHRvby4KVGhlcmUgYWxzbyBpcyBhIHF1ZXN0IGFib3V0IGEgPE5BVkk+W1ZpZ2lsYW50ZSBpbiBDb21vZG9dPElORk8+Y29tb2RvLDE3MCwzNDcsMDAwLDA8L0lORk8+PC9OQVZJPi4KSSBoZWFyZCB0aGV5J3JlIGNsZWFyaW5nIG91dCBuZWFyYnkgbW9uc3RlcnMu,,,,,W09maWNpYWwgZG8gw4lkZW5dCk8gPE5BVkk+W1ZlbGhvIFByb2Zlc3NvciBlbSBNb3Jyb2NdPElORk8+bW9yb2NjLDE1MSw4NiwwMDAsMDwvSU5GTz48L05BVkk+IHBhcmVjZSBlc3RhciBmYXplbmRvIGdyYW5kZXMgcHJvZ3Jlc3NvcyBlbSBzdWEgcGVzcXVpc2EgZGUgZXNjYXZhw6fDo28uCkjDoSB0YW1iw6ltIGFsZ3VtYXMgbWlzc8O1ZXMgcmVsYWNpb25hZGFzLgpIw6EgdGFtYsOpbSB1bWEgbWlzc8OjbyBzb2JyZSB1bSA8TkFWST5bVmlnaWxhbnRlIGVtIENvbW9kb108SU5GTz5jb21vZG8sMTcwLDM0NywwMDAsMDwvSU5GTz48L05BVkk+LgpPdXZpIGRpemVyIHF1ZSBlbGVzIGVzdMOjbyBlbGltaW5hbmRvIG9zIG1vbnN0cm9zIHByw7N4aW1vcy4=,,W09maWNpYWwgZGUgdGVsZXRyYW5zcG9ydGUgZGUgRWTDqW5dCkVsIDxOQVZJPltWaWVqbyBFcnVkaXRvIGVuIE1vcnJvY108SU5GTz5Nb3Jyb2MsMTUxLDg2LDAwMCwwPC9JTkZPPjwvTkFWST4gcGFyZWNlIGVzdGFyIGhhY2llbmRvIGdyYW5kZXMgcHJvZ3Jlc29zIGVuIHN1IGludmVzdGlnYWNpw7NuIGRlIGV4Y2F2YWNpb25lcy4KVGFtYmnDqW4gaGF5IHVuIHBhciBkZSBxdWVzdCByZWxhY2lvbmFkYXMuClRhbWJpw6luIGhheSB1bmEgbWlzacOzbiBzb2JyZSB1biA8TkFWST5bVmlnaWxhbnRlIGVuIENvbW9kb108SU5GTz5jb21vZG8sMTcwLDM0NywwMDAsMDwvSU5GTz48L05BVkk+LgpIZSBvw61kbyBxdWUgZXN0w6FuIGVsaW1pbmFuZG8gbW9uc3RydW9zIGNlcmNhbm9zLg==
aocGCg,,W0VkZW4gVGVsZXBvcnQgT2ZmaWNlcl0KWW91IGFyZSAuLi4gSG0gLi4uCkkgY2FuIGFsc28gaW50cm9kdWNlIGNsaWVudHMgaW4gXjRENERGRkdlZmZlbl4wMDAwMDAgYW5kIF40RDRERkZub3J0aGVybiBBbCBEZSBCYXJhbl4wMDAwMDAu,,,,,W09maWNpYWwgZG8gw4lkZW5dClZvY8OqIMOpIC4uLiBIbSAuLi4KVGFtYsOpbSBwb3NzbyBhcHJlc2VudGFyIGNsaWVudGVzIGVtIF40RDRERkZHZWZmZW5eMDAwMDAwIGUgXjRENERGRm5vcnRlIGRlIEFsIERlIEJhcmFuXjAwMDAwMC4=,,W0VkZW4gVGVsZXBvcnQgT2ZpY2lhbF0KVXN0ZWQgZXMgLi4uIEhtIC4uLgpUYW1iacOpbiBwdWVkbyBwcmVzZW50YXIgY2xpZW50ZXMgZW4gXjRENERGRkdlZmZlbl4wMDAwMDAgeSBeNEQ0REZGbm9ydGUgZGUgQWwgRGUgQmFyYW5eMDAwMDAwLg==
a4cGCg,,R2VmZmVuIHJlZ2lvbi4=,,,,,UmVnacOjbyBkZSBHZWZmZW4u,,UmVnacOzbiBkZSBHZWZmZW4u
bIcGCg,,QWwgRGUgQmFyYW4gcmVnaW9uLg==,,,,,UmVnacOjbyBkZSBBbCBEZSBCYXJhbi4=,,UmVnacOzbiBkZSBBbCBEZSBCYXJhbi4=
bYcGCg,,W0VkZW4gVGVsZXBvcnQgT2ZmaWNlcl0KVGhlc2UgYXJlIHRoZSBjbGllbnRzIGluIEdlZmZlbiByZWdpb246ClRoZXJlIGlzIGEgcXVlc3QgZnJvbSA8TkFWST5bUGV0aXRlIEJveV08SU5GTz5nZWZmZW4sNDAsMTEzLDAwMCwwPC9JTkZPPjwvTkFWST4uCklmIHlvdSBoZWFkIG5vcnRoZWFzdCBmcm9tIEdlZmZlbiwgeW91J2xsIGZpbmQgXjRENERGRkdsYXN0IEhlaW0gY2FzdGxlXjAwMDAwMC4=,,,,,W09maWNpYWwgZG8gw4lkZW5dCkVzc2VzIHPDo28gb3MgY2xpZW50ZXMgbmEgcmVnacOjbyBkZSBHZWZmZW46CkjDoSB1bWEgbWlzc8OjbyBkZSA8TkFWST5bUGV0aXRvXTxJTkZPPmdlZmZlbiw0MCwxMTMsMDAwLDA8L0lORk8+PC9OQVZJPi4KU2Ugdm9jw6ogc2VndWlyIHBhcmEgbm9yZGVzdGUgZGUgR2VmZmVuLCBlbmNvbnRyYXLDoSBvIGNhc3RlbG8gXjRENERGRkdsYXN0IEhlaW1eMDAwMDAwLg==,,W0VkZW4gVGVsZXBvcnQgT2ZmaWNlcl0KRXN0b3Mgc29uIGxvcyBjbGllbnRlcyBkZSBsYSByZWdpw7NuIGRlIEdlZmZlbjoKSGF5IHVuYSBxdWVzdCBkZSA8TkFWST5bUGV0aXRlIEJveV08SU5GTz5nZWZmZW4sNDAsMTEzLDAwMCwwPC9JTkZPPjwvTkFWST4uClNpIHRlIGRpcmlnZXMgYWwgbm9yZXN0ZSBkZSBHZWZmZW4sIGVuY29udHJhcsOhcyBlbCBeNEQ0REZGQ2FzdGlsbG8gZGUgR2xhc3QgSGVpbV4wMDAwMDAu
bocGCg,,W0VkZW4gVGVsZXBvcnQgT2ZmaWNlcl0KVGhlIHByaWVzdCA8TkFWST5bTGFycyBmcm9tIFByb250ZXJhIENodXJjaF08SU5GTz5wcm9udGVyYSwyMzUsMzExLDAwMCwwPC9JTkZPPjwvTkFWST4Kd2FzIHdvcnJ5aW5nIGFib3V0IHNvbWUgcHJpZXN0cyB3aG8gd2VudCB0byBjbGVhbnNlIHRoZSBvbGQgY2FzdGxlLgpIb3cgYWJvdXQgdGFsa2luZyB0byBoaW0/,,,,,W09maWNpYWwgZG8gw4lkZW5dCk8gcGFkcmUgPE5BVkk+W0xhcnMgZGEgQ2F0ZWRyYWwgZGUgUHJvbnRlcmFdPElORk8+cHJvbnRlcmEsMjM1LDMxMSwwMDAsMDwvSU5GTz48L05BVkk+CmVzdGF2YSBzZSBwcmVvY3VwYW5kbyBjb20gYWxndW5zIHNhY2VyZG90ZXMgcXVlIGZvcmFtIGxpbXBhciBvIGFudGlnbyBjYXN0ZWxvLgpRdWUgdGFsIGZhbGFyIGNvbSBlbGU/,,W09maWNpYWwgZGUgdGVsZXRyYW5zcG9ydGUgZGUgRWTDqW5dCkVsIHNhY2VyZG90ZSA8TkFWST5bTGFycyBkZSBsYSBJZ2xlc2lhIGRlIFByb250ZXJhXTxJTkZPPnByb250ZXJhLDIzNSwzMTEsMDAwLDA8L0lORk8+PC9OQVZJPgplc3RhYmEgcHJlb2N1cGFkbyBwb3IgdW5vcyBzYWNlcmRvdGVzIHF1ZSBmdWVyb24gYSBsaW1waWFyIGVsIHZpZWpvIGNhc3RpbGxvLgrCv1F1w6kgdGFsIHNpIGhhYmxhbW9zIGNvbiDDqWw/
b4cGCg,,W0VkZW4gVGVsZXBvcnQgT2ZmaWNlcl0KTmV4dCBpcyB0aGUgQWwgRGUgQmFyYW4gcmVnaW9uOgpUaGVyZSBpcyBhIHF1ZXN0IGZyb20gYSA8TkFWST5bTWlkZGxlLUFnZWQgV29tYW5dPElORk8+YWxkZWJhcmFuLDExNCwxODAsMDAwLDA8L0lORk8+PC9OQVZJPi4KPE5BVkk+W0JvcmRlciBDaGVja3BvaW50IE1hbmFnZXIgQ2VzYXJlXTxJTkZPPnl1bm9fZmlsZDAxLDE5MywxNTgsMDAwLDA8L0lORk8+PC9OQVZJPgpzZWVtcyB0byBiZSBpbiBzb21lIHRyb3VibGUgd2l0aCB0aGUgbmVhcmJ5IG1vbnN0ZXJzLg==,,,,,W09maWNpYWwgZG8gw4lkZW5dCkEgcHLDs3hpbWEgw6kgYSByZWdpw6NvIGRlIEFsIERlIEJhcmFuOgpIw6EgdW1hIG1pc3PDo28gZGUgdW1hIDxOQVZJPltNdWxoZXIgZGUgTWVpYS1pZGFkZV08SU5GTz5hbGRlYmFyYW4sMTE0LDE4MCwwMDAsMDwvSU5GTz48L05BVkk+Lgo8TkFWST5bR2VyZW50ZSBkbyBQb3N0byBkZSBDb250cm9sZSBkYSBGcm9udGVpcmEgQ2VzYXJlXTxJTkZPPnl1bm9fZmlsZDAxLDE5MywxNTgsMDAwLDA8L0lORk8+PC9OQVZJPgpwYXJlY2UgZXN0YXIgY29tIHByb2JsZW1hcyBjb20gb3MgbW9uc3Ryb3MgcHLDs3hpbW9zLg==,,W0VkZW4gVGVsZXBvcnQgT2ZmaWNlcl0KTGEgc2lndWllbnRlIGVzIGxhIHJlZ2nDs24gZGUgQWwgRGUgQmFyYW46CkhheSB1bmEgYsO6c3F1ZWRhIGRlIHVuYSA8TkFWST5bTXVqZXIgZGUgbWVkaWFuYSBlZGFkXTxJTkZPPmFsZGViYXJhbiwxMTQsMTgwLDAwMCwwPC9JTkZPPjwvTkFWST4uCjxOQVZJPltKZWZlIGRlIGNvbnRyb2wgZnJvbnRlcml6byBDZXNhcmVdPElORk8+eXVub19maWxkMDEsMTkzLDE1OCwwMDAsMDwvSU5GTz48L05BVkk+CnBhcmVjZSB0ZW5lciBwcm9ibGVtYXMgY29uIGxvcyBtb25zdHJ1b3MgY2VyY2Fub3Mu
cIcGCg,,W0VkZW4gVGVsZXBvcnQgT2ZmaWNlcl0KSWYgeW91IGNyb3NzIHRoZSBib3JkZXIgY2hlY2twb2ludCBpbiBub3J0aGVybiBBbCBEZSBCYXJhbiwgeW91J2xsIGZpbmQgXjRENERGRlNjaHdhcnR6dmFsZF4wMDAwMDAuClN0dWRlbnRzIGF0IHRoZSBeNEQ0REZGS2llbCBIeXJlIEFjYWRlbXleMDAwMDAwIHRoZXJlIG9mdGVuIGhhdmUgcXVlc3RzLCBzbyBpdCdzIHdvcnRoIHRha2luZyBhIGxvb2sgdGhlcmUu,,,,,W09maWNpYWwgZG8gw4lkZW5dClNlIHZvY8OqIGNydXphciBvIHBvc3RvIGRlIGNvbnRyb2xlIGRhIGZyb250ZWlyYSBubyBub3J0ZSBkZSBBbCBEZSBCYXJhbiwgZW5jb250cmFyw6EgXjRENERGRlNjaHdhcnR6d2FsZF4wMDAwMDAuCk9zIGFsdW5vcyBkYSBeNEQ0REZGQWNhZGVtaWEgS2llbCBIeXJlXjAwMDAwMCBkZSBsw6EgY29zdHVtYW0gdGVyIG1pc3PDtWVzLCBlbnTDo28gdmFsZSBhIHBlbmEgZGFyIHVtYSBvbGhhZGEgbMOhLg==,,W09maWNpYWwgZGUgdGVsZXRyYW5zcG9ydGUgRWRlbl0KU2kgY3J1emFzIGVsIHB1ZXN0byBkZSBjb250cm9sIGZyb250ZXJpem8gZGVsIG5vcnRlIGRlIEFsIERlIEJhcmFuLCBlbmNvbnRyYXLDoXMgXjRENERGRlNjaHdhcnR6dmFsZF4wMDAwMDAuCkxvcyBlc3R1ZGlhbnRlcyBkZSBsYSBeNEQ0REZGQWNhZGVtaWEgS2llbCBIeXJlXjAwMDAwMCBkZSBhbGzDrSBzdWVsZW4gdGVuZXIgbWlzaW9uZXMsIGFzw60gcXVlIG1lcmVjZSBsYSBwZW5hIGVjaGFybGVzIHVuIHZpc3Rhem8u
cYcGCg,,W0VkZW4gVGVsZXBvcnQgT2ZmaWNlcl0KSWYgeW91IHRha2UgYSBsb29rIGFyb3VuZCBhbmQgc2VlIGlmIHRoZXJlIGlzIGFueW9uZSBpbiBuZWVkIG9mIGhlbHAsCkknbSBzdXJlIHlvdSdsbCBmaW5kIHNvbWV0aGluZyB3b3J0aHdoaWxlLg==,,,,,W09maWNpYWwgZG8gw4lkZW5dCkTDqiB1bWEgb2xoYWRhIGFvIHJlZG9yIGUgdmVqYSBzZSBow6EgYWxndcOpbSBwcmVjaXNhbmRvIGRlIGFqdWRhLAp0ZW5obyBjZXJ0ZXphIGRlIHF1ZSBlbmNvbnRyYXLDoSBhbGdvIHF1ZSB2YWxoYSBhIHBlbmEu,,W0VkZW4gVGVsZXBvcnQgT2ZmaWNlcl0KU2kgZWNoYXMgdW4gdmlzdGF6byBhbHJlZGVkb3IgeSB2ZXMgc2kgaGF5IGFsZ3VpZW4gcXVlIG5lY2VzaXRlIGF5dWRhLAplc3RveSBzZWd1cm8gZGUgcXVlIGVuY29udHJhcsOhcyBhbGdvIHF1ZSB2YWxnYSBsYSBwZW5hLg==
cocGCg,,W0VkZW4gVGVsZXBvcnQgT2ZmaWNlcl0KVGhlcmUgaXMgYSB0b3dlciBmb3IgbWFnZXMgaW4gdGhlIGNlbnRlciBvZiBeNEQ0REZGR2VmZmVuXjAwMDAwMCwgcmlnaHQ/CkkgaGVhcmQgdGhhdCB1bmRlcm5lYXRoIGl0IGlzIGEgZHVuZ2VvbiBmaWxsZWQgd2l0aCBzY2FyeSBtb25zdGVycy4=,,,,,W09maWNpYWwgZG8gw4lkZW5dCkjDoSB1bWEgdG9ycmUgcGFyYSBtYWdvcyBubyBjZW50cm8gZGUgXjRENERGRkdlZmZlbl4wMDAwMDAsIGNlcnRvPwpPdXZpIGRpemVyIHF1ZSBlbWJhaXhvIGRlbGEgaMOhIHVtYSBtYXNtb3JyYSBjaGVpYSBkZSBtb25zdHJvcyBhc3N1c3RhZG9yZXMu,,W09maWNpYWwgZGUgVGVsZXRyYW5zcG9ydGUgRWRlbl0KSGF5IHVuYSB0b3JyZSBwYXJhIG1hZ29zIGVuIGVsIGNlbnRybyBkZSBeNEQ0REZGR2VmZmVuXjAwMDAwMCwgwr92ZXJkYWQ/CkhlIG/DrWRvIHF1ZSBkZWJham8gZGUgZWxsYSBoYXkgdW5hIG1hem1vcnJhIGxsZW5hIGRlIG1vbnN0cnVvcyBhdGVycmFkb3Jlcy4=
c4cGCg,,W0VkZW4gVGVsZXBvcnQgT2ZmaWNlcl0KVGhlcmUgYWxzbyBpcyBhbiBhbmNpZW50IHJ1aW4gY2FsbGVkIEdlZmZlbmlhLgpCdXQgZmlyc3QsIGxldCdzIHRha2UgYSBsb29rIGF0IHRoZSBxdWVzdHMgZnJvbSB0aGUgY2l0aXplbnM6,,,,,W09maWNpYWwgZG8gw4lkZW5dCkjDoSB0YW1iw6ltIHVtYSBydcOtbmEgYW50aWdhIGNoYW1hZGEgR2VmZmVuaWEuCk1hcywgcHJpbWVpcm8sIHZhbW9zIGRhciB1bWEgb2xoYWRhIG5hcyBtaXNzw7VlcyBkb3MgY2lkYWTDo29zOg==,,W0VkZW4gVGVsZXBvcnQgT2ZmaWNlcl0KVGFtYmnDqW4gaGF5IHVuYSBhbnRpZ3VhIHJ1aW5hIGxsYW1hZGEgR2VmZmVuaWEuClBlcm8gcHJpbWVybywgZWNoZW1vcyB1biB2aXN0YXpvIGEgbGFzIG1pc2lvbmVzIGRlIGxvcyBjaXVkYWRhbm9zOg==
dIcGCg,,W0VkZW4gVGVsZXBvcnQgT2ZmaWNlcl0KQW4gPE5BVkk+W0FwcHJlbnRpY2UgTWFnZV08SU5GTz5nZWZmZW4sMTI2LDExMywwMDAsMDwvSU5GTz48L05BVkk+IGhhcyBhIGZldyBxdWVzdHMuCkFzIHdlbGwgYXMgYSA8TkFWST5bVGlyZWQgTWFuXTxJTkZPPmdlZl90b3dlciw0MCwxNDAsMDAwLDA8L0lORk8+PC9OQVZJPi4=,,,,,W09maWNpYWwgZG8gw4lkZW5dClVtIDxOQVZJPltNYWdvIEFwcmVuZGl6XTxJTkZPPmdlZmZlbiwxMjYsMTEzLDAwMCwwPC9JTkZPPjwvTkFWST4gdGVtIGFsZ3VtYXMgbWlzc8O1ZXMuCkFzc2ltIGNvbW8gbyA8TkFWST5bSG9tZW0gQ2Fuc2Fkb108SU5GTz5nZWZfdG93ZXIsNDAsMTQwLDAwMCwwPC9JTkZPPjwvTkFWST4u,,W09maWNpYWwgZGUgdGVsZXRyYW5zcG9ydGUgRWRlbl0KVW4gPE5BVkk+W0FwcmVuZGl6IGRlIE1hZ29dPElORk8+Z2VmZmVuLDEyNiwxMTMsMDAwLDA8L0lORk8+PC9OQVZJPiB0aWVuZSB1bmFzIGN1YW50YXMgbWlzaW9uZXMuCkFzw60gY29tbyB1biA8TkFWST5bSG9tYnJlIENhbnNhZG9dPElORk8+Z2VmX3Rvd2VyLDQwLDE0MCwwMDAsMDwvSU5GTz48L05BVkk+Lg==
dYcGCg,,W0VkZW4gVGVsZXBvcnQgT2ZmaWNlcl0KPE5BVkk+W0FsIERlIEJhcmFuIENsb2NrIFRvd2VyIE1hbmFnZXIgQ2VyZGluXTxJTkZPPmFsZGViYXJhbiwxNDMsMTMyLDAwMCwwPC9JTkZPPjwvTkFWST4KaXMgYWxzbyB0cm91YmxlZCB3aXRoIHRoZSBtb25zdGVycyBhcHBlYXJpbmcgaW4gdGhlIGNsb2NrIHRvd2VyLg==,,,,,W09maWNpYWwgZG8gw4lkZW5dCk8gPE5BVkk+W0dlcmVudGUgZGEgVG9ycmUgZG8gUmVsw7NnaW8gZGUgQWwgRGUgQmFyYW5dPElORk8+YWxkZWJhcmFuLDE0MywxMzIsMDAwLDA8L0lORk8+PC9OQVZJPgp0YW1iw6ltIGVzdMOhIHByZW9jdXBhZG8gY29tIG9zIG1vbnN0cm9zIHF1ZSBhcGFyZWNlbSBuYSB0b3JyZSBkbyByZWzDs2dpby4=,,W0VkZW4gVGVsZXBvcnQgT2ZmaWNlcl0KPE5BVkk+W0FsIERlIEJhcmFuIERpcmVjdG9yIGRlIGxhIFRvcnJlIGRlbCBSZWxvaiBDZXJkaW5dPElORk8+YWxkZWJhcmFuLDE0MywxMzIsMDAwLDA8L0lORk8+PC9OQVZJPgp0YW1iacOpbiB0aWVuZSBwcm9ibGVtYXMgY29uIGxvcyBtb25zdHJ1b3MgcXVlIGFwYXJlY2VuIGVuIGxhIHRvcnJlIGRlbCByZWxvai4=
docGCg,,W0VkZW4gVGVsZXBvcnQgT2ZmaWNlcl0KSXQnbGwgYmUgYSBiaWcgaGVscCBpZiB5b3UgZ28gdGhlcmUu,,,,,W09maWNpYWwgZG8gw4lkZW5dClNlcsOhIGRlIGdyYW5kZSBhanVkYSBzZSB2b2PDqiBmb3IgYXTDqSBsw6Eu,,W0VkZW4gVGVsZXBvcnQgT2ZmaWNlcl0KU2Vyw6EgZGUgZ3JhbiBheXVkYSBzaSB2YXMgYWxsw60u
d4cGCg,,W0VkZW4gVGVsZXBvcnQgT2ZmaWNlcl0KVGhlcmUgYXJlIGFsc28gYSBmZXcgY2xpZW50cyBuZWFyIF40RDRERkZBcnVuYWZlbHR6XjAwMDAwMDoKVGhlcmUgYXJlIHJlcXVlc3RzIGZyb20gPE5BVkk+W1JhY2hlbCBBaXJwb3J0IEd1YXJkXTxJTkZPPnJhX2ZpbGQxMiwyOTYsMjAwLDAwMCwwPC9JTkZPPjwvTkFWST4sCjxOQVZJPltMZW9uYXJkIGluIFJhY2hlbF08SU5GTz5yYWNoZWwsMTkyLDEzOCwwMDAsMDwvSU5GTz48L05BVkk+LAphbmQgPE5BVkk+W0tyYXZlbiBpbiBWZWluc108SU5GTz52ZWlucywxODIsMTMwLDAwMCwwPC9JTkZPPjwvTkFWST4u,,,,,W09maWNpYWwgZG8gw4lkZW5dClRhbWLDqW0gaMOhIGFsZ3VucyBjbGllbnRlcyBwZXJ0byBkZSBeNEQ0REZGQXJ1bmFmZWx0el4wMDAwMDA6CkjDoSBzb2xpY2l0YcOnw7VlcyBkbyA8TkFWST5bR3VhcmRhIEFlcm9wb3J0dcOhcmlvXTxJTkZPPnJhX2ZpbGQxMiwyOTYsMjAwLDAwMCwwPC9JTkZPPjwvTkFWST4sCjxOQVZJPltMZW9uYXJkb108SU5GTz5yYWNoZWwsMTkyLDEzOCwwMDAsMDwvSU5GTz48L05BVkk+LAplIDxOQVZJPltLcmF2ZW4gZW0gVmVpbnNdPElORk8+dmVpbnMsMTgyLDEzMCwwMDAsMDwvSU5GTz48L05BVkk+Lg==,,W09maWNpYWwgZGUgdGVsZXRyYW5zcG9ydGUgRWRlbl0KVGFtYmnDqW4gaGF5IGFsZ3Vub3MgY2xpZW50ZXMgY2VyY2EgZGUgXjRENERGRkFydW5hZmVsdHpeMDAwMDAwOgpIYXkgcGV0aWNpb25lcyBkZSA8TkFWST5bR3VhcmRpYSBkZWwgQWVyb3B1ZXJ0byBkZSBSYWNoZWxdPElORk8+cmFfZmlsZDEyLDI5NiwyMDAsMDAwLDA8L0lORk8+PC9OQVZJPiwKPE5BVkk+W0xlb25hcmQgZW4gUmFjaGVsXTxJTkZPPnJhY2hlbCwxOTIsMTM4LDAwMCwwPC9JTkZPPjwvTkFWST4sCnkgPE5BVkk+W0tyYXZlbiBlbiBWZWluc108SU5GTz52ZWlucywxODIsMTMwLDAwMCwwPC9JTkZPPjwvTkFWST4u
eIcGCg,,W0VkZW4gVGVsZXBvcnQgT2ZmaWNlcl0KWW91IGNhbiBhbHNvIGdvIHRvIG90aGVyIHBsYWNlcywgdG9vLCBzaW5jZSB5b3UgYXJlIGFuIGV4cGVyaWVuY2VkIEFkdmVudHVyZXIuClBsYWNlcyBsaWtlIHRoZSBeNEQ0REZGT2xkIENhc3RsZSBvZiBHbGFzdCBIZWltXjAwMDAwMCBvciB0aGUgVW5kZXJncm91bmQgQ2VtZXRlcnkgb2YgdGhlIG1vbmFzdGVyeS4=,,,,,W09maWNpYWwgZG8gw4lkZW5dClZvY8OqIHRhbWLDqW0gcG9kZSBpciBhIG91dHJvcyBsdWdhcmVzLCBqw6EgcXVlIMOpIHVtIEF2ZW50dXJlaXJvIEV4cGVyaWVudGUuCkx1Z2FyZXMgY29tbyBvIF40RDRERkZDYXN0ZWxvIEFtYWxkacOnb2FkbyBkZSBHbGFzdCBIZWltXjAwMDAwMCBvdSBvIENlbWl0w6lyaW8gU3VidGVycsOibmVvIGRvIG1vc3RlaXJv,,W0VkZW4gVGVsZXBvcnQgT2ZmaWNlcl0KVGFtYmnDqW4gcHVlZGVzIGlyIGEgb3Ryb3MgbHVnYXJlcywgeWEgcXVlIGVyZXMgdW4gQXZlbnR1cmVybyBleHBlcmltZW50YWRvLgpMdWdhcmVzIGNvbW8gZWwgXjRENERGRkFudGlndW8gQ2FzdGlsbG8gZGUgR2xhc3QgSGVpbV4wMDAwMDAgbyBlbCBDZW1lbnRlcmlvIFN1YnRlcnLDoW5lbyBkZWwgbW9uYXN0ZXJpby4=
eYcGCg,,W0VkZW4gVGVsZXBvcnQgT2ZmaWNlcl0KPE5BVkk+W0FsYmVydGEncyBLbmlnaHQgVGhpYmF1bHRdPElORk8+YWxiZXJ0YSwyMTAsMTIwLDAwMCwwPC9JTkZPPjwvTkFWST4KaGFzIGFsc28gYmVlbiBsb29raW5nIGZvciBhbiBleHBlcmllbmNlZCBBZHZlbnR1cmVyLg==,,,,,W09maWNpYWwgZG8gw4lkZW5dCjxOQVZJPltUaWJhbHRvLCBDYXZhbGVpcm8gZGUgQWxiZXJ0YV08SU5GTz5hbGJlcnRhLDIxMCwxMjAsMDAwLDA8L0lORk8+PC9OQVZJPgp0YW1iw6ltIGVzdMOhIHByb2N1cmFuZG8gdW0gQXZlbnR1cmVpcm8gRXhwZXJpZW50ZS4=,,W0VkZW4gVGVsZXBvcnQgT2ZmaWNlcl0KPE5BVkk+W0NhYmFsbGVybyBUaWJhbHQgZGUgQWxiZXJ0YV08SU5GTz5hbGJlcnRhLDIxMCwxMjAsMDAwLDA8L0lORk8+PC9OQVZJPgp0YW1iacOpbiBoYSBlc3RhZG8gYnVzY2FuZG8gdW4gQXZlbnR1cmVybyBleHBlcmltZW50YWRvLg==
eocGCg,,W0VkZW4gVGVsZXBvcnQgT2ZmaWNlcl0KUGVyaGFwcyBoZSBtZWFucyBBbGJlcnRhJ3MgVHVydGxlIElzbGFuZD8KVHVydGxlIElzbGFuZCAuLi4gSXQncyBhbiBpbnRlcmVzdGluZyBwbGFjZS4=,,,,,W09maWNpYWwgZG8gw4lkZW5dClRhbHZleiBlbGUgZXN0ZWphIHNlIHJlZmVyaW5kbyDDoCBJbGhhIGRhIFRhcnRhcnVnYSBkZSBBbGJlcnRhPwpJbGhhIGRhIFRhcnRhcnVnYSAuLi4gw4kgdW0gbHVnYXIgaW50ZXJlc3NhbnRlLg==,,W0VkZW4gVGVsZXBvcnQgT2ZmaWNlcl0Kwr9RdWl6w6FzIHNlIHJlZmllcmUgYSBsYSBJc2xhIFRvcnR1Z2EgZGUgQWxiZXJ0YT8KSXNsYSBUb3J0dWdhIC4uLiBFcyB1biBsdWdhciBpbnRlcmVzYW50ZS4=
e4cGCg,,W0VkZW4gVGVsZXBvcnQgT2ZmaWNlcl0KSG1tLCBjbGllbnRzIGF0IHRoaXMgbGV2ZWwgLi4uClRoZXJlJ3MgYSBtYW4gY2FsbGVkIDxOQVZJPltEYXJrZXNzXTxJTkZPPmdsYXN0XzAxLDIxMywyOTQsMDAwLDA8L0lORk8+PC9OQVZJPiBzb21ld2hlcmUuCkFoLCBoZSBtdXN0IGJlIGF0IHRoZSBPbGQgQ2FzdGxlIG9mIEdsYXN0IEhlaW0uCkl0J3MgYW4gYW5jaWVudCBjYXN0bGUgbG9jYXRlZCBub3J0aGVhc3Qgb2YgR2VmZmVuLg==,,,,,W09maWNpYWwgZG8gw4lkZW5dCkhtbSwgY2xpZW50ZXMgbmVzc2UgbsOtdmVsIC4uLgpIw6EgdW0gaG9tZW0gY2hhbWFkbyA8TkFWST5bUGFkcmUgTMO6Y2lmZXJdPElORk8+Z2xhc3RfMDEsMjEzLDI5NCwwMDAsMDwvSU5GTz48L05BVkk+IGVtIGFsZ3VtIGx1Z2FyLgpBaCwgZWxlIGRldmUgZXN0YXIgbm8gQ2FzdGVsbyBBbnRpZ28gZGUgR2xhc3QgSGVpbS4Kw4kgdW0gY2FzdGVsbyBhbnRpZ28gbG9jYWxpemFkbyBhIG5vcmRlc3RlIGRlIEdlZmZlbi4=,,W0VkZW4gVGVsZXBvcnQgT2ZpY2lhbF0KSG1tLCBsb3MgY2xpZW50ZXMgYSBlc3RlIG5pdmVsIC4uLgpIYXkgdW4gaG9tYnJlIGxsYW1hZG8gPE5BVkk+W0Rhcmtlc3NdPElORk8+Z2xhc3RfMDEsMjEzLDI5NCwwMDAsMDwvSU5GTz48L05BVkk+IGVuIGFsZ3VuYSBwYXJ0ZS4KQWgsIGRlYmUgZXN0YXIgZW4gZWwgVmllam8gQ2FzdGlsbG8gZGUgR2xhc3QgSGVpbS4KRXMgdW4gYW50aWd1byBjYXN0aWxsbyBzaXR1YWRvIGFsIG5vcmVzdGUgZGUgR2VmZmVuLg==
fIcGCg,,W0VkZW4gVGVsZXBvcnQgT2ZmaWNlcl0KT3RoZXIgdGhhbiB0aGF0LCB0aGVyZSBpcyBhIHF1ZXN0IGZyb20gdGhlIG11c2V1bSBpbiBeNEQ0REZGSnVub14wMDAwMDAuCk1lZXQgPE5BVkk+W0p1bm8gTXVzZXVtIEVtcGxveWVlXTxJTkZPPnl1bm8sMjczLDI5MiwwMDAsMDwvSU5GTz48L05BVkk+Lg==,,,,,W09maWNpYWwgZG8gw4lkZW5dCkFsw6ltIGRpc3NvLCBow6EgdW1hIG1pc3PDo28gZG8gbXVzZXUgZW0gXjRENERGRkp1bm9eMDAwMDAwLgpFbmNvbnRyZSA8TkFWST5bRnVuY2lvbsOhcmlvIGRvIE11c2V1IEp1bm9dPElORk8+eXVubywyNzMsMjkyLDAwMCwwPC9JTkZPPjwvTkFWST4u,,W09maWNpYWwgZGUgdGVsZXRyYW5zcG9ydGUgRWRlbl0KQXBhcnRlIGRlIGVzbywgaGF5IHVuYSBxdWVzdCBkZWwgbXVzZW8gZW4gXjRENERGRkp1bm9eMDAwMDAwLgpSZcO6bmV0ZSBjb24gPE5BVkk+W0VtcGxlYWRvIGRlbCBNdXNlbyBkZSBKdW5vXTxJTkZPPnl1bm8sMjczLDI5MiwwMDAsMDwvSU5GTz48L05BVkk+Lg==
fYcGCg,,W0VkZW4gVGVsZXBvcnQgT2ZmaWNlcl0KVGhlcmUgYWxzbyB3ZXJlIGEgY291cGxlIG9mIHF1ZXN0cyBuZWFyIF40RDRERkZWZWluc14wMDAwMDA7CnlvdSBzaG91bGQgZ28gdGhlcmUgYW5kIHNlYXJjaCBmb3IgeW91cnNlbGYu,,,,,W09maWNpYWwgZG8gw4lkZW5dClRhbWLDqW0gaGF2aWEgYWxndW1hcyBtaXNzw7VlcyBwZXJ0byBkZSBeNEQ0REZGVmVpbnNeMDAwMDAwOwp2b2PDqiBkZXZlIGlyIGF0w6kgbMOhIGUgcHJvY3VyYXIgcG9yIHNpIG1lc21vLg==,,W0VkZW4gVGVsZXBvcnQgT2ZmaWNlcl0KVGFtYmnDqW4gaGFiw61hIHVuIHBhciBkZSBtaXNpb25lcyBjZXJjYSBkZSBeNEQ0REZGVmVpbnNeMDAwMDAwOwp1c3RlZCBkZWJlIGlyIGFsbMOtIHkgYnVzY2FyIHBvciBzw60gbWlzbW8u
focGCg,,W0VkZW4gVGVsZXBvcnQgT2ZmaWNlcl0KSG1obSAuLi4gRm9yIGFuIEFkdmVudHVyZXIgbGlrZSB5b3UsIHRoaXMgcGVyc29uIHdpbGwgc3VyZWx5IGJlIGlkZWFsIQo8TkFWST5bQXZyaWwgaW4gVGhhbmF0b3MgVG93ZXJdPElORk8+dGhhX3QwMSwxNjAsODQsMDAwLDA8L0lORk8+PC9OQVZJPi4=,,,,,W09maWNpYWwgZG8gw4lkZW5dCkhtaG0gLi4uIFBhcmEgdW0gYXZlbnR1cmVpcm8gY29tbyB2b2PDqiwgZXNzYSBwZXNzb2EgY2VydGFtZW50ZSBzZXLDoSBpZGVhbCEKPE5BVkk+W0F2cmlsIG5hIFRvcnJlIGRlIFRoYW5hdG9zXTxJTkZPPnRoYV90MDEsMTYwLDg0LDAwMCwwPC9JTkZPPjwvTkFWST4u,,W0VkZW4gVGVsZXBvcnQgT2ZmaWNlcl0KSG1obSAuLi4gUGFyYSB1biBBdmVudHVyZXJvIGNvbW8gdMO6LCDCoXNlZ3VybyBxdWUgZXN0YSBwZXJzb25hIHNlcsOhIGlkZWFsIQo8TkFWST5bQXZyaWwgZW4gbGEgVG9ycmUgVGhhbmF0b3NdPElORk8+dGhhX3QwMSwxNjAsODQsMDAwLDA8L0lORk8+PC9OQVZJPi4=
f4cGCg,,W0VkZW4gVGVsZXBvcnQgT2ZmaWNlcl0KVGhhbmF0b3MgVG93ZXIgd2FzIHJlbm92YXRlZCBieSBSZWtlbmJlciwgYW5kIGlzIG5vdyB1bmRlciBKb25kYSBtYW5hZ2VtZW50LgpJIGhlYXJkIHRoYXQgdGhhdCBwbGFjZSBjYXVzZWQgcXVpdGUgdGhlIHN0aXIgd2hlbiBNb3Jyb2Mgd2FzIGF3YWtlbmVkLg==,,,,,W09maWNpYWwgZG8gw4lkZW5dCkEgVG9ycmUgZGUgVGhhbmF0b3MgZm9pIHJlZm9ybWFkYSBwZWxhIFJla2VuYmVyIGUgYWdvcmEgZXN0w6Egc29iIGEgYWRtaW5pc3RyYcOnw6NvIGRlIFpvbmRhLgpPdXZpIGRpemVyIHF1ZSBlc3NlIGx1Z2FyIGNhdXNvdSB1bSBncmFuZGUgYWx2b3Jvw6dvIHF1YW5kbyBNb3Jyb2MgZm9pIGRlc3BlcnRhZG8u,,W09maWNpYWwgZGVsIFRlbGVwdWVydG8gRWTDqW5dCkxhIFRvcnJlIFRoYW5hdG9zIGZ1ZSByZW5vdmFkYSBwb3IgUmVrZW5iZXIsIHkgYWhvcmEgZXN0w6EgYmFqbyBsYSBkaXJlY2Npw7NuIGRlIEpvbmRhLgpIZSBvw61kbyBxdWUgZXNlIGx1Z2FyIGNhdXPDsyB1biBncmFuIHJldnVlbG8gY3VhbmRvIE1vcnJvYyBmdWUgZGVzcGVydGFkby4=
gIcGCg,,W0VkZW4gVGVsZXBvcnQgT2ZmaWNlcl0KSXQgd2lsbCB0cnVseSBiZSBhIHdvcnRod2hpbGUgZXhwZXJpZW5jZSBmb3IgeW91IQ==,,,,,W09maWNpYWwgZG8gw4lkZW5dClNlcsOhIHJlYWxtZW50ZSB1bWEgZXhwZXJpw6puY2lhIHF1ZSB2YWxlcsOhIGEgcGVuYSBwYXJhIHZvY8OqIQ==,,W09maWNpYWwgZGUgVGVsZXRyYW5zcG9ydGUgRWTDqW5dCsKhVmVyZGFkZXJhbWVudGUgc2Vyw6EgdW5hIGV4cGVyaWVuY2lhIHF1ZSB2YWxkcsOhIGxhIHBlbmEgcGFyYSB0aSE=
gYcGCg,,W0VkZW4gVGVsZXBvcnQgT2ZmaWNlcl0KRW0sIGRpZCB5b3UgaGVhciBhYm91dCBBYnlzcyBMYWtlPwpJIGhlYXJkIGl0J3Mgc29tZXdoZXJlIHNvdXRoZWFzdCBvZiBIdWdlbCAuLi4KPE5BVkk+W05haGFkYW4gaW4gSHVnZWxdPElORk8+aHVnZWwsNjksMTIxLDAwMCwwPC9JTkZPPjwvTkFWST4uIEZpbmQgdGhpcyBwZXJzb24u,,,,,W09maWNpYWwgZG8gw4lkZW5dCkVtLCB2b2PDqiBvdXZpdSBmYWxhciBkbyBMYWdvIGRvIEFiaXNtbz8KT3V2aSBkaXplciBxdWUgZWxlIGZpY2EgZW0gYWxndW0gbHVnYXIgYSBzdWRlc3RlIGRlIEh1Z2VsLi4uCjxOQVZJPltOYWhhZGFuIGVtIEh1Z2VsXTxJTkZPPmh1Z2VsLDY5LDEyMSwwMDAsMDwvSU5GTz48L05BVkk+LiBFbmNvbnRyZSBlc3NhIHBlc3NvYS4=,,W0VkZW4gVGVsZXBvcnQgT2ZmaWNlcl0KRW0sIMK/aGFzIG/DrWRvIGhhYmxhciBkZSBBYnlzcyBMYWtlPwpIZSBvw61kbyBxdWUgZXN0w6EgZW4gYWxnw7puIGx1Z2FyIGFsIHN1cmVzdGUgZGUgSHVnZWwgLi4uCjxOQVZJPltOYWhhZGFuIGVuIEh1Z2VsXTxJTkZPPmh1Z2VsLDY5LDEyMSwwMDAsMDwvSU5GTz48L05BVkk+LiBFbmN1ZW50cmEgYSBlc3RhIHBlcnNvbmEu
gocGCg,,W0VkZW4gVGVsZXBvcnQgT2ZmaWNlcl0KSSBoYXZlIGEgZmVlbGluZyBoZSdsbCBrZWVwIGZpbmRpbmcgd2F5cyB0byBzZW5kIHlvdSB0byBBYnlzcyBMYWtlIC4uLg==,,,,,W09maWNpYWwgZG8gw4lkZW5dClRlbmhvIGEgc2Vuc2HDp8OjbyBkZSBxdWUgZWxlIGNvbnRpbnVhcsOhIGVuY29udHJhbmRvIG1hbmVpcmFzIGRlIGVudmlhciB2b2PDqiBwYXJhIG8gTGFnbyBkbyBBYmlzbW8uLi4=,,W0VkZW4gVGVsZXBvcnQgT2ZmaWNlcl0KVGVuZ28gbGEgc2Vuc2FjacOzbiBkZSBxdWUgdmEgYSBzZWd1aXIgZW5jb250cmFuZG8gbWFuZXJhcyBkZSBlbnZpYXJ0ZSBhIEFieXNzIExha2UgLi4u
g4cGCg,,W0VkZW4gVGVsZXBvcnQgT2ZmaWNlcl0KSG1obSAuLi4gV2hlcmUgd291bGQgYmUgZ29vZD8KQWN0dWFsbHksIGFuIEFkdmVudHVyZXIgYXQgeW91ciBsZXZlbCBjYW4gdmVudHVyZSBvdXRzaWRlIHRoZSBNaWRnYXJkIGNvbnRpbmVudC4=,,,,,W09maWNpYWwgZG8gw4lkZW5dCkhtaG0gLi4uIE9uZGUgc2VyaWEgYm9tPwpOYSB2ZXJkYWRlLCB1bSBhdmVudHVyZWlybyBkZSBzZXUgbsOtdmVsIHBvZGUgc2UgYXZlbnR1cmFyIGZvcmEgZG8gY29udGluZW50ZSBkZSBNaWRnYXJkLg==,,W0VkZW4gVGVsZXBvcnQgT2ZmaWNlcl0KSG1obSAuLi4gwr9Ew7NuZGUgZXN0YXLDrWEgYmllbj8KRW4gcmVhbGlkYWQsIHVuIEF2ZW50dXJlcm8gZGUgdHUgbml2ZWwgcHVlZGUgYXZlbnR1cmFyc2UgZnVlcmEgZGVsIGNvbnRpbmVudGUgTWlkZ2FyZC4=
hIcGCg,,W0VkZW4gVGVsZXBvcnQgT2ZmaWNlcl0KSSdsbCBpbnRyb2R1Y2UgdGhpcyBwZXJzb246CjxOQVZJPltBbm9ueW1vdXMgQWR2ZW50dXJlciBpbiBMaWdodGhhbHplbl08SU5GTz5saWdodGhhbHplbiwzMjgsMjAyLDAwMCwwPC9JTkZPPjwvTkFWST4KPE5BVkk+W0xhcnRhbCBpbiBNb3Jyb2NdPElORk8+bW9yb2NjLDIyOCwxMDQsMDAwLDA8L0lORk8+PC9OQVZJPi4=,,,,,W09maWNpYWwgZG8gw4lkZW5dClZvdSBhcHJlc2VudGFyIGVzdGEgcGVzc29hOgo8TkFWST5bQXZlbnR1cmVpcm8gQW7DtG5pbW8gZW0gTGlnaHRoYWx6ZW5dPElORk8+bGlnaHRoYWx6ZW4sMzI4LDIwMiwwMDAsMDwvSU5GTz48L05BVkk+CjxOQVZJPltMYXJ0YWwgZW0gTW9ycm9jXTxJTkZPPm1vcm9jYywyMjgsMTA0LDAwMCwwPC9JTkZPPjwvTkFWST4u,,W0VkZW4gVGVsZXBvcnQgT2ZmaWNlcl0KVm95IGEgcHJlc2VudGFyIGEgZXN0YSBwZXJzb25hOgo8TkFWST5bQXZlbnR1cmVybyBBbsOzbmltbyBlbiBMaWdodGhhbHplbl08SU5GTz5saWdodGhhbHplbiwzMjgsMjAyLDAwMCwwPC9JTkZPPjwvTkFWST4KPE5BVkk+W0xhcnRhbCBlbiBNb3Jyb2NdPElORk8+TW9ycm9jLDIyOCwxMDQsMDAwLDA8L0lORk8+PC9OQVZJPi4=
hYcGCg,,W0VkZW4gVGVsZXBvcnQgT2ZmaWNlcl0KSG1tLCBhbiBhbm9ueW1vdXMgQWR2ZW50dXJlciAuLi4KSSB3b25kZXIgaWYgaGUgbmVlZHMgaGVscCBpbnZlc3RpZ2F0aW5nIGEgc3VzcGljaW91cywgZGFuZ2Vyb3VzIHBsYWNlPwpMYXJ0YWwgaW4gTW9ycm9jIGFsc28gbmVlZHMgaGVscCB3aXRoIHNvbWV0aGluZyByZWxhdGVkIHRvIHRoZSBHYXAu,,,,,W09maWNpYWwgZG8gw4lkZW5dCkhtbSwgdW0gYXZlbnR1cmVpcm8gYW7DtG5pbW8uLi4KU2Vyw6EgcXVlIGVsZSBwcmVjaXNhIGRlIGFqdWRhIHBhcmEgaW52ZXN0aWdhciB1bSBsdWdhciBzdXNwZWl0byBlIHBlcmlnb3NvPwpMYXJ0YWwgZW0gTW9ycm9jIHRhbWLDqW0gcHJlY2lzYSBkZSBhanVkYSBjb20gYWxnbyByZWxhY2lvbmFkbyBhbyBHYXAu,,W0VkZW4gVGVsZXBvcnQgT2ZmaWNlcl0KSG1tLCB1biBBdmVudHVyZXJvIGFuw7NuaW1vIC4uLgrCv01lIHByZWd1bnRvIHNpIG5lY2VzaXRhIGF5dWRhIHBhcmEgaW52ZXN0aWdhciB1biBsdWdhciBzb3NwZWNob3NvIHkgcGVsaWdyb3NvPwpMYXJ0YWwgZW4gTW9ycm9jIHRhbWJpw6luIG5lY2VzaXRhIGF5dWRhIGNvbiBhbGdvIHJlbGFjaW9uYWRvIGNvbiBsYSBCcmVjaGEu
hocGCg,,W0VkZW4gVGVsZXBvcnQgT2ZmaWNlcl0KSGFoYSAuLi4gR29vZCBsdWNrLCBBZHZlbnR1cmVyIQ==,,,,,W09maWNpYWwgZG8gw4lkZW5dCkhhaGEgLi4uIEJvYSBzb3J0ZSwgQXZlbnR1cmVpcm8h,,W0VkZW4gVGVsZXBvcnQgT2ZmaWNlcl0KSmFqYSAuLi4gwqFCdWVuYSBzdWVydGUsIEF2ZW50dXJlcm8h
h4cGCg,,W0VkZW4gVGVsZXBvcnQgT2ZmaWNlcl0KSSBkb24ndCB0aGluayB5b3UgbmVlZCBhbnkgb2YgbXkgaGVscC4KSWYgeW91IGxpc3RlbiB0byB0aGUgcGVvcGxlIGFyb3VuZCB5b3UsIEknbSBzdXJlIHlvdSB3aWxsIGZpbmQgc29tZW9uZSB3aG8gbmVlZHMgaGVscC4=,,,,,W09maWNpYWwgZG8gw4lkZW5dCkFjaG8gcXVlIHZvY8OqIG7Do28gcHJlY2lzYSBkYSBtaW5oYSBhanVkYS4KU2Ugdm9jw6ogb3V2aXIgYXMgcGVzc29hcyBhbyBzZXUgcmVkb3IsIHRlbmhvIGNlcnRlemEgZGUgcXVlIGVuY29udHJhcsOhIGFsZ3XDqW0gcXVlIHByZWNpc2EgZGUgYWp1ZGEu,,W09maWNpYWwgZGUgVGVsZXRyYW5zcG9ydGUgRWRlbl0KTm8gY3JlbyBxdWUgbmVjZXNpdGVzIG1pIGF5dWRhLgpTaSBlc2N1Y2hhcyBhIGxhIGdlbnRlIHF1ZSB0ZSByb2RlYSwgc2VndXJvIHF1ZSBlbmN1ZW50cmFzIGEgYWxndWllbiBxdWUgbmVjZXNpdGUgYXl1ZGEu
iIcGCg,,W0VkZW4gVGVsZXBvcnQgT2ZmaWNlcl0KWW91IGFyZSBub3QgYSBub3ZpY2UgbGlrZSBiZWZvcmUhCkl0IGZpbGxzIG1lIHdpdGggcHJpZGUgdG8gc2VlIGhvdyBmYXIgeW91J3ZlIGNvbWUu,,,,,W09maWNpYWwgZG8gw4lkZW5dClZvY8OqIG7Do28gw6kgbWFpcyB1bSBBcHJlbmRpeiBjb21vIGFudGVzIQpGaWNvIG9yZ3VsaG9zbyBkZSB2ZXIgbyBxdWFudG8gdm9jw6ogYXZhbsOnb3Uu,,W0VkZW4gVGVsZXBvcnQgT2ZmaWNlcl0KwqFZYSBubyBlcmVzIHVuIG5vdmF0byBjb21vIGFudGVzIQpNZSBsbGVuYSBkZSBvcmd1bGxvIHZlciBsbyBsZWpvcyBxdWUgaGFzIGxsZWdhZG8u
iYcGCg,,W0VkZW4gVGVsZXBvcnQgT2ZmaWNlcl0KUGxlYXNlIHZpc2l0IHRoZSBFZGVuIEdyb3VwIGFueSB0aW1lIHlvdSdyZSBpbiBuZWVkIQ==,,,,,W09maWNpYWwgZG8gw4lkZW5dClZpc2l0ZSBvIEdydXBvIGRvIMOJZGVuIHNlbXByZSBxdWUgcHJlY2lzYXIh,,W09maWNpYWwgZGUgdGVsZXRyYW5zcG9ydGUgRWRlbl0KVmlzaXRlIGVsIEdydXBvIEVkw6luIGN1YW5kbyBsbyBuZWNlc2l0ZS4=
