YH7oBg,,TWFycmlhZ2UgU3RhZmY=,,,,,QWdlbnRlIE1hdHJpbW9uaWFs,,TWFycmlhZ2UgU3RhZmY=
YX7oBg,,W01hcnJ5IEhhcHB5XQpOZXdseXdlZHMgYW5kIGVzdGFibGlzaGVkIGNvdXBsZXMgd2hvIGFyZSBhbHJlYWR5IG1hcnJpZWQuLi4KWW91IGNhbiBnbyB0byB0aGUgaW1hZ2luYXJ5IHJlY3JlYXRpb25hbCBhcmVhIGFueXRpbWUuCldlbGNvbWUgdG8gSmF3YWlpIQ==,,,,,W01hcmlhIENhc2FtZW50ZWlyYV0KUmVjw6ltLWNhc2Fkb3MgZSBqw6EgY2FzYWRvcy4uLgpWb2PDqnMgcG9kZW0gaXIgcGFyYSBhIMOhcmVhIGRlIHJlY3JlYcOnw6NvIGltYWdpbsOhcmlhIGEgcXVhbHF1ZXIgbW9tZW50by4KQmVtLXZpbmRvcyBhIEphd2FpaSE=,,W0Nhc2FtZW50ZXJhIEZlbGl6XQpMYXMgcGFyZWphcyByZWNpw6luIGNhc2FkYXMgeSBsYXMgY29uc29saWRhZGFzIHF1ZSB5YSBlc3TDoW4gY2FzYWRhc+KApgpwdWVkZW4gaXIgYSBsYSB6b25hIHJlY3JlYXRpdmEgaW1hZ2luYXJpYSBjdWFuZG8gcXVpZXJhbi4KwqFMZXMgZGFtb3MgbGEgYmllbnZlbmlkYSBhIEphd2FpaSE=
Yn7oBg,,J0phd2FpaSc/,,,,,J0phd2FpaSc/,,wr9KYXdhaWk/
Y37oBg,,TGV0J3MgZ28gdG8gJ0phd2FpaSd+,,,,,VmFtb3MgcGFyYSAnSmF3YWlpJw==,,SXIgYSBKYXdhaWku
ZH7oBg,,Q2FuY2Vs,,,,,Q2FuY2VsYXI=,,Q2FuY2VsYXIu
ZX7oBg,,W01hcnJ5IEhhcHB5XQpBIGRpc3RhbnQgaXNsYW5kIGF3YXkgZnJvbSB0aGUgY29udGluZW50IG9mIFJ1bmUgTWlkZ2FyZC4uLiAKaXQgaXMgYSBwZWFjZWZ1bCBhbmQgY2hhcm1pbmcgcmVjcmVhdGlvbmFsIGFyZWEsCnRoYXQgY2FuJ3QgYmUgZWFzaWx5IHJlYWNoZWQgYnkgcGVvcGxlLgpTaW5jZSBpdCBpcyBhIGZhbW91cyBzcG90IGZvciBob25leW1vb25lcnMsCm9ubHkgbWFycmllZCBjb3VwbGVzIGFyZSBhbGxvd2VkIHRvIGdvIHRoZXJlLg==,,,,,W01hcmlhIENhc2FtZW50ZWlyYV0KTnVtYSBpbGhhIGRpc3RhbnRlIGRvIGNvbnRpbmVudGUgZGUgUnVuZSBNaWRnYXJkLi4uIApow6EgdW1hIHRyYW5xw7xpbGEgZSBjaGFybW9zYSDDoXJlYSBkZSByZWNyZWHDp8OjbywKb25kZSBwb3VjYSBnZW50ZSBjb25zZWd1ZSBjaGVnYXIuCkrDoSBxdWUgw6kgdW0gbHVnYXIgZmFtb3NvIHBhcmEgYSBsdWEtZGUtbWVsLApzb21lbnRlIGNhc2FpcyBwb2RlbSB2aXNpdMOhLWxhLg==,,W0Nhc2FtZW50ZXJhIEZlbGl6XQpVbmEgaXNsYSBsZWpvcyBkZWwgY29udGluZW50ZSBkZSBSdW5lLU1pZGdhcmTigKYgCkVzIHVuYSB6b25hIHJlY3JlYXRpdmEgdHJhbnF1aWxhIHkgZW5jYW50YWRvcmEsCmEgbGEgcXVlIGxhIGdlbnRlIG5vIHN1ZWxlIGFjY2VkZXIgZsOhY2lsbWVudGUuCkRhZG8gcXVlIGVzIHVuIGx1Z2FyIGZhbW9zbyBwYXJhIHF1aWVuZXMgZXN0w6FuIGRlIGx1bmEgZGUgbWllbCwKc29sbyBsYXMgcGFyZWphcyBjYXNhZGFzIHB1ZWRlbiBpci4=
Zn7oBg,,W01hcnJ5IEhhcHB5XQpTaW5jZSBpdCdzIGEgc3BlY2lhbCBqb3VybmV5LAp0aGUgcGF5bWVudCB3aWxsIGJlIGEgYml0IG1vcmUgZXhwZW5zaXZlIHRoYW4gbm9ybWFsLiBJdCB3aWxsIGNvc3QgeW91IDEwMCwwMDB6ICEhCkFuZCB0aGF0J3Mgd2hhdCBsZXRzIHlvdSBlbmpveQphIHBlYWNlZnVsIGFuZCBmYXNjaW5hdGluZwpob25leW1vb24gdHJpcC4=,,,,,W01hcmlhIENhc2FtZW50ZWlyYV0KSsOhIHF1ZSDDqSB1bWEgdmlhZ2VtIGVzcGVjaWFsLApvIHByZcOnbyBzZXLDoSB1bSBwb3VjbyBtYWlzIGFsdG8gZG8gcXVlIG8gbm9ybWFsLiBWYWkgY3VzdGFyIDEwMC4wMDAgemVubnlzISEKRSDDqSBpc3NvIHF1ZSBmYXogdm9jw6ogYXByb3ZlaXRhcgp1bWEgdHJhbnHDvGlsYSBlIGZhc2NpbmFudGUKdmlhZ2VtIGRlIGx1YS1kZS1tZWwu,,W0Nhc2FtZW50ZXJhIEZlbGl6XQpZYSBxdWUgc2UgdHJhdGEgZGUgdW4gdmlhamUgZXNwZWNpYWwsCmVsIHBhZ28gc2Vyw6EgdW4gcG9jbyBtw6FzIGNhcm8gZGUgbG8gbm9ybWFsLiDCoVRlIGNvc3RhcsOhIDEwMDAwMCB6ZW55IQpZIGVzbyBlcyBsbyBxdWUgdGUgcGVybWl0ZSBkaXNmcnV0YXIKZGUgdW5hIGx1bmEgZGUgbWllbAp0cmFucXVpbGEgeSwgYSBsYSB2ZXosIGZhc2NpbmFudGUu
Z37oBg,,W01hcnJ5IEhhcHB5XQpVaH5PaCwgSSdtIHNvcnJ5LgpZb3UgY2FuJ3QgZ28gdGhlcmUgaWYgeW91J3JlIG5vdCBtYXJyaWVkLgpXaHkgZG9uJ3QgeW91IGdvIHRvIHRoZSBiYXJzIGFuZCBmaW5kCnlvdXJzZWxmIGEgZGF0ZT8=,,,,,W01hcmlhIENhc2FtZW50ZWlyYV0Kw5Qtw7R1LCBNZSBkZXNjdWxwZS4KVm9jw6ogbsOjbyBwb2RlIGlyIHNlIG7Do28gc2UgY2Fzb3UuLi4KUG9yIHF1ZSBuw6NvIHZhaSDDoCBlc3RhbGFnZW0gZGUgUHJvbnRlcmEKZSBzZSBhbmltYT8=,,W0Nhc2FtZW50ZXJhIEZlbGl6XQpBaCwgbG8gc2llbnRvLgpObyBwdWVkZXMgaXIgc2kgbm8gZXJlcyB1bmEgcGVyc29uYSBjYXNhZGEuCsK/UG9yIHF1w6kgbm8gdmFzIGEgYWxnw7puIGJhciB5IGNvbnNpZ3Vlcwp1bmEgY2l0YT8=
aH7oBg,,W01hcnJ5IEhhcHB5XQpFbmpveSB5b3VyIHRyaXAhIQpMZXQncyBnbyB0byAnSmF3YWlpJyEh,,,,,W01hcmlhIENhc2FtZW50ZWlyYV0KQXByb3ZlaXRlIGEgc3VhIHZpYWdlbS4uLiEhClZhbW9zIHBhcmEgbyAnSmF3YWlpJy4uLiEh,,W0Nhc2FtZW50ZXJhIEZlbGl6XQrCocKhRGlzZnJ1dGEgZGUgdHUgdmlhamUhIQrCocKhVmFtb3MgYSBKYXdhaWkhIQ==
aX7oBg,,W01hcnJ5IEhhcHB5XQpJJ3ZlIGV4cGxhaW5lZCBhYm91dCB0aGUgdHJpcCB0byAnSmF3YWlpJy4KWW91J2xsIG5lZWQgMTAwLDAwMCB6LgpJZiB5b3UgZG8gbm90IGhhdmUgZW5vdWdoIFplbnksCndoeSBkb24ndCB5b3Ugc2VlayBoZWxwIGZyb20geW91ciBwYXJ0bmVyPw==,,,,,W01hcmlhIENhc2FtZW50ZWlyYV0KRXUgasOhIGV4cGxpcXVlaSBzb2JyZSBhIHZpYWdlbSBwYXJhIG8gJ0phd2FpaScuClZvY8OqIHByZWNpc2EgdGVyIDEwMC4wMDB6LgpWb2PDqiBuw6NvIHRlbSBkaW5oZWlybyBzdWZpY2llbnRlLgpQb3IgcXVlIHZvY8OqIG7Do28gcGVkZSBhanVkYSBkZSB1bSBwYXJjZWlyby4uLj8=,,W0Nhc2FtZW50ZXJhIEZlbGl6XQpFeHBsaXF1w6kgbG8gZGVsIHZpYWplIGEgSmF3YWlpLgpOZWNlc2l0YXLDoXMgMTAwMDAwIHplbnkuClNpIG5vIHRpZW5lcyBzdWZpY2llbnRlIHplbnksCsK/cG9yIHF1w6kgbm8gbGUgcGlkZXMgYXl1ZGEgYSB0dSBwYXJlamE/
an7oBg,,W01hcnJ5IEhhcHB5XQpUaGVyZSdzIG5vdGhpbmcgYXMgZXhjaXRpbmcgYXMKdHJhdmVsaW5nIHRvZ2V0aGVyLCBlc3BlY2lhbGx5IHdoZW4KeW91J3JlIHRyYXZlbGluZyB3aXRoIHlvdXIgbG92ZWQgb25lcy4KWW91IG11c3QgYmUgdmVyeSBoYXBweSwgcmlnaHQ/,,,,,W01hcmlhIENhc2FtZW50ZWlyYV0KTsOjbyBow6EgbmFkYSB0w6NvIGZhYnVsb3NvIHF1YW50bwp2aWFqYXIganVudG9zLCBlc3BlY2lhbG1lbnRlIHNlCnZvY8OqIHZpYWphIGNvbSBhbGd1w6ltIHF1ZSBhbWEuClZvY8OqIGRldmUgZXN0YXIgbXVpdG8gZmVsaXosIG7Do28gw6k/,,W0Nhc2FtZW50ZXJhIEZlbGl6XQpObyBoYXkgbmFkYSBtw6FzIGVtb2Npb25hbnRlIHF1ZQp2aWFqYXIganVudG9zLCBlc3BlY2lhbG1lbnRlIGN1YW5kbwp2aWFqYXMgY29uIHR1cyBzZXJlcyBxdWVyaWRvcy4KRGViZXMgZXN0YXIgbXV5IGZlbGl6LCDCv3ZlcmRhZD8=
