QK2JAQ,,SW52ZXN0bWVudCBDYXQgSGVscGVy,,,,,QWRqdW50byBkZSBJbnZlc3RpbWVudG8=,,SW52ZXN0bWVudCBDYXQgSGVscGVy
Qa2JAQ,,W0ludmVzdG1lbnQgQ2F0IEhlbHBlcl0KWW91J3JlIGNhcnJ5aW5nIGEgaGVhdnkgbG9hZC4gQXJlIHlvdSBhIHBlZGRsZXI/IE5vIHBlZGRsZXJzIGFsbG93ZWQgaW4gdGhpcyBhcmVhLg==,,,,,W0FkanVudG8gZGUgSW52ZXN0aW1lbnRvXQpWb2PDqiBlc3TDoSBjYXJyZWdhbmRvIHVtYSBjYXJnYSBwZXNhZGEuIFZvY8OqIMOpIHVtIHZlbmRlZG9yIGFtYnVsYW50ZT8gTsOjbyBzw6NvIHBlcm1pdGlkb3MgdmVuZGVkb3JlcyBhbWJ1bGFudGVzIG5lc3RhIMOhcmVhLg==,,W0dhdG8gaW52ZXJzb3JdCkxsZXZhcyB1bmEgY2FyZ2EgcGVzYWRhLiDCv0VyZXMgdW4gdmVuZGVkb3IgYW1idWxhbnRlPyBObyBzZSBwZXJtaXRlbiB2ZW5kZWRvcmVzIGFtYnVsYW50ZXMgZW4gZXN0YSB6b25hLg==
Qq2JAQ,,W0ludmVzdG1lbnQgQ2F0IEhlbHBlcl0KT2hoIQpZb3UndmUgY29tZSBoZXJlIHRvIGFzayBhYm91dCBpbnZlc3Rpbmc/CllvdSd2ZSBjb21lIHRvIHRoZSByaWdodCBwbGFjZS4=,,,,,W0FkanVudG8gZGUgSW52ZXN0aW1lbnRvXQpBaGghClZvY8OqIHZlaW8gYXF1aSBwYXJhIHBlcmd1bnRhciBzb2JyZSBpbnZlc3RpbWVudG9zPwpWb2PDqiB2ZWlvIGFvIGx1Z2FyIGNlcnRvLg==,,W0dhdG8gaW52ZXJzb3JdCsKhQWhoIQrCv1ZpZW5lcyBhIHByZWd1bnRhciBzb2JyZSBpbnZlcnNpb25lcz8KTGxlZ2FzdGUgYWwgbHVnYXIgY29ycmVjdG8u
Q62JAQ,,W0ludmVzdG1lbnQgQ2F0IEhlbHBlcl0KSSBhbSBoZXJlIHRvIGludmVzdCBpbiB0aGUgQ2F0IFBhdyBNZXJjaGFudCBBc3NvY2lhdGlvbiBlcnIgSSBtZWFuIEknbSBoZXJlIHRvIGhlbHAgaG9uZXN0IHBlb3BsZSBsaWtlIHlvdSBoZWhlZWhlfg==,,,,,W0FkanVudG8gZGUgSW52ZXN0aW1lbnRvXQpFc3RvdSBhcXVpIHBhcmEgaW52ZXN0aXIgbmEgQXNzb2NpYcOnw6NvIGRlIE1lcmNhZG9yZXMgUGF0YSBkZSBHYXRvLCBvdSBzZWphLCBlc3RvdSBhcXVpIHBhcmEgYWp1ZGFyIHBlc3NvYXMgaG9uZXN0YXMgY29tbyB2b2PDqiwgaGVoZWVoZX4=,,W0dhdG8gaW52ZXJzb3JdCkVzdG95IGFxdcOtIHBhcmEgaW52ZXJ0aXIgZW4gbGEgQXNvY2lhY2nDs24gZGUgQ29tZXJjaWFudGVzIE1hbm8gR2F0dW5h4oCmIERpZ28sIGVzdG95IGFxdcOtIHBhcmEgYXl1ZGFyIGEgbGEgZ2VudGUgaG9uZXN0YSBjb21vIHTDuiwgamUsIGplLCBqZS4=
RK2JAQ,,W0ludmVzdG1lbnQgQ2F0IEhlbHBlcl0KSSBjYW4ndCByZW1lbWJlciBldmVyeXRoaW5nIGJlY2F1c2UgSSd2ZSBiZWVuIGhlcmUgdGFsa2luZyB0byB5b3UgaHVtYW5zCkJ1dCBJIHdhbnQgdG8ga25vdyBmaXJzdC4uLiBIb2xkIG9u,,,,,W0FkanVudG8gZGUgSW52ZXN0aW1lbnRvXQpOw6NvIGNvbnNpZ28gbWUgbGVtYnJhciBkZSB0dWRvIHBvcnF1ZSBlc3RpdmUgYXF1aSBjb252ZXJzYW5kbyBjb20gdm9jw6pzLCBodW1hbm9zLgpNYXMsIHByaW1laXJvLCBxdWVybyBzYWJlci4uLiBFc3BlcmEgYcOtLi4u,,W0dhdG8gaW52ZXJzb3JdCk5vIHB1ZWRvIHJlY29yZGFybG8gdG9kbyBwb3JxdWUgZXN0dXZlIGFxdcOtIGhhYmxhbmRvIGNvbiBodW1hbm9zLgpQZXJvIHByaW1lcm8gcXVpZXJvIHNhYmVy4oCmIEVzcGVyYeKApg==
Ra2JAQ,,c21lbGwuLi4gc21lbGwuLi4=,,,,,Q2hlaXJvLi4uIGNoZWlyby4uLg==,,c25pZuKApiBzbmlm4oCm
Rq2JAQ,,W0ludmVzdG1lbnQgQ2F0IEhlbHBlcl0KQWghPwpZb3UgZG9uJ3Qga25vdyBtdWNoIGFib3V0IENhdCBQYXcgTWVyY2hhbnQgQXNzb2NpYXRpb24gZG8geW91PwpIbW0geW91IGRvIG5vdCByZWFsbHkgc21lbGwgbGlrZSBhIGNhdC4=,,,,,W0FkanVudG8gZGUgSW52ZXN0aW1lbnRvXQpBaCE/ClZvY8OqIG7Do28gc2FiZSBtdWl0byBzb2JyZSBhICBBc3NvY2lhw6fDo28gZGUgTWVyY2Fkb3JlcyBQYXRhIGRlIEdhdG8sIG7Do28gw6k/CkhtbSwgdm9jw6ogcmVhbG1lbnRlIG7Do28gdGVtIGNoZWlybyBkZSBnYXRvLg==,,W0dhdG8gaW52ZXJzb3JdCsKhwr9BaD8hCk5vIHNhYmVzIG11Y2hvIHNvYnJlIGxhIEFzb2NpYWNpw7NuIGRlIENvbWVyY2lhbnRlcyBNYW5vIEdhdHVuYSwgwr92ZXJkYWQ/Ck1tbSwgbm8gaHVlbGVzIGNvbW8gdW4gZ2F0by4=
R62JAQ,,W0ludmVzdG1lbnQgQ2F0IEhlbHBlcl0KR29vZCEhCllvdSBtYWRlIGEgcmlnaHQgZGVjaXNpb24gdG8gYmUgaGVyZSB0byBpbnZlc3QgaW4gdGhlIENhdCBQYXcgTWVyY2hhbnQgQXNzb2NpYXRpb25+,,,,,W0FkanVudG8gZGUgSW52ZXN0aW1lbnRvXQpRdWUgYm9tISEhClZvY8OqIHRvbW91IGEgZGVjaXPDo28gY2VydGEgZGUgZXN0YXIgYXF1aSBwYXJhIGludmVzdGlyIG5hICBBc3NvY2lhw6fDo28gZGUgTWVyY2Fkb3JlcyBQYXRhIGRlIEdhdG9+,,W0dhdG8gaW52ZXJzb3JdCsKhQmllbiEKVG9tYXN0ZSBsYSBkZWNpc2nDs24gY29ycmVjdGEgYWwgaW52ZXJ0aXIgZW4gbGEgQXNvY2lhY2nDs24gZGUgQ29tZXJjaWFudGVzIE1hbm8gR2F0dW5hLg==
SK2JAQ,,W0ludmVzdG1lbnQgQ2F0IEhlbHBlcl0KRmlyc3QsIHlvdSBuZWVkIHRvIGhhdmUgdGVuIHBpZWNlcyBvZiBNYWxhbmdkbyBjYW5zIGlmIHlvdSB3YW50IHRvIG9wZW4gYW4gYWNjb3VudC4=,,,,,W0FkanVudG8gZGUgSW52ZXN0aW1lbnRvXQpQcmltZWlybywgdm9jw6ogcHJlY2lzYSB0ZXIgZGV6IHBlw6dhcyBkZSBsYXRhcyBkZSBNYWxhbmdkbyBzZSBxdWlzZXIgYWJyaXIgdW1hIGNvbnRhLg==,,W0dhdG8gaW52ZXJzb3JdCkVuIHByaW1lciBsdWdhciwgcGFyYSBhYnJpciB1bmEgY3VlbnRhIGVzIG5lY2VzYXJpbyB0ZW5lciBkaWV6IGxhdGFzIGRlIE1hbGFuZ2RvLg==
Sa2JAQ,,T3BlbiBhbiBBY2NvdW50,,,,,QWJyaXIgdW1hIGNvbnRh,,QWJyaXIgdW5hIGN1ZW50YS4=
Sq2JAQ,,QXNrIGFib3V0IEJlbmVmaXRz,,,,,UGVyZ3VudGFyIHNvYnJlIGJlbmVmw61jaW9z,,UHJlZ3VudGFyIHBvciBsb3MgYmVuZWZpY2lvcy4=
S62JAQ,,Q2FuY2Vs,,,,,Q2FuY2VsYXI=,,Q2FuY2VsYXIu
TK2JAQ,,W0ludmVzdG1lbnQgQ2F0IEhlbHBlcl0KSG1tIQpJJ2QgbG92ZSB0byBnaXZlIHlvdSBhY2NvdW50IGZvciBmcmVlIGJ1dCBhcyB5b3Uga25vdywgdGhpcyBpcyBmb3IgYWR2ZXJ0aXNpbmcgaW52ZXN0ZXJzIG9mIHRoZSB0cmFkZXIgZ3JvdXAsIHNvcnJ5Lg==,,,,,W0FkanVudG8gZGUgSW52ZXN0aW1lbnRvXQpIbW0hCkV1IGFkb3JhcmlhIGxoZSBkYXIgdW1hIGNvbnRhIGRlIGdyYcOnYSwgbWFzLCBjb21vIHZvY8OqIHNhYmUsIGlzc28gw6kgcGFyYSBpbnZlc3RpZG9yZXMgYW51bmNpYW50ZXMgZG8gZ3J1cG8gZGUgY29tZXJjaWFudGVzLCBkZXNjdWxwZS4=,,W0dhdG8gaW52ZXJzb3JdCsKhTW1tIQpNZSBlbmNhbnRhcsOtYSBkYXJ0ZSB1bmEgY3VlbnRhIGdyYXRpcywgcGVybyBjb21vIHNhYnLDoXMsIGVzdG8gZXMgcGFyYSBpbnZlcnNvcmVzIHB1YmxpY2l0YXJpb3MgZGVsIGdydXBvIGRlIGNvbWVyY2lvLiBMbyBzaWVudG8u
Ta2JAQ,,W0ludmVzdG1lbnQgQ2F0IEhlbHBlcl0KR3JlYXQhCkp1c3Qgc2lnbiBoZXJlIGFuZCBwdXQgeW91ciBwYWxtIHByaW50IGhlcmUuLi4KQWghfiBXaGF0J3MgeW91IG5hbWU/,,,,,W0FkanVudG8gZGUgSW52ZXN0aW1lbnRvXQrDk3RpbW8hCkJhc3RhIGFzc2luYXIgYXF1aSBlIGNvbG9jYXIgYSBpbXByZXNzw6NvIGRlIHN1YSBtw6NvIGFxdWkuLi4KQWghfiBRdWFsIMOpIG8gc2V1IG5vbWU/,,W0dhdG8gaW52ZXJzb3JdCsKhR2VuaWFsIQpGaXJtYSBhcXXDrSB5IHBvbiBsYSBodWVsbGEgZGUgdHUgcGFsbWEgYXF1w63igKYKwqFBaCEgwr9Dw7NtbyB0ZSBsbGFtYXM/
Tq2JAQ,,W0ludmVzdG1lbnQgQ2F0IEhlbHBlcl0Ke31+,,,,,W0FkanVudG8gZGUgSW52ZXN0aW1lbnRvXQp7fX4=,,W0dhdG8gaW52ZXJzb3JdCnt9Lg==
T62JAQ,,W0ludmVzdG1lbnQgQ2F0IEhlbHBlcl0KbmFtZToge30KTnVtYmVyIG9mIGFjY291bnQ6IDEwCk9rISBZb3UncmUgcmVnaXN0ZXJlZCE=,,,,,W0FkanVudG8gZGUgSW52ZXN0aW1lbnRvXQpOb21lOiB7fQpOw7ptZXJvIGRhIGNvbnRhOiAxMApPayEgVm9jw6ogZXN0w6EgcmVnaXN0cmFkbyE=,,W0dhdG8gaW52ZXJzb3JdCk5vbWJyZToge30KTsO6bWVybyBkZSBjdWVudGE6IDEwCsKhRXN0w6EgYmllbiEgwqFZYSB0ZSByZWdpc3RyYXN0ZSE=
UK2JAQ,,W0ludmVzdG1lbnQgQ2F0IEhlbHBlcl0KWW91IG5vdyBoYXZlIGFuIGFjY291bnQuCk5leHQgdGltZSB5b3UgY2FuIGludmVzdCBtb3JlIGNhbnMu,,,,,W0FkanVudG8gZGUgSW52ZXN0aW1lbnRvXQpBZ29yYSB2b2PDqiB0ZW0gdW1hIGNvbnRhLgpEYSBwcsOzeGltYSB2ZXosIHZvY8OqIHBvZGVyw6EgaW52ZXN0aXIgbWFpcyBsYXRhcy4=,,W0dhdG8gaW52ZXJzb3JdCllhIHRpZW5lcyB1bmEgY3VlbnRhLgpMYSBwcsOzeGltYSB2ZXogcHVlZGVzIGludmVydGlyIG3DoXMgbGF0YXMu
Ua2JAQ,,W0ludmVzdG1lbnQgQ2F0IEhlbHBlcl0KSW52ZXN0aW5nIGNhbiBnZXQgeW91IG1vcmUgc2VydmljZXMgd2l0aCB0aGUgQ2F0IFBhdyBNZXJjaGFudCBBc3NvY2lhdGlvbiBzbyBwbGVhc2UgY29tZSBieSBvZnRlbi4=,,,,,W0FkanVudG8gZGUgSW52ZXN0aW1lbnRvXQpBbyBpbnZlc3Rpciwgdm9jw6ogcG9kZSBvYnRlciBtYWlzIHNlcnZpw6dvcyBjb20gYSAgQXNzb2NpYcOnw6NvIGRlIE1lcmNhZG9yZXMgUGF0YSBkZSBHYXRvLCBwb3J0YW50bywgY29tcGFyZcOnYSBjb20gZnJlcXXDqm5jaWEu,,W0dhdG8gaW52ZXJzb3JdCkludmVydGlyIHB1ZWRlIGNvbnNlZ3VpcnRlIG3DoXMgc2VydmljaW9zIGNvbiBsYSBBc29jaWFjacOzbiBkZSBDb21lcmNpYW50ZXMgTWFubyBHYXR1bmEsIGFzw60gcXVlIHZpc8OtdGFub3MgYSBtZW51ZG8u
Uq2JAQ,,W0ludmVzdG1lbnQgQ2F0IEhlbHBlcl0KU2VlIHlvdSBuZXh0IHRpbWV+,,,,,W0FkanVudG8gZGUgSW52ZXN0aW1lbnRvXQpBdMOpIGEgcHLDs3hpbWF+,,W0dhdG8gaW52ZXJzb3JdCkhhc3RhIGxhIHByw7N4aW1hLg==
U62JAQ,,W0ludmVzdG1lbnQgQ2F0IEhlbHBlcl0KWW91IHdhbnQgdG8ga25vdyB0aGUgYmVuZWZpdHMgb2YgaW52ZXN0aW5nPwpBY3R1YWxseSwgd2UgYXJlIHNtYWxsIGdyb3VwIG9mIGNhdHMgYW5kIHdlIGRvbid0IHRoaW5rIGxpa2UgaHVtYW5zLg==,,,,,W0FkanVudG8gZGUgSW52ZXN0aW1lbnRvXQpWb2PDqiBxdWVyIGNvbmhlY2VyIG9zIGJlbmVmw61jaW9zIGRlIGludmVzdGlyPwpOYSB2ZXJkYWRlLCBzb21vcyB1bSBwZXF1ZW5vIGdydXBvIGRlIGdhdG9zIGUgbsOjbyBwZW5zYW1vcyBjb21vIG9zIGh1bWFub3Mu,,W0dhdG8gaW52ZXJzb3JdCsK/UXVpZXJlcyBjb25vY2VyIGxhcyB2ZW50YWphcyBkZSBpbnZlcnRpcj8KRGUgaGVjaG8sIHNvbW9zIHVuIHBlcXVlw7FvIGdydXBvIGRlIGdhdG9zIHkgbm8gcGVuc2Ftb3MgY29tbyBsb3MgaHVtYW5vcy4=
VK2JAQ,,W0ludmVzdG1lbnQgQ2F0IEhlbHBlcl0KVGhlcmUgYXJlIGxvdHMgb2YgYmVuZWZpdHMgYmFzZWQgb24gaG93IG11Y2ggeW91J3ZlIGludmVzdGVkIGluIG91ciBzZXJ2aWNlcy4KVGhlc2UgaW5jbHVkZSBtb3JlIHdhcnBzLCBleHRyYSBzdG9yYWdlIGxvY2F0aW9ucyBhbmQgcHJpY2UgcmVkdWN0aW9ucyBvZiBnb29kcyBhbmQgc2VydmljZXMu,,,,,W0FkanVudG8gZGUgSW52ZXN0aW1lbnRvXQpIw6EgbXVpdG9zIGJlbmVmw61jaW9zIGNvbSBiYXNlIG5vIHF1YW50byB2b2PDqiBpbnZlc3RpdSBlbSBub3Nzb3Mgc2VydmnDp29zLgpJc3NvIGluY2x1aSBtYWlzIHVyZGlkdXJhcywgbG9jYWlzIGRlIGFybWF6ZW5hbWVudG8gZXh0cmFzIGUgcmVkdcOnw7VlcyBkZSBwcmXDp29zIGRlIG1lcmNhZG9yaWFzIGUgc2VydmnDp29zLg==,,W0dhdG8gaW52ZXJzb3JdCkhheSBtdWNob3MgYmVuZWZpY2lvcyBzZWfDum4gbG8gcXVlIGhheWFzIGludmVydGlkbyBlbiBudWVzdHJvcyBzZXJ2aWNpb3MuCkVudHJlIGVsbG9zLCBtw6FzIHRlbGV0cmFuc3BvcnRlcywgbHVnYXJlcyBhZGljaW9uYWxlcyBkZSBhbG1hY2VuYW1pZW50byB5IHByZWNpb3MgbcOhcyBiYWpvcyBkZSBiaWVuZXMgeSBzZXJ2aWNpb3Mu
Va2JAQ,,W0ludmVzdG1lbnQgQ2F0IEhlbHBlcl0KSSBwcm9taXNlIHRoYXQgaWYgb3VyIHRyYWRlIGlzIGdyb3dpbmcgeW91IHdpbGwgYmVuZWZpdCBmcm9tIGl0IGFzIHdlbGwu,,,,,W0FkanVudG8gZGUgSW52ZXN0aW1lbnRvXQpQcm9tZXRvIHF1ZSwgc2Ugbm9zc28gY29tw6lyY2lvIGVzdGl2ZXIgY3Jlc2NlbmRvLCB2b2PDqiB0YW1iw6ltIHNlIGJlbmVmaWNpYXLDoSBkZWxlLg==,,W0dhdG8gaW52ZXJzb3JdClRlIHByb21ldG8gcXVlLCBzaSBudWVzdHJvIGNvbWVyY2lvIGNyZWNlLCB0w7ogdGFtYmnDqW4gdGUgYmVuZWZpY2lhcsOhcy4=
Vq2JAQ,,W0ludmVzdG1lbnQgQ2F0IEhlbHBlcl0KYWhoaGt+IFlvdSdyZSBqdXN0IGdvaW5nIHRvIGxlYXZlPwpUX1R+IFBsZWFzZSBvcGVuIGFjY291bnQu,,,,,W0FkanVudG8gZGUgSW52ZXN0aW1lbnRvXQpBaGhoa34gVm9jw6ogZXN0w6EgaW5kbyBlbWJvcmE/ClRfVH4gUG9yIGZhdm9yLCBhYnJhIHN1YSBjb250YS4=,,W0dhdG8gaW52ZXJzb3JdCkFoaGguIMK/VGUgdmFzIGEgaXIgYXPDrSBjb21vIGFzw60/ClRfVC4gVmFtb3MsIGFicmUgdW5hIGN1ZW50YS4=
V62JAQ,,W0ludmVzdG1lbnQgQ2F0IEhlbHBlcl0KSSBjYW4ndCByZW1lbWJlciBldmVyeXRoaW5nIGJlY2F1c2UgSSd2ZSBiZWVuIGhlcmUgdGFsa2luZyB0byB5b3UgYWR2ZW50dXJlcnMKQnV0IEkgd2FudCB0byBrbm93IGZpcnN0Li4uIEhvbGQgb24=,,,,,W0FkanVudG8gZGUgSW52ZXN0aW1lbnRvXQpOw6NvIGNvbnNpZ28gbWUgbGVtYnJhciBkZSB0dWRvIHBvcnF1ZSBlc3RpdmUgYXF1aSBjb252ZXJzYW5kbyBjb20gdm9jw6pzLCBhdmVudHVyZWlyb3MuCk1hcywgcHJpbWVpcm8sIHF1ZXJvIHNhYmVyLi4uIEVzcGVyYSBhw60uLi4=,,W0dhdG8gaW52ZXJzb3JdCk5vIHB1ZWRvIHJlY29yZGFybG8gdG9kbyBwb3JxdWUgZXN0dXZlIGFxdcOtIGhhYmxhbmRvIGNvbnRpZ28sIHRyb3RhbXVuZG9zLgpQZXJvIHByaW1lcm8gcXVpZXJvIHNhYmVy4oCmIEVzcGVyYeKApg==
WK2JAQ,,W0ludmVzdG1lbnQgQ2F0IEhlbHBlcl0KVGhpcyBmYW1pbGlhciBzbWVsbCE=,,,,,W0FkanVudG8gZGUgSW52ZXN0aW1lbnRvXQpFc3NlIGNoZWlybyDDqSBmYW1pbGlhciE=,,W0dhdG8gaW52ZXJzb3JdCsKhRXN0ZSBvbG9yIGxvIGNvbm96Y28h
Wa2JAQ,,W0ludmVzdG1lbnQgQ2F0IEhlbHBlcl0KQXJlIHlvdSBiYWNrIHRvIGludmVzdCBtb3JlPwpHb29kIHRvIHNlZSB5b3V+,,,,,W0FkanVudG8gZGUgSW52ZXN0aW1lbnRvXQpWb2PDqiBlc3TDoSBkZSB2b2x0YSBwYXJhIGludmVzdGlyIG1haXM/CsOJIGJvbSB2ZXIgdm9jw6p+,,W0dhdG8gaW52ZXJzb3JdCsK/Vm9sdmlzdGUgcGFyYSBpbnZlcnRpciBtw6FzPwpNZSBhbGVncm8gZGUgdmVydGUu
Wq2JAQ,,W0ludmVzdG1lbnQgQ2F0IEhlbHBlcl0KRnJvbSB0aGUgc21lbGwgb2YgdGhpbmdzLCB5b3UgYXJlIHN0aWxsIGJlbG93IDEwLDAwMCBhY2NvdW50cy4uLgpZb3UgY2FuIGdldCAxIGFjY291bnQgYnkgaW52ZXN0aW5nIHRlbiBwaWVjZXMgb2YgY2Fucy4=,,,,,W0FkanVudG8gZGUgSW52ZXN0aW1lbnRvXQpQZWxvIGNoZWlybyBkYXMgY29pc2FzLCB2b2PDqiBhaW5kYSBlc3TDoSBhYmFpeG8gZGUgMTAuMDAwIGNvbnRhcy4uLgpWb2PDqiBwb2RlIG9idGVyIDEgY29udGEgaW52ZXN0aW5kbyBkZXogbGF0YXMu,,W0dhdG8gaW52ZXJzb3JdClBvciBjw7NtbyBodWVsZW4gbGFzIGNvc2FzLCBhw7puIGVzdMOhcyBwb3IgZGViYWpvIGRlIGxhcyAxMDAwMCBjdWVudGFz4oCmClB1ZWRlcyBjb25zZWd1aXIgMSBjdWVudGEgc2kgaW52aWVydGVzIDEwIGxhdGFzLg==
W62JAQ,,W0ludmVzdG1lbnQgQ2F0IEhlbHBlcl0KU28gd2h5IGFyZSB5b3UgaGVyZSBhZ2Fpbj8=,,,,,W0FkanVudG8gZGUgSW52ZXN0aW1lbnRvXQpFbnTDo28sIG8gcXVlIHZvY8OqIGVzdMOhIGZhemVuZG8gYXF1aSBkZSBub3ZvPw==,,W0dhdG8gaW52ZXJzb3JdCkVudG9uY2VzLCDCv3BvciBxdcOpIHZvbHZpc3RlPw==
XK2JAQ,,SSB3YW50IHRvIEludmVzdA==,,,,,UXVlcm8gaW52ZXN0aXI=,,UXVpZXJvIGludmVydGlyLg==
Xa2JAQ,,QWNjb3VudCBpbnF1aXJ5,,,,,Q29uc3VsdGFyIGNvbnRh,,UHJlZ3VudGFyIHBvciBsYSBjdWVudGEu
Xq2JAQ,,W0ludmVzdG1lbnQgQ2F0IEhlbHBlcl0KT2ggflRoYW5rIHlvdSBmb3IgaW52ZXN0aW5nfgpZb3UgY2FuIGRvIG1heCAxMCBhY2NvdW50cyBhdCBvbmUgdGltZSBpc24ndCBpdCBsb3ZlbHkuClNvIGhvdyBtYW55IGFjY291bnRzIGRvIHlvdSB3YW50PwpTYXkgMCB0byBjYW5jZWwu,,,,,W0FkanVudG8gZGUgSW52ZXN0aW1lbnRvXQpBaCB+T2JyaWdhZG8gcG9yIGludmVzdGlyfgpWb2PDqiBwb2RlIHRlciBubyBtw6F4aW1vIDEwIGNvbnRhcyBhbyBtZXNtbyB0ZW1wbywgbsOjbyDDqSDDs3RpbW8/CkVudMOjbywgcXVhbnRhcyBjb250YXMgdm9jw6ogcXVlcj8KRGlnYSAwIHBhcmEgY2FuY2VsYXIu,,W0dhdG8gaW52ZXJzb3JdCsKhT2ghIEdyYWNpYXMgcG9yIGludmVydGlyLgpQdWVkZXMgYWJyaXIgdW4gbcOheGltbyBkZSAxMCBjdWVudGFzIGEgbGEgdmV6LiDCv05vIGVzIGdlbmlhbD8Kwr9DdcOhbnRhcyBjdWVudGFzIHF1aWVyZXM/CkRpIDAgcGFyYSBjYW5jZWxhci4=
X62JAQ,,W0ludmVzdG1lbnQgQ2F0IEhlbHBlcl0KcGxlYXNlIGRvIG5leHQgdGltZX4=,,,,,W0FkanVudG8gZGUgSW52ZXN0aW1lbnRvXQpFc3Blcm8gcXVlIGludmlzdGEgbmEgcHLDs3hpbWEgdmV6fg==,,W0dhdG8gaW52ZXJzb3JdClNlcsOhIHBhcmEgbGEgcHLDs3hpbWEu
YK2JAQ,,W0ludmVzdG1lbnQgQ2F0IEhlbHBlcl0KWW91IGNhbiBoYXZlIG1heCAxMCBhY2NvdW50c34=,,,,,W0FkanVudG8gZGUgSW52ZXN0aW1lbnRvXQpWb2PDqiBwb2RlIHRlciBubyBtw6F4aW1vIDEwIGNvbnRhc34=,,W0dhdG8gaW52ZXJzb3JdClB1ZWRlcyB0ZW5lciB1biBtw6F4aW1vIGRlIDEwIGN1ZW50YXMu
Ya2JAQ,,W0ludmVzdG1lbnQgQ2F0IEhlbHBlcl0Ke30gYWNjb3VudHMgcmlnaHQ/CnRoZSBuZWNlc3NhcnkgbnVtYmVyIG9mIGNhbiBpcyB7fS4KWW91IHdhbnQgdG8gY29udGludWU/,,,,,W0FkanVudG8gZGUgSW52ZXN0aW1lbnRvXQpTw6NvIHt9IGNvbnRhcywgY2VydG8/Cm8gbsO6bWVybyBuZWNlc3PDoXJpbyBkZSBsYXRhcyDDqSB7fS4KVm9jw6ogcXVlciBjb250aW51YXI/,,W0dhdG8gaW52ZXJzb3JdCnt9IGN1ZW50YXMsIMK/dmVyZGFkPwpFbCBuw7ptZXJvIG5lY2VzYXJpbyBkZSBsYXRhcyBlcyB7fS4Kwr9RdWllcmVzIGNvbnRpbnVhcj8=
Yq2JAQ,,WWVz,,,,,U2lt,,U8OtLg==
Y62JAQ,,Tm8=,,,,,TsOjbw==,,Tm8u
ZK2JAQ,,W0ludmVzdG1lbnQgQ2F0IEhlbHBlcl0KT2g/IE5vPyBJdCdzIHdlaXJkLgpQbGVhc2UgY2hlY2sgYWdhaW5+,,,,,W0FkanVudG8gZGUgSW52ZXN0aW1lbnRvXQpBaD8gTsOjbz8gRXN0cmFuaG8uClBvciBmYXZvciwgdmVyaWZpcXVlIG5vdmFtZW50ZX4=,,W0dhdG8gaW52ZXJzb3JdCsK/RWg/IMK/Tm8/IEVzIHJhcm8uClZ1ZWx2ZSBhIHJldmlzYXIu
Za2JAQ,,W0ludmVzdG1lbnQgQ2F0IEhlbHBlcl0KQWhoaGhrIQpZb3UgZG9uJ3QgaGF2ZSBlbm91Z2ggY2FucyBmb3IgdGhlIGFtb3VudCBvZiBhY2NvdW50cyB5b3Ugd2FudC4KSSBhbSBhIGJ1c3kgY2F0IHlvdSBrbm93IGFuZCBJIGRvbid0IGxpa2UgYmVpbmcgY2hlYXRlZC4=,,,,,W0FkanVudG8gZGUgSW52ZXN0aW1lbnRvXQpBaGhoaGshClZvY8OqIG7Do28gdGVtIGxhdGFzIHN1ZmljaWVudGVzIHBhcmEgYSBxdWFudGlkYWRlIGRlIGNvbnRhcyBxdWUgZGVzZWphLgpTb3UgdW0gZ2F0byBvY3VwYWRvLCBzYWJlLCBlIG7Do28gZ29zdG8gZGUgc2VyIGVuZ2FuYWRvLg==,,W0dhdG8gaW52ZXJzb3JdCsKhQWhoaGghCk5vIHRpZW5lcyBzdWZpY2llbnRlcyBsYXRhcyBwYXJhIGxhIGNhbnRpZGFkIGRlIGN1ZW50YXMgcXVlIHF1aWVyZXMuClNveSB1biBnYXRvIG9jdXBhZG8geSBubyBtZSBndXN0YSBxdWUgbWUgZW5nYcOxZW4u
Zq2JAQ,,W0ludmVzdG1lbnQgQ2F0IEhlbHBlcl0Ke30gd2FzIGludmVzdGVkIGluIHlvdXIgYWNjb3VudC4KVGhhbmsgeW91IGZvciB5b3VyIGhlbHB+,,,,,W0FkanVudG8gZGUgSW52ZXN0aW1lbnRvXQpFbnTDo28sIHt9IGZvaSBpbnZlc3RpZG8gZW0gc3VhIGNvbnRhLgpPYnJpZ2FkbyBwb3Igc3VhIGFqdWRhfg==,,W0dhdG8gaW52ZXJzb3JdClNlIGludmlydGnDsyB7fSBlbiB0dSBjdWVudGEuCkdyYWNpYXMgcG9yIHR1IGF5dWRhLg==
Z62JAQ,,W0ludmVzdG1lbnQgQ2F0IEhlbHBlcl0KT25jZSB3ZSBoYXZlIG1vcmUgaW52ZXN0bWVudHMgaW4gY2FucyB3ZSBjYW4gZ3JvdyBvdXIgdHJhZGluZyBzcGhlcmUgaW4gUnVuZSBNaWRnYXJkLg==,,,,,W0FkanVudG8gZGUgSW52ZXN0aW1lbnRvXQpRdWFuZG8gdGl2ZXJtb3MgbWFpcyBpbnZlc3RpbWVudG9zIGVtIGxhdGFzLCBwb2RlcmVtb3MgYXVtZW50YXIgbm9zc2EgZXNmZXJhIGNvbWVyY2lhbCBlbSBSdW5lLU1pZGdhcmQu,,W0dhdG8gaW52ZXJzb3JdClVuYSB2ZXogcXVlIHRlbmdhbW9zIG3DoXMgbGF0YXMgaW52ZXJ0aWRhcywgcG9kcmVtb3MgaGFjZXIgY3JlY2VyIG51ZXN0cmEgZXNmZXJhIGNvbWVyY2lhbCBlbiBSdW5lLU1pZGdhcnRzLg==
aK2JAQ,,W0ludmVzdG1lbnQgQ2F0IEhlbHBlcl0KU28geW91IHdhbnQgdG8ga25vdyBudW1iZXIgb2YgYWNjb3VudHMgeW91IGhhdmUgZWg/CkhtbSBsZXQgc2VlLi4u,,,,,W0FkanVudG8gZGUgSW52ZXN0aW1lbnRvXQpFbnTDo28gdm9jw6ogcXVlciBzYWJlciBvIG7Dum1lcm8gZGUgY29udGFzIHF1ZSBwb3NzdWksIMOpPwpIbW0sIHZhbW9zIHZlci4uLg==,,W0dhdG8gaW52ZXJzb3JdClF1aWVyZXMgc2FiZXIgZWwgbsO6bWVybyBkZSBjdWVudGFzIHF1ZSB0aWVuZXMgwr9laD8KTW1tLCB2ZWFtb3PigKY=
aa2JAQ,,W0ludmVzdG1lbnQgQ2F0IEhlbHBlcl0KbmFtZToge30KbnVtYmVyIG9mIGFjY291bnRzOiB7fQ==,,,,,W0FkanVudG8gZGUgSW52ZXN0aW1lbnRvXQpOb21lOiB7fQpOw7ptZXJvIGRlIGNvbnRhczoge30=,,W0dhdG8gaW52ZXJzb3JdCk5vbWJyZToge30KTsO6bWVybyBkZSBjdWVudGFzOiB7fQ==
aq2JAQ,,W0ludmVzdG1lbnQgQ2F0IEhlbHBlcl0KR290IGl0Pw==,,,,,W0FkanVudG8gZGUgSW52ZXN0aW1lbnRvXQpFbnRlbmRldT8=,,W0dhdG8gaW52ZXJzb3JdCsK/RW50ZW5kaWRvPw==
a62JAQ,,W0ludmVzdG1lbnQgQ2F0IEhlbHBlcl0KT29vIHN1Y2ggYSBzdHJvbmcgc2NlbnQh,,,,,W0FkanVudG8gZGUgSW52ZXN0aW1lbnRvXQpVdXVoLCB1bSBjaGVpcm8gdMOjbyBmb3J0ZSE=,,W0dhdG8gaW52ZXJzb3JdCsKhUXXDqSBvbG9yIHRhbiBmdWVydGUh
bK2JAQ,,W0ludmVzdG1lbnQgQ2F0IEhlbHBlcl0KWW91J3JlIGEgVklQIGludmVzdGVyISEhISEhCldlbGNvbWUh,,,,,W0FkanVudG8gZGUgSW52ZXN0aW1lbnRvXQpWb2PDqiDDqSB1bSBpbnZlc3RpZG9yIFZJUCEhISEhIQpCZW0tdmluZG8h,,W0dhdG8gaW52ZXJzb3JdCsKhRXJlcyB1biBpbnZlcnNpb25pc3RhIFZJUCEKwqFUZSBkb3kgbGEgYmllbnZlbmlkYSE=
ba2JAQ,,W0ludmVzdG1lbnQgQ2F0IEhlbHBlcl0KQSBWSVAgaW52ZXRzdGVyIGhhcyBvdmVyIDEwLDAwMCBhY2NvdW50cwpJbnZlc3RpbmcgYXQgdGhpcyBwb2ludCBpcyByYWlzZWQgdG8gMjAgY2FucyBwZXIgYWNjb3VudC4=,,,,,W0FkanVudG8gZGUgSW52ZXN0aW1lbnRvXQpVbSBpbnZlc3RpZG9yIFZJUCB0ZW0gbWFpcyBkZSAxMC4wMDAgY29udGFzLgpOZXNzYSBjYXRlZ29yaWEsIG8gdmFsb3IgZG8gaW52ZXN0aW1lbnRvIMOpIGF1bWVudGFkbyBwYXJhIDIwIGxhdGFzIHBvciBjb250YS4=,,W0dhdG8gaW52ZXJzb3JdClVuIGludmVyc2lvbmlzdGEgVklQIHRpZW5lIG3DoXMgZGUgMTAwMDAgY3VlbnRhcy4KRW4gZXN0ZSBwdW50bywgbGEgaW52ZXJzacOzbiBzZSBlbGV2YSBhIDIwIGxhdGFzIHBvciBjdWVudGEu
bq2JAQ,,W0ludmVzdG1lbnQgQ2F0IEhlbHBlcl0KV2hhdCB3aWxsIHlvdSBkbz8=,,,,,W0FkanVudG8gZGUgSW52ZXN0aW1lbnRvXQpPIHF1ZSB2b2PDqiBxdWVyIGZhemVyPw==,,W0dhdG8gaW52ZXJzb3JdCsK/UXXDqSB2YXMgYSBoYWNlcj8=
b62JAQ,,W0ludmVzdG1lbnQgQ2F0IEhlbHBlcl0KQWNjb3JkaW5nIHRvIHRyYWRlciBwb2xpY3kgeW91IGNhbiBoYXZlIGEgbWF4aW11bSBvZiAyMCwwMDAgYWNjb3VudHMuCnt9IGhhcyB0aGUgbWF4aW11bSBhbHJlYWR5LgpUaGFua3MgZm9yIHlvdXIgaW52ZXN0bWVudH4=,,,,,W0FkanVudG8gZGUgSW52ZXN0aW1lbnRvXQpEZSBhY29yZG8gY29tIGEgcG9sw610aWNhIGRvcyBjb21lcmNpYW50ZXMsIHZvY8OqIHBvZGUgdGVyIHVtIG3DoXhpbW8gZGUgMjAuMDAwIGNvbnRhcy4Ke30gasOhIHRlbSBvIG3DoXhpbW8uCk9icmlnYWRvIHBvciBzZXUgaW52ZXN0aW1lbnRvfg==,,W0dhdG8gaW52ZXJzb3JdClNlZ8O6biBsYSBwb2zDrXRpY2EgZGVsIGNvbWVyY2lvLCBwdWVkZXMgdGVuZXIgdW4gbcOheGltbyBkZSAyMCAwMDAgY3VlbnRhcy4Ke30geWEgdGllbmUgZWwgbcOheGltby4KR3JhY2lhcyBwb3IgdHUgaW52ZXJzacOzbi4=
cK2JAQ,,W0ludmVzdG1lbnQgQ2F0IEhlbHBlcl0KTm93IHt9IGNhbid0IGludmVzdCBidXQgeW91IGNhbiBzdGlsbCBkb25hdGUgc29tZSBvZiB5b3VyIGNhbnMgYXMgYSBjaGFyaXR5Li4uCnRoZW4gVGhhbmsgeW91IHNvIG11Y2h+,,,,,W0FkanVudG8gZGUgSW52ZXN0aW1lbnRvXQpBZ29yYSB7fSBuw6NvIHBvZGUgaW52ZXN0aXIsIG1hcyBhaW5kYSBwb2RlIGRvYXIgYWxndW1hcyBkZSBzdWFzIGxhdGFzIHBhcmEgY2FyaWRhZGUuLi4KRW50w6NvIG11aXRvIG9icmlnYWRvfg==,,W0dhdG8gaW52ZXJzb3JdCkFob3JhIHt9IG5vIHB1ZWRlIGludmVydGlyLCBwZXJvIGHDum4gcHVlZGUgZG9uYXIgYWxndW5hcyBkZSBzdXMgbGF0YXMgY29uIGZpbmVzIGNhcml0YXRpdm9z4oCmCk11Y2jDrXNpbWFzIGdyYWNpYXMu
ca2JAQ,,W0ludmVzdG1lbnQgQ2F0IEhlbHBlcl0KT25jZSB3ZSBoYXZlIG1vcmUgaW52ZXN0bWVudHMgaW4gY2FucyB3ZSBjYW4gZ3JvdyBvdXIgdHJhZGluZyBzcGhlcmUgaW4gUnVuZSBNaWRnYXJkLgpUaGFuayB5b3UgYWdhaW4u,,,,,W0FkanVudG8gZGUgSW52ZXN0aW1lbnRvXQpRdWFuZG8gdGl2ZXJtb3MgbWFpcyBpbnZlc3RpbWVudG9zIGVtIGxhdGFzLCBwb2RlcmVtb3MgYXVtZW50YXIgbm9zc2EgZXNmZXJhIGNvbWVyY2lhbCBlbSBSdW5lLU1pZGdhcmQuCk1haXMgdW1hIHZleiwgb2JyaWdhZG8u,,W0dhdG8gaW52ZXJzb3JdClVuYSB2ZXogcXVlIHRlbmdhbW9zIG3DoXMgbGF0YXMgaW52ZXJ0aWRhcywgcG9kcmVtb3MgaGFjZXIgY3JlY2VyIG51ZXN0cmEgZXNmZXJhIGNvbWVyY2lhbCBlbiBSdW5lLU1pZGdhcnRzLgpHcmFjaWFzIGRlIG51ZXZvLg==
cq2JAQ,,W0ludmVzdG1lbnQgQ2F0IEhlbHBlcl0Ke30gd2VsY29tZX4Ke31+IEkgY2FuIGZlZWwgc29tZXRoaW5nCWVtYW5hdGluZyBmcm9tIHlvdS4=,,,,,W0FkanVudG8gZGUgSW52ZXN0aW1lbnRvXQpTZWphIGJlbS12aW5kbywge31+Cnt9fiBQb3NzbyBzZW50aXIgYWxnbyBlbWFuYW5kbyBkZSB2b2PDqi4=,,W0dhdG8gaW52ZXJzb3JdCnt9LCB0ZSBkYW1vcyBsYSBiaWVudmVuaWRhLgp7fSwgcHVlZG8gc2VudGlyIGFsZ28JZW1hbmFuZG8gZGUgdGku
c62JAQ,,W0ludmVzdG1lbnQgQ2F0IEhlbHBlcl0KV2FudCB0byBkb25hdGUgc29tZSBjYW5zPw==,,,,,W0FkanVudG8gZGUgSW52ZXN0aW1lbnRvXQpRdWVyIGRvYXIgYWxndW1hcyBsYXRhcz8=,,W0dhdG8gaW52ZXJzb3JdCsK/UXVpZXJlcyBkb25hciBsYXRhcz8=
dK2JAQ,,WWVzIGRvbmF0ZQ==,,,,,RG9hcg==,,U8OtLCBkb25hci4=
da2JAQ,,W0ludmVzdG1lbnQgQ2F0IEhlbHBlcl0KaGVoZSB0aGVuIGhhdmUgZnVuIGluIGhlcmV+,,,,,W0FkanVudG8gZGUgSW52ZXN0aW1lbnRvXQpFbnTDo28gc2UgZGl2aXJ0YSBhcXVpIGhlaGV+,,W0dhdG8gaW52ZXJzb3JdCkplLCBqZSwgZW50b25jZXMgZGl2acOpcnRldGUgYXF1w60u
dq2JAQ,,W0ludmVzdG1lbnQgQ2F0IEhlbHBlcl0KV293IHRoYW5rIHlvdX4gLgp7fQ==,,,,,W0FkanVudG8gZGUgSW52ZXN0aW1lbnRvXQpVYXUsIG9icmlnYWRvfiAuCnt9,,W0dhdG8gaW52ZXJzb3JdClZheWEsIGdyYWNpYXMgLgp7fQ==
d62JAQ,,W0ludmVzdG1lbnQgQ2F0IEhlbHBlcl0Ke31+IHdpdGggeW91ciBoZWxwIHdlIGNhbiBkaXN0cmlidXRlIHRoZXNlIHRvIGNhdHMgaW4gUnVuZSBNaWRnYXJkIHdobyBuZWVkIHRoZW0u,,,,,W0FkanVudG8gZGUgSW52ZXN0aW1lbnRvXQp7fX4gY29tIHN1YSBhanVkYSwgcG9kZW1vcyBkaXN0cmlidWlyIGFzIGxhdGFzIGFvcyBnYXRvcyBkZSBSdW5lLU1pZGdhcmQgcXVlIHByZWNpc2FtIGRlbGFzLg==,,W0dhdG8gaW52ZXJzb3JdCnt9LCBjb24gdHUgYXl1ZGEgcG9kcmVtb3MgZGlzdHJpYnVpcmxhcyBlbnRyZSBsb3MgZ2F0b3MgbmVjZXNpdGFkb3MgZGUgUnVuZS1NaWRnYXJ0cy4=
eK2JAQ,,W0ludmVzdG1lbnQgQ2F0IEhlbHBlcl0KVGhlIGNhbiBkb25hdGlvbiB3aWxsIGJlIGZyb20gYSBtaW5pbXVtIG9mIDIwIHRvIGEgbWF4aW11bSBvZiAxMCwwMDA=,,,,,W0FkanVudG8gZGUgSW52ZXN0aW1lbnRvXQpBIGRvYcOnw6NvIGRlIGxhdGFzIHRlbSB1bSBtw61uaW1vIGRlIDIwIGUgdW0gbcOheGltbyBkZSAxMC4wMDA=,,W0dhdG8gaW52ZXJzb3JdCkxhIGRvbmFjacOzbiBkZSBsYXRhcyBzZXLDoSBkZSB1biBtw61uaW1vIGRlIDIwIGEgdW4gbcOheGltbyBkZSAxMDAwMA==
ea2JAQ,,W0ludmVzdG1lbnQgQ2F0IEhlbHBlcl0KSHJtLCB5b3UgZG9uJ3QgaGF2ZSBlbm91Z2ggY2Fucy4uLg==,,,,,W0FkanVudG8gZGUgSW52ZXN0aW1lbnRvXQpIcm0sIHZvY8OqIG7Do28gdGVtIGxhdGFzIHN1ZmljaWVudGVzLi4u,,W0dhdG8gaW52ZXJzb3JdCkh1bSwgbm8gdGllbmVzIHN1ZmljaWVudGVzIGxhdGFz4oCm
eq2JAQ,,W0ludmVzdG1lbnQgQ2F0IEhlbHBlcl0KT2ghIFRoYW5rIHlvdX4=,,,,,W0FkanVudG8gZGUgSW52ZXN0aW1lbnRvXQpBaCEgT2JyaWdhZG9+,,W0dhdG8gaW52ZXJzb3JdCsKhQWghIEdyYWNpYXMu
e62JAQ,,W0ludmVzdG1lbnQgQ2F0IEhlbHBlcl0KRGVhciB7fSB+CkkgY2FuIG9ubHkgZ2l2ZSB5b3UgYW4gQUdJKyBpbmNyZWFzZSBib29zdC4KVGhhbmsgeW91Lg==,,,,,W0FkanVudG8gZGUgSW52ZXN0aW1lbnRvXQpQcmV6YWRvIHt9IH4KU8OzIHBvc3NvIGRhciB1bSBhdW1lbnRvIGRlIEFHSSsuCk9icmlnYWRvLg==,,W0dhdG8gaW52ZXJzb3JdCkVzdGltYWRvL2Ege306ClNvbG8gcHVlZG8gZGFydGUgdW4gYXVtZW50byBkZSBBR0krLgpHcmFjaWFzLg==
fK2JAQ,,W0ludmVzdG1lbnQgQ2F0IEhlbHBlcl0KTG9va3MgbGlrZSB5b3UndmUgcnVuIGludG8gYW4gZXJyb3IuLi4=,,,,,W0FkanVudG8gZGUgSW52ZXN0aW1lbnRvXQpQYXJlY2UgcXVlIHZvY8OqIHNlIGRlcGFyb3UgY29tIHVtIGVycm8uLi4=,,W0dhdG8gaW52ZXJzb3JdClBhcmVjZSBxdWUgdGUgdG9wYXN0ZSBjb24gdW4gZXJyb3LigKY=
fa2JAQ,,U3RvcmVrZWVwZXI=,,,,,R2VyZW50ZSBkZSBBcm1hesOpbQ==,,U3RvcmVrZWVwZXI=
fq2JAQ,,W1N0b3Jla2VlcGVyXQpIZXksIGxvb2tzIGxpa2UgeW91IG1pZ2h0IGJlIGxvb2tpbmcgdG8gdW5sb2FkIHNvbWUgb2YgeW91ciBzdHVmZmYgZnJvbSB5b3VyIHBhY2suCldhbnQgdG8gb3BlbiBzdG9yYWdlPyBGb3IgZnJlZT8=,,,,,W0dlcmVudGUgZGUgQXJtYXrDqW1dCkVpLCBwYXJlY2UgcXVlIHZvY8OqIGVzdMOhIHF1ZXJlbmRvIHRpcmFyIGFsZ3VtYXMgY29pc2FzIGRhIHN1YSBtb2NoaWxhLgpRdWVyIGFicmlyIG8gZGVww7NzaXRvPyBEZSBncmHDp2E/,,W0RlcGVuZGllbnRlXQpQYXJlY2UgcXVlIHF1aWVyZXMgZGVzY2FyZ2FyIGFsZ3VuYXMgY29zYXMgZGUgdHUgbW9jaGlsYS4Kwr9RdWllcmVzIGFicmlyIGVsIGFsbWFjw6luPyDCv0dyYXRpcz8=
f62JAQ,,W1N0b3Jla2VlcGVyXQpoYWhhaGEganVzdCBraWRkaW5nIG9mIGNvdXJzZSBpdCBpc24ndCBmcmVlLgpXaGF0IGRvIHlvdSB0YWtlIG1lIGZvcj8=,,,,,W0dlcmVudGUgZGUgQXJtYXrDqW1dCkhhaGFoYSwgZXN0b3UgYnJpbmNhbmRvLCDDqSBjbGFybyBxdWUgbsOjbyDDqSBkZSBncmHDp2EuClZvY8OqIGFjaGEgcXVlIGV1IHNvdSBvIHF1w6o/,,W0RlcGVuZGllbnRlXQpKYSwgamEsIGphLCBlcyBicm9tYSwgb2J2aW8gcXVlIG5vIGVzIGdyYXRpcy4Kwr9Qb3IgcXVpw6luIG1lIHRvbWFzPw==
gK2JAQ,,cGF5IGJ5IGNhbiAtIDFjYW4=,,,,,UGFnYXIgY29tIGxhdGEgLSAxIGxhdGE=,,UGFnYXIgY29uIGxhdGFzOiAxIGxhdGE=
ga2JAQ,,cGF5IGluIHplbnkgLSAxLDUwMHo=,,,,,UGFnYXIgY29tIHplbnkgLSAxLjUwMHo=,,UGFnYXIgY29uIHplbnk6IDE1MDAgeg==
gq2JAQ,,W1N0b3Jla2VlcGVyXQpBaCBob2xkIG9uIHRoZXJlIG5vdmljZSB5b3UgbmVlZCB0byBoYXZlIGJhc2ljIHNraWxsIGxldmVsIDYgYXQgbGVhc3QgZmlyc3Qgb3IgdG8gbGVhcm4gdGhlIG5ldyBiYXNpYyBza2lsbC4=,,,,,W0dlcmVudGUgZGUgQXJtYXrDqW1dCkFoLCBlc3BlcmEgYcOtLCBhcHJlbmRpeiwgcHJpbWVpcm8gdm9jw6ogcHJlY2lzYSB0ZXIgcGVsbyBtZW5vcyBuw612ZWwgNiBkYSBoYWJpbGlkYWRlIGLDoXNpY2Egb3UgYXByZW5kZXIgYSBub3ZhIGhhYmlsaWRhZGUgYsOhc2ljYS4=,,W0RlcGVuZGllbnRlXQpVbiBtb21lbnRvLCBwcmluY2lwaWFudGUuIFByaW1lcm8gbmVjZXNpdGFzIHRlbmVyIGFsIG1lbm9zIGVsIG5pdmVsIDYgZGUgaGFiaWxpZGFkIGLDoXNpY2EgbyBhcHJlbmRlciBsYSBudWV2YSBoYWJpbGlkYWQgYsOhc2ljYS4=
g62JAQ,,W1N0b3Jla2VlcGVyXQpZb3UgZG9uJ3QgaGF2ZSBlbm91Z2ggY2Fucy4uLg==,,,,,W0dlcmVudGUgZGUgQXJtYXrDqW1dClZvY8OqIG7Do28gdGVtIGxhdGFzIHN1ZmljaWVudGVzLi4u,,W0RlcGVuZGllbnRlXQpObyB0aWVuZXMgc3VmaWNpZW50ZXMgbGF0YXPigKY=
hK2JAQ,,W1N0b3Jla2VlcGVyXQpZb3UgZG9uJ3QgaGF2ZSBlbm91Z2ggemVueS4uLg==,,,,,W0dlcmVudGUgZGUgQXJtYXrDqW1dClZvY8OqIG7Do28gdGVtIHplbnkgc3VmaWNpZW50ZS4uLg==,,W0RlcGVuZGllbnRlXQpObyB0aWVuZXMgc3VmaWNpZW50ZXMgemVueeKApg==
ha2JAQ,,cGF5IGJ5IGNhbiAtIDIgY2Fu,,,,,UGFnYXIgY29tIGxhdGFzIC0gMiBsYXRhcw==,,UGFnYXIgY29uIGxhdGFzOiAyIGxhdGFz
hq2JAQ,,cGF5IGluIHplbnkgLSAzLDAwMHo=,,,,,UGFnYXIgY29tIHplbnkgLSAzLjAwMHo=,,UGFnYXIgY29uIHplbnk6IDMwMDAgeg==
h62JAQ,,W1N0b3Jla2VlcGVyXQpUaGFuayB5b3Uu,,,,,W0dlcmVudGUgZGUgQXJtYXrDqW1dCk9icmlnYWRvLg==,,W0RlcGVuZGllbnRlXQpHcmFjaWFzLg==
