oCaIAQ,,RGV2aXJ1Y2hp,,,,,RGV2aXJ1Y2hp,,RGV2aXJ1Y2hp
oSaIAQ,,W0RldmlydWNoaV0KR3J1bWJsZSBHcnVtYmxlLi4KWW91IGxvb2sgYWxsIGRvZSBleWVkIGFuZCBjb25mdXNlZC4uCk9ubHkgdGhpbmcgSSBkbyBpcyBeMDBDQzAwRGl2b3JjZV4wMDAwMDAgdW5sb3ZpbmcgY291cGxlcyBhbmQgXjAwMDBDQ1Jlc2V0IEdvZCBTZWFsc14wMDAwMDAu,,,,,W0RldmlydWNoaV0uCkdydW1ibGUgR3J1bWJsZS4uLgpWb2PDqiBlc3TDoSBjb20gb3Mgb2xob3MgbWFyZWphZG9zIGUgY29uZnVzby4KQSDDum5pY2EgY29pc2EgcXVlIGV1IGZhw6dvIMOpIF4wMENDMDBEaXZvcmNpYXJeMDAwMDAwIGNhc2FpcyBxdWUgbsOjbyBtZSBhbWFtIGUgXjAwMDBDQ1JlZGVmaW5pciBTZWxvcyBkZSBEZXVzXjAwMDAwMC4=,,W0RldmlydWNoaV0KR3J1bWJsZSBHcnVtYmxlIC4uClBhcmVjZXMgY29uZnVuZGlkby4uLgpMbyDDum5pY28gcXVlIGhhZ28gZXMgXjAwQ0MwMERpdm9yY2lhcl4wMDAwMDAgYSBsYXMgcGFyZWphcyBzaW4gYW1vciB5IF4wMDAwQ0NSZXN0YWJsZWNlciBsb3MgU2VsbG9zIGRlIERpb3NeMDAwMDAwLg==
oiaIAQ,,W0RldmlydWNoaV0KU28gd2hhdCBkbyB5b3Ugd2FudD8=,,,,,W0RldmlydWNoaV0KRW50w6NvLCBvIHF1ZSB2b2PDqiBxdWVyPw==,,W0RldmlydWNoaV0Kwr9RdcOpIHF1aWVyZXM/
oyaIAQ,,RGl2b3JjZQ==,,,,,RGl2w7NyY2lv,,RGl2b3JjaW8=
pCaIAQ,,UmVzZXQgR29kIFNlYWxz,,,,,UmVkZWZpbmlyIG9zIHNlbG9zIGRlIERldXM=,,UmVzdGFibGVjZXIgbG9zIFNlbGxvcyBkZSBEaW9z
pSaIAQ,,TGV0IG1lIG91dHRhIGhlcmUh,,,,,RGVpeGVtLW1lIHNhaXIgZGFxdWkh,,wqFEw6lqYW1lIHNhbGlyIGRlIGFxdcOtIQ==
piaIAQ,,W0RldmlydWNoaV0KV2VsbCB0aGVuIGxldCBtZSB0cnkgdGhpcyByb3V0ZS4KTG9vayBhdCB0aGF0IGRlcHJlc3NlZCBmYWNlLgpZb3UgbXVzdCBiZSBmZWVsaW5nIHZlcnkgbG9uZWx5LgpCdXQgdGhhdCdzIHNvbWV0aGluZyBldmVyeW9uZQpoYXMgdG8gZGVhbCB3aXRoLg==,,,,,W0RldmlydWNoaV0KQmVtLCBlbnTDo28gZGVpeGUtbWUgdGVudGFyIGVzdGUgY2FtaW5oby4KT2xoZSBwYXJhIGVzc2Ugcm9zdG8gZGVwcmltaWRvLgpWb2PDqiBkZXZlIGVzdGFyIHNlIHNlbnRpbmRvIG11aXRvIHNvbGl0w6FyaW8uCk1hcyBpc3NvIMOpIGFsZ28gcXVlIHRvZG8gbXVuZG8KdGVtIGRlIGxpZGFyIGNvbSBpc3NvLg==,,W0RldmlydWNoaV0KQnVlbm8sIGVudG9uY2VzIGTDqWphbWUgcHJvYmFyIGVzdGEgcnV0YS4KTWlyYSBlc2EgY2FyYSBkZXByaW1pZGEuCkRlYmVzIHNlbnRpcnRlIG11eSBzb2xhLgpQZXJvIGVzbyBlcyBhbGdvIHF1ZSB0b2RvIGVsIG11bmRvCnRpZW5lIHF1ZSBsaWRpYXIu
pyaIAQ,,W0RldmlydWNoaV0KSWYgeW91IGZlZWwgdGhhdCBsb25lbHksCmhvdyBhYm91dCByYWlzaW5nIGEgUGV0PwpJIGhlYXIgdGhhdCBteSBraW5kIGlzIHZlcnkKcG9wdWxhciBub3dhZGF5cywgaGVoIGhlaH4=,,,,,W0RldmlydWNoaV0KU2Ugdm9jw6ogc2Ugc2VudGUgdMOjbyBzb2xpdMOhcmlvLApxdWUgdGFsIGNyaWFyIHVtIGFuaW1hbCBkZSBlc3RpbWHDp8Ojbz8KT3V2aSBkaXplciBxdWUgbWluaGEgZXNww6ljaWUgw6kgbXVpdG8KcG9wdWxhciBob2plIGVtIGRpYSwgaGVoIGhlaH4=,,W0RldmlydWNoaV0KU2kgdGUgc2llbnRlcyB0YW4gc29sbywKwr9xdcOpIHRhbCBjcmlhciB1bmEgbWFzY290YT8KSGUgb8OtZG8gcXVlIG1pIHRpcG8gZXMgbXV5CnBvcHVsYXIgaG95IGVuIGTDrWEsIGhlaCBoZWh+
qCaIAQ,,W0RldmlydWNoaV0KQndhaCBoYWggaGFofiEKVGhhdCBsb29rIGluIHlvdXIgZXllc34h,,,,,W0RldmlydWNoaV0KQndhaCBoYWggaGFofiEKRXNzZSBvbGhhciBlbSBzZXVzIG9saG9zfiE=,,W0RldmlydWNoaV0KwqFCd2FoIGhhaCBoYWh+IQrCoUVzYSBtaXJhZGEgZW4gdHVzIG9qb3N+IQ==
qSaIAQ,,VGhleSdyZSBqdXN0IGZpbGxlZCB3aXRoIHRoZQpwYWluIG9mIGFuIG9sZCBtYWlkLS0hCkNvdWxkbid0IHJvcGUgc29tZSBwb29yIGd1eQppbnRvIG1hcnJpYWdlLCBodWg/,,,,,RWxlcyBlc3TDo28gY2hlaW9zIGRhIGRvciBkZSB1bWEKZG9yIGRlIHVtYSBzb2x0ZWlyb25hLi4uIQpOw6NvIHBvZGVyaWEgYW1hcnJhciB1bSBwb2JyZSByYXBhegpwYXJhIHNlIGNhc2FyLCBoZWluPw==,,RXN0w6FuIGxsZW5vcyBkZWwKZG9sb3IgZGUgdW5hIHNvbHRlcm9uYS4uLgpObyBwb2TDrWEgY3VlcmRhIGFsZ8O6biBwb2JyZSB0aXBvCmVuIG1hdHJpbW9uaW8sIMK/ZWg/
qiaIAQ,,VGhvc2UgYXJlIGRlZmluaXRlbHkgdGhlIGV5ZXMKb2YgYSBsb25lbHkgbWFsZSBiYWNoZWxvci4KSSdtIGFsbW9zdCAxMDAgcGVyY2VudCBzdXJlCnlvdSBnb3QgZGl0Y2hlZCBhdCB0aGUgYWx0YXIu,,,,,RXNzZXMgc8OjbyBkZWZpbml0aXZhbWVudGUgb3Mgb2xob3MKZGUgdW0gc29sdGVpcm8gc29saXTDoXJpby4KVGVuaG8gcXVhc2UgMTAwJSBkZSBjZXJ0ZXphCmRlIHF1ZSB2b2PDqiBmb2kgYWJhbmRvbmFkbyBubyBhbHRhci4=,,RXNvcyBzb24gZGVmaW5pdGl2YW1lbnRlIGxvcyBvam9zCmRlIHVuIHNvbHRlcm8gc29saXRhcmlvLgpFc3RveSBjYXNpIDEwMCBwb3IgY2llbnRvIHNlZ3VybwpkZSBxdWUgdGUgZGVqYXJvbiBwbGFudGFkbyBlbiBlbCBhbHRhci4=
qyaIAQ,,W0RldmlydWNoaV0KSEhBSEFIQUhBfiEKT29vb29oLi4uSGVlIGhlZX4KSSdkIGJlIG1vcmUgc3ltcGF0aGV0aWMgaWYsCnlvdSBrbm93LCBJIHdlcmVuJ3QgYSBjcmVhdHVyZQpvZiBkYXJrbmVzcy4=,,,,,W0RldmlydWNoaV0KSEhBSEFIQUhBfiEKT29vb29oLi4uIEhlZSBoZWV+CkV1IHNlcmlhIG1haXMgY29tcHJlZW5zaXZvIHNlLi4sCnZvY8OqIHNhYmUsIGV1IG7Do28gZm9zc2UgdW1hIGNyaWF0dXJhCmRhcyB0cmV2YXMu,,W0RldmlydWNoaV0KwqFISEFIQUhBfiEKT29vb29oLi4uSGVlIGhlZX4KWW8gc2Vyw61hIG3DoXMgY29tcHJlbnNpdm8gc2ksCnlhIHNhYmVzLCBubyBmdWVyYSB1bmEgY3JpYXR1cmEKZGUgbGEgb3NjdXJpZGFkLg==
rCaIAQ,,W0RldmlydWNoaV0KWW91IGxvb2sgYXdmdWxseSBkZXByZXNzZWQuLi4KTHVja3kgZm9yIHlvdSwgSSBjb3VsZCBjYXJlCmxlc3MgYWJvdXQgaGFwcHkgcGVvcGxlLi4uCkl0J3MgdGhlIGh1bWFucyBpbiBkZXNwYWlyCnRoYXQgSSB0YWtlIGFuIGludGVyZXN0IGluLgpIYWhhaGFoYWhhaGFofiE=,,,,,W0RldmlydWNoaV0KVm9jw6ogcGFyZWNlIHRlcnJpdmVsbWVudGUgZGVwcmltaWRvLi4uClBhcmEgc3VhIHNvcnRlLCBldSBuw6NvIG1lIGltcG9ydG8KbWVub3MgY29tIHBlc3NvYXMgZmVsaXplcy4uLgpTw6NvIG9zIGh1bWFub3MgZW0gZGVzZXNwZXJvCnF1ZSBtZSBpbnRlcmVzc2FtLgpIYWhhaGFoYWhhaGFofiE=,,W0RldmlydWNoaV0KUGFyZWNlcyB0ZXJyaWJsZW1lbnRlIGRlcHJpbWlkby4uLgpQb3Igc3VlcnRlIHBhcmEgdGksIG5vIG1lIGltcG9ydGEKbWVub3MgbGEgZ2VudGUgZmVsaXouLi4KU29uIGxvcyBodW1hbm9zIGRlc2VzcGVyYWRvcwpsb3MgcXVlIG1lIGludGVyZXNhbi4KwqFIYWhhaGFoYWhhaGFofiE=
rSaIAQ,,W0RldmlydWNoaV0KSSBzZW5zZSB0aGF0IHlvdSBjYXJyeSBhCnRpcmVzb21lIGJ1cmRlbi4uLgpJZiBJJ20gbm90IHdyb25nLCB5b3UncmU=,,,,,W0RldmlydWNoaV0KU2ludG8gcXVlIHZvY8OqIGNhcnJlZ2EgdW0KZmFyZG8gY2Fuc2F0aXZvLi4uClNlIG7Do28gZXN0b3UgZW5nYW5hZG8sIHZvY8OqIMOp,,W0RldmlydWNoaV0KU2llbnRvIHF1ZSBsbGV2YXMgdW5hCmNhcmdhIHBlc2FkYS4uLgpTaSBubyBtZSBlcXVpdm9jbywgZXJlcw==
riaIAQ,,YSBtYXJyaWVkIHdvbWFuLCBhcmVuJ3QgeW91Pw==,,,,,dW1hIG11bGhlciBjYXNhZGEsIG7Do28gw6k/,,dW5hIG11amVyIGNhc2FkYSwgwr9ubz8=
ryaIAQ,,YSBtYXJyaWVkIG1hbiwgYXJlbid0IHlvdT8=,,,,,dW0gaG9tZW0gY2FzYWRvLCBuw6NvIMOpPw==,,dW4gaG9tYnJlIGNhc2Fkbywgwr9ubz8=
sCaIAQ,,W0RldmlydWNoaV0KTGV0IG1lIGFzayB5b3Ugb25lIHRoaW5nLgpBcmUgeW91IGhhcHB5IHRvIGJlIG1hcnJpZWQ/CkZvcmdldCBhYm91dCByZXNwb25zaWJpbGl0aWVzLApyb21hbmNlIGFuZCBhbGwgdGhhdCBvdGhlciBqdW5rCmZvciBub3cu,,,,,W0RldmlydWNoaV0uCkRlaXhlLW1lIGxoZSBwZXJndW50YXIgdW1hIGNvaXNhLgpWb2PDqiBlc3TDoSBmZWxpeiBwb3IgZXN0YXIgY2FzYWRhPwpFc3F1ZcOnYSBhcyByZXNwb25zYWJpbGlkYWRlcywKcm9tYW5jZSBlIHRvZGFzIGVzc2FzIG91dHJhcyBjb2lzYXMKcG9yIGVucXVhbnRvLg==,,W0RldmlydWNoaV0KRMOpamFtZSBwcmVndW50YXJ0ZSB1bmEgY29zYS4Kwr9Fc3TDoXMgZmVsaXogZGUgZXN0YXIgY2FzYWRhPwpPbHbDrWRhdGUgZGUgbGFzIHJlc3BvbnNhYmlsaWRhZGVzLApyb21hbmNlIHkgdG9kYSBlc2EgYmFzdXJhCnBvciBhaG9yYS4=
sSaIAQ,,W0RldmlydWNoaV0KSSBtZWFuLCBjYW4ganVzdCBvbmUgc2luZ2xlCnBlcnNvbiByZWFsbHkgYnJpbmcgeW91IGFsbCB0aGF0CmhhcHBpbmVzcz8gSSBrbm93IGFsbCBhYm91dCBob3cKc3BlY2lhbCB3ZWRkaW5ncyBhbmQgdGhlIG1hZ2ljCm9mIGxvdmUgaXMgc3VwcG9zZWQgdG8gYmUsIGJ1dC4uLg==,,,,,W0RldmlydWNoaV0KUXVlcm8gZGl6ZXIsIHNlcsOhIHF1ZSB1bWEgw7puaWNhCnBlc3NvYSByZWFsbWVudGUgcG9kZSBsaGUgdHJhemVyIHRvZGEgZXNzYQpmZWxpY2lkYWRlPyBFdSBzZWkgdHVkbyBzb2JyZSBjb21vCmNhc2FtZW50b3MgZXNwZWNpYWlzIGUgYSBtYWdpYQpkbyBhbW9yIGRldmVtIHNlciwgbWFzLi4u,,W0RldmlydWNoaV0KUXVpZXJvIGRlY2lyLCDCv3B1ZWRlIHVuYSBzb2xhCnBlcnNvbmEgcmVhbG1lbnRlIGxlIHRyYWVyw6EgdG9kbyBsbyBxdWUKZmVsaWNpZGFkPyBTw6kgdG9kbyBhY2VyY2EgZGUgY8OzbW8KYm9kYXMgZXNwZWNpYWxlcyB5IGxhIG1hZ2lhCmRlbCBhbW9yIHNlIHN1cG9uZSBxdWUgc29uLCBwZXJvLi4u
siaIAQ,,W0RldmlydWNoaV0KQXQgdGhlIGVuZCBvZiB0aGUgZGF5LCB5b3UgYW5kCnlvdXIgcGFydG5lciBmaWdodCwgYW5kIHlvdSBmZWVsCnRvdGFsbHkgdG90YWxseSBtaXNlcmFibGUu,,,,,W0RldmlydWNoaV0KTm8gZmluYWwgZG8gZGlhLCB2b2PDqiBlCnNldSBwYXJjZWlybyBicmlnYW0gZSB2b2PDqiBzZSBzZW50ZQp0b3RhbG1lbnRlIG1pc2Vyw6F2ZWwu,,W0RldmlydWNoaV0KQWwgZmluYWwgZGVsIGTDrWEsIHTDuiB5CnR1IHBhcmVqYSBzZSBwZWxlYW4sIHkgdGUgc2llbnRlcwp0b3RhbG1lbnRlIG1pc2VyYWJsZS4=
syaIAQ,,Li4uYWxsIGJlY2F1c2Ugb2YgSEVSLg==,,,,,Li4udHVkbyBwb3IgY2F1c2EgREVMQS4=,,Li4udG9kbyBwb3IgU1UgY3VscGEu
tCaIAQ,,Li4uYWxsIGJlY2F1c2Ugb2YgSElNLg==,,,,,Li4udHVkbyBwb3IgY2F1c2EgREVMRS4=,,Li4udG9kbyBwb3Igw4lMLg==
tSaIAQ,,W0RldmlydWNoaV0KWWVzLCBpdCdzIHlvdXIgZGVzdGlueSB0byBmaW5kIG1lCmhlcmUuIFdlIGFsbCBtYWtlIG1pc3Rha2VzLi4uCkV2ZW4gaWYgeW91IHByb21pc2VkIGV2ZXJsYXN0aW5nCmxvdmUsIGV2ZW4gaWYgeW91IG1hZGUgYSB2b3cuLi4KSSBjYW4gZnJlZSB5b3UgZnJvbSB0aGF0IHByaXNvbgpvZiBtYXRyaW1vbnku,,,,,W0RldmlydWNoaV0KU2ltLCDDqSBzZXUgZGVzdGlubyBtZSBlbmNvbnRyYXIKYXF1aS4gVG9kb3MgbsOzcyBjb21ldGVtb3MgZXJyb3MuLi4KTWVzbW8gcXVlIHZvY8OqIHRlbmhhIHByb21ldGlkbyBhbW9yIGV0ZXJubwphbW9yIGV0ZXJubywgbWVzbW8gcXVlIHRlbmhhIGZlaXRvIHVtIHZvdG8uLi4KRXUgcG9zc28gbGliZXJ0w6EtbG8gZGVzc2EgcHJpc8OjbwpkbyBtYXRyaW3DtG5pby4=,,W0RldmlydWNoaV0KU8OtLCBlcyB0dSBkZXN0aW5vIGVuY29udHJhcm1lCmFxdcOtLiBUb2RvcyBjb21ldGVtb3MgZXJyb3Jlcy4uLgpJbmNsdXNvIHNpIHByb21ldGlzdGUgYW1vciBldGVybm8KYW1vciwgaW5jbHVzbyBzaSB1c3RlZCBoaXpvIHVuYSBwcm9tZXNhIC4uLgpQdWVkbyBsaWJlcmFydGUgZGUgZXNhIHByaXNpw7NuCmRlbCBtYXRyaW1vbmlvLg==
tiaIAQ,,W0RldmlydWNoaV0KSXQncyBzaW1wbGUgaWYgeW91IGxvb2sgYXQKbWFycmlhZ2UgYXMgYSBjb250cmFjdC4uLmEKY29udHJhY3QgdGhhdCBlbmRzIHdpdGggJ3RpbGwKZGVhdGggZG8gd2UgcGFydC4nIEhlcmUgaW4KTmlmbGVoZWltLCBpdCdzIGVhc3kgdG8gdXNlCnRoYXQgbGl0dGxlIGxvb3Bob2xlLi4u,,,,,W0RldmlydWNoaV0Kw4kgc2ltcGxlcyBzZSB2b2PDqiBvbGhhciBwYXJhIG8KY2FzYW1lbnRvIGNvbW8gdW0gY29udHJhdG8uLi4gdW0KY29udHJhdG8gcXVlIHRlcm1pbmEgY29tICdhdMOpIHF1ZSBhCm1vcnRlIG5vcyBzZXBhcmUnJy4gQXF1aSBlbQpOaWZsZWhlaW0sIMOpIGbDoWNpbCB1c2FyCmVzc2EgcGVxdWVuYSBicmVjaGEuLi4=,,W0RldmlydWNoaV0KRXMgc2ltcGxlIHNpIHVzdGVkIG1pcmEKbWF0cmltb25pbyBjb21vIHVuIGNvbnRyYXRvIC4uLiB1bgpjb250cmF0byBxdWUgdGVybWluYSBjb24KbGEgbXVlcnRlIG5vcyBzZXBhcmUnLiBBcXXDrSBlbgpOaWZsZWhlaW0sIGVzIGbDoWNpbCB1c2FyCmVzYSBwZXF1ZcOxYSBsYWd1bmEuLi4=
tyaIAQ,,W0RldmlydWNoaV0KKndoaXNwZXJzKgpeNTU1NTU1SXQncyBub3QgbGlrZSB5b3UncmUgYnJlYWtpbmdeMDAwMDAw,,,,,W0RldmlydWNoaV0KKndoaXNwZXJzKgpeNTU1NTU1TsOjbyDDqSBjb21vIHNlIHZvY8OqIGVzdGl2ZXNzZSBxdWVicmFuZG9eMDAwMDAw,,W0RldmlydWNoaV0KKndoaXNwZXJzKgpeNTU1NTU1Tm8gZXMgY29tbyBzaSBlc3R1dmllcmFzIHJvbXBpZW5kb14wMDAwMDA=
uCaIAQ,,XjU1NTU1NWFueSBwcm9taXNlcy4gSGVsbCwgeW91ciBodXNiYW5kCmRvZXNuJ3QgZXZlbiBoYXZlIHRvIGtub3cKYWJvdXQgaXQuLi4geW91IGRlc2VydmUKcmVhbCBoYXBwaW5lc3MsIHJpZ2h0P14wMDAwMDA=,,,,,XjU1NTU1NXF1YWlzcXVlciBwcm9tZXNzYXMuIERpYWJvcywgc2V1IG1hcmlkbwpuw6NvIHByZWNpc2EgbmVtIHNhYmVyCnNvYnJlIGlzc28uLi4gdm9jw6ogbWVyZWNlCmZlbGljaWRhZGUgZGUgdmVyZGFkZSwgY2VydG8/XjAwMDAwMA==,,XjU1NTU1NWN1YWxxdWllciBwcm9tZXNhLiBEZW1vbmlvcywgdHUgbWFyaWRvCm5pIHNpcXVpZXJhIHRpZW5lIHF1ZSBzYWJlcgouLi50ZSBtZXJlY2VzLi4uCnZlcmRhZGVyYSBmZWxpY2lkYWQsIMK/dmVyZGFkPw==
uSaIAQ,,XjU1NTU1NWFueSBwcm9taXNlcywgYW5kIGl0J3Mgbm90Cmxpa2UgeW91ciB3aWZlIHdpbGwgY2FyZSBpZiBzaGUKZG9lc24ndCBrbm93Li4uIERvbid0IHlvdQp3YW50IHRvIGJlIGZyZWVkIGZyb20gaGVyP14wMDAwMDA=,,,,,XjU1NTU1NW5lbmh1bWEgcHJvbWVzc2EsIGUgbsOjbyDDqQpzdWEgZXNwb3NhIHZhaSBzZSBpbXBvcnRhciBzZSBlbGEKbsOjbyBzb3ViZXIuLi4gVm9jw6ogbsOjbyBxdWVyCnF1ZXIgc2UgbGl2cmFyIGRlbGE/XjAwMDAwMA==,,XjU1NTU1NWN1YWxxdWllciBwcm9tZXNhLCB5IG5vIGVzCmNvbW8gc3UgZXNwb3NhIGxlIGltcG9ydGFyw6Egc2kgZWxsYQpubyBsbyBzYWJlLi4uIMK/Tm8gcXVpZXJlcwrCv05vIHF1aWVyZXMgbGliZXJhcnRlIGRlIGVsbGE/
uiaIAQ,,W0RldmlydWNoaV0KWW91IGNhbiBoYXZlIGEgYnJhbmQgbmV3IGxvdmUKd2l0aCBhIGJldHRlciBwZXJzb24uLi4KV291bGRuJ3QgdGhhdCBiZSBncmVhdC4uLj8KSSBjYW4gaGVscCB5b3UgaWYgeW91IHdhbnQuLi4KSSBjYW4gbWFrZSBhbGwgb2YgdGhpcyBoYXBwZW4h,,,,,W0RldmlydWNoaV0KVm9jw6ogcG9kZSB0ZXIgdW0gbm92byBhbW9yCmNvbSB1bWEgcGVzc29hIG1lbGhvci4uLgpOw6NvIHNlcmlhIMOzdGltby4uLj8KRXUgcG9zc28gYWp1ZMOhLWxvIHNlIHZvY8OqIHF1aXNlci4uLgpQb3NzbyBmYXplciB0dWRvIGlzc28gYWNvbnRlY2VyIQ==,,W0RldmlydWNoaV0KVXN0ZWQgcHVlZGUgdGVuZXIgdW4gbnVldm8gYW1vcgpjb24gdW5hIHBlcnNvbmEgbWVqb3IuLi4Kwr9ObyBzZXLDrWEgZ2VuaWFsLi4uPwpQdWVkbyBheXVkYXJ0ZSBzaSBxdWllcmVzLi4uCsKhUHVlZG8gaGFjZXIgcXVlIHRvZG8gZXN0byBzdWNlZGEh
uyaIAQ,,Tm8gdGhhbmtzLCBJIGFtIGhhcHB5Lg==,,,,,TsOjbywgb2JyaWdhZG8sIGVzdG91IGZlbGl6Lg==,,Tm8sIGdyYWNpYXMsIHNveSBmZWxpei4=
vCaIAQ,,WWVzLCBwbGVhc2UgZG8u,,,,,U2ltLCBwb3IgZmF2b3Iu,,U8OtLCBwb3IgZmF2b3Iu
vSaIAQ,,W0RldmlydWNoaV0KSG1wZn4hIFlvdSBtdXN0IHN0aWxsIGJlCmZhc2NpbmF0ZWQgd2l0aCB0aGUgc2lsbHkKbm90aW9uIG9mIGV0ZXJuYWwgbG92ZS4gV2VsbCwKaWYgeW91IHRoaW5rIHlvdSdyZSBoYXBweSwKdGhlbiBJJ2xsIGhhdmUgbm90aGluZwp0byBkbyB3aXRoIHlvdS0tIQ==,,,,,W0RldmlydWNoaV0KSG1wZn4hIFZvY8OqIGFpbmRhIGRldmUgZXN0YXIKZmFzY2luYWRvIGNvbSBhIHRvbGEKbm/Dp8OjbyBib2JhIGRlIGFtb3IgZXRlcm5vLiBCZW0sCnNlIHZvY8OqIGFjaGEgcXVlIGVzdMOhIGZlbGl6LAplbnTDo28gZXUgbsOjbyB0ZXJlaSBuYWRhCmEgdmVyIGNvbSB2b2PDqi4uLiE=,,W0RldmlydWNoaV0KwqFIbXBmfiEgVG9kYXbDrWEgZGViZXMgZXN0YXIKZmFzY2luYWRvIGNvbiBsYSB0b250YQpub2Npw7NuIGRlbCBhbW9yIGV0ZXJuby4gQnVlbm8uLiwKc2kgY3JlZXMgcXVlIGVyZXMgZmVsaXosCmVudG9uY2VzIG5vIHRlbmRyw6kgbmFkYQpxdWUgdmVyIGNvbnRpZ28uLi4=
viaIAQ,,W0RldmlydWNoaV0KR29vZCwgZ29vZC4uLgpOb3cgYWxsIHlvdSBoYXZlIHRvIGRvIGlzIGdpdmUKbWUgd2hhdCBJIHdhbnQgaW4gZXhjaGFuZ2UuLi4KSnVzdCAyLDUwMCwwMDAgemVueSBhbmQuLi4qY291Z2ghKgpeNjY2NjY2QW4gZWVuc3kgcGllY2Ugb2YgeW91ciBzb3VsLl4wMDAwMDA=,,,,,W0RldmlydWNoaV0KQm9tLCBib20uLi4KQWdvcmEgdHVkbyBvIHF1ZSB2b2PDqiBwcmVjaXNhIGZhemVyIMOpIG1lIGRhcgpvIHF1ZSBldSBxdWVybyBlbSB0cm9jYS4uLgpBcGVuYXMgMi41MDAuMDAwIHplbnkgZS4uLip0b3NzZSEqCl42NjY2NjZVbSBwZWRhY2luaG8gZGUgc3VhIGFsbWEuXjAwMDAwMA==,,W0RldmlydWNoaV0KQmllbiwgYmllbi4uLgpBaG9yYSB0b2RvIGxvIHF1ZSB0aWVuZXMgcXVlIGhhY2VyIGVzIGRhcm1lCmxvIHF1ZSBxdWllcm8gYSBjYW1iaW8uLi4KU29sbyAyLDUwMCwwMDAgemVueSB5Li4uKsKhVG9zISoKXjY2NjY2NlVuIHBlZGFjaXRvIGRlIHR1IGFsbWEuXjAwMDAwMA==
vyaIAQ,,W0RldmlydWNoaV0KQWZ0ZXIgdGhhdCwgaXQncyB0aGUgY2FyZWZyZWUKc2luZ2xlJ3MgbGlmZS4gQWxsIHlvdSBoYXZlIHRvCmRvIGlzIHNheSB0aGUgd29yZC4uLg==,,,,,W0RldmlydWNoaV0KRGVwb2lzIGRpc3NvLCDDqSBhIHZpZGEgZGVzcHJlb2N1cGFkYSBkZQp2aWRhIGRlIHNvbHRlaXJvLiBUdWRvIG8gcXVlIHZvY8OqIHByZWNpc2EKZmF6ZXIgw6kgZGl6ZXIgYSBwYWxhdnJhLi4u,,W0RldmlydWNoaV0KRGVzcHXDqXMgZGUgZXNvLCBlcyBsYSBkZXNwcmVvY3VwYWRhCnZpZGEgZGUgc29sdGVyby4gVG9kbyBsbyBxdWUgdGllbmVzIHF1ZQpoYWNlciBlcyBkZWNpciBsYSBwYWxhYnJhLi4u
wCaIAQ,,Li4uR2l2ZSBtZSBzb21lIHRpbWUgdG8gdGhpbmsu,,,,,Li4uRMOqLW1lIGFsZ3VtIHRlbXBvIHBhcmEgcGVuc2FyLg==,,Li4uZGFtZSB0aWVtcG8gcGFyYSBwZW5zYXIu
wSaIAQ,,QW55IHByaWNlIHdpbGwgZG8sIGdpdmUgbWUgYSBkaXZvcmNlIHJpZ2h0IG5vdyE=,,,,,UXVhbHF1ZXIgcHJlw6dvIHNlcnZlLCBtZSBkw6ogdW0gZGl2w7NyY2lvIGFnb3JhIG1lc21vIQ==,,Q3VhbHF1aWVyIHByZWNpbyBzZXJ2aXLDoSwgwqFkYW1lIGVsIGRpdm9yY2lvIGFob3JhIG1pc21vIQ==
wiaIAQ,,W0RldmlydWNoaV0KSSB1bmRlcnN0YW5kLiBCdXQgaWYgeW91IHRoaW5rCmFib3V0IGFueXRoaW5nLCB0aGluayBhYm91dA==,,,,,W0RldmlydWNoaV0KRXUgZW50ZW5kby4gTWFzIHNlIHZvY8OqIHBlbnNhcgpzb2JyZSBxdWFscXVlciBjb2lzYSwgcGVuc2Ugc29icmU=,,W0RldmlydWNoaV0KRW50aWVuZG8uIFBlcm8gc2kgcGllbnNhcwplbiBhbGdvLCBwaWVuc2EgZW4=
wyaIAQ,,aG93IGhvcnJpYmxlIHlvdXIgaHVzYmFuZCBpcywKYW5kIHdoYXQgYSByZWxpZWYgaXQgd291bGQKYmUgdG8gYmUgcmlkIG9mIHRoYXQgY3J1bWJ1bX4=,,,,,Y29tbyBzZXUgbWFyaWRvIMOpIGhvcnLDrXZlbCwKZSBjb21vIHNlcmlhIHVtIGFsw612aW8Kc2VyaWEgc2UgbGl2cmFyIGRlc3NlIGNyw6FwdWxhfg==,,cXVlIGhvcnJpYmxlIGVzIHR1IG1hcmlkbywKeSBxdcOpIGFsaXZpbyBzZXLDrWEKZGVzaGFjZXJzZSBkZSBlc2EgYmFzdXJhLi4u
xCaIAQ,,eW91ciB3aWZlJ3MgbmFnZ2luZywgYW5kCmhvdyBncmVhdCBpdCB3b3VsZCBiZSB0bwpmaW5hbGx5IGZyZWUgeW91cnNlbGYgb2YgdGhlCm9sZCBiYWxsIGFuZCBjaGFpbn4=,,,,,YSBpcnJpdGHDp8OjbyBkZSBzdWEgZXNwb3NhLCBlCmNvbW8gc2VyaWEgw7N0aW1vCmZpbmFsbWVudGUgc2UgbGliZXJ0YXIgZGEKdmVsaGEgYm9sYSBlIGNvcnJlbnRlfg==,,bGFzIHF1ZWphcyBkZSB0dSBtdWplciwgeQpsbyBnZW5pYWwgcXVlIHNlcsOtYQpmaW5hbG1lbnRlIGxpYmVyYXJzZSBkZSBsYQp2aWVqYSBib2xhIHkgY2FkZW5hfg==
xSaIAQ,,W0RldmlydWNoaV0KRXhjZWxsZW50IGNob2ljZX4KTGV0J3MgZ2V0IHN0YXJ0ZWQgcmlnaHQKYXdheSEgVGhpcyBtYXkgdGFrZSBzb21lCnRpbWUsIGJ1dCBpdCdzIGJldHRlciB0aGFuCmJlaW5nIGhvcGVsZXNzbHkgbWFycmllZApeRkYwMDAwZm9yIHRoZSByZXN0IG9mIHlvdXIgbGlmZS5eMDAwMDAw,,,,,W0RldmlydWNoaV0KRXhjZWxlbnRlIGVzY29saGF+ClZhbW9zIGNvbWXDp2FyIGltZWRpYXRhbWVudGUKaW1lZGlhdGFtZW50ZSEgSXNzbyBwb2RlIGxldmFyIGFsZ3VtCnRlbXBvLCBtYXMgw6kgbWVsaG9yIGRvIHF1ZQpmaWNhciBpcnJlbWVkaWF2ZWxtZW50ZSBjYXNhZG8KXkZGMDAwMHBhcmEgbyByZXN0byBkZSBzdWEgdmlkYS5eMDAwMDAw,,W0RldmlydWNoaV0KRXhjZWxlbnRlIGVsZWNjacOzbi4KRW1wZWNlbW9zIGFob3JhIG1pc21vCsKhWWEhIEVzdG8gcHVlZGUgdG9tYXIgYWxnw7puCnRpZW1wbywgcGVybyBlcyBtZWpvciBxdWUKZXN0YXIgaXJyZW1lZGlhYmxlbWVudGUgY2FzYWRvCntwb3IgZWwgcmVzdG8gZGUgdHUgdmlkYS4=
xiaIAQ,,W0RldmlydWNoaV0KQndhaGhhaGFoYWhhfiEKTm93IHlvdSdyZSBmcmVlfiEKRG9uJ3QgeW91IGZlZWwgc28gbXVjaApiZXR0ZXIgbm93IGFzIGEgc2luZ2xlPwpBaCwgYmFjaGVsb3Job29kLi4u,,,,,W0RldmlydWNoaV0uCkJ3YWhoYWhhaGFoYX4hCkFnb3JhIHZvY8OqIGVzdMOhIGxpdnJlfiEKVm9jw6ogbsOjbyBzZSBzZW50ZSBtdWl0byBtZWxob3IKbWVsaG9yIGFnb3JhIGNvbW8gc29sdGVpcm8/CkFoLCBhIHNvbHRlaXJpY2UuLi4=,,W0RldmlydWNoaV0KwqFCd2FoaGFoYWhhaGF+IQrCoUFob3JhIGVyZXMgbGlicmUhCsK/Tm8gdGUgc2llbnRlcyBtdWNobwptZWpvciBhaG9yYSBjb21vIHNvbHRlcm8/CkFoLCBsYSBzb2x0ZXLDrWEuLi4=
xyaIAQ,,W0RldmlydWNoaV0KSG1tbS4uLkkgZGlkIHRlbGwgeW91IHRvIGJyaW5nCjIsNTAwLDAwMCB6ZW55LCByaWdodD8KTm8gb25lIGVsc2UgaW4gdGhpcyB3b3JsZCBjYW4Kb2ZmZXIgdGhpcyBraW5kIG9mIGZyZWVkb20uLi4KWW91IGNhbid0IHB1dCBhIHByaWNlIG9uCnBlYWNlIG9mIG1pbmQsIGNhbiB5b3U/,,,,,W0RldmlydWNoaV0KSG1tbS4uLiBFdSBsaGUgZGlzc2UgcGFyYSB0cmF6ZXIKMi41MDAuMDAwIHplbnksIGNlcnRvPwpOaW5ndcOpbSBtYWlzIG5lc3RlIG11bmRvIHBvZGUKb2ZlcmVjZXIgZXNzZSB0aXBvIGRlIGxpYmVyZGFkZS4uLgpOw6NvIHNlIHBvZGUgY29sb2NhciB1bSBwcmXDp28gbmEKcGF6IGRlIGVzcMOtcml0bywgbsOjbyDDqSBtZXNtbz8=,,W0RldmlydWNoaV0KSG1tbS4uLiBUZSBkaWplIHF1ZSB0cmFqZXJhcwoyLjUwMC4wMDAgemVueSwgwr92ZXJkYWQ/Ck5hZGllIG3DoXMgZW4gZXN0ZSBtdW5kbyBwdWVkZQpvZnJlY2VyIGVzdGUgdGlwbyBkZSBsaWJlcnRhZC4uLgpObyBwdWVkZXMgcG9uZXJsZSBwcmVjaW8gYQpsYSBwYXogbWVudGFsLCDCv3ZlcmRhZD8=
yCaIAQ,,W0RldmlydWNoaV0KSXMgdGhhdCBhIF4wMDAwQ0NSZXNldCBTdG9uZV4wMDAwMDAKT2ggSSBsb3ZlIHRob3NlIHNvIG11Y2gsIGdpdmUgaXQgdG8gbWUhCkkgc2VlIGhvdyBpdCBpcywgeW91IHdhbnQgc29tZXRoaW5nIGZvciBpdC4u,,,,,W0RldmlydWNoaV0KSXNzbyDDqSB1bWEgXjAwMDBDQ1BlZHJhIGRlIFJlaW5pY2lhbGl6YcOnw6NvXjAwMDAwMApPaCwgZXUgZ29zdG8gdGFudG8gZGVsYXMsIG1lIGTDqiEKRXN0b3UgdmVuZG8gY29tbyDDqSwgdm9jw6ogcXVlciBhbGdvIHBvciBlbGEuLi4=,,W0RldmlydWNoaV0Kwr9Fc28gZXMgdW5hIF4wMDAwQ0NQaWVkcmEgZGUgUmVzdGFibGVjaW1pZW50b14wMDAwMDAKwqFPaCwgbWUgZ3VzdGFuIHRhbnRvLCBkw6FtZWxhIQpZYSB2ZW8gY29tbyBlcywgcXVpZXJlcyBhbGdvIHBvciBlbGxhLi4=
ySaIAQ,,W0RldmlydWNoaV0KV2VsbCB5b3Uga25vdyB0aG9zZSBwZXNreSBnb2RzIGFsbCBpbnRlcmZlcmluZyBpbiB0aGUgd29ybGQgYWxsIHRoZSB0aW1lPwpJIGNhbiB0ZWxsIHlvdSBoYXZlIGhlbHBlZCB0aGVtIG91dCBhIGJpdCBpbiB0aGUgcGFzdCwgYW5kIEkgdGhpbmsgSSBjb3VsZCBlcmFzZSB0aGF0IG1hcmsgYWdhaW5zdCB5b3UuCkl0IHdvdWxkIGJlIGxpa2UgeW91IG5ldmVyIGhlbHBlZCB0aGVtIG91dCBvbiB0aGVpciBeMDBDQzAwR29kbHkgU2VhbCBRdWVzdHNeMDAwMDAwLg==,,,,,W0RldmlydWNoaV0KQmVtLCBzYWJlIGFxdWVsZXMgZGV1c2VzIGlycml0YW50ZXMgcXVlIGludGVyZmVyZW0gbm8gbXVuZG8gbyB0ZW1wbyB0b2RvPwpQb3NzbyBkaXplciBxdWUgdm9jw6ogb3MgYWp1ZG91IHVtIHBvdWNvIG5vIHBhc3NhZG8gZSBhY2hvIHF1ZSBwb3NzbyBhcGFnYXIgZXNzYSBtYXJjYSBjb250cmEgdm9jw6ouClNlcmlhIGNvbW8gc2Ugdm9jw6ogbnVuY2Egb3MgdGl2ZXNzZSBhanVkYWRvIGVtIHN1YXMgXjAwQ0MwMEdvZGx5IFNlYWwgUXVlc3RzXjAwMDAwMC4=,,W0RldmlydWNoaV0KQnVlbm8sIMK/Y29ub2NlcyBhIGVzb3MgbW9sZXN0b3MgZGlvc2VzIHF1ZSBpbnRlcmZpZXJlbiBlbiBlbCBtdW5kbyB0b2RvIGVsIHRpZW1wbz8KUHVlZG8gZGVjaXIgcXVlIGxvcyBoYXMgYXl1ZGFkbyB1biBwb2NvIGVuIGVsIHBhc2FkbywgeSBjcmVvIHF1ZSBwb2Ryw61hIGJvcnJhciBlc2EgbWFyY2EgZW4gdHUgY29udHJhLgpTZXLDrWEgY29tbyBzaSBudW5jYSBsZXMgaHViaWVyYXMgYXl1ZGFkbyBlbiBzdXMgXjAwQ0MwMENvbnN1bHRhcyBkZWwgU2VsbG8gRGl2aW5vXjAwMDAwMC4=
yiaIAQ,,XkNDMDAwME5haCBJJ20gZmluZV4wMDAwMDA=,,,,,XkNDMDAwMEVzdG91IGJlbV4wMDAwMDA=,,e05vLCBlc3RveSBiaWVuLg==
yyaIAQ,,XjAwMDBDQ1Jlc2V0IFBlc2t5IFNlYWxzIHF1ZXN0XjAwMDAwMA==,,,,,XjAwMDBDQ01pc3PDo28gJydSZXNldCBQZXNreSBTZWFscycnXjAwMDAwMA==,,XjAwMDBDQ1JlaW5pY2lhciBiw7pzcXVlZGEgZGUgRm9jYXMgTW9sZXN0YXNeMDAwMDAw
zCaIAQ,,W0RldmlydWNoaV0KWW91IGFyZSBzbyBpbmRlY2lzaXZlLi4KTWF5YmUgeW91IHNob3VsZCB0cnkgbWFycmlhZ2Uu,,,,,W0RldmlydWNoaV0KVm9jw6ogw6kgdMOjbyBpbmRlY2lzYS4uLgpUYWx2ZXogdm9jw6ogZGV2ZXNzZSB0ZW50YXIgbyBjYXNhbWVudG8u,,W0RldmlydWNoaV0KRXJlcyB0YW4gaW5kZWNpc2EgLi4KVGFsIHZleiBkZWJlcsOtYXMgaW50ZW50YXIgZWwgbWF0cmltb25pby4=
zSaIAQ,,W0RldmlydWNoaV0KSSdtIHN1cmUgSSB3b24ndCByZWdyZXQgeW91ciBkZWNpc2lvbi4KSSdtIGdvaW5nIHRvIGVhdCAxIF4wMENDMDBSZXNldCBTdG9uZV4wMDAwMDAgbm93IGFuZCBlcmFzZSB5b3VyIF5DQzAwMDBHb2RseSBTZWFsIFF1ZXN0c14wMDAwMDAgbm93LgpZb3UgY2FuIHRoZW4gdHJ5IHRvIGhlbHAgcmVsZWFzZSB0aGUgR29kbHkgc2VhbHMgYWdhaW4uLiBpZiB0aGF0IGlzIHdoYXQgeW91ciBjb25mdXNlZCBtaW5kIHRoaW5na3MgaXQgd2FudHMgYW55d2F5cy4=,,,,,W0RldmlydWNoaV0KVGVuaG8gY2VydGV6YSBkZSBxdWUgbsOjbyBtZSBhcnJlcGVuZGVyZWkgZGUgc3VhIGRlY2lzw6NvLgpWb3UgY29tZXIgMSBeMDBDQzAwUGVkcmEgZGUgUmVpbmljaWFsaXphw6fDo29eMDAwMDAwIGFnb3JhIGUgYXBhZ2FyIHN1YXMgXkNDMDAwME1pc3PDtWVzIGRlIFNlbG9zIERpdmlub3NeMDAwMDAwIGFnb3JhLgpEZXBvaXMsIHZvY8OqIHBvZGUgdGVudGFyIGFqdWRhciBhIGxpYmVyYXIgb3Mgc2Vsb3MgZGl2aW5vcyBub3ZhbWVudGUuLi4gc2Ugw6kgaXNzbyBxdWUgc3VhIG1lbnRlIGNvbmZ1c2EgYWNoYSBxdWUgcXVlciwgZGUgcXVhbHF1ZXIgZm9ybWEu,,W0RldmlydWNoaV0KRXN0b3kgc2VndXJvIGRlIHF1ZSBubyBtZSBhcnJlcGVudGlyw6kgZGUgdHUgZGVjaXNpw7NuLgpWb3kgYSBjb21lciAxIF4wMENDMDBQaWVkcmEgZGUgUmVpbmljaW9eMDAwMDAwIGFob3JhIHkgYm9ycmFyw6kgdHVzIF5DQzAwMDBDb25zdWx0YXMgZGUgU2VsbG9zIERpdmlub3NeMDAwMDAwIGFob3JhLgpFbnRvbmNlcyBwdWVkZXMgaW50ZW50YXIgYXl1ZGFyIGEgbGliZXJhciBsb3MgU2VsbG9zIERpdmlub3MgZGUgbnVldm8uLi4gc2kgZXNvIGVzIGxvIHF1ZSB0dSBtZW50ZSBjb25mdXNhIGNyZWUgcXVlIHF1aWVyZS4=
ziaIAQ,,Tk9PT08=,,,,,TsODT09PTw==,,Tk9PT08=
zyaIAQ,,QWhoIFBsZWFzZSBkbw==,,,,,QWhoIFBvciBmYXZvciwgZmHDp2E=,,QWhoIFBvciBmYXZvcg==
0CaIAQ,,W0RldmlydWNoaV0KRGVsaWNpb3VzIQ==,,,,,W0RldmlydWNoaV0KRGVsaWNpb3NvIQ==,,W0RldmlydWNoaV0KwqFEZWxpY2lvc28h
0SaIAQ,,W0RldmlydWNoaV0KV2hlcmUgZGlkIGl0IGdvPw==,,,,,W0RldmlydWNoaV0KUGFyYSBvbmRlIGVsZSBmb2k/,,W0RldmlydWNoaV0Kwr9BIGTDs25kZSBmdWU/
0iaIAQ,,W0RldmlydWNoaV0KT2YgQ291cnNlIGV2ZXJ5b25lIHdhbnRzIG15IGhlbHAuCllvdSB3b3VsZG4ndCBiZSBhIHNxdWlzaHkgYmlwZWQgaWYgeW91IGRpZG4ndC4KQnV0IGZvciBtZSB0byByZW1vdmUgdGhlIEdvZGx5IFNlYWxzIGNvbnRhbWluYXRpb24gb2YgeW91ciBzb3VsLCBJIG5lZWQgYSAnXjAwQ0MwMFJlc2V0IFN0b25lXjAwMDAwMCc=,,,,,W0RldmlydWNoaV0Kw4kgY2xhcm8gcXVlIHRvZG8gbXVuZG8gcXVlciBtaW5oYSBhanVkYS4KVm9jw6ogbsOjbyBzZXJpYSB1bSBiw61wZWRlIG1vbGUgc2UgbsOjbyBxdWlzZXNzZS4KTWFzIHBhcmEgcXVlIGV1IHBvc3NhIHJlbW92ZXIgYSBjb250YW1pbmHDp8OjbyBkZSBzdWEgYWxtYSBwZWxvcyBTZWxvcyBEaXZpbm9zLCBwcmVjaXNvIGRlIHVtYSAnJ1BlZHJhIGRlIFJlaW5pY2lhbGl6YcOnw6NvXjAwMDAwMA==,,W0RldmlydWNoaV0KUG9yIHN1cHVlc3RvIHF1ZSB0b2RvcyBxdWllcmVuIG1pIGF5dWRhLgpObyBzZXLDrWFzIHVuIGLDrXBlZG8gYmxhbmRvIHNpIG5vIGZ1ZXJhIGFzw60uClBlcm8gcGFyYSBxdWl0YXIgbGEgY29udGFtaW5hY2nDs24gZGUgbG9zIFNlbGxvcyBEaXZpbm9zIGRlIHR1IGFsbWEsIG5lY2VzaXRvIHVuYSAnXjAwQ0MwMFBpZWRyYSBkZSBSZXN0YWJsZWNpbWllbnRvXjAwMDAwMCcu
0yaIAQ,,W0RldmlydWNoaV0KSSBzZWUgdGhlIF4wMENDMDBLYWZyYSBnYWxzIHNlbGxeMDAwMDAwIGFuIHVudHJhZGFibGUgUmVzZXQgU3RvbmUsIGFuZCBJIGFsc28gc2VlIGxvdHMgb2YgQWR2ZW50dXJlcnMgdmVuZGluZyB0cmFkYWJsZSBib3hlcyBvZiB0aGVtIGZyb20gXjAwMDBDQ1BsYXlzcGFuIV4wMDAwMDA=,,,,,W0RldmlydWNoaV0KVmVqbyBhcyBnYXJvdGFzIGRhIF4wMENDMDBLYWZyYSB2ZW5kZW5kb14wMDAwMDAgdW1hIFBlZHJhIGRlIFJlaW5pY2lhbGl6YcOnw6NvIHF1ZSBuw6NvIHBvZGUgc2VyIG5lZ29jaWFkYSwgZSB0YW1iw6ltIHZlam8gbXVpdG9zIEF2ZW50dXJlaXJvcyB2ZW5kZW5kbyBjYWl4YXMgbmVnb2Npw6F2ZWlzIGRhIF4wMDAwQ0NQbGF5c3BhbiFeMDAwMDAw,,W0RldmlydWNoaV0KVmVvIGEgbGFzIGNoaWNhcyBkZSBeMDBDQzAwS2FmcmEgdmVuZGVyXjAwMDAwMCB1bmEgUGllZHJhIGRlIFJlaW5pY2lvIG5vIGNvbWVyY2lhYmxlLCB5IHRhbWJpw6luIHZlbyBhIG11Y2hvcyBBdmVudHVyZXJvcyB2ZW5kaWVuZG8gY2FqYXMgY29tZXJjaWFibGVzIGRlIGVsbGFzIGRlIF4wMDAwQ0PCoVBsYXlzcGFuIV4wMDAwMDA=
1CaIAQ,,UGFzc3dvcmQgUGxlYXNl,,,,,U2VuaGEsIHBvciBmYXZvcg==,,Q29udHJhc2XDsWE=
1SaIAQ,,V2hhdCBkbyB5b3Ugd2FudCB0byBkbz8=,,,,,TyBxdWUgdm9jw6ogcXVlciBmYXplcj8=,,wr9RdcOpIHF1aWVyZXMgaGFjZXI/
1iaIAQ,,VHVybiBOUEMgT04=,,,,,QXRpdmFyIG8gTlBD,,QWN0aXZhciBOUEM=
1yaIAQ,,VHVybiBOUEMgT0ZG,,,,,RGVzbGlnYXIgbyBOUEM=,,RGVzYWN0aXZhciBOUEM=
2CaIAQ,,Q2FuY2Vs,,,,,Q2FuY2VsYXI=,,Q2FuY2VsYXI=
2SaIAQ,,V3JvbmcgcGFzc3dvcmQu,,,,,U2VuaGEgaW5jb3JyZXRhLg==,,Q29udHJhc2XDsWEgaW5jb3JyZWN0YS4=
