wEXmBA,,TGk=,,,,,TGk=,,
wUXmBA,,W0xpXQpIbW0sIGFyZSB5b3Ugc3VyZSB5b3Ugc2hvdWxkIGJlIGZpZ2h0aW5nIGhlcmU/ClRoZXNlIG1vbnN0ZXJzIHNlZW0gdG91Z2ggZm9yIHNvbWVvbmUgb2YgeW91ciBsZXZlbC4=,,,,,W0xpXQpIbW0sIGFyZSB5b3Ugc3VyZSB5b3Ugc2hvdWxkIGJlIGZpZ2h0aW5nIGhlcmU/ClRoZXNlIG1vbnN0ZXJzIHNlZW0gdG91Z2ggZm9yIHNvbWVvbmUgb2YgeW91ciBsZXZlbC4=,,
wkXmBA,,W0xpXQpIZXksIHlvdSB0aGVyZS4gWWVhaCB5b3UhCkRvIHlvdSB0aGluayB5b3UgY2FuIGhlbHAgbWUgd2l0aCBzb21ldGhpbmc/,,,,,W0xpXQpIZXksIHlvdSB0aGVyZS4gWWVhaCB5b3UhCkRvIHlvdSB0aGluayB5b3UgY2FuIGhlbHAgbWUgd2l0aCBzb21ldGhpbmc/,,
w0XmBA,,U3VyZQ==,,,,,U3VyZQ==,,
xEXmBA,,Tm8=,,,,,Tm8=,,
xUXmBA,,W0xpXQpUaG9zZSBEb2tlYmkncyBoYXZlIGJlZW4gYmxvY2tpbmcgbXkgZm9ydHVuZSB0ZWxsaW5nIGFiaWxpdGllcyBzb21laG93LCBkbyB5b3UgdGhpbmsgeW91IGNhbiBodW50IHRoZW0gZm9yIG1lIHNvIHRoYXQgSSBjYW4gY29udGludWUgd2l0aCBteSBmb3J0dW5lIHRlbGxpbmc/,,,,,W0xpXQpUaG9zZSBEb2tlYmkncyBoYXZlIGJlZW4gYmxvY2tpbmcgbXkgZm9ydHVuZSB0ZWxsaW5nIGFiaWxpdGllcyBzb21laG93LCBkbyB5b3UgdGhpbmsgeW91IGNhbiBodW50IHRoZW0gZm9yIG1lIHNvIHRoYXQgSSBjYW4gY29udGludWUgd2l0aCBteSBmb3J0dW5lIHRlbGxpbmc/,,
xkXmBA,,U3VyZS4=,,,,,U3VyZS4=,,
x0XmBA,,Tm8gdGhhbmtzLg==,,,,,Tm8gdGhhbmtzLg==,,
yEXmBA,,W0xpXQpUaGFuayB5b3UuCkhvdyBtYW55IHdvdWxkIHlvdSBsaWtlIHRvIGtpbGw/,,,,,W0xpXQpUaGFuayB5b3UuCkhvdyBtYW55IHdvdWxkIHlvdSBsaWtlIHRvIGtpbGw/,,
yUXmBA,,NTAgRG9rZWJp,,,,,NTAgRG9rZWJp,,
ykXmBA,,MTAwIERva2ViaQ==,,,,,MTAwIERva2ViaQ==,,
y0XmBA,,MTUwIERva2ViaQ==,,,,,MTUwIERva2ViaQ==,,
zEXmBA,,W0xpXQpJIHRoaW5rIGlmIHlvdSBjYW4ga2lsbCA1MCBvZiB0aGVtLCBJIHdpbGwgYmUgc2FmZSBlbm91Z2ggdG8gZ2V0IHRocm91Z2gu,,,,,W0xpXQpJIHRoaW5rIGlmIHlvdSBjYW4ga2lsbCA1MCBvZiB0aGVtLCBJIHdpbGwgYmUgc2FmZSBlbm91Z2ggdG8gZ2V0IHRocm91Z2gu,,
zUXmBA,,W0xpXQpJIHRoaW5rIGlmIHlvdSBjYW4ga2lsbCAxMDAgb2YgdGhlbSwgSSB3aWxsIGJlIHNhZmUgZW5vdWdoIHRvIGdldCB0aHJvdWdoLg==,,,,,W0xpXQpJIHRoaW5rIGlmIHlvdSBjYW4ga2lsbCAxMDAgb2YgdGhlbSwgSSB3aWxsIGJlIHNhZmUgZW5vdWdoIHRvIGdldCB0aHJvdWdoLg==,,
zkXmBA,,W0xpXQpJIHRoaW5rIGlmIHlvdSBjYW4ga2lsbCAxNTAgb2YgdGhlbSwgSSB3aWxsIGJlIHNhZmUgZW5vdWdoIHRvIGdldCB0aHJvdWdoLg==,,,,,W0xpXQpJIHRoaW5rIGlmIHlvdSBjYW4ga2lsbCAxNTAgb2YgdGhlbSwgSSB3aWxsIGJlIHNhZmUgZW5vdWdoIHRvIGdldCB0aHJvdWdoLg==,,
z0XmBA,,W0xpXQpJZiB5b3UgY2hhbmdlIHlvdXIgbWluZCwgcGxlYXNlIGNvbWUgYmFjay4=,,,,,W0xpXQpJZiB5b3UgY2hhbmdlIHlvdXIgbWluZCwgcGxlYXNlIGNvbWUgYmFjay4=,,
0EXmBA,,W0xpXQpXb3csIHlvdSdyZSBzdHJvbmcuIE1heWJlIHRvbyBzdHJvbmcgdG8gaGVscCBtZSB3aXRoIG15IHNpbXBsZSB0YXNrLg==,,,,,W0xpXQpXb3csIHlvdSdyZSBzdHJvbmcuIE1heWJlIHRvbyBzdHJvbmcgdG8gaGVscCBtZSB3aXRoIG15IHNpbXBsZSB0YXNrLg==,,
0UXmBA,,W0xpXQpIYXZlIHlvdSBmaW5pc2hlZCBodW50aW5nIHRoZSA1MCBEb2tlYmk/,,,,,W0xpXQpIYXZlIHlvdSBmaW5pc2hlZCBodW50aW5nIHRoZSA1MCBEb2tlYmk/,,
0kXmBA,,WWVz,,,,,WWVz,,
00XmBA,,SSB3YW50IHRvIHF1aXQ=,,,,,SSB3YW50IHRvIHF1aXQ=,,
1EXmBA,,W0xpXQpIbW0sIEkgZG9uJ3QgdGhpbmsgeW91J3ZlIGh1bnRlZCA1MCB5ZXQuLi4=,,,,,W0xpXQpIbW0sIEkgZG9uJ3QgdGhpbmsgeW91J3ZlIGh1bnRlZCA1MCB5ZXQuLi4=,,
1UXmBA,,W0xpXQpQbGVhc2Uga2lsbCA1MCBEb2tlYmkgc28gSSBjYW4gd2FsayB0aHJvdWdoLg==,,,,,W0xpXQpQbGVhc2Uga2lsbCA1MCBEb2tlYmkgc28gSSBjYW4gd2FsayB0aHJvdWdoLg==,,
1kXmBA,,W0xpXQpBcmUgeW91IHN1cmUgdGhhdCB5b3Ugd2FudCB0byBzdG9wIGh1bnRpbmc/CkFueSBwcm9ncmVzcyB0aGF0IHlvdSd2ZSBtYWRlIHdpbGwgYmUgZXJhc2VkLg==,,,,,W0xpXQpBcmUgeW91IHN1cmUgdGhhdCB5b3Ugd2FudCB0byBzdG9wIGh1bnRpbmc/CkFueSBwcm9ncmVzcyB0aGF0IHlvdSd2ZSBtYWRlIHdpbGwgYmUgZXJhc2VkLg==,,
10XmBA,,W0xpXQpPayB0aGVuLCB3ZWxsIGNvbWUgYmFjayBoZXJlIGlmIHlvdSBjaGFuZ2UgeW91ciBtaW5kLg==,,,,,W0xpXQpPayB0aGVuLCB3ZWxsIGNvbWUgYmFjayBoZXJlIGlmIHlvdSBjaGFuZ2UgeW91ciBtaW5kLg==,,
2EXmBA,,W0xpXQpPaCB0aGFuayB5b3UgdmVyeSBtdWNoLgpOb3cgSSBjYW4gd2FsayB0aHJvdWdoIHdpdGhvdXQgd29ycnlpbmcgYWJvdXQgYmVpbmcgYXR0YWNrZWQu,,,,,W0xpXQpPaCB0aGFuayB5b3UgdmVyeSBtdWNoLgpOb3cgSSBjYW4gd2FsayB0aHJvdWdoIHdpdGhvdXQgd29ycnlpbmcgYWJvdXQgYmVpbmcgYXR0YWNrZWQu,,
2UXmBA,,W0xpXQpIYXZlIHlvdSBmaW5pc2hlZCBodW50aW5nIHRoZSAxMDAgRG9rZWJpPw==,,,,,W0xpXQpIYXZlIHlvdSBmaW5pc2hlZCBodW50aW5nIHRoZSAxMDAgRG9rZWJpPw==,,
2kXmBA,,W0xpXQpIbW0sIEkgZG9uJ3QgdGhpbmsgeW91J3ZlIGh1bnRlZCAxMDAgeWV0Li4u,,,,,W0xpXQpIbW0sIEkgZG9uJ3QgdGhpbmsgeW91J3ZlIGh1bnRlZCAxMDAgeWV0Li4u,,
20XmBA,,W0xpXQpQbGVhc2Uga2lsbCAxMDAgRG9rZWJpIHNvIEkgY2FuIHdhbGsgdGhyb3VnaC4=,,,,,W0xpXQpQbGVhc2Uga2lsbCAxMDAgRG9rZWJpIHNvIEkgY2FuIHdhbGsgdGhyb3VnaC4=,,
3EXmBA,,W0xpXQpIYXZlIHlvdSBmaW5pc2hlZCBodW50aW5nIHRoZSAxNTAgRG9rZWJpPw==,,,,,W0xpXQpIYXZlIHlvdSBmaW5pc2hlZCBodW50aW5nIHRoZSAxNTAgRG9rZWJpPw==,,
3UXmBA,,W0xpXQpIbW0sIEkgZG9uJ3QgdGhpbmsgeW91J3ZlIGh1bnRlZCAxNTAgeWV0Li4u,,,,,W0xpXQpIbW0sIEkgZG9uJ3QgdGhpbmsgeW91J3ZlIGh1bnRlZCAxNTAgeWV0Li4u,,
3kXmBA,,W0xpXQpQbGVhc2Uga2lsbCAxNTAgRG9rZWJpIHNvIEkgY2FuIHdhbGsgdGhyb3VnaC4=,,,,,W0xpXQpQbGVhc2Uga2lsbCAxNTAgRG9rZWJpIHNvIEkgY2FuIHdhbGsgdGhyb3VnaC4=,,
30XmBA,,RG9rZWJpIEFkbWlu,,,,,RG9rZWJpIEFkbWlu,,
4EXmBA,,W0Rva2ViaSBBZG1pbl0KUGxlYXNlIGVudGVyIHRoZSBwYXNzd29yZA==,,,,,W0Rva2ViaSBBZG1pbl0KUGxlYXNlIGVudGVyIHRoZSBwYXNzd29yZA==,,
4UXmBA,,RG9rZWJpIEh1bnQgT04=,,,,,RG9rZWJpIEh1bnQgT04=,,
4kXmBA,,RG9rZWJpIEh1bnQgT0ZG,,,,,RG9rZWJpIEh1bnQgT0ZG,,
40XmBA,,Q2FuY2Vs,,,,,Q2FuY2Vs,,
5EXmBA,,W0Rva2ViaSBBZG1pbl0KVGhlIERva2ViaSBIdW50IHdpbGwgbm93IGJlIHR1cm5lZCBPTi4=,,,,,W0Rva2ViaSBBZG1pbl0KVGhlIERva2ViaSBIdW50IHdpbGwgbm93IGJlIHR1cm5lZCBPTi4=,,
5UXmBA,,W0Rva2ViaSBBZG1pbl0KVGhlIERva2ViaSBIdW50IHdpbGwgbm93IGJlIHR1cm5lZCBPRkYu,,,,,W0Rva2ViaSBBZG1pbl0KVGhlIERva2ViaSBIdW50IHdpbGwgbm93IGJlIHR1cm5lZCBPRkYu,,
5kXmBA,,W0Rva2ViaSBBZG1pbl0KSW5jb3JyZWN0IFBhc3N3b3JkLg==,,,,,W0Rva2ViaSBBZG1pbl0KSW5jb3JyZWN0IFBhc3N3b3JkLg==,,
