QAUoAQ,,Rm9yZWlnbiBNZXJjaGFudA==,,,,,TWVyY2Fkb3IgRXN0cmFuZ2Vpcm8=,,Q29tZXJjaWFudGUgZXh0cmFuamVybw==
QQUoAQ,,W0ZvcmVpZ24gTWVyY2hhbnRdCipQYW50IFBhbnQqCk1hbiwgSSB0aGluayBJJ20gZ29pbmcKdG8gZGllIGZyb20gYWxsIHRoaXMgaGVhdCE=,,,,,W01lcmNhZG9yIGVzdHJhbmdlaXJvXQoqUmVzcGlyYcOnw6NvIG9mZWdhbnRlKgpDYXJhLCBhY2hvIHF1ZSB2b3UKbW9ycmVyIGNvbSB0b2RvIGVzc2UgY2Fsb3Ih,,W0NvbWVyY2lhbnRlIGV4dHJhbmplcm9dCipKYWRlYSoKwqFDaWVsb3MsIGNyZW8gcXVlIG1lIHZveQphIG1vcmlyIGRlIHRhbnRvIGNhbG9yIQ==
QgUoAQ,,W0ZvcmVpZ24gTWVyY2hhbnRdCkkgbmV2ZXIgdGhvdWdodCB0aGUgZGVzZXJ0CndvdWxkIGJlIHRoaXMgaG90ISBUaGV5IGJ1aWx0CmEgdG93biBoZXJlPyEgSG93IGNhbiB0aGV5IGNhbGwKdGhpcyBwbGFjZSBpbmhhYml0YWJsZSEgV2hhdCdzCm1vcmUsIHRoZSBjcm93ZHMgbWFrZSB0aGluZ3MKYXJvdW5kIGhlcmUgc28gbXVjaCBob3R0ZXIh,,,,,W01lcmNhZG9yIGVzdHJhbmdlaXJvXS4KTnVuY2EgcGVuc2VpIHF1ZSBvIGRlc2VydG8KZm9zc2UgdMOjbyBxdWVudGUhIEUgYWluZGEgY29uc3RydcOtcmFtCnVtYSBjaWRhZGUgYXF1aT8hIENvbW8gcG9kZW0gY2hhbWFyCmVzdGUgbHVnYXIgZGUgaGFiaXTDoXZlbD8hCkFsw6ltIGRpc3NvLCBhcyBtdWx0aWTDtWVzIHRvcm5hbSBhcyBjb2lzYXMKbXVpdG8gbWFpcyBxdWVudGVzIHBvciBhcXVpIQ==,,W0NvbWVyY2lhbnRlIGV4dHJhbmplcm9dCsKhTnVuY2EgcGVuc8OpIHF1ZSBlbiBlbCBkZXNpZXJ0bwpoYWPDrWEgdGFudG8gY2Fsb3IhIMKhwr9ZIGNvbnN0cnV5ZXJvbgp1biBwdWVibG8gYXF1w60/ISDCv0PDs21vIHB1ZWRlbiBkZWNpcgpxdWUgZXMgdW4gbHVnYXIgaGFiaXRhYmxlPyDCoUxvIHBlb3IKZXMgcXVlIGxhIG11bHRpdHVkIGhhY2UgcXVlCnNlYSBtdWNobyBtw6FzIGNhbHVyb3NvIQ==
QwUoAQ,,W0ZvcmVpZ24gTWVyY2hhbnRdCkkgaGVhcmQgdGhhdCBJIGNvdWxkIG1ha2UKYSBraWxsaW5nIGluIE1vcnJvYywgd2hpY2ggaXMKd2h5IEkgbW92ZWQgbXkgYnVzaW5lc3MgaGVyZS4KQnV0IGl0IGxvb2tzIGxpa2UgdGhlIHdlYXRoZXIKaXMgZ29pbmcgdG8ga2lsbCBtZSBmaXJzdCE=,,,,,W0NvbWVyY2lhbnRlIGVzdHJhbmdlaXJvXS4KT3V2aSBkaXplciBxdWUgZXUgcG9kZXJpYSBmYXplcgp1bWEgZm9ydHVuYSBlbSBNb3Jyb2MsIGUgZm9pCnBvciBpc3NvIHF1ZSBtdWRlaSBtZXVzIG5lZ8OzY2lvcyBwYXJhIGPDoS4KTWFzIHBhcmVjZSBxdWUgbyBjbGltYQp2YWkgbWUgbWF0YXIgcHJpbWVpcm8h,,W0NvbWVyY2lhbnRlIGV4dHJhbmplcm9dCk/DrSBxdWUgcG9kw61hIGhhY2VyCnVuYSBmb3J0dW5hIGVuIE1vcnJvYywgZXMgcG9yIGVzbwpxdWUgdHJhc2xhZMOpIG1pIG5lZ29jaW8gYXF1w60uCsKhUGVybyBwYXJlY2UgcXVlIGVsIGNsaW1hCm1lIG1hdGFyw6EgYW50ZXMh
RAUoAQ,,SG93IGRpZCB5b3UgaGVhciBvZiBNb3Jyb2M/,,,,,Q29tbyB2b2PDqiBmaWNvdSBzYWJlbmRvIGRlIE1vcnJvYz8=,,wr9Dw7NtbyBzdXBpc3RlIGRlIE1vcnJvYz8=
RQUoAQ,,W0ZvcmVpZ24gTWVyY2hhbnRdCkkuLi4gSSBqdXN0IHRvbGQgeW91LgpJIGhlYXJkIHRoYXQgTW9ycm9jIGlzCmZ1bGwgY3VzdG9tZXJzIHdpbGxpbmcgdG8KYnV5IHRoaW5ncyBhdCBwcmVtaXVtIHByaWNlcy4KVWdoLCBidXQgaXQncyBydWluZWQgYW5kIHNjb3JjaGluZyE=,,,,,W01lcmNhZG9yIGVzdHJhbmdlaXJvXS4KRXUuLi4gQWNhYmVpIGRlIHRlIGNvbnRhci4KTWUgZmFsYXJhbSBxdWUgTW9ycm9jIGVzdGF2YQpjaGVpbyBkZSBjbGllbnRlcyBkaXNwb3N0b3MgYQpjb21wcmFyIGNvaXNhcyBhIHByZcOnb3MgYWx0b3MuClVnaCwgbWFzIGVzdMOhIGFycnVpbmFkbyBlIGVzY2FsZGFudGUh,,W0NvbWVyY2lhbnRlIGV4dHJhbmplcm9dCllv4oCmIFRlIGxvIGFjYWJvIGRlIGRlY2lyLgpFc2N1Y2jDqSBxdWUgTW9ycm9jCmVzdGFiYSBsbGVubyBkZSBjbGllbnRlcyBkaXNwdWVzdG9zCmEgY29tcHJhciBjb3NhcyBhIHByZWNpb3MgZWxldmFkb3MuCsKhVWYhIMKhUGVybyBlc3TDoSBlbiBydWluYXMgeSBoYWNlIG11Y2hvIGNhbG9yIQ==
RgUoAQ,,W0ZvcmVpZ24gTWVyY2hhbnRdCkkgZG9uJ3QgZXZlbiBjYXJlIGFib3V0IG1ha2luZwptb25leSBhbnltb3JlISBJIGp1c3Qgd2FudCB0bwpiZSBzb21ld2hlcmUgY29vbCwgZHJpbmtpbmcKYSBuaWNlLCBmcm9zdHkgZHJpbmshIFlvdSBrbm93LApJIG1pZ2h0IGp1c3QgbGVhdmUgdGhpcyB0b3duCnRvbW9ycm93LiBGb3JnZXQgdGhpcyBkZXNlcnQh,,,,,W01lcmNhZG9yIGVzdHJhbmdlaXJvXS4KRXUgbmVtIG1lIGltcG9ydG8gbWFpcyBlbSBnYW5oYXIKZGluaGVpcm8hIEV1IHPDsyBxdWVybwplc3RhciBlbSBhbGd1bSBsdWdhciBsZWdhbCwgYmViZW5kbwp1bWEgYmViaWRhIGJlbSBnZWxhZGEhIFF1ZXIgc2FiZXIsCnRhbHZleiBldSBkZWl4ZSBlc3RhIGNpZGFkZQphbWFuaMOjLiBEYW5lLXNlIGVzdGUgZGVzZXJ0byE=,,W0NvbWVyY2lhbnRlIGV4dHJhbmplcm9dCsKhWWEgbmkgc2lxdWllcmEgbWUgaW1wb3J0YQpoYWNlciBkaW5lcm8hIMKhU29sbyBxdWllcm8KZXN0YXIgZW4gdW4gc2l0aW8gZnJlc2NvLCB0b21hbmRvCnVuYSByaWNhIGJlYmlkYSBoZWxhZGEhIMK/U2FiZXM/LAp0YWwgdmV6IG1lIHZheWEgZGUgZXN0YSBjaXVkYWQKbWHDsWFuYS4gwqFBbCBkaWFibG8gY29uIGVzdGUgZGVzaWVydG8h
RwUoAQ,,W0ZvcmVpZ24gTWVyY2hhbnRdCkFoLCB0aGF0J3MgcmlnaHQuIERvbid0IHRoZXkKc2VsbCBzb21lIHN3ZWV0LCBoZWF2ZW5seQpkcmluayBhcm91bmQgaGVyZT8gWW91IGtub3csCnRoZSBvYXNpcyBhcm91bmQgaGVyZS4gQmVmb3JlIEkgbGVhdmUsCkkgd2FudCB0byB0YXN0ZSB0aGF0IGRyaW5rLi4u,,,,,W01lcmNhZG9yIGVzdHJhbmdlaXJvXS4KQWgsIMOpIG1lc21vLiBFbGVzIG7Do28KdmVuZGVtIHVtYSBiZWJpZGEgZG9jZSBlIGNlbGVzdGlhbApwb3IgYXF1aT8gU2FiZSwKbyBvw6FzaXMgcXVlIHRlbSBwb3IgYXF1aS4gQW50ZXMgZGUgZXUgaXIgZW1ib3JhLApxdWVybyBwcm92YXIgZXNzYSBiZWJpZGEuLi4=,,W0NvbWVyY2lhbnRlIGV4dHJhbmplcm9dCkFoLCBjaWVydG8uIMK/QWNhc28gbm8KdmVuZGVuIHVuYSBiZWJpZGEgZHVsY2UKeSBjZWxlc3RpYWwgcG9yIGFxdcOtPyDCv1NhYmVzPywKZW4gZWwgb2FzaXMgZGUgcG9yIGFxdcOtLiBBbnRlcyBkZSBpcm1lLApxdWllcm8gcHJvYmFyIGVzYSBiZWJpZGHigKY=
SAUoAQ,,W0ZvcmVpZ24gTWVyY2hhbnRdClNheSwgaXNuJ3QgdGhlcmUgYSB3YW5kZXJpbmcKZHJpbmsgbWVyY2hhbnQgbmVhciB0aGUgb2FzaXMuIE9oLAp3aGF0IEkgd291bGQgZG8gdG8gaGF2ZSB0aGF0CmRlbGljaW91cyBkcmluayBoZSdzIHNlbGxpbmcuLi4=,,,,,W01lcmNhZG9yIGVzdHJhbmdlaXJvXQpEaWdhLCBuw6NvIGjDoSB1bSB2ZW5kZWRvciBkZSBiZWJpZGFzCiBlcnJhbnRlIHBlcnRvIGRvIG/DoXNpcz8gQWgsCmV1IGZhcmlhIHF1YWxxdWVyIGNvaXNhIHBhcmEgdG9tYXIgYXF1ZWxhCmJlYmlkYSBkZWxpY2lvc2EgcXVlIGVsZSBlc3TDoSB2ZW5kZW5kby4uLg==,,W0NvbWVyY2lhbnRlIGV4dHJhbmplcm9dCkRpbWUsIMK/bm8gaGF5IHVuIGNvbWVyY2lhbnRlCmFtYnVsYW50ZSBkZSBiZWJpZGFzIGNlcmNhIGRlbCBvYXNpcz8gQXksCmxvIHF1ZSBkYXLDrWEgcG9yIHRlbmVyCmVzYSBkZWxpY2lvc2EgYmViaWRhIHF1ZSB2ZW5kZeKApg==
SQUoAQ,,W0ZvcmVpZ24gTWVyY2hhbnRdCk9oLCB0aGUgaGVhdCdzIGdldHRpbmcgdG8gbWUuLi4KQW5kIEknbSBydW5uaW5nIG91dCBvZiBzd2VhdAp0byBzd2VhdC4uLiBJIHRoaW5rIEknbSBnb2luZwp0byBmYWludCBzb29uISBJIG5lZWQgYSBkcmluayE=,,,,,W01lcmNhZG9yIGVzdHJhbmdlaXJvXQpBaCwgbyBjYWxvciBlc3TDoSBtZSBtYXRhbmRvLi4uCkUgZXN0b3UgZmljYW5kbyBzZW0gc3VvcgpwYXJhIHN1YXIuLi4gQWNobyBxdWUgdm91CmRlc21haWFyIGVtIGJyZXZlISBQcmVjaXNvIGRlIHVtYSBiZWJpZGEh,,W0NvbWVyY2lhbnRlIGV4dHJhbmplcm9dCkF5LCBlbCBjYWxvciBtZSBlc3TDoSBhZmVjdGFuZG/igKYKWSBjYXNpIG5vIG1lIHF1ZWRhIHN1ZG9yCnBhcmEgc3VkYXLigKYgwqFDcmVvIHF1ZSB2b3kKYSBkZXNtYXlhcm1lIHByb250byEgwqFOZWNlc2l0byB1biB0cmFnbyE=
SgUoAQ,,W0ZvcmVpZ24gTWVyY2hhbnRdCipQYW50IFBhbnQqCipTd2VhdCo=,,,,,W01lcmNhZG9yIGVzdHJhbmdlaXJvXQoqUmVzcGlyYcOnw6NvIE9mZWdhbnRlKgoqU3Vvcio=,,W0NvbWVyY2lhbnRlIGV4dHJhbmplcm9dCipKYWRlYSoKKlN1ZGEq
SwUoAQ,,R2l2ZSBGcnVpdCBXaW5l,,,,,RMOqIFZpbmhvIGRlIEZydXRhcw==,,T2ZyZWNlcmxlIFZpbm8gZGUgZnJ1dGFzLg==
TAUoAQ,,UXVpZXRseSBXYXRjaCBIaW0=,,,,,T2JzZXJ2ZS1vIGVtIFNpbMOqbmNpbw==,,T2JzZXJ2YXJsbyBlbiBzaWxlbmNpby4=
TQUoAQ,,W0ZvcmVpZ24gTWVyY2hhbnRdCk9oLCB0aGFuayB5b3UhIFRoaXMKc21lbGxzIHNvIGhlYXZlbmx5Li4uCklzIHRoaXMgdGhhdCBmYW1vdXMgZHJpbmsKdGhhdCBJIGtlZXAgaGVhcmluZyBhYm91dD8=,,,,,W01lcmNhZG9yIGVzdHJhbmdlaXJvXS4KQWgsIG9icmlnYWRvISBJc3NvCmNoZWlyYSB0w6NvIGJlbS4uLgpFc3NhIMOpIGFxdWVsYSBiZWJpZGEgZmFtb3NhCnF1ZSBldSBzZW1wcmUgb3XDp28gZmFsYXI/,,W0NvbWVyY2lhbnRlIGV4dHJhbmplcm9dCsKhQWgsIGdyYWNpYXMhIEVzdG8KaHVlbGUgdGFuIGRlbGljaW9zb+KApgrCv0VzdGEgZXMgbGEgZmFtb3NhIGJlYmlkYQpkZSBsYSBxdWUgdG9kb3MgaGFibGFuPw==
TgUoAQ,,XjMzNTVGRipHdWxwIEd1bHAgR3VscCBHdWxwKl4wMDAwMDAKXjMzNTVGRipHdWxwIEd1bHAgR3VscCBHdWxwKl4wMDAwMDAKXjMzNTVGRipHdWxwIEd1bHAgR3VscCBHdWxwKl4wMDAwMDAKXjMzNTVGRipHdWxwIEd1bHAgR3VscCBHdWxwKl4wMDAwMDAKXjMzNTVGRipHdWxwIEd1bHAgR3VscCBHdWxwKl4wMDAwMDA=,,,,,XjMzNTVGRipHdWxwIEd1bHAgR3VscCBHdWxwIEd1bHAqXjAwMDAwMApeMzM1NUZGKkd1bHAgR3VscCBHdWxwIEd1bHAgR3VscCpeMDAwMDAwCl4zMzU1RkYqR3VscCBHdWxwIEd1bHAgR3VscCBHdWxwKl4wMDAwMDAKXjMzNTVGRipHdWxwIEd1bHAgR3VscCBHdWxwIEd1bHAqXjAwMDAwMApeMzM1NUZGKkd1bHAgR3VscCBHdWxwIEd1bHAgR3VscCpeMDAwMDAw,,XjI1MDJGRCpHbHUsIGdsdSwgZ2x1LCBnbHUqXjAwMDAwMApeMjUwMkZEKkdsdSwgZ2x1LCBnbHUsIGdsdSpeMDAwMDAwCl4yNTAyRkQqR2x1LCBnbHUsIGdsdSwgZ2x1Kl4wMDAwMDAKXjI1MDJGRCpHbHUsIGdsdSwgZ2x1LCBnbHUqXjAwMDAwMApeMjUwMkZEKkdsdSwgZ2x1LCBnbHUsIGdsdSpeMDAwMDAw
TwUoAQ,,W0ZvcmVpZ24gTWVyY2hhbnRdCkFoaGghIFRoYXQgaGl0IHRoZSBzcG90IQpJdCdzIHNvIHJlZnJlc2hpbmcgYW5kIHNvCmV4b3RpYywgbGlrZS4uLiBMaWtlLi4uIFRob3NlCmRhbmNlcnMgaW4gQ29tb2RvISBBaGhoaCEKVGhhbmsgeW91IHNvIG11Y2gsIGZyaWVuZCE=,,,,,W01lcmNhZG9yIGVzdHJhbmdlaXJvXS4KQWhoaCEgRXN0YXZhIHVtYSBkZWzDrWNpYSEKw4kgdMOjbyByZWZyZXNjYW50ZSBlIHTDo28KZXjDs3RpY28sIGNvbW8uLi4gQ29tby4uLiBBcXVlbGFzCk9kYWxpc2NhcyBlbSBDb21vZG8hIEFoaGhoIQpNdWl0byBvYnJpZ2FkbywgYW1pZ28h,,W0NvbWVyY2lhbnRlIGV4dHJhbmplcm9dCsKhQWhoaCEgwqFBaCwgZXN0byBlcyBwZXJmZWN0byEKRXMgbXV5IHJlZnJlc2NhbnRlIHkgbXV5CmV4w7N0aWNhLCBjb21v4oCmIMKhQ29tb+KApiBhcXVlbGxvcwpiYWlsYXJpbmVzIGRlIENvbW9kbyEgwqFBaGhoaCEKwqFNdWNoYXMgZ3JhY2lhcywgY29sZWdhIQ==
UAUoAQ,,W0ZvcmVpZ24gTWVyY2hhbnRdClRoZXJlIG11c3QgYmUgc29tZQp3YXkgSSBjYW4gcmVwYXkgeW91LgpBaCwgaGVyZSB3ZSBnby4gVGFrZSBpdC4KSXNuJ3QgeW91ciBuYW1lLCB7fT8=,,,,,W01lcmNhZG9yIGVzdHJhbmdlaXJvXS4KRGV2ZSB0ZXIgYWxndW1hCmZvcm1hIGRlIHJlY29tcGVuc2FyIHZvY8OqLgpBaCwgYXF1aSBlc3TDoS4gUGVndWUuClNldSBub21lIG7Do28gw6kge30/,,W0NvbWVyY2lhbnRlIGV4dHJhbmplcm9dCkRlYmUgaGFiZXIgYWxndW5hCmZvcm1hIGVuIHF1ZSBwdWVkYSBwYWdhcnRlLgpBaCwgYXF1w60uIFRvbWEuCsK/VHUgbm9tYnJlIG5vIGVzIHt9Pw==
UQUoAQ,,W3t9XQpXaGF0IHRoLS0/CkhvdyBkaWQgeW91IGtub3c/,,,,,W3t9XQpPIHF1w6ouLi4/CkNvbW8gdm9jw6ogc2FiaWE/,,W3t9XQrCv1F1w6nigKY/CsK/Q8OzbW8gbG8gc3VwaXN0ZT8=
UgUoAQ,,XjMzNTVGRlRoZSBtZXJjaGFudCBnaWdnbGVkLApub3RlIGZyb20gdW5kZXIgaGlzIHNsZWV2ZS4KWW91IG9wZW4gdGhlIG5vdGUsIGFuZApyZWFkIGl0cyBtZXNzYWdlLl4wMDAwMDA=,,,,,XjMzNTVGRk8gbWVyY2Fkb3IgZGV1IHVtYSByaXNhZGluaGEsCmUgdGlyb3UgdW0gYmlsaGV0ZSBkZSBkZWJhaXhvIGRhIG1hbmdhLgpWb2PDqiBhYnJlIG8gYmlsaGV0ZSBlIGzDqiBhIG1lbnNhZ2VtLl4wMDAwMDAK,,XjI1MDJGREVsIGNvbWVyY2lhbnRlIHJpw7MgCnkgc2Fjw7MgdW5hIG5vdGEgZGUgbGEgbWFuZ2EuCkFicmVzIGxhIG5vdGEgeQpsZWVzIHN1IG1lbnNhamUuXjAwMDAwMA==
UwUoAQ,,XjY2NjY2Nnt9Lg==,,,,,XjY2NjY2Nnt9Lg==,,XjMyOTlDQ3t9Lg==
VAUoAQ,,VGhlIHRpbWUgZm9yIHVzIHRvIGFjdApoYXMgY29tZSBvbmNlIGFnYWluLgpQbGVhc2UgY29tZSBzZWUgbWUKb25jZSB5b3UgZ2V0IHRoZSBjaGFuY2Uu,,,,,Q2hlZ291IG8gbW9tZW50byBkZSBhZ2lybW9zCm1haXMgdW1hIHZlei4KUG9yIGZhdm9yLCB2ZW5oYSBtZSB2ZXIKYXNzaW0gcXVlIHRpdmVyIGNoYW5jZS4=,,VW5hIHZleiBtw6FzCmxsZWfDsyBlbCBtb21lbnRvIGRlIGFjdHVhci4KUG9yIGZhdm9yLCB2ZW4gYSB2ZXJtZQpjdWFuZG8gdGVuZ2FzIG9wb3J0dW5pZGFkLg==
VQUoAQ,,ICAgICAgICAgICAgICAgICAgICAgIC0gQmVrZW50b14wMDAwMDA=,,,,,LSBCZWtlbnRvXjAwMDAwMA==,,ICAgICAgICAgICAgICAgICAgICAgIEJla2VudG9eMDAwMDAw
VgUoAQ,,W3t9XQpTby4uLiBUaGlzIG1lYW5zLi4uCllvdSdyZSBub3QgcmVhbGx5IGEKbWVyY2hhbnQsIGFyZSB5b3U/,,,,,W3t9XQpFbnTDo28uLi4gSXNzbyBzaWduaWZpY2EgcXVlLi4uClZvY8OqIG7Do28gw6kgcmVhbG1lbnRlIHVtCm1lcmNhZG9yLCBuw6NvIMOpPw==,,W3t9XQpBc8OtIHF1ZeKApiBFc3RvIHNpZ25pZmljYSBxdWXigKYKTm8gZXJlcyByZWFsbWVudGUKdW4gY29tZXJjaWFudGUsIMK/dmVyZGFkPw==
VwUoAQ,,XjMzNTVGRlRoZSBtZXJjaGFudCBxdWlldGx5Cmxvb2tzIGF0IHlvdSB3aXRoIGEKbWlzY2hpZXZvdXMgZ3Jpbi5eMDAwMDAw,,,,,XjMzNTVGRk8gbWVyY2Fkb3IgY2FsbWFtZW50ZQpvbGhhIHBhcmEgdm9jw6ogY29tIHVtCnNvcnJpc28gbWFsaWNpb3NvLl4wMDAwMDA=,,XjI1MDJGREVsIGNvbWVyY2lhbnRlIHRlIG1pcmEKZW4gc2lsZW5jaW8gY29uCnVuYSBzb25yaXNhIHDDrWNhcmEuXjAwMDAwMA==
WAUoAQ,,W3t9XQpTbyB5b3UgYXNrZWQgbWUgdG8gZ2V0CnlvdSBhIGRyaW5rIGFzIGFuIGV4Y3VzZQpqdXN0IHRvIHRhbGsgdG8geW91PyE=,,,,,W3t9XQpFbnTDo28sIHZvY8OqIG1lIHBlZGl1IHByYSBwZWdhciB1bWEgYmViaWRhIGNvbW8gZGVzY3VscGEKc8OzIHByYSBwb2Rlcm1vcyBjb252ZXJzYXI/IQ==,,W3t9XQrCv01lIHBlZGlzdGUgcXVlIHRlIGRpZXJhCnVuYSBiZWJpZGEgc29sbyBjb21vIGV4Y3VzYQpwYXJhIHF1ZSBoYWJsYXJhIGNvbnRpZ28/
WQUoAQ,,W3t9XQpPaCB3ZWxsLCB0aGFua3MgZm9yCmJyaW5naW5nIG1lIHRoZSBub3RlLgpCdXQgSSdtIG5vdCBidXlpbmcgeW91CmFueSBtb3JlIGRyaW5rcywgZ290IGl0Pw==,,,,,W3t9XQpBaCwgdMOhLCBhZ3JhZGXDp28gcG9yCm1lIHRyYXplciBhIG5vdGEuCk1hcyBuw6NvIHZvdSBwYWdhcgptYWlzIG5lbmh1bWEgYmViaWRhIHByYSB2b2PDqiwgZW50ZW5kZXU/,,W3t9XQpBaCwgYmllbiwgZ3JhY2lhcyBwb3IKdHJhZXJtZSBsYSBub3RhLgpQZXJvIG5vIHRlIGNvbXByYXLDqSAKbcOhcyBiZWJpZGFzLCDCv2VudGVuZGlkbz8=
WgUoAQ,,W0ZvcmVpZ24gTWVyY2hhbnRdCkhlaCwgdW5kZXJzdG9vZC4KTm93IHdoeSBkb24ndCB5b3UKc3BlYWsgdG8gaGltIG5vdz8KR29vZCBsdWNrIQ==,,,,,W01lcmNhZG9yIEVzdHJhbmdlaXJvXS4KSGVoLCBlbnRlbmRpLgpBZ29yYSwgcG9yIHF1ZSB2b2PDqiBuw6NvCmZhbGEgY29tIGVsZT8KQm9hIHNvcnRlIQ==,,W0NvbWVyY2lhbnRlIGV4dHJhbmplcm9dCkVoLCBlbnRlbmRpZG8uCkJ1ZW5vLCDCv3BvciBxdcOpIG5vCmhhYmxhcyBjb24gw6lsIGFob3JhPwrCoUJ1ZW5hIHN1ZXJ0ZSE=
WwUoAQ,,W0ZvcmVpZ24gTWVyY2hhbnRdCldoYS0tIERvIHlvdSBqdXN0CmVuam95IHdhdGNoaW5nIG1lCnNsb3dseSBzd2VhdCB0byBkZWF0aD8=,,,,,W01lcmNhZG9yIEVzdHJhbmdlaXJvXQpPIHF1ZS4uLiBWb2PDqgpnb3N0YSBkZSBtZSB2ZXIKc3VhciBzZW0gcGFyYXI/,,W0NvbWVyY2lhbnRlIGV4dHJhbmplcm9dCsK/UXXDqeKApj8gwr9BY2FzbwpkaXNmcnV0YXMgdmnDqW5kb21lCnN1ZGFyIGxlbnRhbWVudGUgaGFzdGEgbW9yaXI/
XAUoAQ,,W0ZvcmVpZ24gTWVyY2hhbnRdCldlbGwsIEknbSBhbHJlYWR5IGhlcmUuCkkgZ3Vlc3MgSSBtYXkgYXMgd2VsbCBnbwpzaWdodHNlZWluZyBhcm91bmQgTW9ycm9jLgoqUGFudCBQYW50KiBCdXQgaXQncyBzbyBob3Qh,,,,,W01lcmNhZG9yIEVzdHJhbmdlaXJvXS4KQmVtLCBqw6EgZXN0b3UgYXF1aS4KQWNobyBxdWUgdGFtYsOpbSBwb3NzbwpwYXNzZWFyIHBvciBNb3Jyb2MuCipBcmZhbmRvKiBNYXMgZXN0w6EgdMOjbyBxdWVudGUh,,W0NvbWVyY2lhbnRlIGV4dHJhbmplcm9dCkJ1ZW5vLCB5YSBxdWUgZXN0b3kgYXF1w63igKYKc3Vwb25nbyBxdWUgcG9kcsOtYSBzYWxpcgphIGNvbm9jZXIgTW9ycm9jLgoqSmFkZWEqIMKhUGVybyBoYWNlIG11Y2hvIGNhbG9yIQ==
XQUoAQ,,W3t9XQpFeGN1c2UgbWUsIGJ1dCBJIGhlYXJkCnRoYXQgSSBjb3VsZCBidXkgc29tZQpnb29kIGRyaW5rcyBhcm91bmQgaGVyZS4KV291bGQgeW91IGhhcHBlbiB0byBiZQp0aGUgb25lIHNlbGxpbmcgdGhlbT8=,,,,,W3t9XQpDb20gbGljZW7Dp2EsIG1hcyBmYWxhcmFtCnF1ZSBldSBwb2RlcmlhIGNvbXByYXIKYm9hcyBiZWJpZGFzIHBvciBhcXVpLgpQb3IgYWNhc28gw6kgdm9jw6oKcXVlbSBlc3TDoSB2ZW5kZW5kbz8=,,W3t9XQpEaXNjdWxwYSwgcGVybyBlc2N1Y2jDqSAKcXVlIHBvZHLDrWEgY29tcHJhciB1bmFzCmJ1ZW5hcyBiZWJpZGFzIHBvciBhcXXDrS4Kwr9Qb3IgY2FzdWFsaWRhZAplcmVzIHTDuiBxdWllbiBsYXMgdmVuZGU/
XgUoAQ,,W0ZvcmVpZ24gTWVyY2hhbnRdCk9oLCB5b3UgbWVhbiBteSBmcnVpdCB3aW5lPwpJJ20gYWZyYWlkIGl0J3Mgbm90IGFzIGdvb2QKYXMgcGVvcGxlIGNoYWxrIGl0IHVwIHRvIGJlLgpJdCdzIGp1c3QgYSBsaXR0bGUgc29tZXRoaW5nCkkgYnJldyBhdCBob21lLCBhbmQgc2hhcmUKd2l0aCBteSBmcmllbmRzIGFmdGVyIGRpbm5lci4=,,,,,W01lcmNhZG9yIEVzdHJhbmdlaXJvXS4KQWgsIGZhbGEgZG8gbWV1IHZpbmhvIGRlIGZydXRhcz8KUmVjZWlvIHF1ZSBuw6NvIHNlamEgdMOjbyBib20KY29tbyBhcyBwZXNzb2FzIGltYWdpbmFtLgrDiSBhcGVuYXMgdW1hIGNvaXNpbmhhCnF1ZSBwcmVwYXJvIGVtIGNhc2EgZSBjb21wYXJ0aWxobwpjb20gbWV1cyBhbWlnb3MgZGVwb2lzIGRvIGphbnRhci4=,,W0NvbWVyY2lhbnRlIGV4dHJhbmplcm9dCkFoLCDCv3RlIHJlZmllcmVzIGEgbWkgVmlubyBkZSBmcnV0YXM/Ck1lIHRlbW8gcXVlIG5vIGVzIHRhbiBidWVubwpjb21vIGxhIGdlbnRlIGRpY2UgcXVlIGVzLgpFcyBzb2xvIGFsZ28KcXVlIHByZXBhcm8gZW4gY2FzYSB5IGNvbXBhcnRvCmNvbiBtaXMgYW1pZ29zIGRlc3B1w6lzIGRlIGNlbmFyLg==
XwUoAQ,,W3t9XQpXZWxsLCBJIHJhbiBpbnRvIHRoaXMKbWVyY2hhbnQgdGhhdCByZWFsbHkgd2FudHMKdG8gaGF2ZSBhIHRhc3RlIG9mIHRoYXQgd2luZS4KRG8geW91IHRoaW5rIHRoYXQgeW91J2QgYmUKYWJsZSB0byBzZWxsIG1lIHNvbWU/,,,,,W3t9XQpCZW0sIGVuY29udHJlaSB1bQptZXJjYWRvciBxdWUgcmVhbG1lbnRlIHF1ZXIKcHJvdmFyIGVzc2UgdmluaG8uClZvY8OqIHBvZGUgdmVuZGVyIHVtIHBvdWNvIHByYSBtaW0/,,W3t9XQpCdWVubywgbWUgY3J1Y8OpIApjb24gdW4gY29tZXJjaWFudGUgcXVlIHRpZW5lCm11Y2hhcyBnYW5hcyBkZSBwcm9iYXIgZXNlIHZpbm8uCsK/Q3JlZXMgcXVlIHBvZHLDrWFzCnZlbmRlcm1lIHVuIHBvY28/
YAUoAQ,,W0ZvcmVpZ24gTWVyY2hhbnRdCk9oLCBJJ20gc29ycnksIGJ1dCBJJ20KYWxsIHNvbGQgb3V0IGZvciB0b2RheS4=,,,,,W01lcmNhZG9yIEVzdHJhbmdlaXJvXS4KQWgsIGRlc2N1bHBhLCBtYXMgasOhCmVzZ290b3UgdHVkby4=,,W0NvbWVyY2lhbnRlIGV4dHJhbmplcm9dCkF5LCBsbyBzaWVudG8sIHBlcm8KeWEgdmVuZMOtIHRvZG8gcG9yIGhveS4=
YQUoAQ,,W3t9XQpPaCwgbm8uLi4=,,,,,W3t9XQpBaCwgbsOjby4uLg==,,W3t9XQpBeSwgbm/igKY=
YgUoAQ,,W0ZvcmVpZ24gTWVyY2hhbnRdCi4uLi4uLi4uLi4uLi4uLi4uLi4uLi4uLi4uLi4uLi4KLi4uLi4uLi4uLi4uLi4uLi4uLi4uLi4uLi4uLi4uLgouLi4uLi4uLi4uLi4uLi4uLi4uLi4uLi4uLi4uLi4u,,,,,W01lcmNhZG9yIEVzdHJhbmdlaXJvXQouLi4uLi4uLi4uLi4uLi4uLi4uLi4uLi4uLi4uLi4uCi4uLi4uLi4uLi4uLi4uLi4uLi4uLi4uLi4uLi4uLi4KLi4uLi4uLi4uLi4uLi4uLi4uLi4uLi4uLi4uLi4uLg==,,W0NvbWVyY2lhbnRlIGV4dHJhbmplcm9dCi4uLi4uLi4uLi4uLi4uLi4uLi4uLi4uLi4uLi4uLi4KLi4uLi4uLi4uLi4uLi4uLi4uLi4uLi4uLi4uLi4uLgouLi4uLi4uLi4uLi4uLi4uLi4uLi4uLi4uLi4uLi4u
YwUoAQ,,W0ZvcmVpZ24gTWVyY2hhbnRdCllvdSBrbm93LCBJIHNhdmUgYSBzbWFsbApib3R0bGUgb2Ygd2luZSBmb3IgbXlzZWxmCnNvIEknbGwganVzdCBnaXZlIHRoYXQgdG8geW91LgpJIGNhbiBhbHdheXMgYnJldyBtb3JlLCBhbmQKSSdtIGZsYXR0ZXJlZCB0aGF0IHlvdXIgZnJpZW5kCmlzIHNvIGludGVyZXN0ZWQgaW4gbXkgd2luZS4=,,,,,W01lcmNhZG9yIEVzdHJhbmdlaXJvXS4KU2FiZSwgZXUgZ3VhcmRvIHVtYSBwZXF1ZW5hCmdhcnJhZmEgZGUgdmluaG8gcGFyYSBtaW0sCmVudMOjbyB2b3UgZGFyIGVzc2EgcGFyYSB2b2PDqi4KU2VtcHJlIHBvc3NvIHByZXBhcmFyIG1haXMsIGUKZmljbyBsaXNvbmplYWRvIHF1ZSBzZXUgYW1pZ28KZXN0ZWphIHTDo28gaW50ZXJlc3NhZG8gbm8gbWV1IHZpbmhvLg==,,W0NvbWVyY2lhbnRlIGV4dHJhbmplcm9dCsK/U2FiZXMgcXXDqT8gR3VhcmRvIHVuYSBwZXF1ZcOxYQpib3RlbGxhIGRlIHZpbm8gcGFyYSBtw60sCnRlIGxhIGRhcsOpLgpQdWVkbyBwcmVwYXJhciBtw6FzCnkgbWUgaGFsYWdhIHF1ZSB0dSBhbWlnbwpzZSBpbnRlcmVzZSB0YW50byBwb3IgbWkgdmluby4=
ZAUoAQ,,W3t9XQpSZWFsbHk/IFRoYW5rIHlvdSEKSSdtIHN1cmUgdGhhdCBoZSdzIHJlYWxseQphcHByZWNpYXRlIHlvdXIgZ2VuZXJvc2l0eS4=,,,,,W3t9XQpTw6lyaW8/IFZhbGV1IQpUZW5obyBjZXJ0ZXphIGRlIHF1ZSBlbGUgcmVhbG1lbnRlCnZhaSBhcHJlY2lhciBzdWEgZ2VuZXJvc2lkYWRlLg==,,W3t9XQrCv0RlIHZlcmRhZD8gwqFHcmFjaWFzIQpTw6kgcXVlIMOpbAphZ3JhZGVjZXLDoSBtdWNobyB0dSBnZW5lcm9zaWRhZC4=
ZQUoAQ,,W0ZvcmVpZ24gTWVyY2hhbnRdCk9oLCBkb24ndCBtZW50aW9uIGl0LgpXZWxsLCBJIHNob3VsZCBoZWFkIGJhY2sKaG9tZSBub3cuIEknbGwgYmUgc3VyZSB0bwprZWVwIGFuIGV4dHJhIGJvdHRsZSBpbiBjYXNlCnlvdSB3YW50IG1vcmUgbmV4dCB0aW1lLiBUYWtlCmNhcmUsIGFuZCBJJ2xsIHNlZSB5b3UgbGF0ZXIh,,,,,W01lcmNhZG9yIEVzdHJhbmdlaXJvXS4KQWgsIGRlIG5hZGEuCk9saGEsIHByZWNpc28gdm9sdGFyIHByYSBjYXNhIGFnb3JhLiBWb3UKbWFudGVyIHVtYSBnYXJyYWZhIGV4dHJhLCBjYXNvCnZvY8OqIHF1ZWlyYSBtYWlzIGRhIHByw7N4aW1hIHZlei4KU2UgY3VpZGEgZSBhdMOpIG1haXMh,,W0NvbWVyY2lhbnRlIGV4dHJhbmplcm9dCk5vIGhheSBwb3IgcXXDqS4KQnVlbm8sIHlhIGRlYmVyw61hIHJlZ3Jlc2FyCmEgY2FzYS4gTWUgYXNlZ3VyYXLDqSAKZGUgZ3VhcmRhciB1bmEgYm90ZWxsYSBhZGljaW9uYWwgcG9yIHNpIGFjYXNvCnF1aWVyZXMgbcOhcyBsYSBwcsOzeGltYSB2ZXouIFRlbgpjdWlkYWRvLiDCoUhhc3RhIGx1ZWdvIQ==
ZgUoAQ,,XjMzNTVGRllvdSByZWNlaXZlZCBhIGJvdHRsZQpvZiB0aGUgZmFtb3VzIGZydWl0IHdpbmUKZnJvbSB0aGUgb2xkIG1hbi4gVGhhdApndXkncyBwcmV0dHkgbmljZSFeMDAwMDAw,,,,,XjMzNTVGRlZvY8OqIHJlY2ViZXUgdW1hIGdhcnJhZmEKZG8gZmFtb3NvIHZpbmhvIGRlIGZydXRhcwpkbyB2ZWxoby4KRXJhIHVtIGNhcmEgbXVpdG8gYmFjYW5hIV4wMDAwMDA=,,XjI1MDJGRFJlY2liaXN0ZSB1bmEgYm90ZWxsYQpkZWwgZmFtb3NvIFZpbm8gZGUgZnJ1dGFzCmRlbCBhbmNpYW5vLiDCoUVzZQp0aXBvIGVzIG11eSBhZ3JhZGFibGUhXjAwMDAwMA==
ZwUoAQ,,W0ZvcmVpZ24gTWVyY2hhbnRdCkknbSBzb3JyeSwgYnV0IEknbSBhbGwKc29sZCBvdXQgb2YgZnJ1aXQgd2luZS4KSSBob3BlIHRoYXQncyBub3QgdG9vCm11Y2ggb2YgYW4gaW5jb252ZW5pZW5jZS4=,,,,,W01lcmNhZG9yIEVzdHJhbmdlaXJvXS4KRGVzY3VscGEsIG1hcyBqw6EgdmVuZGkgdG9kbyBvCnZpbmhvIGRlIGZydXRhcy4KRXNwZXJvIHF1ZSBpc3NvIG7Do28gc2VqYQp1bSBpbmNvbnZlbmllbnRlLg==,,W0NvbWVyY2lhbnRlIGV4dHJhbmplcm9dCkxvIHNpZW50bywgcGVybyBzZSBhZ290w7MgCmVsIFZpbm8gZGUgZnJ1dGFzLgpFc3Blcm8gcXVlIG5vIHNlYQp1biBncmFuIGluY29udmVuaWVudGUu
aAUoAQ,,RmVtYWxlIEZvbGxvd2Vy,,,,,U2VndWlkb3Jh,,RmVtYWxlIEZvbGxvd2Vy
aQUoAQ,,W1NhcHBpZV0KSSB3b3JrIHJlYWxseSBoYXJkIHRvIGtlZXAKdGhpcyByb29tIGNsZWFuIGFuZCBjb3p5IHNvCnRoYXQgdGhlIEhpZ2ggUHJpZXN0ZXNzIGNhbgpyZXN0IGFuZCByZWZyZXNoIGhlcnNlbGYgaW4KY29tZm9ydC4gVGFrZSBhIGRlZXAgYnJlYXRoOgpzbWVsbCB0aGF0IHJlbGF4aW5nIGFyb21hPw==,,,,,W1NhcHBpZV0KTWUgZXNmb3LDp28gbXVpdG8gcGFyYSBtYW50ZXIKZXNzYSBzYWxhIGxpbXBhIGUgYWNvbmNoZWdhbnRlCnBhcmEgcXVlIGEgU3VtYSBTYWNlcmRvdGlzYSBwb3NzYQpkZXNjYW5zYXIgZSBzZSByZWxheGFyIGNvbQpjb25mb3J0by4gUmVzcGlyZSBmdW5kbzoKRXN0w6Egc2VudGluZG8gZXNzZSBhcm9tYSByZWxheGFudGU/,,W1NhcHBpZV0KVHJhYmFqbyBtdXkgZHVybyBwYXJhIG1hbnRlbmVyCmVzdGEgaGFiaXRhY2nDs24gbGltcGlhIHkgYWNvZ2Vkb3JhCnBhcmEgcXVlIGxhIHN1bWEgc2FjZXJkb3Rpc2EgcHVlZGEKZGVzY2Fuc2FyIHkgcmVmcmVzY2Fyc2UKY29uIGNvbW9kaWRhZC4gUmVzcGlyYSBob25kby4Kwr9TaWVudGVzIGVsIGFyb21hIHJlbGFqYW50ZT8=
agUoAQ,,W3t9XQpPaCwgeW91J3JlIHJpZ2h0LCB0aGF0CmlzIGEgbmljZSBzbWVsbCEgU28sIGlzClByaWVzdGVzcyBOaXJlbiBhd2F5CmZyb20gaGVyIG9mZmljZSB0b2RheT8=,,,,,W3t9XQpBaCwgdGVtIHJhesOjbywKcXVlIGNoZWlybyBhZ3JhZMOhdmVsISBFbnTDo28sIGEKU2FjZXJkb3Rpc2EgTmlyZW4gZXN0w6EgZm9yYQpkbyBlc2NyaXTDs3JpbyBob2plPw==,,W3t9XQpBaCwgdGllbmVzIHJhesOzbiwKwqFxdcOpIGFyb21hIHRhbiBhZ3JhZGFibGUhIEVudG9uY2VzLArCv2xhIHNhY2VyZG90aXNhIE5pcmVuCm5vIGVzdMOhIGVuIHN1IG9maWNpbmEgaG95Pw==
awUoAQ,,W1NhcHBpZV0KT2gsIHllcywgc2hlJ3Mgb3V0IHNpbmNlCnRoZXJlIGFyZSBtYW55IGZvbGxvd2Vycwp0aGF0IHdpc2ggdG8gbWVldCBoZXIsCmV2ZW4gZWFybHkgaW4gdGhlIG1vcm5pbmcu,,,,,W1NhcHBpZV0KQWgsIHNpbSwgZWxhIGVzdMOhIGZvcmEsCmjDoSBtdWl0b3Mgc2VndWlkb3JlcwpxdWUgZGVzZWphbSBjb25oZWPDqi1sYSwKbWVzbW8gZGUgbWFuaMOjIGNlZG8u,,W1NhcHBpZV0KQWgsIG5vLCBzYWxpw7MgCnBvcnF1ZSBoYXkgbXVjaG9zIHNlZ3VpZG9yZXMKcXVlIGRlc2VhbiBjb25vY2VybGEsCmluY2x1c28gcG9yIGxhIG1hw7FhbmEgdGVtcHJhbm8u
bAUoAQ,,W3t9XQpEbyB5b3Uga25vdyB3aGVyZQpJIGNvdWxkIGZpbmQgaGVyPw==,,,,,W3t9XQpTYWJlIG9uZGUKcG9zc28gZW5jb250csOhLWxhPw==,,W3t9XQrCv1NhYmVzIGTDs25kZQpwb2Ryw61hIGVuY29udHJhcmxhPw==
bQUoAQ,,W1NhcHBpZV0KSG0uLi4gU2lwcGllIG1lbnRpb25lZApzb21ldGhpbmcuLi4gQWgsIHJpZ2h0LiBTaXBwaWUKc2FpZCB0aGF0IEhpZ2ggUHJpZXN0ZXNzIE5pcmVuCmRlY2lkZWQgdG8gZ28gdG8gQ2hlc2hydW1uaXIKR2FyZGVuLiBUaGF0IGdhcmRlbiBpcyB2ZXJ5CmxhcmdlLCBhbmQgcXVpdGUgYmVhdXRpZnVsLg==,,,,,W1NhcHBpZV0uCkhtLi4uIFNpcHBpZSBtZW5jaW9ub3UKYWxnby4uLiBBaCwgY2VydG8uIFNpcHBpZQpkaXNzZSBxdWUgYSBTdW1hIFNhY2VyZG90aXNhIE5pcmVuCmRlY2lkaXUgaXIgYW8gSmFyZGltIENoZXNocnVtbmlyLiDDiSB1bSBqYXJkaW0gbXVpdG8KZ3JhbmRlIGUgbXVpdG8gYm9uaXRvLg==,,W1NhcHBpZV0KTW1t4oCmIFNpcHBpZSBtZW5jaW9uw7MgCmFsZ2/igKYgQWgsIHPDrS4gU2lwcGllCmRpam8gcXVlIGxhIHN1bWEgc2FjZXJkb3Rpc2EgTmlyZW4KZGVjaWRpw7MgaXIgYWwgSmFyZMOtbgpkZSBDaGVzaHJ1bW5pci4gRXNlIGphcmTDrW4gZXMgbXV5CmdyYW5kZSB5IGhlcm1vc28u
bgUoAQ,,W3t9XQpUaGUgSGlnaCBQcmllc3Rlc3MKbXVzdCBiZSB2ZXJ5IGJ1c3ku,,,,,W3t9XQpBIFN1bWEgU2FjZXJkb3Rpc2EKZGV2ZSBlc3RhciBtdWl0byBvY3VwYWRhLg==,,W3t9XQpMYSBzdW1hIHNhY2VyZG90aXNhCmRlYmUgZXN0YXIgbXV5IG9jdXBhZGEu
bwUoAQ,,W1NhcHBpZV0KT2gsIHlvdSBjYW4ndCBldmVuIGltYWdpbmUhClNoZSdzIGJlZW4gcGFzc2luZyBoZXIgd2lzZG9tCnRvIHRoZSBwZW9wbGUgZXZlciBzaW5jZSBzaGUKd2FzIGEgYmFieSwgYW5kIGNyb3dkcyBvZgpwZW9wbGUgc3RpbGwgY2xhbW9yIGZvcgpoZXIgc2FnZSB0ZWFjaGluZ3Mu,,,,,W1NhcHBpZV0KT2gsIHZvY8OqIG5lbSBpbWFnaW5hIQpFbGEgdGVtIHRyYW5zbWl0aWRvIHN1YSBzYWJlZG9yaWEKcGFyYSBhcyBwZXNzb2FzIGRlc2RlIHF1ZQplcmEgdW0gYmViw6osIGUgbXVsdGlkw7VlcyBkZQpwZXNzb2FzIGFpbmRhIGNsYW1hbSBwb3IKc2V1cyBzw6FiaW9zIGVuc2luYW1lbnRvcy4=,,W1NhcHBpZV0KwqFBaCwgbmkgdGUgbG8gaW1hZ2luYXMhClRyYW5zbWl0ZSBzdSBzYWJpZHVyw61hCmFsIHB1ZWJsbyBkZXNkZSBxdWUKZXJhIHVuYSBiZWLDqSwgeSBtdWx0aXR1ZGVzIGRlCnBlcnNvbmFzIHNpZ3VlbiBjbGFtYW5kbwpwb3Igc3VzIHNhYmlhcyBlbnNlw7Fhbnphcy4=
cAUoAQ,,W1NhcHBpZV0KSWYgeW91IHJlYWxseSB3YW50CnRvIHRhbGsgdG8gaGVyLCBpdCdkCmJlIGJlc3QgaWYgeW91IGNhdGNoIGhlcgpiZWZvcmUgc2hlJ3Mgc3Vycm91bmRlZApieSBGcmV5YSdzIGZvbGxvd2Vycy4=,,,,,W1NhcHBpZV0KU2Ugdm9jw6ogcmVhbG1lbnRlIHF1aXNlcgpmYWxhciBjb20gZWxhLCBzZXJpYSBtZWxob3IKaXIgYXRyw6FzIGRlbGEKYW50ZXMgZGVsYSBlc3RhciBjZXJjYWRhCnBlbG9zIHNlZ3VpZG9yZXMgZGUgRnJleWEu,,W1NhcHBpZV0KU2kgcmVhbG1lbnRlIHF1aWVyZXMKaGFibGFyIGNvbiBlbGxhLApzZXLDoSBtZWpvciBxdWUgbGEgYWxjYW5jZXMKYW50ZXMgZGUgcXVlIGxhIHJvZGVlbgpsb3Mgc2VndWlkb3JlcyBkZSBGcmV5YS4=
cQUoAQ,,W1NhcHBpZV0KSGlnaCBQcmllc3Rlc3MgTmlyZW4gbXVzdApiZSBpbiBDaGVzaHJ1bW5pciBHYXJkZW4uCllvdSBzaG91bGQgdHJ5IHRvIHRhbGsgdG8gaGVyCmJlZm9yZSB0aGUgY3Jvd2RzIHNob3cgdXAu,,,,,W1NhcHBpZV0KQSBTdW1hIFNhY2VyZG90aXNhIE5pcmVuIGRldmUKZGV2ZSBlc3RhciBubyBKYXJkaW0gQ2hlc2hydW1uaXIuClRlbnRlIGZhbGFyIGNvbSBlbGEKYW50ZXMgcXVlIGEgbXVsdGlkw6NvIGFwYXJlw6dhLg==,,W1NhcHBpZV0KTGEgc3VtYSBzYWNlcmRvdGlzYSBOaXJlbiBkZWJlCmVzdGFyIGVuIGVsIEphcmTDrW4gZGUgQ2hlc2hydW1uaXIuCkRlYmVzIGludGVudGFyIGhhYmxhciBjb24gZWxsYQphbnRlcyBkZSBxdWUgYXBhcmV6Y2EgbGEgbXVsdGl0dWQu
cgUoAQ,,W1NhcHBpZV0KSXQncyBydW1vcmVkIHRoYXQgdGhlCkdvZGRlc3MgRnJleWEgc3Bva2UgdG8Kb3VyIHBvcGUsIGdpdmluZyBoZXIgYW4KaW1wb3J0YW50IG1lc3NhZ2UuIE5vdwpldmVyeW9uZSB3YW50cyB0byBoZWFyCndoYXQgRnJleWEgdG9sZCBoZXIuLi4=,,,,,W1NhcHBpZV0KSMOhIHJ1bW9yZXMgZGUgcXVlIGEKRGV1c2EgRnJleWEgZmFsb3UgY29tCm5vc3NhIHBhcGlzYSBlIGRldSBhIGVsYSB1bWEKbWVuc2FnZW0gaW1wb3J0YW50ZS4gQWdvcmEsCnRvZG8gbXVuZG8gcXVlciBvdXZpcgpvIHF1ZSBGcmV5YSBkaXNzZS4uLg==,,W1NhcHBpZV0KU2UgcnVtb3JlYSBxdWUKbGEgZGlvc2EgRnJleWEgaGFibMOzIGNvbgpudWVzdHJhIHBhcGlzYSB5IGxlIGRpbwp1biBtZW5zYWplIGltcG9ydGFudGUuIEFob3JhLAp0b2RvIGVsIG11bmRvIHF1aWVyZSBvw61yCmxvIHF1ZSBGcmV5YSBsZSBkaWpv4oCm
cwUoAQ,,SXNobWFlbA==,,,,,SXNobWFlbA==,,SXNobWFlbA==
dAUoAQ,,XjMzNTVGRldhaXQgYSBzZWNvbmQhClJpZ2h0IG5vdywgeW91J3JlIGNhcnJ5aW5nCnRvbyBtYW55IHRoaW5ncyB3aXRoIHlvdS4KUGxlYXNlIGNvbWUgYmFjayBhZnRlcgp1c2luZyB0aGUgS2FmcmEgU2VydmljZQp0byBzdG9yZSBzb21lIG9mIHlvdXIgaXRlbXMuXjAwMDAwMA==,,,,,XjMzNTVGRkVzcGVyYSBhw60hCk5lc3NlIG1vbWVudG8sIHZvY8OqIGVzdMOhIGNhcnJlZ2FuZG8KbXVpdGFzIGNvaXNhcy4KVm9sdGUgZGVwb2lzIGRlCnVzYXIgbyBTZXJ2acOnbyBLYWZyYQpwYXJhIGFybWF6ZW5hciBhbGd1bnMgZGUgc2V1cyBpdGVucy5eMDAwMDAw,,XjI1MDJGRMKhRXNwZXJhIHVuIG1vbWVudG8hCkVuIGVzdGUgbW9tZW50byBsbGV2YXMKZGVtYXNpYWRhcyBjb3NhcyBjb250aWdvLgpWdWVsdmUgbHVlZ28gZGUKdXNhciBlbCBzZXJ2aWNpbyBkZSBLYWZyYQpwYXJhIGd1YXJkYXIgYWxndW5vcyBvYmpldG9zLl4wMDAwMDA=
dQUoAQ,,W0lzaG1hZWxdCkktSSBkb24ndCBrbm93IHlvdSwgZG8gST8KU29ycnksIGJ1dCB3b3VsZCB5b3UsIHVtLApqdXN0IHN0ZXAgYXdheT8gSS4uLiBJIGRvbid0Cmxpa2UgYmVpbmcgdG9vIGNsb3NlIHRvCm90aGVyIHBlb3BsZS4gUGxlYXNlIQ==,,,,,W0lzaG1hZWxdCkUtRXUgbsOjbyBjb25oZcOnbyB2b2PDqiwgY29uaGXDp28/CkRlc2N1bHBhLCBtYXMgdm9jw6ogcG9kZXJpYSwgaHVtLApzZSBhZmFzdGFyPyBFdS4uLiBuw6NvCmdvc3RvIGRlIGZpY2FyIG11aXRvIHBlcnRvIGRlCmRlIG91dHJhcyBwZXNzb2FzLiBQb3IgZmF2b3Ih,,W0lzaG1hZWxdCk4tbm8gdGUgY29ub3pjbywgwr9vIHPDrT8KRGlzY3VscGEsIHBlcm8gwr9wb2Ryw61hc+KApiBlaOKApgphbGVqYXJ0ZT8gTm/igKYgTm8gbWUKZ3VzdGEgZXN0YXIgbXV5IGNlcmNhCmRlIG90cmFzIHBlcnNvbmFzLiDCoVBvciBmYXZvciE=
dgUoAQ,,W0lzaG1hZWxdCkktSSBkb24ndCBrbm93IHlvdSwgZG8gST8KU29ycnksIGJ1dCB3b3VsZCB5b3UsIHVtLApqdXN0IHN0ZXAgYXdheT8gV2FpdCwgeW91CmRvbid0IGhhdmUgc29tZXRoaW5nIHlvdQpuZWVkIGZyb20gbWUsIGRvIHlvdT8=,,,,,W0lzaG1hZWxdCkV1IG7Do28gY29uaGXDp28gdm9jw6osIGNvbmhlw6dvPwpEZXNjdWxwYSwgbWFzIHZvY8OqIHBvZGVyaWEsIGh1bSwKc2UgYWZhc3Rhcj8gRXNwZXJhLCB2b2PDqgpuw6NvIHByZWNpc2EgZGUgbWltCnByYSBhbGdvLCBwcmVjaXNhPw==,,W0lzaG1hZWxdCk4tbm8gdGUgY29ub3pjbywgwr9vIHPDrT8KRGlzY3VscGEsIHBlcm8gwr9wb2Ryw61hc+KApiBlaOKApgphbGVqYXJ0ZT8gRXNwZXJhLApubyBuZWNlc2l0YXMgYWxnbwpkZSBtw60sIMK/byBzw60/
dwUoAQ,,R2l2ZSBIZXIgTmlyZW4ncyBGaWxl,,,,,RMOqIGEgRWxhIG8gQXJxdWl2byBkZSBOaXJlbg==,,RW50cmVnYXJsZSBlbCBhcmNoaXZvIGRlIE5pcmVuLg==
eAUoAQ,,TGVhdmUgSGVyIEFsb25l,,,,,RGVpeGUtYSBlbSBQYXo=,,RGVqYXJsYSBlbiBwYXou
eQUoAQ,,W3t9XQpZb3Uga25vdyBIaWdoIFByaWVzdGVzcwpOaXJlbiwgcmlnaHQ/IFRoaXMgaXMgZnJvbSBoZXIu,,,,,W3t9XQpWb2PDqiBjb25oZWNlIGEgU3VtYSBTYWNlcmRvdGlzYQpOaXJlbiwgY2VydG8/IElzc28gw6kgZGVsYS4=,,W3t9XQpDb25vY2VzIGEgbGEgc3VtYSBzYWNlcmRvdGlzYQpOaXJlbiwgwr92ZXJkYWQ/IEVzdG8gZXMgZGUgcGFydGUgZGUgZWxsYS4=
egUoAQ,,W0lzaG1hZWxdCk9oLCByZWFsbHk/IE9rYXksIGp1c3QuLi4KSnVzdCB0b3NzIHRoZSBmaWxlIG92ZXIKdG8gbWUuIEktSSBkb24ndCB3YW50CnlvdSBjb21pbmcgYW55IGNsb3Nlci4=,,,,,W0lzaG1hZWxdCkFoLCDDqSBtZXNtbz8gQ2VydG8sIGFwZW5hcy4uLgpBcGVuYXMgam9ndWUgbyBhcnF1aXZvCnByYSBtaW0uIE7Do28gcXVlcm8gcXVlCnF1ZSB2b2PDqiBjaGVndWUgbWFpcyBwZXJ0by4=,,W0lzaG1hZWxdCkFoLCDCv2RlIHZlcmRhZD8gQmllbiwgc29sb+KApgpTb2xvIGFycm9qYSBlbCBhcmNoaXZvCmhhY2lhIG3DrS4gTi1ubyBxdWllcm8KcXVlIHRlIGFjZXJxdWVzIG3DoXMu
ewUoAQ,,W0lzaG1hZWxdCkknbGwgYmUgZ2xhZCB0byBoZWxwIG91dAp0aGUgcHJpZXN0ZXNzLiBFdmVuIHRob3VnaAp3ZSdyZSBuYXRpdmVzLCBzaGUncyBuZXZlcgpkaXNjcmltaW5hdGVkIGFnYWluc3QgdXMuCkhtbS4uLiBXaGF0IGRvZXMgc2hlIHdhbnQ/,,,,,W0lzaG1hZWxdCkZpY2FyZWkgZmVsaXogZW0gYWp1ZGFyCmEgc2FjZXJkb3Rpc2EuIE1lc21vIHF1ZQpzZWphbW9zIG5hdGl2b3MsIGVsYSBudW5jYQpub3MgZGlzY3JpbWlub3UuCkhtbS4uLiBPIHF1ZSBlbGEgcXVlcj8=,,W0lzaG1hZWxdCkVzdGFyw6kgZW5jYW50YWRhIGRlIGF5dWRhcgphIGxhIHNhY2VyZG90aXNhLiBBdW5xdWUKc29tb3MgbmF0aXZvcywgZWxsYSBudW5jYQpub3MgZGlzY3JpbWluw7MuCk1tbeKApiDCv1F1w6kgcXVlcnLDoT8=
fAUoAQ,,W0lzaG1hZWxdCkxldCdzIHNlZS4uLiBTaGUgd2FudHMKbWUgdG8gZm9yZ2UgYSBjb3B5IG9mIHRoaXMKZmlsZT8gUGllY2Ugb2YgY2FrZSwgSSdtIGFuCmV4cGVydCBhdCBmb3JnaW5nIHdyaXRpbmchCkp1c3QgZ2l2ZSBtZSBhIG1vbWVudCBhbmQtLQ==,,,,,W0lzaG1hZWxdClZhbW9zIHZlci4uLiBFbGEgcXVlciBxdWUgZXUKZm9yamUgdW1hIGPDs3BpYSBkZXNzZQphcnF1aXZvPyDDiSBtdWl0byBmw6FjaWwsIHNvdSB1bWEKZXNwZWNpYWxpc3RhIGVtIGZvcmphciBlc2NyaXRhIQpNZSBkw6ogdW0gbW9tZW50byBlLi4u,,W0lzaG1hZWxdClZlYW1vc+KApiDCv1F1aWVyZQpxdWUgZmFsc2lmaXF1ZSB1bmEgY29waWEgZGUgZXN0ZQphcmNoaXZvPyDCoVBhbiBjb21pZG8hIFNveQpleHBlcnRhIGVuIGZhbHNpZmljYXIgZG9jdW1lbnRvcy4KRGFtZSB1biBtb21lbnRvIHnigKY=
fQUoAQ,,W0lzaG1hZWxdCkRhbmcgaXQhIEkgY29tcGxldGVseSBmb3Jnb3QhClNvbWVvbmUgc3RvbGUgbXkgcGVuIHllc3RlcmRheSEKTm93IGhvdyBhbSBJIGdvbm5hIGRvIHRoaXMuLi4/,,,,,W0lzaG1hZWxdCkRyb2dhISBFc3F1ZWNpIGNvbXBsZXRhbWVudGUhCkFsZ3XDqW0gcm91Ym91IG1pbmhhIGNhbmV0YSBvbnRlbSEKQ29tbyB2b3UgZmF6ZXIgaXNzby4uLj8=,,W0lzaG1hZWxdCsKhTWFsZGljacOzbiEgwqFMbyBoYWLDrWEgb2x2aWRhZG8gcG9yIGNvbXBsZXRvIQrCoUF5ZXIgbWUgcm9iYXJvbiBlbCBib2zDrWdyYWZvIQrCv0Fob3JhIGPDs21vIHBvZHLDqSBoYWNlciBlc3Rv4oCmPw==
fgUoAQ,,W0lzaG1hZWxdCk15IHBlbiB3YXMgbWFkZSBvZiBhIHZlcnkKcmFyZSBnZW1zdG9uZSBjYWxsZWQgXkZGMDAwMFNhcmRvbnl4XjAwMDAwMC4KKlNvYiogSSBkb24ndCB0aGluayBhbnlvbmUKc2VsbHMgU2FyZG9ueXggaW4gQXJ1bmFmZWx0ei4KWW91IGNhbiBvbmx5IGdldCB0aGF0IGluIHRoZQpjb3VudHJpZXMgbmV4dCB0byB1cy4uLg==,,,,,W0lzaG1hZWxdCk1pbmhhIGNhbmV0YSDDqSBmZWl0YSBkZSB1bWEgcGVkcmEgcHJlY2lvc2EgbXVpdG8gcmFyYSBjaGFtYWRhIF5GRjAwMDBTYXJkw7RuaXheMDAwMDAwLgoqU29sdcOnbyogQWNobyBxdWUgbmluZ3XDqW0KdmVuZGUgU2FyZMO0bml4IGVtIEFydW5hZmVsdHouCkVsYSBzw7MgcG9kZSBzZXIgYWRxdWlyaWRhIG5vcwpwYcOtc2VzIHByw7N4aW1vcyBhIG7Ds3MuLi4=,,W0lzaG1hZWxdCk1pIGJvbMOtZ3JhZm8gZXN0YWJhIGhlY2hvCmRlIHVuYSByYXJhIHBpZWRyYSBwcmVjaW9zYSBsbGFtYWRhIF42NjAwMDBTYXJkw7NuaWNlXjAwMDAwMC4KKkxsb3JhKiBDcmVvIHF1ZSBuYWRpZQp2ZW5kZSBTYXJkw7NuaWNlIGVuIEFydW5hZmVsdHouClNvbG8gc2UgcHVlZGUgY29uc2VndWlyCmVuIGxvcyBwYcOtc2VzIHZlY2lub3PigKY=
fwUoAQ,,W0lzaG1hZWxdCkkgcmVhbGx5IHdhbnQgdG8gaGVscApIaWdoIFByaWVzdGVzcyBOaXJlbi4uLgpJIGNhbid0IGxldCBoZXIgZG93biBhZnRlcgpzaGUncyBiZWVuIHNvIGdvb2QgdG8gdXMuLi4=,,,,,W0lzaG1hZWxdCkV1IHJlYWxtZW50ZSBxdWVybyBhanVkYXIgYQpTdW1hIFNhY2VyZG90aXNhIE5pcmVuLi4uCk7Do28gcG9zc28gZGVjZXBjaW9uw6EtbGEgZGVwb2lzCiBkZSB0ZXIgc2lkbyB0w6NvIGJvYSBwcmEgbsOzcy4uLg==,,W0lzaG1hZWxdClJlYWxtZW50ZSBxdWllcm8gYXl1ZGFyCmEgbGEgc3VtYSBzYWNlcmRvdGlzYSBOaXJlbuKApgpObyBwdWVkbyBkZWZyYXVkYXJsYSBjdWFuZG8KaGEgc2lkbyB0YW4gYnVlbmEgY29uIG5vc290cm9z4oCm
gAUoAQ,,XjMzNTVGRllvdSBzZWVtIHRvIGhhdmUKbWlzcGxhY2VkIE5pcmVuJ3MgZmlsZS4uLl4wMDAwMDA=,,,,,XjMzNTVGRlBhcmVjZSBxdWUgdm9jw6oKZXh0cmF2aW91IG8gYXJxdWl2byBkZSBOaXJlbi4uLl4wMDAwMDA=,,XjI1MDJGRFBhcmVjZSBxdWUKZXh0cmF2aWFzdGUgZWwgYXJjaGl2byBkZSBOaXJlbuKApl4wMDAwMDA=
gQUoAQ,,W0lzaG1hZWxdCkkuLi4gSSBkb24ndCBzZWUgeW91CmJhY2tpbmcgYXdheS4gU3RheSBiYWNrLAphbmQgZG9uJ3QgeW91IGRhcmUgdG91Y2ggbWUh,,,,,W0lzaG1hZWxdLgpWb2PDqi4uLiBOw6NvIGVzdMOhIHNlIGFmYXN0YW5kby4gRmlxdWUgcHJhIHRyw6FzLAplIG7Do28gc2UgYXRyZXZhIGEgbWUgdG9jYXIh,,W0lzaG1hZWxdCk5v4oCmIE5vIHZlbwpxdWUgcmV0cm9jZWRhcy4gwqFBdHLDoXMhCsKhWSBubyB0ZSBhdHJldmFzIGEgdG9jYXJtZSE=
ggUoAQ,,W3t9XQpXb3VsZCB5b3UgYmUgYWJsZSB0byBmb3JnZQphIGNvcHkgb2YgSGlnaCBQcmllc3Rlc3MKTmlyZW4ncyBmaWxlIGlmIHlvdSBoYWQKdGhpcyBnZW1zdG9uZT8=,,,,,W3t9XQpWb2PDqiBzZXJpYSBjYXBheiBkZSBmb3JqYXIKdW1hIGPDs3BpYSBkbyBhcnF1aXZvIGRhIFN1bWEgU2FjZXJkb3Rpc2EKTmlyZW4gc2UgdGl2ZXNzZQplc3NhIHBlZHJhIHByZWNpb3NhPw==,,W3t9XQrCv1BvZHLDrWFzIGZhbHNpZmljYXIKdW5hIGNvcGlhIGRlbCBhcmNoaXZvCmRlIGxhIHN1bWEgc2FjZXJkb3Rpc2EgTmlyZW4gc2kgdHV2aWVyYXMKZXNhIHBpZWRyYSBwcmVjaW9zYT8=
gwUoAQ,,W0lzaG1hZWxdCk9oLCB5b3UgZm91bmQKYSBTYXJkb255eCBmb3IgbWU/Ckl0IGxvb2tzIHBlcmZlY3Qh,,,,,W0lzaG1hZWxdLgpPaCwgdm9jw6ogZW5jb250cm91CnVtYSBTYXJkw7RuaXggcHJhIG1pbT8KUGFyZWNlIHBlcmZlaXRhIQ==,,W0lzaG1hZWxdCkFoLCDCv2VuY29udHJhc3RlCnVuIFNhcmTDs25pY2UgcGFyYSBtw60/CsKhU2UgdmUgcGVyZmVjdG8h
hAUoAQ,,W0lzaG1hZWxdCkVyLCBidXQsIHVtLi4uCldvdWxkIHlvdSBwbGVhc2UKbm90IGNvbWUgYW55IGNsb3Nlcj8KSSBzdGlsbC4uLiBVaC4uLiBJIGRvbid0IG1lYW4KdG8gYmUgcnVkZS4uLiBJdCdzIGp1c3QuLi4KSSdtIGp1c3Qgbm90IGdvb2Qgd2l0aC4uLg==,,,,,W0lzaG1hZWxdCk1hcywgaHVtLi4uClNlcsOhIHF1ZSB2b2PDqiBwb2RlCm7Do28gc2UgYXByb3hpbWFyIG1haXM/CkV1IGFpbmRhLi4uIEFobS4uLiBOw6NvIHF1ZXJvCnNlciBydWRlLi4uIE1hcy4uLgpFdSBzaW1wbGVzbWVudGUgbsOjbyBzb3UgYm9hIGNvbS4uLg==,,W0lzaG1hZWxdCkVoLCBwZXJvLCBtbW3igKYKwr9Qb2Ryw61hcwpubyBhY2VyY2FydGUgbcOhcz8KQcO6buKApiBVaOKApiBObyBxdWllcm8gc2VyCmRlc2NvcnTDqXPigKYgRXMgcXVl4oCmCk5vIG1lIGd1c3Rh4oCm
hQUoAQ,,W0lzaG1hZWxdCklmIHlvdSBqdXN0IHRvc3MgdGhlClNhcmRvbnl4IG92ZXIgaGVyZSwKSSdsbCBiZSBhYmxlIHRvIGZvcmdlCnlvdXIgY29weSByaWdodCBhd2F5Lg==,,,,,W0lzaG1hZWxdClNlIHZvY8OqIGpvZ2FyIGEKU2FyZMO0bml4IGFxdWksCnZvdSBwb2RlciBmb3JqYXIKc3VhIGPDs3BpYSBpbWVkaWF0YW1lbnRlLg==,,W0lzaG1hZWxdClNpIGFycm9qYXMgZWwKU2FyZMOzbmljZSBoYWNpYSBhcXXDrSwKcG9kcsOpIGZhbHNpZmljYXIKdHUgY29waWEgZGUgaW5tZWRpYXRvLg==
hgUoAQ,,RG9uJ3QgR2l2ZSBJdCB0byBIZXI=,,,,,TsOjbyBEYXIgUGFyYSBFbGE=,,Tm8gYXJyb2rDoXJzZWxvLg==
hwUoAQ,,R2l2ZSBJdCB0byBIZXI=,,,,,RGFyIFBhcmEgRWxh,,QXJyb2rDoXJzZWxvLg==
iAUoAQ,,W0lzaG1hZWxdCkh1aD8gSSB0aG91Z2h0IHlvdQpuZWVkZWQgbXkgaGVscD8gSSBjYW4ndApkbyBhbnl0aGluZyB1bmxlc3MgeW91CmdpdmUgbWUgdGhhdCBnZW1zdG9uZS4=,,,,,W0lzaG1hZWxdCkjDoz8gUGVuc2VpIHF1ZSB2b2PDqgpwcmVjaXNhc3NlIGRhIG1pbmhhIGFqdWRhPyBOw6NvIHBvc3NvCmZhemVyIG5hZGEgYSBtZW5vcyBxdWUgdm9jw6oKbWUgZMOqIGVzc2EgcGVkcmEgcHJlY2lvc2Eu,,W0lzaG1hZWxdCsK/RWg/IENyZcOtIHF1ZQpuZWNlc2l0YWJhcyBtaSBheXVkYS4gTm8gcHVlZG8KaGFjZXIgbmFkYSBhIG1lbm9zIHF1ZQptZSBkZXMgZXNhIHBpZWRyYSBwcmVjaW9zYS4=
iQUoAQ,,W0lzaG1hZWxdCllheSwgdGhhbmsgeW91IHNvIG11Y2ghCk5vdyBJIGNhbiBnZXQgdG8gd29ya34=,,,,,W0lzaG1hZWxdCk9iYSwgYWdyYWRlw6dvIG11aXRvIQpBZ29yYSwgcG9zc28gY29tZcOnYXIgYSB0cmFiYWxoYXJ+,,W0lzaG1hZWxdCsKhU8OtLCBtdWNoYXMgZ3JhY2lhcyEKQWhvcmEgcHVlZG8gcG9uZXJtZSBhIHRyYWJhamFyLg==
igUoAQ,,XjMzNTVGRipTY3JpYmJsZSoKKlNjcmliYmxlKl4wMDAwMDA=,,,,,XjMzNTVGRipSYWJpc2NhKgoqUmFiaXNjYSpeMDAwMDAw,,XjI1MDJGRCpHYXJhYmF0ZWEqCipHYXJhYmF0ZWEqXjAwMDAwMA==
iwUoAQ,,XjMzNTVGRipTY3JpYmJsZSoKKlNjcmliYmxlKl4wMDAwMDAKXjMzNTVGRipTY3JpYmJsZSoKKlNjcmliYmxlKl4wMDAwMDA=,,,,,XjMzNTVGRipSYWJpc2NhKgoqUmFiaXNjYSpeMDAwMDAwCl4zMzU1RkYqUmFiaXNjYSoKKlJhYmlzY2EqXjAwMDAwMA==,,XjI1MDJGRCpHYXJhYmF0ZWEqCipHYXJhYmF0ZWEqXjAwMDAwMApeMjUwMkZEKkdhcmFiYXRlYSoKKkdhcmFiYXRlYSpeMDAwMDAw
jAUoAQ,,W0lzaG1hZWxdClRoZXJlIHlvdSBnbyEgSSBtYWRlIHRoZQpiZXN0IHF1YWxpdHkgY29weSBJIGNvdWxkIGZvcgp5b3Ugc2luY2UgSGlnaCBQcmllc3Rlc3MKTmlyZW4gcmVxdWVzdGVkIGZvciBpdC4KV291bGQgeW91IHBsZWFzZSBzZW5kCmhlciBteSByZWdhcmRzPyBIZWggaGVofg==,,,,,W0lzaG1hZWxdClByb250byEgRml6IGEKbWVsaG9yIGPDs3BpYSBkZSBxdWFsaWRhZGUgcG9zc8OtdmVsIHByYSB2b2PDqiwKasOhIHF1ZSBhIFN1bWEgU2FjZXJkb3Rpc2EKTmlyZW4gc29saWNpdG91LgpWb2PDqiBwb2RlIGVudmlhcgptZXVzIGN1bXByaW1lbnRvcyBhIGVsYT8gSGVoIGhlaH4=,,W0lzaG1hZWxdCsKhQXF1w60gdGllbmVzISBUZSBoaWNlCnVuYSBjb3BpYSBkZSBsYSBtZWpvciBjYWxpZGFkIHF1ZSBwdWRlCnlhIHF1ZSBsYSBzdW1hIHNhY2VyZG90aXNhCk5pcmVuIGxhIHNvbGljaXTDsy4Kwr9Qb2Ryw61hcyBlbnZpYXJsZQptaXMgc2FsdWRvcz8gSmUsIGplLg==
jQUoAQ,,XjMzNTVGRllvdSByZWNlaXZlZCBhIGZpbGUKY29udGFpbmluZyBhIGZvcmdlZAp3cml0dGVuIGFwcHJvdmFsIGZvcgp2YWNhdGlvbiBmcm9tIElzaG1hZWwuXjAwMDAwMA==,,,,,XjMzNTVGRlZvY8OqIHJlY2ViZXUgdW0gYXJxdWl2bwpkZSBJc2htYWVsIGNvbnRlbmRvIHVtYQphcHJvdmHDp8OjbyBwb3IgZXNjcml0byBmb3JqYWRhCnBhcmEgdGlyYXIgZsOpcmlhcy5eMDAwMDAw,,XjI1MDJGRFJlY2liaXN0ZSB1biBhcmNoaXZvCnF1ZSBjb250aWVuZSB1bmEgYXV0b3JpemFjacOzbgpkZSB2YWNhY2lvbmVzIGZhbHNpZmljYWRhCnBvciBJc2htYWVsLl4wMDAwMDA=
jgUoAQ,,W0lzaG1hZWxdCklmIG9ubHkgSSBvbmx5IGhhZApteSBwcmVjaW91cyBwZW4gbWFkZQpvZiBTYXJkb255eCEgV2FhYWFofiE=,,,,,W0lzaG1hZWxdClNlIGFvIG1lbm9zIGV1IHRpdmVzc2UKbWluaGEgcHJlY2lvc2EgY2FuZXRhIGZlaXRhCmRlIFNhcmTDtG5peCEgQnXDocOhw6HDoX4h,,W0lzaG1hZWxdCsKhU2kgdGFuIHNvbG8gdHV2aWVyYQptaSBwcmVjaW9zYSBwbHVtYQpoZWNoYSBkZSBTYXJkw7NuaWNlISDCoUJ1YWFhIQ==
jwUoAQ,,W0lzaG1hZWxdCkhpZ2ggUHJpZXN0ZXNzIE5pcmVuIGlzCnN1Y2ggYSBuaWNlIGxhZHkuIEkgaGF2ZSB0bwpoZWxwIGhlciBvdXQgd2hlbmV2ZXIgSSBnZXQKdGhlIGNoYW5jZS4gRXIsIGRvIHlvdSBtaW5kCnN0ZXBwaW5nIGJhY2sgYSBiaXQ/IEkganVzdC4uLgpJIGRvbid0IGxpa2UgYmVpbmcgbmVhciBwZW9wbGUh,,,,,W0lzaG1hZWxdCkEgU3VtYSBTYWNlcmRvdGlzYSBOaXJlbiDDqQp1bWEgc2VuaG9yYSBtdWl0byBzaW1ww6F0aWNhLiBUZW5obyBxdWUKYWp1ZMOhLWxhIHNlbXByZSBxdWUKYWxnbyBzdXJnZS4gT2xoYSwgdm9jw6ogc2UgaW1wb3J0YSBkZQpkZSBzZSBhZmFzdGFyIHVtIHBvdWNvPyBFdS4uLgpOw6NvIGdvc3RvIGRlIGZpY2FyIHBlcnRvIGRhcyBwZXNzb2FzIQ==,,W0lzaG1hZWxdCkxhIHN1bWEgc2FjZXJkb3Rpc2EgTmlyZW4gZXMKdW5hIG11amVyIG11eSBhZ3JhZGFibGUuIFRlbmdvIHF1ZQpheXVkYXJsYSBzaWVtcHJlIHF1ZSB0ZW5nYQpsYSBvcG9ydHVuaWRhZC4gRWgsIMK/dGUgaW1wb3J0YXLDrWEKcmV0cm9jZWRlciB1biBwb2NvPyBFcyBzb2xvIHF1ZeKApgrCoU5vIG1lIGd1c3RhIGVzdGFyIGNlcmNhIGRlIGxhIGdlbnRlIQ==
kAUoAQ,,TmlyZW4=,,,,,TmlyZW4=,,TmlyZW4=
kQUoAQ,,WmhlZA==,,,,,WmhlZA==,,WmhlZA==
kgUoAQ,,UG9wZQ==,,,,,UGFwYQ==,,UG9wZQ==
kwUoAQ,,XjMzNTVGRkhpZ2ggUHJpZXN0IFpoZWQgYW5kIEhpZ2gKUHJpZXN0ZXNzIE5pcmVuIGhhdmUgYWxyZWFkeQphcnJpdmVkLCBhbmQgYXJlIGNhcmVmdWxseQp3YXRjaGluZyB0aGUgcG9wZSdzIGZhY2UuClRoZXkgc2VlbSB3b3JyaWVkIGFib3V0CndoYXQgd2lsbCBoYXBwZW4uLi5eMDAwMDAw,,,,,XjMzNTVGRk8gU3VtbyBTYWNlcmRvdGUgWmhlZCBlIGEKU3VtYSBTYWNlcmRvdGlzYSBOaXJlbiBqw6EKY2hlZ2FyYW0gZSBlc3TDo28gb2JzZXJ2YW5kbwpvYnNlcnZhbmRvIGN1aWRhZG9zYW1lbnRlIG8gcm9zdG8gZGEgcGFwaXNhLgpFbGVzIHBhcmVjZW0gcHJlb2N1cGFkb3MgY29tCmNvbSBvIHF1ZSB2YWkgYWNvbnRlY2VyLi4uXjAwMDAwMA==,,XjI1MDJGREVsIFN1bW8gc2FjZXJkb3RlIFpoZWQKeSBsYSBzdW1hIHNhY2VyZG90aXNhIE5pcmVuCnlhIGxsZWdhcm9uIHkgZXN0w6FuCm9ic2VydmFuZG8gZWwgcm9zdHJvIGRlIGxhIHBhcGlzYS4KUGFyZWNlbiBwcmVvY3VwYWRvcyBwb3IKbG8gcXVlIHN1Y2VkZXLDoeKApl4wMDAwMDA=
lAUoAQ,,W1poZWRdCkhvdyBoYXZlIHlvdSBiZWVuLCBZb3VyCkVtaW5lbmNlPyBJIGFwb2xvZ2l6ZSBmb3IKbm90IHZpc2l0aW5nIHlvdSBzb29uZXIsIGJ1dApJJ3ZlIGJlZW4gdG9vIGFzaGFtZWQgYWJvdXQKbXkgY29tcGV0ZW5jeSBhcyBhIGhpZ2ggcHJpZXN0Lg==,,,,,W1poZWRdCkNvbW8gdGVtIHBhc3NhZG8sIFZvc3NhCkVtaW7Dqm5jaWE/IFBlw6dvIGRlc2N1bHBhcyBwb3IKbsOjbyB0w6otbG8gdmlzaXRhZG8gYW50ZXMsIG1hcwp0ZW5obyB0aWRvIG11aXRhIHZlcmdvbmhhIGRlIG1pbmhhCm1pbmhhIGNvbXBldMOqbmNpYSBjb21vIHN1bW8gc2FjZXJkb3RlLg==,,W1poZWRdCsK/Q8OzbW8gaGEgZXN0YWRvLApTdSBFbWluZW5jaWE/IExlIHBpZG8gZGlzY3VscGFzIHBvcgpubyBoYWJlcmxhIHZpc2l0YWRvIGFudGVzLCBwZXJvCmVzdHV2ZSBtdXkgYXZlcmdvbnphZG8gcG9yCm1pIGFwdGl0dWQgY29tbyBzdW1vIHNhY2VyZG90ZS4=
lQUoAQ,,W1BvcGVdCkhpZ2ggUHJpZXN0IFpoZWQuLi4KWW91IGNhbWUuLi4gVGhhbmsgeW91Li4u,,,,,W1BhcGlzYV0KU3VtbyBTYWNlcmRvdGUgWmhlZC4uLgpWb2PDqiB2ZWlvLi4uIE9icmlnYWRvLi4u,,W1BhcGlzYV0KU3VtbyBzYWNlcmRvdGUgWmhlZOKApgpWaW5pc3Rl4oCmIEdyYWNpYXPigKY=
lgUoAQ,,XjMzNTVGRlRoZSBwb3BlIGZhaW50bHkgc21pbGVkCmF0IEhpZ2ggUHJpZXN0IFpoZWQsIGdsYWQKdG8gZmluYWxseSBzZWUgaGltIGFnYWluLl4wMDAwMDA=,,,,,XjMzNTVGRkEgcGFwaXNhIHNvcnJpdSBsZXZlbWVudGUKcGFyYSBvIFN1bW8gU2FjZXJkb3RlIFpoZWQsIGZlbGl6CnBvciBmaW5hbG1lbnRlIHbDqi1sbyBub3ZhbWVudGUuXjAwMDAwMA==,,XjI1MDJGRExhIHBhcGlzYSBsZSBzb25yacOzIGTDqWJpbG1lbnRlCmFsIFN1bW8gc2FjZXJkb3RlIFpoZWQsIGZlbGl6CmRlIHZvbHZlciBhIHZlcmxvIHBvciBmaW4uXjAwMDAwMA==
lwUoAQ,,W05pcmVuXQpZb3VyIEVtaW5lbmNlLi4uCkkgaG9wZSB5b3UgdW5kZXJzdGFuZAp0aGF0IEkndmUgdHJpZWQgbXkgYmVzdAp0byBvbmx5IHNob3cgeW91IHdoYXQgaXMKYmVhdXRpZnVsIGluIHRoaXMgd29ybGQuLi4=,,,,,W05pcmVuXQpWb3NzYSBFbWluw6puY2lhLi4uCkVzcGVybyBxdWUgbyBzZW5ob3IgZW50ZW5kYQpxdWUgZGVpIG8gbWV1IG1lbGhvcgpwYXJhIGxoZSBtb3N0cmFyIGFwZW5hcyBvIHF1ZSDDqQpiZWxvIG5lc3RlIG11bmRvLi4u,,W05pcmVuXQpTdSBFbWluZW5jaWHigKYKRXNwZXJvIHF1ZSBjb21wcmVuZGEKcXVlIG1lIGhlIGVzZm9yemFkbyBhbCBtw6F4aW1vCnBhcmEgbW9zdHJhcmxlIHNvbG8gbG8gcXVlIGVzCmhlcm1vc28gZW4gZXN0ZSBtdW5kb+KApg==
mAUoAQ,,W1BvcGVdCi4uLi4uLi4uLi4uLi4uLi4uLi4uLi4uLi4uLi4uLi4KSGlnaCBQcmllc3Rlc3MgTmlyZW4uLi4=,,,,,W1BhcGlzYV0KLi4uLi4uLi4uLi4uLi4uLi4uLi4uLi4uLi4uLi4uLgpTdW1hIFNhY2VyZG90aXNhIE5pcmVuLi4u,,W1BhcGlzYV0KLi4uLi4uLi4uLi4uLi4uLi4uLi4uLi4uLi4uLi4uLgphIGxhIHN1bWEgc2FjZXJkb3Rpc2EgTmlyZW7igKY=
mQUoAQ,,W05pcmVuXQpIb3dldmVyLCB0b2RheSBJIG11c3QKcmV2ZWFsIHRvIHlvdSB0aGUgd29ybGQncwp1Z2xpbmVzcyBhcyB3ZWxsLiBJJ20gc29ycnkuLi4KSSBnYXZlIHRoZSBTa3kgR2FyZGVuIHBlb3BsZQphIHZhY2F0aW9uIHRvZGF5IHNvIHRoYXQgd2UKdGVsbCB5b3Ugc29tZXRoaW5nIGluIHByaXZhdGUu,,,,,W05pcmVuXQpObyBlbnRhbnRvLCBob2plIGV1IGRldm8KcmV2ZWxhciBhIHZvY8OqIGEgZmVpdXJhCmRvIG11bmRvIHRhbWLDqW0uIFNpbnRvIG11aXRvLi4uCkV1IGRlaSBmw6lyaWFzIGhvamUgYW8gcGVzc29hbCBkbwpKYXJkaW0gQ2VsZXN0ZSBwYXJhIHF1ZSBwb3NzYW1vcwpsaGUgY29udGFyIGFsZ28gZW0gcGFydGljdWxhci4=,,W05pcmVuXQpTaW4gZW1iYXJnbywgaG95IGRlYm8KcmV2ZWxhcmxlIHRhbWJpw6luCmxhIGZlYWxkYWQgZGVsIG11bmRvLiBMbyBzaWVudG/igKYKSG95LCBsZXMgZGkgdmFjYWNpb25lcwphIGxhIGdlbnRlIGRlIEphcmTDrW4gZGVsIGNpZWxvCnBhcmEgcG9kZXIgZGVjaXJsZSBhbGdvIGVuIHByaXZhZG8u
mgUoAQ,,W1BvcGVdCk5pcmVuLi4uIFdoYXQgaXMgaXQ/,,,,,W1BhcGlzYV0KTmlyZW4uLi4gTyBxdWUgZm9pPw==,,W1BhcGlzYV0KTmlyZW7igKYgwr9RdcOpIHN1Y2VkZT8=
mwUoAQ,,W1poZWRdCllvdSBtYXkgd2FudCB0byBicmFjZQp5b3Vyc2VsZiwgWW91ciBFbWluZW5jZSwKZm9yIHdoYXQgd2UgYXJlIGFib3V0IHRvCnRlbGwgeW91LiBZb3UgbWF5IHZlcnkKd2VsbCBiZSBzaG9ja2VkLi4u,,,,,W1poZWRdClRhbHZleiBzZWphIG1lbGhvciBzZSBwcmVwYXJhciwKVm9zc2EgRW1pbsOqbmNpYSwKcGFyYSBvIHF1ZSBlc3RhbW9zIHByZXN0ZXMgYQpjb250YXIuIE8gc2VuaG9yIHBvZGUKZmljYXIgY2hvY2Fkby4uLg==,,W1poZWRdCkVzIHBvc2libGUgcXVlIG5lY2VzaXRlCnByZXBhcmFyc2UsIFN1IEVtaW5lbmNpYSwKcGFyYSBsbyBxdWUgZXN0YW1vcyBhIHB1bnRvIGRlCmRlY2lybGUuIEVzIG11eSBwb3NpYmxlIHF1ZQpsYSB0b21lIHBvciBzb3JwcmVzYeKApg==
nAUoAQ,,XjMzNTVGRkhpZ2ggUHJpZXN0IFpoZWQgZXhwbGFpbmVkCmFsbCBvZiBBcnVuYWZlbHR6J3Mgc2VjcmV0cwppbiBkZXRhaWwuIEhlIHJldmVhbGVkIHRoZQpzcGxpdCBiZXR3ZWVuIHRoZSBtb2RlcmF0ZXMKYW5kIGhhcmQgbGluZXJzIGFtb25nIHRoZQpwcmllc3RzLCB0aGUgY29ycnVwdGlvbi4uLl4wMDAwMDA=,,,,,XjMzNTVGRk8gU3VtbyBTYWNlcmRvdGUgWmhlZCBleHBsaWNvdQp0b2RvcyBvcyBzZWdyZWRvcyBkZSBBcnVuYWZlbHR6CmVtIGRldGFsaGVzLiBFbGUgcmV2ZWxvdSBhCmRpdmlzw6NvIGVudHJlIG9zIG1vZGVyYWRvcwplIG9zIGV4dHJlbWlzdGFzIGVudHJlIG9zCnNhY2VyZG90ZXMsIGEgY29ycnVww6fDo28uLi5eMDAwMDAw,,XjI1MDJGREVsIFN1bW8gc2FjZXJkb3RlIFpoZWQgbGUgZXhwbGljw7MgCnRvZG9zIGxvcyBzZWNyZXRvcyBkZSBBcnVuYWZlbHR6CmVuIGRldGFsbGUuIFJldmVsw7MgbGEKZGl2aXNpw7NuIGVudHJlIGxvcyBzYWNlcmRvdGVzIG1vZGVyYWRvcwp5IGxvcyBpbnRyYW5zaWdlbnRlcywKbGEgY29ycnVwY2nDs27igKZeMDAwMDAw
nQUoAQ,,XjMzNTVGRkhlIGFsc28gZXhwbGFpbmVkIHRoZSByb2xlCkhlIGFsc28gZXhwbGFpbmVkIHRoZSByb2xlCm9mIHRoZSBwcmllc3RzIGluIHRoZSBpbmh1bWFuZQp0ZXN0aW5nIGNvbmR1Y3RlZCBieSB0aGUKUmVrZW5iZXIgQ29ycG9yYXRpb24sIGFuZAp0aGUgaGFyZCBsaW5lciBwcmllc3RzIGdyYWIKZm9yIHBvd2VyIGF0IFRob3IgVm9sY2Fuby5eMDAwMDAw,,,,,XjMzNTVGRlRhbWLDqW0gZXhwbGljb3UgbyBwYXBlbApkb3Mgc2FjZXJkb3RlcyBub3MgdGVzdGVzIGRlc3VtYW5vcwpyZWFsaXphZG9zIHBlbGEKQ29ycG9yYcOnw6NvIFJla2VuYmVyLCBlCmEgbHV0YSBkb3Mgc2FjZXJkb3RlcyBleHRyZW1pc3RhcwpwZWxvIHBvZGVyIG5vIFZ1bGPDo28gZGUgVGhvci5eMDAwMDAw,,XjI1MDJGRFRhbWJpw6luIGV4cGxpY8OzIAplbCBwYXBlbApkZSBsb3Mgc2FjZXJkb3RlcyBlbiBsYXMgcHJ1ZWJhcwppbmh1bWFuYXMgcmVhbGl6YWRhcyBwb3IgbGEKQ29ycG9yYWNpw7NuIFJla2VuYmVyLCB5CmxhIHRvbWEgZGUgcG9kZXIgZGUKbG9zIHNhY2VyZG90ZXMgaW50cmFuc2lnZW50ZXMgZW4gZWwgdm9sY8OhbiBUaG9yLl4wMDAwMDA=
ngUoAQ,,XjMzNTVGRlRoZSBwb3BlIHN0YXJlZCBhdApIaWdoIFByaWVzdCBaaGVkIGluCnNob2NrIGFzIGhlIHNwb2tlLl4wMDAwMDA=,,,,,XjMzNTVGRkEgcGFwaXNhIG9saG91IHBhcmEgbwpTdW1vIFNhY2VyZG90ZSBaaGVkIGVtCmNob3F1ZSBlbnF1YW50byBlbGUgZmFsYXZhLl4wMDAwMDA=,,XjI1MDJGRExhIHBhcGlzYSBzZSBxdWVkw7MgbWlyYW5kbwphbCBTdW1vIHNhY2VyZG90ZSBaaGVkCmNvbm1vY2lvbmFkYSwgbWllbnRyYXMgZXN0ZSBoYWJsYWJhLl4wMDAwMDA=
nwUoAQ,,W1poZWRdCldlIGFsbCB1bmRlcnN0YW5kIHRoYXQKeW91J3JlIGFscmVhZHkgYnVyZGVuZWQKZW5vdWdoIHdpdGggeW91ciBkdXRpZXMKYXMgcG9wZSwgYnV0IHdlIGZlZWwgdGhhdAp5b3Ugc2hvdWxkIHRha2UgYWN0aW9uIHNvb24u,,,,,W1poZWRdClRvZG9zIGVudGVuZGVtb3MgcXVlClZvc3NhIEVtaW7Dqm5jaWEgasOhIGVzdMOhIHNvYnJlY2FycmVnYWRhCmNvbSBzZXVzIGRldmVyZXMKY29tbyBwYXBpc2EsIG1hcyBhY2hhbW9zIHF1ZQpxdWUgYSBzZW5ob3JhIGRldmUgYWdpciBsb2dvLg==,,W1poZWRdClRvZG9zIGVudGVuZGVtb3MgcXVlCnlhIGVzdMOhIGJhc3RhbnRlIHNvYnJlY2FyZ2FkYQpjb24gc3VzIG9ibGlnYWNpb25lcwpjb21vIHBhcGlzYSwgcGVybyBjcmVlbW9zIHF1ZQpkZWJlcsOtYSBhY3R1YXIgcHJvbnRvLg==
oAUoAQ,,W1BvcGVdCi4uLi4uLi4uLi4uLi4uLi4uLi4uLi4uLi4uLi4uLi4KLi4uLi4uLi4uLi4uLi4uLi4uLi4uLi4uLi4uLi4uLgouLi4uLi4uLi4uLi4uLi4uLi4uLi4uLi4uLi4uLi4u,,,,,W1BhcGlzYV0KLi4uLi4uLi4uLi4uLi4uLi4uLi4uLi4uLi4uLi4uLgouLi4uLi4uLi4uLi4uLi4uLi4uLi4uLi4uLi4uLi4uCi4uLi4uLi4uLi4uLi4uLi4uLi4uLi4uLi4uLi4uLi4=,,W1BhcGlzYV0KLi4uLi4uLi4uLi4uLi4uLi4uLi4uLi4uLi4uLi4uLgouLi4uLi4uLi4uLi4uLi4uLi4uLi4uLi4uLi4uLi4uCi4uLi4uLi4uLi4uLi4uLi4uLi4uLi4uLi4uLi4uLi4=
oQUoAQ,,W05pcmVuXQpXZSBkb24ndCBtZWFuIHRvIGZvcmNlCnlvdSwgWW91ciBFbWluZW5jZSwgYnV0CndlIGRvbid0IGhhdmUgbXVjaCB0aW1lLgpXZSdyZSBmYWNpbmcgdGhlIHBvc3NpYmlsaXR5Cm9mIHdhciwgYW5kIHdlIG11c3Qgc3RvcCBpdAppbiBvcmRlciB0byBzYXZlIEFydW5hZmVsdHou,,,,,W05pcmVuXS4KTsOjbyBxdWVyZW1vcyBmb3LDp8OhLWxvLApWb3NzYSBFbWluw6puY2lhLCBtYXMKbsOjbyB0ZW1vcyBtdWl0byB0ZW1wby4KRXN0YW1vcyBlbmZyZW50YW5kbyB1bWEgcG9zc2liaWxpZGFkZQpkZSBndWVycmEsIGUgcHJlY2lzYW1vcyBpbXBlZGktbGEKcGFyYSBzYWx2YXIgQXJ1bmFmZWx0ei4=,,W05pcmVuXQpObyBxdWVyZW1vcyBwcmVzaW9uYXJsYSwKU3UgRW1pbmVuY2lhLApwZXJvIG5vIHRlbmVtb3MgbXVjaG8gdGllbXBvLgpOb3MgZW5mcmVudGFtb3MgYSBsYSBwb3NpYmlsaWRhZApkZSB1bmEgZ3VlcnJhIHkgZGViZW1vcyBkZXRlbmVybGEKcGFyYSBzYWx2YXIgYSBBcnVuYWZlbHR6Lg==
ogUoAQ,,W1BvcGVdCi4uLi4uLi4uLi4uLi4uLi4uLi4uLi4uLi4uLi4uLi4KLi4uLi4uLi4uLi4uLi4uLi4uLi4uLi4uLi4uLi4uLgouLi4uLi4uLi4uLi4uLi4uLi4uLi4uLi4uLi4uLi4uCi4uLi4uLi4uLi4uLi4uLi4uLi4uLi4uRmluYWxseS4=,,,,,W1BhcGlzYV0KLi4uLi4uLi4uLi4uLi4uLi4uLi4uLi4uLi4uLi4uLgouLi4uLi4uLi4uLi4uLi4uLi4uLi4uLi4uLi4uLi4uCi4uLi4uLi4uLi4uLi4uLi4uLi4uLi4uLi4uLi4uLi4KLi4uLi4uLi4uLi4uLi4uLi4uLi4uLi5GaW5hbG1lbnRlLg==,,W1BhcGlzYV0KLi4uLi4uLi4uLi4uLi4uLi4uLi4uLi4uLi4uLi4uLgouLi4uLi4uLi4uLi4uLi4uLi4uLi4uLi4uLi4uLi4uCi4uLi4uLi4uLi4uLi4uLi4uLi4uLi4uLi4uLi4uLi4KLi4uLi4uLi4uLi4uLi4uLi4uLi5Qb3IgZmluLg==
owUoAQ,,W1poZWQsIE5pcmVuXQpFeGN1c2UgbWU/,,,,,W1poZWQsIE5pcmVuXQpQZXJkw6NvPw==,,W1poZWQsIE5pcmVuXQrCv0Rpc2N1bHBlPw==
pAUoAQ,,W1BvcGVdCk5pcmVuLCBaaGVkLi4uCkknbSBnbGFkIHRoYXQgeW91IGFsbApmaW5hbGx5IGNhbWUgdG8gbWUgZm9yCmEgc29sdXRpb24gdG8gYWxsIHRoaXMuCkknbSB5b3VuZywgYnV0IEkgcmVtZW1iZXIKd2hhdCBJIHNhdyBpbiB0aGUgaG9seSBncm91bmQu,,,,,W1BhcGlzYV0KTmlyZW4sIFpoZWQuLi4KRXN0b3UgZmVsaXogcXVlCmZpbmFsbWVudGUgdGVuaGFtIG1lIHByb2N1cmFkbyBwYXJhCmJ1c2NhciB1bWEgc29sdcOnw6NvIHBhcmEgdHVkbyBpc3NvLgpTb3Ugam92ZW0sIG1hcyBtZSBsZW1icm8KZG8gcXVlIHZpIG5vIHNvbG8gc2FncmFkby4=,,W1BhcGlzYV0KTmlyZW4sIFpoZWTigKYKTWUgYWxlZ3JvIGRlIHF1ZQpmaW5hbG1lbnRlIGhheWFuIGFjdWRpZG8gYSBtw60gCnBhcmEgYnVzY2FyIHVuYSBzb2x1Y2nDs24gYSB0b2RvIGVzdG8uClNveSBqb3ZlbiwgcGVybyByZWN1ZXJkbwpsbyBxdWUgdmkgZW4gbGEgdGllcnJhIHNhZ3JhZGEu
pQUoAQ,,W1BvcGVdCkRvbid0IHlvdSByZW1lbWJlciwgTmlyZW4/CllvdSBmb3VuZCBtZSBpbiB0aGUgaG9seQpncm91bmQsIGFuZCBzYWZlbHkgbGVkIG1lCm91dC4gQnV0IHdoaWxlIEkgd2FzIHRoZXJlLApJIHNhdyBeMzEzMUZGWW1pcidzIEhlYXJ0XjAwMDAwMC4=,,,,,W1BhcGlzYV0KTsOjbyBzZSBsZW1icmEsIE5pcmVuPwpWb2PDqiBtZSBlbmNvbnRyb3Ugbm8gc29sbyBzYWdyYWRvCmUgbWUgcmV0aXJvdSBkZSBsw6EgZW0gc2VndXJhbsOnYQpNYXMgZW5xdWFudG8gZXUgZXN0YXZhIGzDoSwKZXUgdmkgbyBeMzEzMUZGQ29yYcOnw6NvIGRlIFltaXJeMDAwMDAwLg==,,W1BhcGlzYV0Kwr9ObyBsbyByZWN1ZXJkYXMsIE5pcmVuPwpNZSBlbmNvbnRyYXN0ZSBzYW5ncmFuZG8KZW4gZWwgc3VlbG8geSBtZSBzYWNhc3RlIGRlIGFsbMOtIAphIHNhbHZvLiBQZXJvIG1pZW50cmFzIGVzdHV2ZSBhbGzDrSwKdmkgZWwgXjk5MDAwMENvcmF6w7NuIGRlIFltaXJeMDAwMDAwLg==
pgUoAQ,,W1poZWRdCkhvdy4uLiBIb3cgZGlkIHlvdSBrbm93CnRoYXQgd2FzIFltaXIncyBIZWFydD8=,,,,,W1poZWRdCkNvbW8uLi4gQ29tbyBWb3NzYSBFbWluw6puY2lhIHNhYmlhIHF1ZQpxdWUgZXJhIG8gQ29yYcOnw6NvIGRlIFltaXI/,,W1poZWRdCsK/Q8OzbW/igKY/IMK/Q8OzbW8gc2Fiw61hIHF1ZQplcmEgZWwgQ29yYXrDs24gZGUgWW1pcj8=
pwUoAQ,,W1BvcGVdClRoZSBwcmllc3RzIGluIHRoZSBTa3kKR2FyZGVuIGRvbid0IG1pbmQgdGFsa2luZwpmcmVlbHkgYXJvdW5kIG1lLiBJIGd1ZXNzCnRoZXkgbG9va2VkIGF0IG1lIG1vcmUgYXMKYSBjaGlsZCwgcmF0aGVyIHRoYW4gYXMgcG9wZS4=,,,,,W1BhcGlzYV0KT3Mgc2FjZXJkb3RlcyBkbyBKYXJkaW0gQ2VsZXN0ZQpuw6NvIHNlIGltcG9ydGFtIGRlIGZhbGFyCmxpdnJlbWVudGUgcGVydG8gZGUgbWltLiBBY2hvIHF1ZQplbGVzIG1lIHZpYW0gbWFpcyBjb21vCnVtYSBjcmlhbsOnYSBkbyBxdWUgY29tbyBwYXBpc2Eu,,W1BhcGlzYV0KQSBsb3Mgc2FjZXJkb3RlcyBkZSBKYXJkw61uIGRlbCBjaWVsbwpubyBsZXMgaW1wb3J0YWJhIGNvbnZlcnNhcgpsaWJyZW1lbnRlIGEgbWkgYWxyZWRlZG9yLiBTdXBvbmdvIHF1ZQptZSB2ZcOtYW4gbcOhcyBjb21vCnVuYSBuacOxYSBxdWUgY29tbyBwYXBpc2Eu
qAUoAQ,,W1BvcGVdCkknbSBhbHJlYWR5IGF3YXJlIG9mIHRoZQptb2RlcmF0ZSBwcmllc3QgZ3JvdXAKY29uZHVjdGluZyB0aGVpciBjcnVlbCB0ZXN0cywKYW5kIG9mIHRoZSBoYXJkIGxpbmVycyBidWlsZGluZwp0aGVpciBtaWxpdGFyeSBwb3dlci4gSG93ZXZlciwKSSBjb3VsZG4ndCByZWFsbHkgZG8gYW55dGhpbmcu,,,,,W1BhcGlzYV0KSsOhIGVzdG91IGNpZW50ZSBkbwpncnVwbyBkZSBzYWNlcmRvdGVzIG1vZGVyYWRvcwpyZWFsaXphbmRvIHRlc3RlcyBjcnXDqWlzLAplIGRvcyBleHRyZW1pc3RhcyBxdWUgZXN0w6NvIGNvbnN0cnVpbmRvCnNldSBwb2RlciBtaWxpdGFyLiBObyBlbnRhbnRvLApldSBuw6NvIHBvZGlhIHJlYWxtZW50ZSBmYXplciBuYWRhLg==,,W1BhcGlzYV0KWWEgZXN0b3kgYWwgdGFudG8KZGUgcXVlIGVsIGdydXBvIGRlIGxvcyBzYWNlcmRvdGVzIG1vZGVyYWRvcwpyZWFsaXphIHBydWViYXMgY3J1ZWxlcywKeSBkZSBxdWUgbG9zIGludHJhbnNpZ2VudGVzIGVzdMOhbgpkZXNhcnJvbGxhbmRvIHN1IHBvZGVyIG1pbGl0YXIuIFNpbiBlbWJhcmdvLApubyBwb2TDrWEgaGFjZXIgbmFkYS4=
qQUoAQ,,W1BvcGVdCk1vc3QgcGVvcGxlIGRvbid0IHRha2UgbXkKcG9zaXRpb24gc2VyaW91c2x5IGJlY2F1c2UKb2YgbXkgYWdlLiBOb2JvZHkgYmVsaWV2ZXMKSSBjYW4gY2hhbmdlIHRoZSBzaXR1YXRpb24uCkkndmUgYWxzbyBoZWFyZCBldmVyeXRoaW5nCmFib3V0IHdoYXQgeW91IGRpZCwgWmhlZC4=,,,,,W1BhcGlzYV0KQSBtYWlvcmlhIGRhcyBwZXNzb2FzIG7Do28gbGV2YSBtaW5oYQpwb3Npw6fDo28gYSBzw6lyaW8gcG9yIGNhdXNhCmRhIG1pbmhhIGlkYWRlLiBOaW5ndcOpbSBhY3JlZGl0YQpxdWUgZXUgcG9zc2EgbXVkYXIgYSBzaXR1YcOnw6NvLgpFdSB0YW1iw6ltIGrDoSBzb3ViZSBkZSB0dWRvCnNvYnJlIG8gcXVlIHZvY8OqIGZleiwgWmhlZC4=,,W1BhcGlzYV0KTGEgbWF5b3LDrWEgZGUgbGEgZ2VudGUgbm8gdG9tYQplbiBzZXJpbyBtaSBwb3NpY2nDs24gZGViaWRvCmEgbWkgZWRhZC4gTmFkaWUgY3JlZQpxdWUgcHVlZGEgY2FtYmlhciBsYSBzaXR1YWNpw7NuLgpUYW1iacOpbiBlc2N1Y2jDqSB0b2RvCnNvYnJlIGxvIHF1ZSBoaWNpc3RlLCBaaGVkLg==
qgUoAQ,,W1BvcGVdCkknbSBzb3JyeSB0aGF0IHlvdSB3ZXJlCnB1bmlzaGVkIGJ5IHRoZSBvdGhlciBwcmllc3RzCmZvciBhbGxvd2luZyBhbiBvdXRzaWRlciB0bwplbnRlciB0aGUgaG9seSBncm91bmQsIGJ1dApJIHVuZGVyc3RhbmQgeW91ciByZWFzb25zLgpJc24ndCB0aGlzIHRoZSBhZHZlbnR1cmVyPw==,,,,,W1BhcGlzYV0KU2ludG8gbXVpdG8gcXVlIHZvY8OqIHRlbmhhIHNpZG8KcHVuaWRvIHBlbG9zIG91dHJvcyBzYWNlcmRvdGVzCnBvciBwZXJtaXRpciBxdWUgYWxndcOpbSBkZSBmb3JhCmVudHJhc3NlIG5vIHNvbG8gc2FncmFkbywgbWFzCmVudGVuZG8gc2V1cyBtb3Rpdm9zLgpOw6NvIMOpIGVzc2UgbyBhdmVudHVyZWlybz8=,,W1BhcGlzYV0KU2llbnRvIHF1ZSBmdWVyYXMgY2FzdGlnYWRvCnBvciBsb3Mgb3Ryb3Mgc2FjZXJkb3Rlcwpwb3IgcGVybWl0aXIgcXVlIHVuYSBwZXJzb25hIGV4dHJhw7FhCmluZ3Jlc2FyYSBhIGxhIHRpZXJyYSBzYWdyYWRhLCBwZXJvCmNvbXByZW5kbyB0dXMgcmF6b25lcy4Kwr9ObyBlcyBlc3RhIGxhIHBlcnNvbmEgZW4gY3Vlc3Rpw7NuPw==
qwUoAQ,,W1BvcGVdCnt9Li4uCkknbSB2ZXJ5IGdsYWQgdG8gc2VlIHlvdQphZ2Fpbi4gTm90IG9ubHkgZGlkIHlvdQpzaGFyZSBuZXdzIG9mIHRoZSBvdXRzaWRlCndvcmxkIHdpdGggbWUsIGJ1dCB5b3UndmUKYmVlbiBwcm90ZWN0aW5nIG91ciBwZWFjZS4=,,,,,W1BhcGlzYV0Ke30uLi4KRXN0b3UgbXVpdG8gZmVsaXogZW0gdmVyIHZvY8OqCm5vdmFtZW50ZS4gVm9jw6ogbsOjbyBhcGVuYXMKY29tcGFydGlsaG91IG5vdMOtY2lhcyBkbyBtdW5kbyBleHRlcmlvcgpjb21pZ28gY29tbyB0YW1iw6ltIHRlbQpwcm90ZWdpZG8gbm9zc2EgcGF6Lg==,,W1BhcGlzYV0Ke33igKYKTWUgYWxlZ3JvIG11Y2hvIGRlIHZlcnRlCmRlIG51ZXZvLiBObyBzb2xvCmNvbXBhcnRpc3RlIGNvbm1pZ28gbm90aWNpYXMKZGVsIG11bmRvIGV4dGVyaW9yLCBzaW5vIHF1ZQplc3R1dmlzdGUgcHJvdGVnaWVuZG8gbnVlc3RyYSBwYXou
rAUoAQ,,W05pcmVuXQpJIHJlYWxseSBkaWRuJ3Qga25vdy4uLgpIb3cnZCB5b3UgZmVlbCBhYm91dCB0aGlzLApvciBob3cgbXVjaCB5b3UgYWN0dWFsbHkKa25ldy4gSSdtIHRydWx5IHNvcnJ5LCBZb3VyCkVtaW5lbmNlLiBJJ20gYXNoYW1lZApmb3IgdW5kZXJlc3RpbWF0aW5nIHlvdS4=,,,,,W05pcmVuXQpFdSBuw6NvIHNhYmlhLi4uCkNvbW8gdm9jw6ogc2Ugc2VudGlyaWEgZW0gcmVsYcOnw6NvIGEgaXNzbywKb3UgbyBxdWFudG8gdm9jw6ogcmVhbG1lbnRlCnNhYmlhLiBTaW50byBtdWl0bywgVm9zc2EKRW1pbsOqbmNpYS4gU2ludG8tbWUgZW52ZXJnb25oYWRhCnBvciB0w6otbG8gc3ViZXN0aW1hZG8u,,W05pcmVuXQpSZWFsbWVudGUgbm8gc2Fiw61h4oCmCmPDs21vIHNlIHNlbnRpcsOtYSByZXNwZWN0byBhIGVzdG8KbyBjdcOhbnRvIHNhYsOtYQpyZWFsbWVudGUuIExvIHNpZW50byBtdWNobywKU3UgRW1pbmVuY2lhLiBNZSBhdmVyZ8O8ZW56YQpoYWJlcmxhIHN1YmVzdGltYWRvLg==
rQUoAQ,,W1BvcGVdClBsZWFzZSBkb24ndCBhcG9sb2dpemUsCk5pcmVuLiBJZiBpdCB3ZXJlbid0IGZvciB5b3UsCkknZCBiZSBkcmF3biBpbnRvIHRoZSB1dHRlcgpmb29saXNobmVzcyBvZiB0aGUgc2VsZmlzaApwZW9wbGUgaW4gdGhpcyB0ZW1wbGUuIE5pcmVuLAp5b3UncmUgbGlrZSBhIG1vdGhlciB0byBtZS4=,,,,,W1BhcGlzYV0KUG9yIGZhdm9yLCBuw6NvIHNlIGRlc2N1bHBlLApOaXJlbi4gU2UgbsOjbyBmb3NzZSBwb3Igdm9jw6osCmV1IHNlcmlhIGd1aWFkYSBwZWxhIHRvdGFsCnRvbGljZSBkb3MgZWdvw61zdGFzCmRlc3NlIHRlbXBsby4gTmlyZW4sCnZvY8OqIMOpIGNvbW8gdW1hIG3Do2UgcHJhIG1pbS4=,,W1BhcGlzYV0KUG9yIGZhdm9yLCBubyB0ZSBkaXNjdWxwZXMsCk5pcmVuLiBTaSBubyBmdWVyYSBwb3IgdGksCnNlcsOtYSBhcnJhc3RyYWRhIHBvciBsYSBhYnNvbHV0YQpuZWNlZGFkIGRlIGxhIGdlbnRlIGVnb8Otc3RhCmRlIGVzdGUgdGVtcGxvLiBOaXJlbiwKZXJlcyBjb21vIHVuYSBtYWRyZSBwYXJhIG3DrS4=
rgUoAQ,,W05pcmVuXQpZb3VyIEVtaW5lbmNlLi4uClRoYW5rIHlvdS4gSSBmZWVsCnRoZSBzYW1lIHdheS4uLg==,,,,,W05pcmVuXQpWb3NzYSBFbWluw6puY2lhLi4uCk9icmlnYWRhLiBPIHNlbnRpbWVudG8Kw6kgcmVjw61wcm9jby4uLg==,,W05pcmVuXQpTdSBFbWluZW5jaWHigKYKR3JhY2lhcy4gWW8gc2llbnRvCmxvIG1pc21v4oCm
rwUoAQ,,W1BvcGVdClpoZWQuLi4/CkkgbmVlZCB5b3UgdG8gZG8Kc29tZXRoaW5nIGZvciBtZS4=,,,,,W1BhcGlzYV0KWmhlZC4uLj8KUHJlY2lzbyBxdWUgZmHDp2EKYWxnbyBwcmEgbWltLg==,,W1BhcGlzYV0Kwr9aaGVk4oCmPwpOZWNlc2l0byBxdWUgaGFnYXMKYWxnbyBwb3IgbcOtLg==
sAUoAQ,,W1poZWRdCk9mIGNvdXJzZSwKWW91ciBFbWluZW5jZS4=,,,,,W1poZWRdCkNsYXJvLApWb3NzYSBFbWluw6puY2lhLg==,,W1poZWRdClBvciBzdXB1ZXN0bywKU3UgRW1pbmVuY2lhLg==
sQUoAQ,,W1BvcGVdCldyaXRlIGEgcmVwb3J0IGFib3V0IHRoZQp0ZXN0cyBjb25kdWN0ZWQgYnkgdGhlCm1vZGVyYXRlcyBpbiBBcnVuYWZlbHR6IGFuZAp0aGUgU2Nod2FsdHp2YWx0IFJlcHVibGljLAphbmQgdGhlaXIgcmVsYXRpb25zaGlwIHdpdGgKdGhhdCBTY2h3YWx0enZhbHQgQ29ycG9yYXRpb24u,,,,,W1BhcGlzYV0KRXNjcmV2YSB1bSByZWxhdMOzcmlvIHNvYnJlIG9zCnRlc3RlcyByZWFsaXphZG9zIHBlbG9zCm1vZGVyYWRvcyBlbSBBcnVuYWZlbHR6IGUKbmEgUmVww7pibGljYSBkZSBTY2h3YXJ0endhbGQsCmUgbyByZWxhY2lvbmFtZW50byBkZWxlcyBjb20KYSBDb3Jwb3Jhw6fDo28gU2Nod2FydHp3YWxkLg==,,W1BhcGlzYV0KRXNjcmliZSB1biBpbmZvcm1lIHNvYnJlCmxhcyBwcnVlYmFzIHF1ZSByZWFsaXphcm9uCmxvcyBtb2RlcmFkb3MgZW4gQXJ1bmFmZWx0egp5IGxhIFJlcMO6YmxpY2EgZGUgU2Nod2FyendhbGQsCnkgc3UgcmVsYWNpw7NuCmNvbiBlc2EgY29ycG9yYWNpw7NuIGRlIFNjaHdhcnp3YWxkLg==
sgUoAQ,,W1poZWRdCkknbGwgZ2V0IGl0IGRvbmUgaW1tZWRpYXRlbHksCllvdXIgRW1pbmVuY2UuIFRoYW5rIHlvdS4=,,,,,W1poZWRdCkZhcmVpIGlzc28gaW1lZGlhdGFtZW50ZSwKVm9zc2EgRW1pbsOqbmNpYS4gT2JyaWdhZG8u,,W1poZWRdCkxvIGhhcsOpIGRlIGlubWVkaWF0bywKU3UgRW1pbmVuY2lhLiBHcmFjaWFzLg==
swUoAQ,,W1BvcGVdCk5pcmVuLg==,,,,,W1BhcGlzYV0KTmlyZW4u,,W1BhcGlzYV0KTmlyZW4u
tAUoAQ,,W05pcmVuXQpZZXMsIFlvdXIgRW1pbmVuY2U/,,,,,W05pcmVuXQpTaW0sIFZvc3NhIEVtaW7Dqm5jaWE/,,W05pcmVuXQrCv1PDrSwgU3UgRW1pbmVuY2lhPw==
tQUoAQ,,W1BvcGVdClBsZWFzZSBjb2xsZWN0IHRoZQpldmlkZW5jZSB0aGF0IHByb3Zlcwp0aGF0IHRoZSBoYXJkIGxpbmVycyBoYXZlCmJlZW4gZ2VhcmluZyBmb3Igd2FyLg==,,,,,W1BhcGlzYV0KUG9yIGZhdm9yLCBjb2xldGUgYXMKZXZpZMOqbmNpYXMgcXVlIHByb3ZhbQpxdWUgb3MgZXh0cmVtaXN0YXMKZXN0w6NvIHNlIHByZXBhcmFuZG8gcGFyYSBhIGd1ZXJyYS4=,,W1BhcGlzYV0KUG9yIGZhdm9yLCByZcO6bmUKbGFzIHBydWViYXMgcXVlIGRlbXVlc3RyZW4KcXVlIGxvcyBpbnRyYW5zaWdlbnRlcwpzZSBlc3TDoW4gcHJlcGFyYW5kbyBwYXJhIGxhIGd1ZXJyYS4=
tgUoAQ,,W05pcmVuXQpZZXMsIFlvdXIgRW1pbmVuY2Uu,,,,,W05pcmVuXQpTaW0sIFZvc3NhIEVtaW7Dqm5jaWEu,,W05pcmVuXQpTw60sIFN1IEVtaW5lbmNpYS4=
twUoAQ,,W1BvcGVdCkknbGwgc3VtbW9uIGFsbCB0aGUgSGlnaApQcmllc3RzIGFuZCBQcmllc3Rlc3Nlcwpzb29uLiBJJ2QgbGlrZSB0aGUgdHdvIG9mCnlvdSB0byBzdGFuZCBieSBteSBzaWRlLgpJIHdvbid0IGxldCBhbnlvbmUgZGlzZ3JhY2UKb3VyIGhvbHkgZ3JvdW5kIHdpdGggYmxvb2RzaGVkLg==,,,,,W1BhcGlzYV0KVm91IGNvbnZvY2FyIHRvZG9zIG9zClNhY2VyZG90ZXMgZSBTYWNlcmRvdGlzYXMKZW0gYnJldmUuIEdvc3RhcmlhIHF1ZSB2b2PDqnMgZG9pcwpmaWNhc3NlbSBhbyBtZXUgbGFkby4KTsOjbyBkZWl4YXJlaSBxdWUgbmluZ3XDqW0gZGVzb25yZQpub3NzbyBzb2xvIHNhZ3JhZG8gY29tIHNhbmd1ZS4=,,W1BhcGlzYV0KQ29udm9jYXLDqSBhIHRvZG9zIGxvcyBTdW1vcwpzYWNlcmRvdGVzIHkgYSB0b2RhcyBsYXMgc3VtYXMgc2FjZXJkb3Rpc2FzCnByb250by4gTWUgZ3VzdGFyw61hIHF1ZSBsb3MgZG9zCm1lIGFwb3llbi4KTm8gZGVqYXLDqSBxdWUgbmFkaWUgZGVzaG9ucmUKbnVlc3RyYSB0aWVycmEgc2FncmFkYSBkZXJyYW1hbmRvIHNhbmdyZS4=
uAUoAQ,,W1poZWRdCkFzIHlvdSBjb21tYW5kLApZb3VyIEVtaW5lbmNlLg==,,,,,W1poZWRdCkNvbW8gcXVpc2VyLApWb3NzYSBFbWluw6puY2lhLg==,,W1poZWRdCkNvbW8gb3JkZW5lLApTdSBFbWluZW5jaWEu
uQUoAQ,,W1BvcGVdCnt9Li4uCkkgYXBwcmVjaWF0ZSBhbGwgeW91ciB3b3JrCm9uIGJlaGFsZiBvZiBBcnVuYWZlbHR6LgpNeSBpbmZsdWVuY2UgbWF5IHN0aWxsIGJlCndlYWssIGJ1dCBJJ2xsIGRvIG15IGJlc3QKd2l0aCBaaGVkIGFuZCBOaXJlbidzIHN1cHBvcnQu,,,,,W1BhcGlzYV0Ke30uLi4KQWdyYWRlw6dvIHRvZG8gbyBzZXUgdHJhYmFsaG8KZW0gbm9tZSBkZSBBcnVuYWZlbHR6LgpNaW5oYSBpbmZsdcOqbmNpYSBwb2RlIHNlcgpmcmFjYSwgbWFzIGZhcmVpIG8gbWVsaG9yIHF1ZSBwdWRlcgpjb20gbyBhcG9pbyBkZSBaaGVkIGUgTmlyZW4u,,W1BhcGlzYV0Ke33igKYKYWdyYWRlemNvIHRvZG8gc3UgdHJhYmFqbwplbiBub21icmUgZGUgQXJ1bmFmZWx0ei4KTWkgaW5mbHVlbmNpYSBhw7puIHB1ZWRlIHNlcgpkw6liaWwsIHBlcm8gaGFyw6kgdG9kbyBsbyBwb3NpYmxlCmNvbiBlbCBhcG95byBkZSBaaGVkIHkgTmlyZW4u
ugUoAQ,,W1BvcGVdCkkgd291bGQgYmUgZXhwZWN0aW5nCnRvbyBtdWNoIHRvIGFzayB5b3UgdG8Kc3RheSBieSBteSBzaWRlLiBCdXQgSSdkIGxpa2UKdG8gdGhhbmsgeW91IGZvciBhbGwgeW91J3ZlCmRvbmUuIEJ1dCBpZiBpdCBpcyBGcmV5YSdzCndpbGwsIHdlJ2xsIG1lZXQgYWdhaW4uLi4=,,,,,W1BhcGlzYV0KRXUgZXN0YXJpYSBwZWRpbmRvCmRlbWFpcyBxdWUgdm9jw6pzCmZpY2Fzc2VtIGFvIG1ldSBsYWRvLiBNYXMgZ29zdGFyaWEgZGUKZGUgYWdyYWRlY2VyIHBvciB0dWRvIG8gcXVlIHZvY8Oqcwp0w6ptIGZlaXRvLiBTZSBmb3IgYSB2b250YWRlIGRlIEZyZXlhLG5vcyBlbmNvbnRyYXJlbW9zIG5vdmFtZW50ZS4uLg==,,W1BhcGlzYV0KU2Vyw61hIGRlbWFzaWFkbwpwZWRpcnRlIHF1ZQp0ZSBxdWVkZXMgcGFyYSBhcG95YXJtZS4gUGVybyBtZSBndXN0YXLDrWEKYWdyYWRlY2VydGUgdG9kbwpsbyBxdWUgaGljaXN0ZS4gUGVybyBzaSBlcyBsYSB2b2x1bnRhZCBkZSBGcmV5YSwKbm9zIHZvbHZlcmVtb3MgYSB2ZXLigKY=
uwUoAQ,,W1BvcGVdCk1heSBGcmV5YSBibGVzcyB5b3UuLi4=,,,,,W1BhcGlzYV0KUXVlIEZyZXlhIG9zIGFiZW7Dp29lLi4u,,W1BhcGlzYV0KUXVlIEZyZXlhIHRlIGJlbmRpZ2HigKY=
vAUoAQ,,XjMzNTVGRlRoZSBwb3BlIHByYXllZCBpbiBlYXJuZXN0CmZvciB5b3UsIGFuZCB5b3UgZmVlbCBhIHN0cm9uZwphdXJhIG9mIHdhcm10aCBhbmQga2luZG5lc3MKcGVybWVhdGUgeW91ciBlbnRpcmUgYmVpbmcuXjAwMDAwMA==,,,,,XjMzNTVGRkEgcGFwaXNhIG9yb3UgZmVydm9yb3NhbWVudGUKcG9yIHZvY8OqLCBlIHZvY8OqIHNlbnRlIHVtYSBmb3J0ZQphdXJhIGRlIGNhbG9yIGUgYm9uZGFkZQpwZXJtZWFyIHRvZG8gbyBzZXUgc2VyLl4wMDAwMDA=,,XjI1MDJGRExhIHBhcGlzYSBvcsOzIGRlIGNvcmF6w7NuCnBvciB0aSwgeSBzaWVudGVzIHF1ZSB1bmEgcG9kZXJvc2EKYXVyYSBkZSBjYWxpZGV6IHkgYW1hYmlsaWRhZAppbXByZWduYSB0b2RvIHR1IHNlci5eMDAwMDAw
vQUoAQ,,UG9wZTogQ2l0aXplbnMgb2YgQXJ1bmFmZWx0ei4gSGlnaCBQcmllc3RzIGFuZCBQcmllc3Rlc3Nlcy4=,,,,,UGFwaXNhOiBDaWRhZMOjb3MgZGUgQXJ1bmFmZWx0ei4gU3Vtb3MgU2FjZXJkb3RlcyBlIFNhY2VyZG90aXNhcy4=,,UGFwaXNhOiBDaXVkYWRhbm9zIGRlIEFydW5hZmVsdHouIFN1bW9zIHNhY2VyZG90ZXMgeSBzdW1hcyBzYWNlcmRvdGlzYXMu
vgUoAQ,,UG9wZTogSSBhcHByZWNpYXRlIHlvdSBhbGwgZm9yIGNvbWluZyB0byB0aGUgU2t5IEdhcmRlbiBhcyBJJ3ZlIGFza2VkLg==,,,,,UGFwaXNhOiBBZ3JhZGXDp28gYSB0b2RvcyB2b2PDqnMgcG9yIHRlcmVtIHZpbmRvIGFvIEphcmRpbSBDZWxlc3RlLCBjb25mb3JtZSBwZWRpLg==,,UGFwaXNhOiBMZXMgYWdyYWRlemNvIHF1ZSBoYXlhbiB2ZW5pZG8gYWwgSmFyZMOtbiBkZWwgY2llbG8gY29tbyBsZXMgcGVkw60u
vwUoAQ,,UG9wZTogQXMgdGhlIGNob3NlbiB2ZXNzZWwgb2YgR29kZGVzcyBGcmV5YSwgSSBoZXJlYnkgYW5ub3VuY2UgdGhlIHdvcmRzIEkgcmVjZWl2ZWQgZnJvbSBoZXIgeWVzdGVyZGF5Lg==,,,,,UGFwaXNhOiBDb21vIG8gcmVjZXB0w6FjdWxvIGVzY29saGlkbyBwZWxhIERldXNhIEZyZXlhLCBhbnVuY2lvIGFxdWkgYXMgcGFsYXZyYXMgcXVlIHJlY2ViaSBkZWxhIG9udGVtLg==,,UGFwaXNhOiBDb21vIHJlcHJlc2VudGFudGUgZWxlZ2lkYSBwb3IgbGEgRGlvc2EgRnJleWEsIGFudW5jaW8gbGFzIHBhbGFicmFzIHF1ZSByZWNpYsOtIGRlIGVsbGEgYXllci4=
wAUoAQ,,UG9wZTogSSBoYXZlIG9ic2VydmVkIGFsbCB0aGF0IGlzIGhhcHBlbmluZyBpbiBBcnVuYWZlbHR6Lg==,,,,,UGFwaXNhOiBFdSBvYnNlcnZlaSB0dWRvIG8gcXVlIGVzdMOhIGFjb250ZWNlbmRvIGVtIEFydW5hZmVsdHou,,UGFwaXNhOiBIZSBvYnNlcnZhZG8gdG9kbyBsbyBxdWUgb2N1cnJlIGVuIEFydW5hZmVsdHou
wQUoAQ,,UG9wZTogSSBhbSBhd2FyZSBvZiB0aGUgZmFjdGlvbmluZyBiZXR3ZWVuIHRoZSBIaWdoIFByaWVzdHMsIHRoZWlyIHNlbGZpc2ggZmlnaHRpbmcsIHRoZWlyIGZhaWx1cmUgdG8gYWNoaWV2ZSBzb2xpZGFyaXR5Lg==,,,,,UGFwaXNhOiBFc3RvdSBjaWVudGUgZGFzIGZhY8Onw7VlcyBlbnRyZSBvcyBzdW1vcyBzYWNlcmRvdGVzLCBkZSBzdWFzIGJyaWdhcyBlZ2/DrXN0YXMsIGRvIGZyYWNhc3NvIGVtIGFsY2Fuw6dhciBhIHNvbGlkYXJpZWRhZGUu,,UGFwaXNhOiBFc3RveSBhbCB0YW50byBkZSBsYXMgZmFjY2lvbmVzIHF1ZSBkaXZpZGVuIGEgbG9zIFN1bW9zIHNhY2VyZG90ZXMsIGRlIHN1cyBsdWNoYXMgZWdvw61zdGFzLCBkZSBzdSBmcmFjYXNvIHBhcmEgYWxjYW56YXIgbGEgc29saWRhcmlkYWQu
wgUoAQ,,UG9wZTogSG93ZXZlciwgSSBkaWQgbm90IGludGVydmVuZSBmb3IgdGhlIHNha2Ugb2YgdGhvc2UgdGhhdCBzdGlsbCBwcmF5IGZvciBwZWFjZSBpbiBBcnVuYWZlbHR6Lg==,,,,,UGFwaXNhOiBObyBlbnRhbnRvLCBuw6NvIGludGVydmkgcG9yIGNhdXNhIGRhcXVlbGVzIHF1ZSBhaW5kYSByZXphbSBwZWxhIHBheiBlbSBBcnVuYWZlbHR6Lg==,,UGFwaXNhOiBTaW4gZW1iYXJnbywgbm8gaW50ZXJjZWTDrSBwb3IgZWwgYmllbiBkZSBsb3MgcXVlIGHDum4gcmV6YW4gcG9yIGxhIHBheiBlbiBBcnVuYWZlbHR6Lg==
wwUoAQ,,UG9wZTogSGlnaCBQcmllc3QgWmhlZCBhbmQgSGlnaCBQcmllc3Rlc3MgTmlyZW4sIGJvdGggb2YgeW91IG11c3QgZG8geW91ciBiZXN0IHRvIGFzc2lzdCBteSB2ZXNzZWwgdW50aWwgdGhlIGRheSBvZiBteSBhcnJpdmFsLg==,,,,,UGFwaXNhOiBTdW1vIFNhY2VyZG90ZSBaaGVkIGUgU3VtYSBTYWNlcmRvdGlzYSBOaXJlbiwgdm9jw6pzIGRldmVtIGZhemVyIG8gcG9zc8OtdmVsIHBhcmEgYWp1ZGFyIG1ldSByZWNlcHTDoWN1bG8gYXTDqSBvIGRpYSBkYSBtaW5oYSBjaGVnYWRhLg==,,UGFwaXNhOiBTdW1vIHNhY2VyZG90ZSBaaGVkIHkgU3VtYSBzYWNlcmRvdGlzYSBOaXJlbiwgYW1ib3MgZGViZW4gaGFjZXIgdG9kbyBsbyBwb3NpYmxlIHBhcmEgYXl1ZGFyIGEgbWkgcmVwcmVzZW50YW50ZSBoYXN0YSBlbCBkw61hIGRlIG1pIGxsZWdhZGEu
xAUoAQ,,UG9wZTogQXMgZm9yIHRoZSBvdGhlciBoaWdoIHByaWVzdHMsIHlvdSBoYXZlIGZvcmdvdHRlbiB5b3VyIGR1dHkgdG8gc2VydmUgbWUsIHRvIGVubGlnaHRlbiBteSBmb2xsb3dlcnMgd2l0aCBteSB0ZWFjaGluZ3MuIEZvciBwdXJzdWluZyB5b3VyIHNlbGZpc2ggZGVzaXJlcywgeW91IHdpbGwgYmUgYWxsIHVuZGVyIFpoZWQgYW5kIE5pcmVuJ3MgY29tbWFuZC4=,,,,,UGFwaXNhOiBRdWFudG8gYW9zIG91dHJvcyBzdW1vcyBzYWNlcmRvdGVzLCB2b2PDqnMgc2UgZXNxdWVjZXJhbSBkZSBzZXUgZGV2ZXIgZGUgbWUgc2VydmlyLCBkZSBpbHVtaW5hciBtZXVzIHNlZ3VpZG9yZXMgY29tIG1ldXMgZW5zaW5hbWVudG9zLiBQb3IgYnVzY2FyZW0gc2V1cyBkZXNlam9zIGVnb8Otc3RhcywgdG9kb3Mgdm9jw6pzIGZpY2Fyw6NvIHNvYiBvIGNvbWFuZG8gZGUgWmhlZCBlIE5pcmVuLg==,,UGFwaXNhOiBFbiBjdWFudG8gYSBsb3MgZGVtw6FzIFN1bW9zIHNhY2VyZG90ZXMsIGhhbiBvbHZpZGFkbyBzdSBkZWJlciBkZSBzZXJ2aXJtZSB5IGRlIGlsdW1pbmFyIGEgbWlzIHNlZ3VpZG9yZXMgY29uIG1pcyBlbnNlw7Fhbnphcy4gUG9yIHBlcnNlZ3VpciBzdXMgZGVzZW9zIGVnb8Otc3RhcywgZXN0YXLDoW4gdG9kb3MgYmFqbyBlbCBtYW5kbyBkZSBaaGVkIHkgTmlyZW4u
xQUoAQ,,UG9wZTogTXkgZm9sbG93ZXJzIGluIEFydW5hZmVsdHosIGtlZXAgeW91ciBmYWl0aCBpbiBtZSwgYW5kIGtlZXAgeW91ciBjb3VudHJ5IHN0cm9uZy4=,,,,,UGFwaXNhOiBNZXVzIHNlZ3VpZG9yZXMgZW0gQXJ1bmFmZWx0eiwgbWFudGVuaGFtIHN1YSBmw6kgZW0gbWltLCBlIG1hbnRlbmhhbSBzZXUgcGHDrXMgZm9ydGUu,,UGFwaXNhOiBNaXMgc2VndWlkb3JlcyBlbiBBcnVuYWZlbHR6LCBtYW50ZW5nYW4gc3UgZmUgZW4gbcOtLCB5IG1hbnRlbmdhbiBmdWVydGUgYSBzdSBwYcOtcy4=
xgUoAQ,,UG9wZTogVGhlbiwgcGFyYWRpc2Ugd2lsbCBzdXJlbHkgYmUgeW91cnMu,,,,,UGFwaXNhOiBBc3NpbSwgbyBwYXJhw61zbyBjZXJ0YW1lbnRlIHNlcsOhIGRlIHZvY8Oqcy4=,,UGFwaXNhOiBFbnRvbmNlcywgZWwgcGFyYcOtc28gc2Vyw6Egc3V5by4=
xwUoAQ,,Q2l0aXplbnM6IEhhaWwgRnJleWEhIEhhaWwgdG8gdGhlIFBvcGUh,,,,,Q2lkYWTDo29zOiBTYWx2ZSBGcmV5YSEgU2FsdmUgYSBQYXBpc2Eh,,Q2l1ZGFkYW5vczogwqFTYWx2ZSBGcmV5YSEgwqFWaXZhIGxhIHBhcGlzYSE=
