YO21AQ,,RnJ1aXQgU2hvcCBPd25lcg==,,,,,UHJvcHJpZXTDoXJpbyBkZSBsb2phIGRlIGZydXRhcw==,,RnJ1aXQgU2hvcCBPd25lcg==
Ye21AQ,,SW5ncmVkaWVudCBTdXBwbGllcg==,,,,,Rm9ybmVjZWRvciBkZSBpbmdyZWRpZW50ZXM=,,UHJvdmVlZG9yIGRlIGluZ3JlZGllbnRlcw==
Yu21AQ,,U2luaXN0ZXIgTWVyY2hhbnQ=,,,,,Q29tZXJjaWFudGUgU2luaXN0cm8=,,U2luaXN0ZXIgTWVyY2hhbnQ=
Y+21AQ,,TWlsayBNZXJjaGFudA==,,,,,Q29tZXJjaWFudGUgZGUgbGVpdGU=,,TWlsayBNZXJjaGFudA==
ZO21AQ,,RnJ1aXQgTWVyY2hhbnQ=,,,,,Q29tZXJjaWFudGUgZGUgZnJ1dGFz,,Q29tZXJjaWFudGUgZGUgZnJ1dGFz
Ze21AQ,,VmVnZXRhYmxlIE1lcmNoYW50,,,,,Q29tZXJjaWFudGUgZGUgdmVnZXRhaXM=,,VmVnZXRhYmxlIE1lcmNoYW50
Zu21AQ,,TWVhdCBNZXJjaGFudA==,,,,,Q29tZXJjaWFudGUgZGUgY2FybmVz,,Q29tZXJjaWFudGUgZGUgY2FybmVz
Z+21AQ,,Rmxvd2VyIEdpcmw=,,,,,R2Fyb3RhIGRhcyBmbG9yZXM=,,Rmxvd2VyIEdpcmw=
aO21AQ,,Rmxvd2VyIExhZHk=,,,,,RGFtYSBkYXMgZmxvcmVz,,Rmxvd2VyIExhZHk=
ae21AQ,,R2lmdCBNZXJjaGFudA==,,,,,Q29tZXJjaWFudGUgZGUgcHJlc2VudGVz,,R2lmdCBNZXJjaGFudA==
au21AQ,,RG9sbCBNZXJjaGFudA==,,,,,Q29tZXJjaWFudGUgZGUgYm9uZWNhcw==,,RG9sbCBNZXJjaGFudA==
a+21AQ,,VGFtaW5nIE1lcmNoYW50,,,,,RG9tYW5kbyBvIGNvbWVyY2lhbnRl,,Q29tZXJjaWFudGUgZGUgZG9tZXN0aWNhY2nDs24=
bO21AQ,,VG9vbCBNZXJjaGFudA==,,,,,Q29tZXJjaWFudGUgZGUgZmVycmFtZW50YXM=,,Q29tZXJjaWFudGUgZGUgaGVycmFtaWVudGFz
be21AQ,,TnVu,,,,,RnJlaXJh,,TnVu
bu21AQ,,V2VhcG9uIE1lcmNoYW50,,,,,Q29tZXJjaWFudGUgZGUgYXJtYXM=,,Q29tZXJjaWFudGUgZGUgYXJtYXM=
b+21AQ,,QXJtb3IgTWVyY2hhbnQ=,,,,,Q29tZXJjaWFudGUgZGUgYXJtYWR1cmFz,,Q29tZXJjaWFudGUgZGUgYXJtYWR1cmFz
cO21AQ,,Q29sbGVjdGlibGUgTWVyY2hhbnQ=,,,,,Q29tZXJjaWFudGUgZGUgY29sZWNpb27DoXZlaXM=,,Q29tZXJjaWFudGUgZGUgY29sZWNjaW9uYWJsZXM=
ce21AQ,,SmV3ZWwgTWVyY2hhbnQ=,,,,,Q29tZXJjaWFudGUgZGUgam9pYXM=,,Q29tZXJjaWFudGUgZGUgam95YXM=
cu21AQ,,TWVyY2hhbnQ=,,,,,Q29tZXJjaWFudGU=,,Q29tZXJjaWFudGU=
c+21AQ,,TWFnaWMgTWVyY2hhbnQ=,,,,,Q29tZXJjaWFudGUgbcOhZ2ljbw==,,Q29tZXJjaWFudGUgZGUgbWFnaWE=
dO21AQ,,U291dmVuaXIgTWVyY2hhbnQ=,,,,,Q29tZXJjaWFudGUgZGUgc291dmVuaXJz,,U291dmVuaXIgTWVyY2hhbnQ=
de21AQ,,T3V0bGV0,,,,,U2HDrWRh,,T3V0bGV0
du21AQ,,QXhlIE1lcmNoYW50,,,,,Q29tZXJjaWFudGUgZGUgbWFjaGFkb3M=,,QXhlIE1lcmNoYW50
d+21AQ,,T25lLWhhbmRlZCBXZWFwb24gTWVyY2hhbnQ=,,,,,Q29tZXJjaWFudGUgZGUgYXJtYXMgZGUgdW1hIG3Do28=,,T25lLWhhbmRlZCBXZWFwb24gTWVyY2hhbnQ=
eO21AQ,,VHdvLWhhbmRlZCBXZWFwb24gTWVyY2hhbnQ=,,,,,Q29tZXJjaWFudGUgZGUgYXJtYXMgZGUgZHVhcyBtw6Nvcw==,,VHdvLWhhbmRlZCBXZWFwb24gTWVyY2hhbnQ=
ee21AQ,,TWFzayBNZXJjaGFudA==,,,,,Q29tZXJjaWFudGUgZGUgbcOhc2NhcmFz,,Q29tZXJjaWFudGUgZGUgbWFzY2FyaWxsYXM=
eu21AQ,,U29saWNpdG9y,,,,,QWR2b2dhZG8=,,U29saWNpdG9y
e+21AQ,,U3RhZmYgTWVyY2hhbnQ=,,,,,Q29tZXJjaWFudGUgZGEgZXF1aXBl,,U3RhZmYgTWVyY2hhbnQ=
fO21AQ,,Tm92aWNlIFN1cHBseSBNZXJjaGFudA==,,,,,Q29tZXJjaWFudGUgZGUgc3VwcmltZW50b3MgaW5pY2lhbnRl,,Tm92aWNlIFN1cHBseSBNZXJjaGFudA==
fe21AQ,,VG95IE1lcmNoYW50,,,,,Q29tZXJjaWFudGUgZGUgYnJpbnF1ZWRvcw==,,VG95IE1lcmNoYW50
fu21AQ,,Q29va2luZyBNZXJjaGFudA==,,,,,Q29tZXJjaWFudGUgZGUgcHJvZHV0b3MgY3VsaW7DoXJpb3M=,,Q29tZXJjaWFudGUgY3VsaW5hcmlv
f+21AQ,,RmVzdGl2YWwgU3VwcGx5IE1lcmNoYW50,,,,,Q29tZXJjaWFudGUgZGUgc3VwcmltZW50b3MgcGFyYSBmZXN0aXZhaXM=,,RmVzdGl2YWwgU3VwcGx5IE1lcmNoYW50
gO21AQ,,W0Zlc3RpdmFsIFN1cHBseSBNZXJjaGFudF0KV2VsY29tZSEKSG93IGFib3V0IHNvbWUgYmVhdXRpZnVsIGZpcmV3b3JrcyBmb3IgdG9uaWdodCdzIGVudGVydGFpbm1lbnQ/,,,,,W0NvbWVyY2lhbnRlIGRlIHN1cHJpbWVudG9zIHBhcmEgZmVzdGl2YWlzXS4KQmVtLXZpbmRvIQpRdWUgdGFsIGFsZ3VucyBiZWxvcyBmb2dvcyBkZSBhcnRpZsOtY2lvIHBhcmEgbyBlbnRyZXRlbmltZW50byBkZXN0YSBub2l0ZT8=,,W0NvbWVyYy4gZGUgZmVzdGl2YWxlc10KwqFUZSBkYW1vcyBsYSBiaWVudmVuaWRhIQrCv1F1w6kgdGUgcGFyZWNlbiB1bm9zIGJvbml0b3MgZnVlZ29zIGFydGlmaWNpYWxlcyBwYXJhIGVudHJldGVuZXJub3MgZXN0YSBub2NoZT8=
ge21AQ,,QnJpZGFsIEdvb2RzIE1lcmNoYW50,,,,,Q29tZXJjaWFudGUgZGUgYXJ0aWdvcyBwYXJhIG5vaXZhcw==,,QnJpZGFsIEdvb2RzIE1lcmNoYW50
gu21AQ,,VHJhcCBNZXJjaGFudA==,,,,,Q29tZXJjaWFudGUgZGUgYXJtYWRpbGhhcw==,,VHJhcCBNZXJjaGFudA==
g+21AQ,,QmxhY2sgTWFya2V0IERlYWxlcg==,,,,,TmVnb2NpYW50ZSBkbyBtZXJjYWRvIG5lZ3Jv,,Q29tZXJjaWFudGUgZGVsIG1lcmNhZG8gbmVncm8=
hO21AQ,,VHJvcGljYWwgRnJ1aXQgTWVyY2hhbnQ=,,,,,Q29tZXJjaWFudGUgZGUgZnJ1dGFzIHRyb3BpY2Fpcw==,,Q29tZXJjaWFudGUgZGUgZnJ1dGFzIHRyb3BpY2FsZXM=
he21AQ,,UGFydC10aW1lcg==,,,,,VHJhYmFsaGFkb3IgdGVtcG9yw6FyaW8=,,UGFydC10aW1lcg==
hu21AQ,,SGFyaWJl,,,,,SGFyaWJl,,SGFyaWJl
h+21AQ,,R3VpbGQgU2VsbGVy,,,,,VmVuZGVkb3IgZGEgZ3VpbGRh,,VmVuZGVkb3JhIGRlbCBncmVtaW8=
iO21AQ,,W0dldmVyIEFsIFNoYXJwXQpJIHNlbGwgYWxjaGVteSBzdXBwbGllcy4KSG93IG1heSBJIGhlbHAgeW91IHRvZGF5Pw==,,,,,W0dldmVyIEFsIFNoYXJwXS4KVmVuZG8gc3VwcmltZW50b3MgZGUgYWxxdWltaWEuCkVtIHF1ZSBwb3NzbyBhanVkw6EtbG8gaG9qZT8=,,W0dldmVyIEFsIFNoYXJwXQpWZW5kbyBzdW1pbmlzdHJvcyBkZSBhbHF1aW1pYS4Kwr9FbiBxdcOpIHB1ZWRvIGF5dWRhcnRlIGhveT8=
ie21AQ,,QnV5IENyZWF0aW9uIEd1aWRlLg==,,,,,Q29tcHJhciBvIENyZWF0aW9uIEd1aWEu,,Q29tcHJhciBHdcOtYSBkZSBjcmVhY2nDs24u
iu21AQ,,QnV5IHJlYWdlbnQgbWF0ZXJpYWxzLg==,,,,,Q29tcHJhciBtYXRlcmlhaXMgcmVhZ2VudGVzLg==,,Q29tcHJhciBtYXRlcmlhbGVzIHJlYWN0aXZvcy4=
i+21AQ,,U2VsbCBpdGVtcy4=,,,,,VmVuZGEgZGUgaXRlbnMu,,VmVuZGVyIG9iamV0b3Mu
jO21AQ,,W0dldmVyIEFsIFNoYXJwXQpUYWtlIHlvdXIgdGltZSB0byBsb29rIGFyb3VuZCBhbmQgbGV0IG1lIGtub3cgd2hhdCB5b3Ugd2FudC4=,,,,,W0dldmVyIEFsIFNoYXJwXQpEw6ogdW1hIG9saGFkYSBjb20gY2FsbWEgZSBtZSBkaWdhIG8gcXVlIGRlc2VqYS4=,,W0dldmVyIEFsIFNoYXJwXQpUw7NtYXRlIHR1IHRpZW1wbyBwYXJhIGVjaGFyIHVuIHZpc3Rhem8geSBkaW1lIHF1w6kgZXMgbG8gcXVlIHF1aWVyZXMu
je21AQ,,W0dldmVyIEFsIFNoYXJwXQpJJ3ZlIGdvdCBhbG1vc3QgZXZlcnl0aGluZywgZnJvbSBQb3Rpb24gQm90dGxlcyB0byBTZWVkcyBvZiBMaWZlLg==,,,,,W0dldmVyIEFsIFNoYXJwXQpUZW5obyBxdWFzZSB0dWRvLCBkZXNkZSBmcmFzY29zIGRlIHBvw6fDtWVzIGF0w6kgc2VtZW50ZXMgZGUgdmlkYS4=,,W0dldmVyIEFsIFNoYXJwXQpUZW5nbyBjYXNpIGRlIHRvZG8sIGRlc2RlIEJvdGVsbGFzIGRlIHBvY2nDs24gaGFzdGEgU2VtaWxsYXMgZGUgdmlkYS4=
ju21AQ,,W0dldmVyIEFsIFNoYXJwXQpTdXJlLiBJJ2xsIGdpdmUgeW91IGEgZmFpciBwcmljZS4=,,,,,W0NsYXJvLl0KQ2xhcm8uIEV1IGxoZSBkYXJlaSB1bSBwcmXDp28ganVzdG8u,,W0dldmVyIEFsIFNoYXJwXQpDbGFyby4gVGUgZGFyw6kgdW4gcHJlY2lvIGp1c3RvLg==
j+21AQ,,UGVkZGxlcg==,,,,,VmVuZGVkb3IgYW1idWxhbnRl,,UGVkZGxlcg==
kO21AQ,,Q2hlZiBMYQ==,,,,,Q2hlZiBMYQ==,,Q2hlZiBMYQ==
ke21AQ,,VG9vbCBDYXQgTWVyY2hhbnQ=,,,,,Q29tZXJjaWFudGUgZGUgZmVycmFtZW50YXMgcGFyYSBnYXRvcw==,,VG9vbCBDYXQgTWVyY2hhbnQ=
