QI/hCA,,UGxlYXNlIHRyeSBhZ2FpbiBhZnRlciBpbnN0YWxsaW5nIGEgc3BlY2lhbCBpdGVtLg==,,,,,W2dlcmVudGVdClZlcnPDo28gYXBsaWNhZGEgY29tIHRpbWVyIGRlIMOhcmVhIGFtcGxh,,VnVlbHZlIGEgaW50ZW50YXJsbyBkZXNwdcOpcyBkZSBxdWUgaGF5YXMgaW5zdGFsYWRvIHVuIG9iamV0byBlc3BlY2lhbC4=
QY/hCA,,W0FkaW1uXQpXaWRlIEFyZWEgVGltZXIgQXBwbGllZCBWZXJzaW9u,,,,,W2dlcmVudGVdCjA2MTQgTm9ybWFsCm1hcmNhIGRlIGNhaXhh,,W0FkaW1uXQpWZXJzacOzbiBjb24gdGVtcG9yaXphZG9yIGRlIHpvbmEgYW1wbGlhIGFwbGljYWRvLg==
Qo/hCA,,W0FkaW1uXQowNjE0X25vcm1hbApEaXNwbGF5IEJveA==,,,,,W2dlcmVudGVdCk9jdWx0YXIgQ2FpeGE=,,W0FkaW1uXQowNjE0X25vcm1hbApNb3N0cmFyIENhamEu
Q4/hCA,,W0FkaW1uXQpIaWRlIEJveA==,,,,,TWFyaWFqdQ==,,W0FkaW1uXQpPY3VsdGFyIENhamEu
RI/hCA,,TWFyaWFnZQ==,,,,,TWFyaWFqdQ==,,TWFyaWFnZQ==
RY/hCA,,W01hcmlhZ2VdCkknbGwgbGV0IHlvdSBjaG9vc2UgdGhlIGxldmVsIG9mIHRoZSBtb25zdGVycyBoZXJlLiBCZSBhd2FyZSBtb2JzIHN0aWxsIGhhdmUgdGhlaXIgb3duIGFiaWxpdGllcy4=,,,,,W01hcmlhanVdCiBQYXJhIHNpbXVsYXIgbyBDYWxhYm91w6dvIGRhIFRvcnJlIGRlIEdlZmZlbiwgZXNjb2xoYSBvIG7DrXZlbCBkb3MgbW9uc3Ryb3MgcXVlIGRldmVtIGFwYXJlY2VyLg==,,W01hcmlhZ2VdClRlIGRlamFyw6kgZWxlZ2lyIGVsIG5pdmVsIGRlIGxvcyBtb25zdHJ1b3MgYXF1w60uIFRlbiBlbiBjdWVudGEgcXVlIGxvcyBtb25zdHJ1b3MgdGllbmVuIHN1cyBwcm9waWFzIGhhYmlsaWRhZGVzLg==
Ro/hCA,,Q2FuY2Vs,,,,,Q2FuY2VsYXI=,,Q2FuY2VsYXIu
R4/hCA,,TFY5OX4xMTA=,,,,,TsOtdmVsIDk5fjExMA==,,TnYuOTl+MTEwLg==
SI/hCA,,TFYxNjB+,,,,,TsOtdmVsIDE2MH4=,,TnYuMTYwfi4=
SY/hCA,,W01hcmlhZ2VdClNwZWFrIHRvIG1lIGFnYWluIGlmIHlvdSBjaGFuZ2UgeW91ciBtaW5kLg==,,,,,W01hcmlhanVdCiBTZSBtdWRhciBkZSBpZGVpYSwgZXN0YXJlaSBhcXVpLg==,,W01hcmlhZ2VdCkjDoWJsYW1lIGRlIG51ZXZvIHNpIGNhbWJpYXMgZGUgb3BpbmnDs24u
So/hCA,,W01hcmlhZ2VdCldoZXJlIGRpZCB0aGUgcGFydHkgbGVhZGVyIGdvPyBJIG5lZWQgdGhlIGxlYWRlciB0byBnZXQgcmVhZHkuLi4=,,,,,W01hcmlhanVdCiBTw7MgcG9zc28gY29udmVyc2FyIGNvbSBhIGxpZGVyYW7Dp2EgZG8gc2V1IGdydXBvLi4u,,W01hcmlhZ2VdCsK/QWTDs25kZSBmdWUgZWwgbMOtZGVyIGRlbCBncnVwbz8gTmVjZXNpdG8gcXVlIGVsIGzDrWRlciBzZSBwcmVwYXJl4oCm
S4/hCA,,U3VidGx5IGxlc3Mgc2hpbnkgZ3Jhc3M=,,,,,UGxhbnRhIENpbnRpbGFudGU=,,U3VidGx5IGxlc3Mgc2hpbnkgZ3Jhc3M=
TI/hCA,,TWFyaWFnZTogVGhpcyBwbGFjZSB3aWxsIHNvb24gYmVjb21lIGEgaHVudGluZyBncm91bmQuIEknbGwgc2VlIG15c2VsZiBvdXQu,,,,,TWFyaWFqdTogRW0gYnJldmUsIGVzc2UgbHVnYXIgZmljYXLDoSBjaGVpbyBkZSBtb25zdHJvcywgdm91IGZlY2hhciBhIHBvcnRhIGRlIHNhw61kYS4=,,TWFyaWFnZTogRXN0ZSBsdWdhciBwcm9udG8gc2UgY29udmVydGlyw6EgZW4gdW4gY290byBkZSBjYXphLiBNZSB2b3ku
TY/hCA,,TWFyaWFnZTogR29vZCBsdWNrfg==,,,,,TWFyaWFqdTogQm9hIHNvcnRlfg==,,TWFyaWFnZTogQnVlbmEgc3VlcnRlfi4=
To/hCA,,U3RyYW5nZXI=,,,,,RXN0cmFuaG8=,,U3RyYW5nZXI=
T4/hCA,,VGhlIGJvZHkgb2YgYSBTdHJhbmdlci4gSGUgcHJvYmFibHkgZGllZCB3aGlsZSB3YW5kZXJpbmcgYXJvdW5kLg==,,,,,TyBjYWTDoXZlciBkZSB1bSB2aWFqYW50ZS4gRGV2ZSB0ZXIgbW9ycmlkbyBlbnF1YW50byBleHBsb3JhdmEgcG9yIGFxdWku,,RWwgY3VlcnBvIGRlIHVuIGV4dHJhw7FvLiBQcm9iYWJsZW1lbnRlIG11cmnDsyBtaWVudHJhcyBkZWFtYnVsYWJhIHBvciBhaMOtLg==
UI/hCA,,SSBkb24ndCBjYXJlLg==,,,,,QXBlcnRlIEYgcGFyYSBjb25kb2zDqm5jaWFz,,Tm8gbWUgaW1wb3J0YS4=
UY/hCA,,TGV0J3Mgc2VhcmNoIGhpcyBib2R5Lg==,,,,,VmFjdWxoYXIgbyBjYWTDoXZlcg==,,SW5zcGVjY2lvbmVtb3Mgc3UgY3VlcnBvLg==
Uo/hCA,,SXQncyBwcm9iYWJseSBiZXN0IHRvIHJlc3BlY3QgdGhlIGRlYWQu,,,,,Vm9jw6ogcHJlc3RvdSBjb25kb2zDqm5jaWFzIGFvIG1vcnRvIGUgZm9pIGVtYm9yYS4=,,UHJvYmFibGVtZW50ZSBzZWEgbWVqb3IgcmVzcGV0YXIgYSBsb3MgbXVlcnRvcy4=
U4/hCA,,SSBzZWUgYSBtZW1vIHRoYXQgc2VlbXMgdG8gaGF2ZSBiZWVuIGhhc3RpbHkgc2NyaWJibGVkIGluIGhpcyBwb2NrZXQuIFRoZSBhZHZlbnR1cmVyJ3MgbmFtZSB3YXMgV2FsdGVyLg==,,,,,Vm9jw6ogdsOqIHVtIGJpbGhldGUgcmFiaXNjYWRvIMOgcyBwcmVzc2FzIG5vIGJvbHNvIGRlbGUuIETDoSBwYXJhIHByZXN1bWlyIHF1ZSBvIG5vbWUgZGVzc2UgYXZlbnR1cmVpcm8gZXJhIFdhbHRlci4=,,VmVvIHVuIG1lbW9yw6FuZHVtIHF1ZSBwYXJlY2UgcXVlIGxvIGVzY3JpYmllcm9uIGNvbiBwcmlzYSBlbiBzdSBib2xzaWxsby4gRWwgdHJvdGFtdW5kb3Mgc2UgbGxhbWFiYSBXYWx0ZXIu
VI/hCA,,W0FkdmVudHVyZXIncyBSZWNvcmRzXQpNeSBuYW1lIGlzIFdhbHRlciwgYW5kIEkga2VlcCB0aGlzIHJlY29yZCBzbyB0aGF0IGFkdmVudHVyZXJzIHdobyB3aWxsIHZpc2l0IGluIHRoZSBmdXR1cmUgd2lsbCBub3QgbWFrZSB0aGUgc2FtZSBtaXN0YWtlcyBJIGhhdmUu,,,,,W0JpbGhldGVdCiBNZXUgbm9tZSDDqSBXYWx0ZXIuIEVzdG91IGVzY3JldmVuZG8gZXN0ZSBiaWxoZXRlIHBhcmEgcXVlIG9zIHByw7N4aW1vcyBhdmVudHVyZWlyb3MgbsOjbyBjb21ldGFtIG9zIGVycm9zIHF1ZSBjb21ldGkgcXVhbmRvIHZpc2l0ZWkgZXN0ZSBsdWdhci4=,,W1JlZ2lzdHJvIGRlIHRyb3RhbXVuZG9dCk1lIGxsYW1vIFdhbHRlciB5IGd1YXJkbyBlc3RlIHJlZ2lzdHJvIHBhcmEgcXVlIGxvcyB0cm90YW11bmRvcyBxdWUgbm9zIHZpc2l0ZW4gZW4gZWwgZnV0dXJvIG5vIGNvbWV0YW4gbG9zIG1pc21vcyBlcnJvcmVzIHF1ZSB5by4=
VY/hCA,,W0FkdmVudHVyZXIncyBSZWNvcmRzXQpPbiB0aGUgZmlyc3QgZGF5IG9mIHRoZSBhZHZlbnR1cmUsIEkgY291bGRuJ3Qgb3ZlcmNvbWUgbXkgY3VyaW9zaXR5IHRvIHRvdWNoIHRoZSBzdG9uZSBzbGFiIG9mIGEgc3RyYW5nZSBzY3VscHR1cmUgbmVhciBoZXJlLCBhbmQgSSB3b2tlIHVwIHRoZSBvbmUgd2hvIHNob3VsZG4ndCBoYXZlLg==,,,,,W0JpbGhldGVdCiBObyBwcmltZWlybyBkaWEsIG7Do28gcmVzaXN0aSDDoCB0ZW50YcOnw6NvIGUgdG9xdWVpIG51bWEgZXN0cmFuaGEgZXNjdWx0dXJhLiBFIGFjb3JkZWkgYXF1ZWxlIHF1ZSBuw6NvIGRldmlhIHNlciBhY29yZGFkby4=,,W1JlZ2lzdHJvIGRlIHRyb3RhbXVuZG9dCkVsIHByaW1lciBkw61hIGRlIGxhIGF2ZW50dXJhLCBubyBwdWRlIHZlbmNlciBtaSBjdXJpb3NpZGFkIHBvciB0b2NhciBsYSBsb3NhIGRlIHBpZWRyYSBkZSB1bmEgZXh0cmHDsWEgZXNjdWx0dXJhIHF1ZSBoYWLDrWEgY2VyY2EsIHkgZGVzcGVydMOpIGEgcXVpZW4gbm8gZGViw61hLg==
Vo/hCA,,W0FkdmVudHVyZXIncyBSZWNvcmRzXQpOb3csIGluIGZyb250IG9mIG15IGV5ZXMsIHRoZSBhbmNpZW50IGtpbmcgaGFzIHJldml2ZWQgYW5kIGlzIHdhbmRlcmluZy4gTWF5YmUgaGUgZG9lc24ndCBoYXZlIG1lbW9yaWVzIG9mIGhpcyBwYXN0IGxpZmU/IE9uZSB0aGluZyBpcyBjZXJ0YWluLCBoZSB3aWxsIGtpbGwgbWUu,,,,,W0JpbGhldGVdCiBBZ29yYSwgZGlhbnRlIGRvcyBtZXVzIG9saG9zLCBvIGFudGlnbyBtb25hcmNhIHJlc3N1c2NpdG91IGUgZXN0w6EgdmFnYW5kbyBwb3IgYcOtLiBFbGUgcHJvdmF2ZWxtZW50ZSBuw6NvIHRlbSBtZW3Ds3JpYSBkZSBzdWEgdmlkYSBhbnRlcmlvciwgbWFzIHVtYSBjb2lzYSDDqSBjZXJ0YTogZWxlIHZhaSB0ZSBtYXRhci4=,,W1JlZ2lzdHJvIGRlIHRyb3RhbXVuZG9dCkFob3JhLCBhbnRlIG1pcyBvam9zLCBlbCBhbnRpZ3VvIHJleSBoYSByZXZpdmlkbyB5IGVzdMOhIGRlYW1idWxhbmRvLiDCv1NlcsOhIHF1ZSBubyB0aWVuZSByZWN1ZXJkb3MgZGUgc3UgdmlkYSBwYXNhZGE/IFNvbG8gZXN0b3kgc2VndXJvIGRlIHVuYSBjb3NhOiBtZSBtYXRhcsOhLg==
V4/hCA,,W0FkdmVudHVyZXIncyBSZWNvcmRzXQpUbyBhbnkgYWR2ZW50dXJlcnMgaW4gdGhlIGZ1dHVyZSwgSSBob3BlIHlvdSB3aWxsIG5vdCBtYWtlIHRoZSBzYW1lIG1pc3Rha2VzLiBJZiB5b3Ugc2VlIGEgc3VzcGljaW91cyBzdG9uZSBzbGFiLCBpZ25vcmUgaXQuIEp1c3Qga2VlcCBtb3ZpbmcuLi4=,,,,,W0JpbGhldGVdCiBGdXR1cm9zIGF2ZW50dXJlaXJvcywgbsOjbyBjb21ldGFtIG8gbWVzbW8gZXJyby4gTsOjbyBtb3N0cmVtIGludGVyZXNzZSBuYXF1ZWxhIGVzdHJhbmhhIGVzY3VsdHVyYS4=,,W1JlZ2lzdHJvIGRlIHRyb3RhbXVuZG9dCkEgbG9zIHRyb3RhbXVuZG9zIGRlbCBmdXR1cm8sIGVzcGVybyBxdWUgbm8gY29tZXRhbiBsb3MgbWlzbW9zIGVycm9yZXMuIFNpIHZlbiB1bmEgbG9zYSBkZSBwaWVkcmEgc29zcGVjaG9zYSwgaWduw7NyZW5sYS4gU29sbyBzaWdhbiBhdmFuemFuZG/igKY=
WI/hCA,,W0FkdmVudHVyZXIncyBSZWNvcmRzXQpBZ2FpbiwgZG9uJ3QgdG91Y2ggdGhlIHN0b25lIHNsYWIhIE5vIG1hdHRlciBob3cgYXR0cmFjdGl2ZSBpdCBtYXkgYmUsIHlvdSBtdXN0IGtlZXAgd2Fsa2luZyE=,,,,,W0JpbGhldGVdCiBFdSByZXBpdG8sIG51bmNhIHRvcXVlIG5hIEVzY3VsdHVyYSBFc3RyYW5oYS4gUXVhaXNxdWVyIHF1ZSBzZWphbSBhcyB0ZW50YcOnw7VlcywgaWdub3JlLWFzLg==,,W1JlZ2lzdHJvIGRlIHRyb3RhbXVuZG9dCkRlIG51ZXZvLCDCoW5vIHRvcXVlbiBsYSBsb3NhIGRlIHBpZWRyYSEgUG9yIG11eSBsbGFtYXRpdmEgcXVlIHNlYSwgwqFkZWJlbiBzZWd1aXIgY2FtaW5hbmRvIQ==
WY/hCA,,U2V2ZXJhbCBDcmFmdGVkIFN0b25lcyBmYWxsIGZyb20gaGlzIGJvZHkuIFBlcmhhcHMgdGhleSB3ZXJlIGNvbGxlY3RlZCB3aGlsZSBleHBsb3JpbmcgdGhpcyBwbGFjZS4=,,,,,QWxndW1hcyBQZWRyYXMgQnJ1dGFzIGNhw61yYW0uIEVsZSBkZXZlIHRlciBhcyBjb2xldGFkbyBlbnF1YW50byBleHBsb3JhdmEgZXN0ZSBsdWdhci4=,,VmFyaWFzIFBpZWRyYXMgYXJ0ZXNhbmFsZXMgY2FlbiBkZSBzdSBjdWVycG8uIFRhbCB2ZXogbGFzIHJlY29sZWN0YXJvbiBtaWVudHJhcyBleHBsb3JhYmFuIGVzdGUgbHVnYXIu
Wo/hCA,,U3RyYW5nZSBTY3VscHR1cmU=,,,,,RXNjdWx0dXJhIEVzdHJhbmhh,,U3RyYW5nZSBTY3VscHR1cmU=
W4/hCA,,SXQncyBhIFN0cmFuZ2UgU2N1bHB0dXJlIHdpdGggYSBsb3Qgb2YgZHVzdC4gSSBkb24ndCBzZWUgYW55dGhpbmcgc3VzcGljaW91cyByaWdodCBub3cu,,,,,w4kgdW1hIGVzY3VsdHVyYSBlc3RyYW5oYSBlIGVtcG9laXJhZGEuIE7Do28gdGVtIG5hZGEgc3VzcGVpdG8gYXF1aS4=,,RXMgdW5hIGV4dHJhw7FhIGVzY3VsdHVyYSBjb24gbXVjaG8gcG9sdm8uIEFob3JhIG1pc21vIG5vIHZlbyBuYWRhIHNvc3BlY2hvc28u
XI/hCA,,Q3JhZnRlZCBTdG9uZSwgbWVsdGVkIGJ5IHBvd2VyZnVsIGZvcmNlLCBoYW5ncyBhbGwgb3ZlciB0aGUgaG9sZS4gSSBkb24ndCB0aGluayBJIGNhbiB1c2UgaXQgZm9yIGEgd2hpbGUu,,,,,RXhpc3RlbSBQZWRyYXMgQnJ1dGFzIHF1ZSBmb3JhbSBkZXJyZXRpZGFzIHBlbG8gZm9nbyBkbyBpbmZlcm5vLiBOw6NvIMOpIGJvbSB0b2NhciBuZWxhcyBhZ29yYSwgdmFtb3MgZXNwZXJhciBlc2ZyaWFyLg==,,VW5hIFBpZWRyYSBhcnRlc2FuYWwsIGZ1bmRpZGEgcG9yIHVuYSBmdWVyemEgcG9kZXJvc2EsIGN1ZWxnYSBwb3IgdG9kbyBlbCBhZ3VqZXJvLiBObyBjcmVvIHF1ZSBwdWVkYSB1c2FybGEgcG9yIHVuIHRpZW1wby4=
XY/hCA,,VGhlIHN0b25lIHNsYWIgd2FzIGNvbXBsZXRlbHkgZGVzdHJveWVkIGJ5IHBvd2VyZnVsIGZvcmNlLiBJIGNhbid0IHVzZSB0aGlzIGFueW1vcmUu,,,,,VW1hIHBhcnRlIGRhIGVzY3VsdHVyYSBmb2kgY29tcGxldGFtZW50ZSBkZXN0cnXDrWRhLiBOw6NvIHBvc3NvIG1haXMgbWV4ZXIgbmlzc28u,,VW5hIHBvZGVyb3NhIGZ1ZXJ6YSBkZXN0cnV5w7MgcG9yIGNvbXBsZXRvIGxhIGxvc2EgZGUgcGllZHJhLiBZYSBubyBwdWVkbyB1c2FyIGVzdG8u
Xo/hCA,,VGhlIGR1c3QgYWNjdW11bGF0ZWQgaW4gdGhlIGdhcCBoYXMgc2NhdHRlcmVkIGFuZCAxMCBlbXB0eSBob2xlcyBhcmUgdmlzaWJsZSBpbiB0aGUgc3RvbmUgc2xhYiB1bmRlciB0aGUgc2N1bHB0dXJlLg==,,,,,RXhpc3RlbSAxMCBidXJhY29zIHZhemlvcyBuYSBiYXNlIGRlIGNvbmNyZXRvIHNvYiBhIGVzY3VsdHVyYS4=,,RWwgcG9sdm8gYWN1bXVsYWRvIGVuIGVsIGh1ZWNvIHNlIGVzcGFyY2nDsyB5IHNlIHZlbiAxMGFndWplcm9zIHZhY8Otb3MgZW4gbGEgbG9zYSBkZSBwaWVkcmEgYmFqbyBsYSBlc2N1bHR1cmEu
X4/hCA,,Tm90aGluZyBzcGVjaWFsIGhhcHBlbmVkIHdoZW4gSSB0b3VjaGVkIGl0Lg==,,,,,Vm9jw6ogdG9jb3UgbmEgYmFzZSBkZSBjb25jcmV0bywgbWFzIG5hZGEgZGUgZXNwZWNpYWwgYWNvbnRlY2V1Lg==,,Tm8gb2N1cnJpw7MgbmFkYSBlc3BlY2lhbCBjdWFuZG8gbGEgdG9xdcOpLg==
YI/hCA,,SSB0aGluayB0aGUgMTAgZW1wdHkgaG9sZXMgYXJlIHRoZSBzYW1lIHNpemUgYXMgdGhlIENyYWZ0ZWQgU3RvbmUu,,,,,T3MgMTAgYnVyYWNvcyB2YXppb3MgcGFyZWNlbSB0ZXIgbyBtZXNtbyBmb3JtYXRvIGRlIHVtYSBQZWRyYSBCcnV0YS4=,,Q3JlbyBxdWUgbG9zIDEwYWd1amVyb3MgdmFjw61vcyBzb24gZGVsIG1pc21vIHRhbWHDsW8gcXVlIGxhIFBpZWRyYSBhcnRlc2FuYWwu
YY/hCA,,SW5zZXJ0IHRoZSBDcmFmdGVkIFN0b25lIGludG8gdGhlIGhvbGUu,,,,,RW5jYWl4YXIgMTAgUGVkcmFzIEJydXRhcw==,,SW5zZXJ0YXIgbGEgUGllZHJhIGFydGVzYW5hbCBlbiBlbCBhZ3VqZXJvLg==
Yo/hCA,,Tm90aGluZyBzcGVjaWFsIGhhcHBlbmVkLg==,,,,,TmFkYSBkZSBlc3BlY2lhbCBhY29udGVjZSBxdWFuZG8gdm9jw6ogaWdub3JhLg==,,Tm8gb2N1cnJpw7MgbmFkYSBlc3BlY2lhbC4=
Y4/hCA,,SSB0aGluayBJIG5lZWQgbW9yZSBDcmFmdGVkIFN0b25lcyBiZWZvcmUgYXR0ZW1wdGluZyB0aGlzLg==,,,,,VGVudGVpIGVuY2FpeGFyIHVtYSBQZWRyYSBCcnV0YSBlbSB1bSBidXJhY28gdmF6aW8sIG1hcyBhY2hvIHF1ZSBuw6NvIHRlbmhvIG8gc3VmaWNpZW50ZS4=,,Q3JlbyBxdWUgbmVjZXNpdG8gbcOhcyBQaWVkcmFzIGFydGVzYW5hbGVzIGFudGVzIGRlIGludGVudGFyIGVzdG8u
ZI/hCA,,V2hlbiB5b3UgZml0IHRoZSBDcmFmdGVkIFN0b25lcyBpbnRvIHRoZSBob2xlcywgdGhleSBkaXNhcHBlYXIgd2l0aCBhIGJyaWdodCBsaWdodC4uLg==,,,,,QXMgUGVkcmFzIEJydXRhcyBkZXJyZXRlcmFtIGNvbSBvIGNhbG9yLiBBY2hvIHF1ZSBuw6NvIHBvZGUgc2VyIHVzYWRvIHBvciB1bSB0ZW1wby4=,,Q3VhbmRvIGludHJvZHVjZXMgbGFzIFBpZWRyYXMgYXJ0ZXNhbmFsZXMgZW4gbG9zIGFndWplcm9zLCBkZXNhcGFyZWNlbiBjb24gdW5hIGx1eiBicmlsbGFudGXigKY=
ZY/hCA,,SSB0aGluayB0aGUgYWlyIGFyb3VuZCB1cyBoYXMgY2hhbmdlZC4=,,,,,Q29uZm9ybWUgdm9jw6ogdmFpIGVuY2FpeGFuZG8gYXMgUGVkcmFzIEJydXRhcywgdW0gdmVudG8gZXN0cmFuaG8gY29tZcOnYSBhIHNvcHJhci4uLg==,,Q3JlbyBxdWUgZWwgYWlyZSBxdWUgbm9zIHJvZGVhIGNhbWJpw7Mu
Zo/hCA,,QnV0IG5vdGhpbmcgc2VlbXMgdG8gaGF2ZSBjaGFuZ2VkLg==,,,,,UGFyZWNlIHF1ZSBhbGdvIGRlc3BlcnRvdS4=,,UGVybyBuYWRhIHBhcmVjZSBoYWJlciBjYW1iaWFkby4=
Z4/hCA,,RGVhdGggTG9yZCM=,,,,,TW9uYXJjYSBMaWNoIw==,,RGVhdGggTG9yZCM=
aI/hCA,,RGVhdGggTG9yZDogV2hvIGhhcyBhd29rZW4gbWU/IEkgd2lsbCBmaW5kIHlvdSBhbmQgYXNrIHlvdSBpbiBwZXJzb24uLi4=,,,,,TW9uYXJjYSBMaWNoOiBRdWVtIG91c2EgaW5jb21vZGFyIG1ldSB0w7ptdWxvPw==,,TG9yZCBtb3J0w61mZXJvOiDCv1F1acOpbiBtZSBkZXNwZXJ0w7M/IFRlIGVuY29udHJhcsOpIHkgdGUgcHJlZ3VudGFyw6kgZW4gcGVyc29uYeKApg==
aY/hCA,,RGVhdGggTG9yZDogV2hvIHBsYXlzIHRyaWNrcyBvbiB0aGUgZGVhZCBtYW4ncyBncmF2ZS4uLi4=,,,,,TW9uYXJjYSBMaWNoOiBRdWVtIG91c2FyaWEgYnJpbmNhciBjb20gb3MgdMO6bXVsb3MgZGFxdWkuLi4/,,TG9yZCBtb3J0w61mZXJvOiBRdWllbiBoYWNlIGJyb21hcyBlbiBsYSB0dW1iYSBkZSB1biBob21icmUgbXVlcnRv4oCm
ao/hCA,,TmlnaHRtYXJlIw==,,,,,UGVzYWRlbG8j,,TmlnaHRtYXJlIw==
a4/hCA,,VGhlcmUgc2VlbXMgdG8gYmUgYSB0cmVhc3VyZSBib3ggc29tZXdoZXJlIGluIHRoZSBkdW5nZW9uLiBMZXQncyBmaW5kIGl0IGJlY2F1c2UgaXQnbGwgZGlzYXBwZWFyIG92ZXIgdGltZS4=,,,,,UGFyZWNlIGhhdmVyIHVtYSBjYWl4YSBkZSB0ZXNvdXJvIGVtIGFsZ3VtIGx1Z2FyIGRhIG1hc21vcnJhLiBWYW1vcyBlbmNvbnRyw6EtbGEsIHBvaXMgZWxhIGRlc2FwYXJlY2Vyw6EgY29tIG8gdGVtcG8u,,UGFyZWNlIHF1ZSBoYXkgdW5hIGNhamEgZGVsIHRlc29ybyBlbiBhbGfDum4gbHVnYXIgZGUgbGEgbWF6bW9ycmEuIEJ1c3F1w6ltb3NsYSBwb3JxdWUgZGVzYXBhcmVjZXLDoSBjb24gZWwgdGllbXBvLg==
