4DIp,,TWFudWsgR2FyZGVuZXI=,,,,,SmFyZGluZWlybyBkZSBNYW51aw==,,SmFyZGluZXJvIGRlIE1hbnVr
4TIp,,LSBZb3UgY2FuJ3Qgc3RhcnQgdGhpcyBxdWVzdCBiZWNhdXNlIHlvdSBoYXZlIHRvbyBtYW55IGl0ZW1zIGluIHlvdXIgaW52ZW50b3J5LiAt,,,,,LSBOw6NvIMOpIHBvc3PDrXZlbCBpbmljaWFyIGVzc2EgbWlzc8OjbyBwb3JxdWUgdm9jw6ogdGVtIG11aXRvcyBpdGVucyBlbSBzZXUgaW52ZW50w6FyaW8uIC0=,,LU5vIHB1ZWRlcyBpbmljaWFyIGxhIG1pc2nDs24gcG9ycXVlIHRpZW5lcyBkZW1hc2lhZG9zIG9iamV0b3MgZW4gZWwgaW52ZW50YXJpby4t
4jIp,,W1N0cm9tXQpIZWxsby4KWW91J3JlIGEgaHVtYW4gcmlnaHQ/Ck15IG5hbWUgaXMgU3Ryb20u,,,,,W1N0cm9tXQpPbMOhLgpWb2PDqiDDqSB1bSBzZXIgaHVtYW5vLCBjZXJ0bz8KTWV1IG5vbWUgw6kgU3Ryb20u,,W1N0cm9tXQpIb2xhLgpFcmVzIHVuIHNlciBodW1hbm8sIMK/bm8/Ck1lIGxsYW1vIFN0cm9tLg==
4zIp,,W1N0cm9tXQpCdXQsIHlvdSBndXlzIHNlZW0gc28gd2Vhay4KWW91IGRvbid0IGhhdmUgc29saWQgc2tpbiBub3IgZW5vdWdoIHBvd2VyLg==,,,,,W1N0cm9tXQpNYXMgdm9jw6pzIHBhcmVjZW0gdMOjbyBmcmFjb3MuCk7Do28gdMOqbSBwZWxlIHPDs2xpZGEgbmVtIHBvZGVyIHN1ZmljaWVudGUu,,W1N0cm9tXQpQZXJvIHVzdGVkZXMgcGFyZWNlbiBtdXkgZMOpYmlsZXMuCk5vIHRpZW5lbiBwaWVsIHPDs2xpZGEgbmkgZWwgcG9kZXIgc3VmaWNpZW50ZS4=
5DIp,,W1N0cm9tXQpIb3cgZGlkIHlvdSBndXlzIGdldCBoZXJlPw==,,,,,W1N0cm9tXQpDb21vIHZvY8OqcyBjaGVnYXJhbSBhcXVpPw==,,W1N0cm9tXQrCv0PDs21vIGxsZWdhcm9uIGhhc3RhIGFxdcOtPw==
5TIp,,WW91ciBsYW5ndWFnZSBzZWVtcyBnZW50bGUsIGJ1dCBpdCBzZWVtcyBsaWtlIHlvdSBhcmUgaGVyZSB0byBjcmVhdGUgbW9yZSB0ZW5zaW9uLi4u,,,,,U3VhIGxpbmd1YWdlbSBwYXJlY2UgZ2VudGlsLCBtYXMgcGFyZWNlIHF1ZSB2b2PDqiBlc3TDoSBhcXVpIHBhcmEgY3JpYXIgbWFpcyB0ZW5zw6NvLi4u,,U3UgaWRpb21hIHBhcmVjZSBhbWFibGUsIHBlcm8gcGFyZWNlIHF1ZSB2aW5pZXJvbiBwYXJhIGdlbmVyYXIgbcOhcyB0ZW5zacOzbuKApg==
5jIp,,S2VlcCB0aGUgcGVhY2Uu,,,,,TWFudGVyIGEgcGF6Lg==,,UmVzcG9uZGVyIHBhY8OtZmljYW1lbnRlLg==
5zIp,,Li4u,,,,,Li4u,,4oCm
6DIp,,W3t9XQpZZXMsIHdlIGh1bWFucyBhcmUgc21hbGxlciB0aGFuIHlvdS4uLiBidXQuLi4Kd2UgaGF2ZSBiZWVuIHRyYWluaW5nIG91cnNlbHZlcyB0byBiZSBzdHJvbmcu,,,,,W3t9XQpTaW0sIG7Ds3MsIGh1bWFub3MsIHNvbW9zIG1lbm9yZXMgcXVlIHZvY8Oqcy4uLiBtYXMuLi4KZXN0YW1vcyB0cmVpbmFuZG8gcGFyYSBzZXJtb3MgZm9ydGVzLg==,,W3t9XQpTw60sIGxvcyBodW1hbm9zIHNvbW9zIG3DoXMgcGVxdWXDsW9zIHF1ZSB1c3RlZGVz4oCmIHBlcm/igKYKbm9zIGVudHJlbmFtb3MgcGFyYSBzZXIgZnVlcnRlcy4=
6TIp,,W3t9XQpOb3cgbGV0IG1lIHNob3cgeW91IHRoYXQKd2UgY2FuIG1hdGNoIHlvdXIgc3RyZW5ndGgh,,,,,W3t9XQpBZ29yYSB2b3UgdGUgbW9zdHJhciBxdWUKcG9kZW1vcyBpZ3VhbGFyIHN1YSBmb3LDp2Eh,,W3t9XQpBaG9yYSwgwqFkw6lqYW1lIGRlbW9zdHJhcnRlIHF1ZQpwb2RlbW9zIGlndWFsYXIgc3UgZnVlcnphIQ==
6jIp,,W1N0cm9tXQpBbnl3YXkuLi4KU29tZSBiYWQgdGhpbmdzIGhhcHBlbmVkIHRvIG15IG9uZSBvZiBteSBjb2xsZWFndWVzIGluIHRoYXQgY2F2ZSB5b3UgZm91bmQgcmVjZW50bHku,,,,,W1N0cm9tXQpFbmZpbS4uLgpBbGd1bWFzIGNvaXNhcyBydWlucyBhY29udGVjZXJhbSBjb20gdW0gZG9zIG1ldXMgY29sZWdhcyBuYXF1ZWxhIGNhdmVybmEgcXVlIHZvY8OqIGVuY29udHJvdSByZWNlbnRlbWVudGUu,,W1N0cm9tXQpFbiBmaW7igKYKQSB1bm8gZGUgbWlzIGNvbGVnYXMgbGUgc3VjZWRpw7MgYWxnbyBtYWxvIGVuIGVzYSBjdWV2YSBxdWUgZW5jb250cmFyb24gaGFjZSBwb2NvLg==
6zIp,,W1N0cm9tXQpUaGVyZSdyZSBtb25zdGVycyBjYWxsZWQuIF40RDRERkZSYXRhXjAwMDAwMGFuZCBeNEQ0REZGRHVleXJyXjAwMDAwMC4KSWYgeW91IHRlcm1pbmF0ZSB0aGVtLCBJIHdvdWxkIHJlZ2FyZCB5b3UgYXMgYSBkZWNlbnQgYW5kIHN0cm9uZyBwZXJzb24u,,,,,W1N0cm9tXQpFeGlzdGVtIG1vbnN0cm9zIGNoYW1hZG9zLiBeNEQ0REZGUmF0YV4wMDAwMDBlIF40RDRERkZEdWV5cnJeMDAwMDAwLgpTZSB2b2PDqiBhY2FiYXIgY29tIGVsZXMsIGV1IHRlIGNvbnNpZGVyYXJlaSB1bWEgcGVzc29hIGRlY2VudGUgZSBmb3J0ZS4=,,W1N0cm9tXQpIYXkgdW5vcyBtb25zdHJ1b3MgcXVlIHNlIGxsYW1hbiBeNEQ0REZGUmF0YV4wMDAwMDAgeSBeNEQ0REZGRHVuZXlycl4wMDAwMDAuClNpIGxvcyBtYXRhcywgdGUgY29uc2lkZXJhcsOpIHVuYSBwZXJzb25hIGZ1ZXJ0ZSB5IGRlY2VudGUu
7DIp,,W1N0cm9tXQouLi5VbS4KTGV0IG1lIGNvbnNpZGVyIHRoYXQgc3VnZ2VzdGlvbi4=,,,,,W1N0cm9tXQouLi4gSHVtLgpEZWl4ZS1tZSBjb25zaWRlcmFyIGVzc2Egc3VnZXN0w6NvLg==,,W1N0cm9tXQrigKZNbW0uCkTDqWphbWUgY29uc2lkZXJhciB0dSBvZnJlY2ltaWVudG8u
7TIp,,W3t9XQpZZXMsIGh1bWFuIGJlaW5ncyBjYW4gYmUgc3Ryb25nZXIgd2hlbiBhbGwgdGhleSB3b3JrIHRvZ2V0aGVyLg==,,,,,W3t9XQpTaW0sIG9zIHNlcmVzIGh1bWFub3MgcG9kZW0gc2VyIG1haXMgZm9ydGVzIHF1YW5kbyB0b2RvcyB0cmFiYWxoYW0ganVudG9zLg==,,W3t9XQpTw60sIGxvcyBzZXJlcyBodW1hbm9zIHB1ZWRlbiBzZXIgbcOhcyBmdWVydGVzIGN1YW5kbyB0cmFiYWphbiBlbiBjb25qdW50by4=
7jIp,,W1N0cm9tXQpJJ20gc29ycnkgdGhhdCBJIGRpZG4ndCB0YWtlIHlvdSBndXlzIHNlcmlvdXNseS4KWW91J3JlIHF1aXRlIGRlY2VudCBzb2xkaWVycywgc28gcGxlYXNlIHZpc2l0IE1hbnVrLg==,,,,,W1N0cm9tXQpTaW50byBtdWl0byBwb3IgbsOjbyB0w6otbG9zIGxldmFkbyBhIHPDqXJpby4KVm9jw6pzIHPDo28gc29sZGFkb3MgbXVpdG8gZGVjZW50ZXMsIGVudMOjbywgcG9yIGZhdm9yLCB2aXNpdGVtIE1hbnVrLg==,,W1N0cm9tXQpMYW1lbnRvIG5vIGhhYmVybG9zIHRvbWFkbyBlbiBzZXJpby4KU29uIHNvbGRhZG9zIGJhc3RhbnRlIGRlY2VudGVzLCBhc8OtIHF1ZSBwdWVkZW4gdmlzaXRhciBNYW51ay4=
7zIp,,W1N0cm9tXQpQbGVhc2UgdGFrZSB0aGVzZSBjb2lucy4KWW91IGNhbiBmaW5kIGFueXRoaW5nIHlvdSBuZWVkIHdpdGggdGhlc2UgY29pbnMu,,,,,W1N0cm9tXQpGaXF1ZSBjb20gZXNzYXMgbW9lZGFzLgpWb2PDqiBwb2RlIGVuY29udHJhciB0dWRvIG8gcXVlIHByZWNpc2EgY29tIGVsYXMu,,W1N0cm9tXQpUb21hIGVzdGFzIG1vbmVkYXMsIHBvciBmYXZvci4KQ29uIGVsbGFzLCBwb2Ryw6FzIGVuY29udHJhciB0b2RvIGxvIHF1ZSBuZWNlc2l0ZXMu
8DIp,,W1N0cm9tXQpJZiB5b3Ugd2FudCB0byBzaG93IHlvdSdyZSBzbyBzdHJvbmcuLi4KUGxlYXNlIGZpbmQgYW5kIGRlZmVhdCB0aGUgUmF0YSBhbmQgRHVuZXlyciBpbiB0aGUgY2F2ZS4=,,,,,W1N0cm9tXQpTZSB2b2PDqiBxdWlzZXIgbW9zdHJhciBxdWUgw6kgbXVpdG8gZm9ydGUuLi4KRW5jb250cmUgZSBkZXJyb3RlIFJhdGEgZSBEdW5leXJyIG5hIGNhdmVybmEu,,W1N0cm9tXQpTaSBxdWllcmVzIGRlbW9zdHJhciBxdWUgc29uIHRhbiBmdWVydGVz4oCmCmVuY3VlbnRyYSB5IGRlcnJvdGEgYSBSYXRhIHkgYSBEdW5leXJyOyBlc3TDoW4gZW4gbGEgY3VldmEu
8TIp,,W1N0cm9tXQpJdCdzIHByZXR0eSBjb2xkIGhlcmUsIGJ1dCB3ZSBjYW4gYmVhciB0aGUgd2VhdGhlci4=,,,,,W1N0cm9tXQpFc3TDoSBtdWl0byBmcmlvIGFxdWksIG1hcyBwb2RlbW9zIGFndWVudGFyIG8gY2xpbWEu,,W1N0cm9tXQpBcXXDrSBoYWNlIGJhc3RhbnRlIGZyw61vLCBwZXJvIHBvZGVtb3Mgc29wb3J0YXIgZWwgY2xpbWEu
8jIp,,W1N0cm9tXQpCdXQgeW91J3JlIGRpZmZlcmVudC4KVG8gYmVhciB0aGlzIHdlYXRoZXIsIHlvdSBzaG91bGQgd2VhciBIaWxsc2xpb24gZnVyLi4uCmp1c3QgY2hlZXIgdXAu,,,,,W1N0cm9tXQpNYXMgdm9jw6ogw6kgZGlmZXJlbnRlLgpQYXJhIGFndWVudGFyIGVzc2UgY2xpbWEsIHNlcmlhIG1lbGhvciB1c2FyIHBlbGUgZGUgSGlsbHNsaW9uLi4uCkFuaW1lLXNlLg==,,W1N0cm9tXQpQZXJvIHVzdGVkZXMgc29uIGRpZmVyZW50ZXMuClBhcmEgc29wb3J0YXIgZXN0ZSBjbGltYSwgZGViZW4gdXNhciBwaWVsZXMgZGUgTGXDs24gZGUgbW9udGHDsWHigKYKwqFBcnJpYmEgZWwgw6FuaW1vIQ==
8zIp,,W01hbnVrIEdhcnRlbl0KSCBoZWFrZGVuIFFhdWVkaCBJaGVoZT8KRUhhZGtpZWtkIE8gcGVrZGg/CkxlaGRoYWsgR2VoZGFoPw==,,,,,W01hbnVrIEdhcnRlbl0KSCBoZWFrZGVuIFFhdWVkaCBJaGVoZT8KRUhhZGtpZWtkIE8gcGVrZGg/CkxlaGRoYWsgR2VoZGFoPw==,,W0dhbHRlbiBkZSBNYW51a10Kwr9IIGhlYWtkZW4gUWF1ZWRoIEloZWhlPwrCv0VIYWRraWVrZCBPIHBla2RoPwrCv0xlaGRoYWsgR2VoZGFoPw==
9DIp,,TWFudWsgRW5naW5lZXI=,,,,,RW5nZW5oZWlybyBNYW51aw==,,SW5nZW5pZXJvIGRlIE1hbnVr
9TIp,,LSBZb3UgY2FuJ3Qgc3RhcnQgcXVlc3Qgc2luY2UgeW91IGFyZSBvdmVyd2VpZ2hlZCB3aXRoIHRvbyBtYW55IGl0ZW1zLiAt,,,,,LSBOw6NvIMOpIHBvc3PDrXZlbCBpbmljaWFyIGEgbWlzc8OjbyBwb3JxdWUgdm9jw6ogZXN0w6EgY29tIG11aXRvcyBpdGVucy4gLQ==,,LU5vIHB1ZWRlcyBjb21lbnphciBsYSBtaXNpw7NuIHBvcnF1ZSB0ZSBzb2JyZWNhcmdhc3RlIGNvbiBkZW1hc2lhZG9zIG9iamV0b3MuLQ==
9jIp,,W01hbnVrIEVuZ2luZWVyXQpUaGUgQnJhZGl1bSB5b3UgZ2F2ZSBtZSBpcyB3b3JraW5nIHF1aXRlIHdlbGwuCkl0IHNob3VsZCBiZSBlbm91Z2ggZm9yIG5vdy4=,,,,,W0VuZ2VuaGVpcm8gTWFudWtdLgpPIEJyYWRpdW0gcXVlIHZvY8OqIG1lIGRldSBlc3TDoSBmdW5jaW9uYW5kbyBtdWl0byBiZW0uCkRldmUgc2VyIHN1ZmljaWVudGUgcG9yIGVucXVhbnRvLg==,,W0luZ2VuaWVybyBkZSBNYW51a10KRWwgQnJhZGl1bSBxdWUgbWUgZGlzdGUgZnVuY2lvbmEgYmFzdGFudGUgYmllbi4KUG9yIGFob3JhLCBkZWJlcsOtYSBzZXIgc3VmaWNpZW50ZS4=
9zIp,,W01hbnVrIEVuZ2luZWVyXQpUaGUgQnJhZGl1bSB5b3UgZ2F2ZSBtZSBpcyB3b3JraW5nIHF1aXRlIHdlbGwuCkNvbWUgYmFjayB0byBtZSBsYXRlciBhbmQgSSBzaG91bGQgaGF2ZSBtb3JlIHdvcmsgZm9yIHlvdS4=,,,,,W0VuZ2VuaGVpcm8gTWFudWtdLgpPIEJyYWRpdW0gcXVlIHZvY8OqIG1lIGRldSBlc3TDoSBmdW5jaW9uYW5kbyBtdWl0byBiZW0uClZvbHRlIHBhcmEgbWltIG1haXMgdGFyZGUgZSBldSB0ZXJlaSBtYWlzIHRyYWJhbGhvIHBhcmEgdm9jw6ou,,W0luZ2VuaWVybyBkZSBNYW51a10KRWwgQnJhZGl1bSBxdWUgbWUgZGlzdGUgZnVuY2lvbmEgYmFzdGFudGUgYmllbi4KVnVlbHZlIG3DoXMgdGFyZGUgeSBxdWl6w6FzIHRlbmdhIG3DoXMgdHJhYmFqbyBwYXJhIHRpLg==
+DIp,,W01hbnVrIEVuZ2luZWVyXQpXb3csIHlvdSdyZSBnb29kLgpZb3UncmUgcXVpdGUgaGVscGZ1bC4KSSBob3BlIHRoYXQgeW91IHdpbGwgY29udGludWUgdG8gYXNzaXN0IHVzIGxhdGVyLg==,,,,,W0VuZ2VuaGVpcm8gTWFudWtdLgpVYXUsIHZvY8OqIHNhYmUgbyBxdWUgZmF6LgpFc3Blcm8gcXVlIGNvbnRpbnVlIGEgbm9zIGFqdWRhciBtYWlzIHRhcmRlLiBWb2PDqiDDqSBiZW0gw7p0aWwu,,W0luZ2VuaWVybyBkZSBNYW51a10KVmF5YSwgbG8gbG9ncmFzdGUuCkVyZXMgYmFzdGFudGUgw7p0aWwuCkVzcGVybyBxdWUgc2lnYXMgYXl1ZMOhbmRvbm9zIG3DoXMgYWRlbGFudGUu
+TIp,,W01hbnVrIEVuZ2luZWVyXQpXaGF0J3MgdXA/CllvdSdyZSBub3QgcHJlcGFyZWQgeWV0Lg==,,,,,W0VuZ2VuaGVpcm8gTWFudWtdCkUgYcOtPwpWb2PDqiBhaW5kYSBuw6NvIHNlIHByZXBhcm91Lg==,,W0luZ2VuaWVybyBkZSBNYW51a10Kwr9RdcOpIHN1Y2VkZT8KQcO6biBubyB0aWVuZXMgdG9kby4=
+jIp,,W01hbnVrIEVuZ2luZWVyXQpIZWxsby4KVGhpcyBpcyB3aGVyZSB3ZSByZWZpbmUgc3RvbmVzLg==,,,,,W0VuZ2VuaGVpcm8gTWFudWtdLgpPbMOhLgrDiSBhcXVpIHF1ZSByZWZpbmFtb3MgYXMgcGVkcmFzLg==,,W0luZ2VuaWVybyBkZSBNYW51a10KSG9sYS4KQXF1w60gcmVmaW5hbW9zIGxhcyBwaWVkcmFzLg==
+zIp,,QWJvdXQgY29sbGV0aW5nIHN0b25lcy4=,,,,,U29icmUgYSBjb2xldGEgZGUgcGVkcmFzLg==,,U29icmUgbGEgcmVjb2xlY2Npw7NuIGRlIHBpZWRyYXMu
/DIp,,QWJvdXQgdGhlIHVzYWdlIG9mIHN0b25lcy4=,,,,,U29icmUgbyB1c28gZGUgcGVkcmFzLg==,,U29icmUgZWwgdXNvIGRlIGxhcyBwaWVkcmFzLg==
/TIp,,W01hbnVrIEVuZ2luZWVyXQpUbyBwcmV2ZW50IG91ciBib2RpZXMgZnJvbSBiZWNvbWluZyBudW1iLCB3ZSBuZWVkIEJyYWRpdW0uCkZyb20gdGhlIEJyYWRpdW0gd2UgY2FuIGV4dHJhY3QgYSBzcGVjaWFsIGVsZW1lbnQgdGhhdCB3ZSBuZWVkIHRvIHN1cnZpdmUu,,,,,W0VuZ2VuaGVpcm8gTWFudWtdClBhcmEgZXZpdGFyIHF1ZSBub3Nzb3MgY29ycG9zIGZpcXVlbSBkb3JtZW50ZXMsIHByZWNpc2Ftb3MgZGUgQnJhZGl1bS4KRG8gQnJhZGl1bSwgcG9kZW1vcyBleHRyYWlyIHVtIGVsZW1lbnRvIGVzcGVjaWFsIGRlIHF1ZSBwcmVjaXNhbW9zIHBhcmEgc29icmV2aXZlci4=,,W0luZ2VuaWVybyBkZSBNYW51a10KTmVjZXNpdGFtb3MgQnJhZGl1bSBwYXJhIGV2aXRhciBxdWUgc2UgZW50dW1lemNhbiBudWVzdHJvcyBjdWVycG9zLgpEZWwgQnJhZGl1bSwgZXh0cmFlbW9zIHVuIGVsZW1lbnRvIGVzcGVjaWFsIHF1ZSBuZWNlc2l0YW1vcyBwYXJhIHNvYnJldml2aXIu
/jIp,,W01hbnVrIEVuZ2luZWVyXQpUaGUgbWluaW5nIGluZHVzdHJ5IGlzIHByaW1hcnkgaGVyZSBzaW5jZSBvdXIgbGl2ZXMgZGVwZW5kIG9uIGl0LgpCdXQgdGhlIG1pbmUgaGFzIGJlY29tZSBjbG9nZ2VkLg==,,,,,W0VuZ2VuaGVpcm8gTWFudWtdCk8gc2V0b3IgZGUgbWluZXJhw6fDo28gw6kgcHJpbW9yZGlhbCBhcXVpLCBqw6EgcXVlIG5vc3NhcyB2aWRhcyBkZXBlbmRlbSBkZWxlLgpNYXMgYSBtaW5hIGVzdMOhIGVudHVwaWRhLg==,,W0luZ2VuaWVybyBkZSBNYW51a10KQXF1w60gbGEgaW5kdXN0cmlhIG1pbmVyYSBlcyBwcmltb3JkaWFsLCB5YSBxdWUgbnVlc3RyYXMgdmlkYXMgZGVwZW5kZW4gZGUgZWxsYS4KUGVybyBsYSBtaW5hIHNlIGF0YXNjw7Mu
/zIp,,W01hbnVrIEVuZ2luZWVyXQpJJ3ZlIGFscmVhZHkgaGVhcmQgdGhhdCB5b3UgZ3V5cyBhcmUgZ29vZCBzb2xkaWVycy4KV291bGQgeW91IG1pbmQgdGVybWluYXRpbmcgdGhlIEJyYWRpdW0gR29sZW0sIGFuZCBicmluZ2luZyBiYWNrIHNvbWUgQnJhZGl1bSBmb3IgbWU/,,,,,W0VuZ2VuaGVpcm8gTWFudWtdLgpKw6Egb3V2aSBkaXplciBxdWUgdm9jw6pzIHPDo28gYm9ucyBzb2xkYWRvcy4KVm9jw6pzIHNlIGltcG9ydGFyaWFtIGRlIGFjYWJhciBjb20gbyBHb2xlbSBkZSBCcmFkaXVtIGUgdHJhemVyIHVtIHBvdWNvIGRlIEJyYWRpdW0gcGFyYSBtaW0/,,W0luZ2VuaWVybyBkZSBNYW51a10KWWEgbWUgZW50ZXLDqSBkZSBxdWUgc29uIGJ1ZW5vcyBzb2xkYWRvcy4Kwr9UZSBtb2xlc3RhcsOtYSBhY2FiYXIgY29uIGVsIEfDs2xlbSBkZSBicmFkaXVtIHkgdHJhZXJtZSB1biBwb2NvIGRlIGVzZSBtYXRlcmlhbD8=
ADMp,,U3VyZSwgSSBkb24ndCBtaW5kLg==,,,,,Q2xhcm8sIG7Do28gbWUgaW1wb3J0by4=,,Q2xhcm8gcXVlIHPDrS4=
ATMp,,Tm9wZSwgSSBjYW4ndC4=,,,,,TsOjbywgbsOjbyBwb3Nzby4=,,Tm8sIG5vIHB1ZWRvLg==
AjMp,,W01hbnVrIEVuZ2luZWVyXQpUaGVuIHRha2UgdGhpcyBtaXNzaW9uLgpQbGVhc2UgaHVudCBCcmFkaXVtIEdvbGVtIGFuZCBicmluZyBtZSAyMCBibGVuZGVkIEJyYWRpdW0u,,,,,W0VuZ2VuaGVpcm8gTWFudWtdCkVudMOjbyBhY2VpdGUgZXN0YSBtaXNzw6NvLgpDYWNlIG8gR29sZW0gZGUgQnJhZGl1bSBlIG1lIHRyYWdhIDIwIEJyYWRpdW0gbWlzdHVyYWRvcy4=,,W0luZ2VuaWVybyBkZSBNYW51a10KRW50b25jZXMgYWNlcHRhIGVzdGEgbWlzacOzbi4KQ2F6YSBhIHVuIEfDs2xlbSBkZSBicmFkaXVtIHkgdHLDoWVtZSAyMCB1bmlkYWRlcyBkZSBCcmFkaXVtIGZ1bmRpZG8u
AzMp,,W01hbnVrIEVuZ2luZWVyXQpPaCwgdGhpcyBpcyBvdXIgZmF0ZS4KSG93IGNvdWxkIEkgYmUgc28gbmFpdmUgdG8gZGVwZW5kIG9uIG90aGVycz8=,,,,,W0VuZ2VuaGVpcm8gTWFudWtdLgpBaCwgZXNzZSDDqSBvIG5vc3NvIGRlc3Rpbm8uCkNvbW8gcHVkZSBzZXIgdMOjbyBpbmfDqm51byBhIHBvbnRvIGRlIGRlcGVuZGVyIGRvcyBvdXRyb3M/,,W0luZ2VuaWVybyBkZSBNYW51a10KT2gsIGVzdGFtb3MgY29uZGVuYWRvcy4Kwr9Dw7NtbyBwdWRlIGFjdHVhciBjb24gdGFudGEgaW5nZW51aWRhZCB5IGRlcGVuZGVyIGFzw60gZGUgbG9zIGRlbcOhcz8=
BDMp,,W01hbnVrIEVuZ2luZWVyXQpXZSByZWZpbmUgQnJhZGl1bSBhbmQgZXh0cmFjdCBzcGVjaWFsIHRoaW5ncyBmcm9tIGl0Li4uClRoZW4gZm9ybSB0aGF0IGludG8gYW4gaW5qZWN0aW9uLgpXaGVuIGl0IGlzIHJlZmluZWQgaXQgaXMgdXNlZCB0byBtYWludGFpbiBvdXIgYm9keSBjeWNsZXMu,,,,,W0VuZ2VuaGVpcm8gTWFudWtdCk7Ds3MgcmVmaW5hbW9zIG8gQnJhZGl1bSBlIGV4dHJhw61tb3MgY29pc2FzIGVzcGVjaWFpcyBkZWxlLi4uCkRlcG9pcywgdHJhbnNmb3JtYW1vcyBlbSB1bWEgaW5qZcOnw6NvLgpRdWFuZG8gcmVmaW5hZG8sIG8gdXNhbW9zIHBhcmEgbWFudGVyIG5vc3NvcyBjaWNsb3MgY29ycG9yYWlzLg==,,W0luZ2VuaWVybyBkZSBNYW51a10KUmVmaW5hbW9zIGVsIEJyYWRpdW0geSBleHRyYWVtb3MgY29zYXMgZXNwZWNpYWxlcyBkZSDDqWzigKYKTHVlZ28sIGNvbiBlc28sIHByZXBhcmFtb3MgdW5hIGlueWVjY2nDs24uClVuYSB2ZXogcXVlIHNlIHJlZmluYSwgc2UgdXNhIHBhcmEgbWFudGVuZXIgbnVlc3Ryb3MgY2ljbG9zIGNvcnBvcmFsZXMu
BTMp,,W01hbnVrIEVuZ2luZWVyXQpUaGF0J3Mgd2h5IHdlIGFyZSBxdWl0ZSBhZHZhbmNlZCBpbiB0aGlzIGluZHVzdHJ5LgpPdGhlciBpbmR1c3RyaWVzIGFyZSBhbHNvIHdlbGwgZGV2ZWxvcGVkLi4uIGJ1dC4uLg==,,,,,W0VuZ2VuaGVpcm8gTWFudWtdLgrDiSBwb3IgaXNzbyBxdWUgZXN0YW1vcyBiYXN0YW50ZSBhdmFuw6dhZG9zIG5lc3NlIHNldG9yLgpPdXRyb3Mgc2V0b3JlcyB0YW1iw6ltIGVzdMOjbyBiZW0gZGVzZW52b2x2aWRvcy4uLiBtYXMuLi4=,,W0luZ2VuaWVybyBkZSBNYW51a10KUG9yIGVzbyBlc3RhbW9zIHRhbiBhdmFuemFkb3MgZW4gZXN0YSBpbmR1c3RyaWEuCkxhcyBkZW3DoXMgaW5kdXN0cmlhcyB0YW1iacOpbiBlc3TDoW4gYmFzdGFudGUgZGVzYXJyb2xsYWRhc+KApiBQZXJv4oCm
BjMp,,W01hbnVrIEVuZ2luZWVyXQpUaGlzIGlzIG91ciB0b3AgcHJpb3JpdHkgYmVjYXVzZSBpdCBpcyBjcnVjaWFsIGZvciBvdXIgc3Vydml2YWwu,,,,,W0VuZ2VuaGVpcm8gTWFudWtdCkVzc2Egw6kgbm9zc2EgcHJpb3JpZGFkZSBtw6F4aW1hIHBvcnF1ZSDDqSBjcnVjaWFsIHBhcmEgbm9zc2Egc29icmV2aXbDqm5jaWEu,,W0luZ2VuaWVybyBkZSBNYW51a10KRXMgbnVlc3RyYSBwcmlvcmlkYWQgbcOheGltYSBwb3JxdWUgZXMgY3J1Y2lhbCBwYXJhIG51ZXN0cmEgc3VwZXJ2aXZlbmNpYS4=
BzMp,,W01hbnVrIEVuZ2luZWVyXQpBRUhLYWtkaGY/Ckhka2hlb2ggVGFkaGllaCEKUGRsZWhoaGcgVGhkYWUu,,,,,W0VuZ2VuaGVpcm8gTWFudWtdLgpBRUhLYWtkaGY/Ckhka2hlb2ggVGFkaGllaCEKUGRsZWhoaGcgVGhkYWUu,,W0luZ2VuaWVybyBkZSBNYW51a10Kwr9BRUhLYWtkaGY/CsKhSGRraGVvaCBUYWRoaWVoIQpQZGxlaGhoZyBUaGRhZS4=
CDMp,,TGFwaGluZSBjcmFmdHNtYW4=,,,,,QXJ0ZXPDo28gTGFwaGluZQ==,,QXJ0ZXNhbm8gbGFwaGluZQ==
CTMp,,LSBZb3UgY2FuJ3Qgc3RhcnQgdGhlIHF1ZXN0IHNpbmNlIHlvdSBhcmUgb3ZlcndlaWdodC4gLQ==,,,,,LSBOw6NvIMOpIHBvc3PDrXZlbCBpbmljaWFyIGEgbWlzc8OjbyBwb3JxdWUgdm9jw6ogZXN0w6EgYWNpbWEgZG8gcGVzby4gLQ==,,LU5vIHB1ZWRlcyBjb21lbnphciBsYSBtaXNpw7NuIHBvcnF1ZSB0ZSBzb2JyZWNhcmdhc3RlLi0=
CjMp,,W0xhcGhpbmUgY3JhZnRzbWFuXQpUaGUgRmx1b3Jlc2NlbnQgTGlxdWlkIGFuZCBDcnlzdGFsaXplZCBUZWFyZHJvcCB3ZXJlIHF1aXRlIGhlbHBmdWwgdG8gdXMuClRob3NlIHNob3VsZCBiZSBzdWZmaWNpZW50IGZvciBhIHdoaWxlLg==,,,,,W0FydGVzw6NvIExhcGhpbmVdLgpPIGzDrXF1aWRvIGZsdW9yZXNjZW50ZSBlIGEgbMOhZ3JpbWEgY3Jpc3RhbGl6YWRhIGZvcmFtIGJhc3RhbnRlIMO6dGVpcyBwYXJhIG7Ds3MuCkRldmVtIHNlciBzdWZpY2llbnRlcyBwb3IgdW0gdGVtcG8u,,W0FydGVzYW5vIGxhcGhpbmVdCkVsIEzDrXF1aWRvIGZsdW9yZXNjZW50ZSB5IGxhIEzDoWdyaW1hIGNyaXN0YWxpemFkYSBub3MgYXl1ZGFyb24gbXVjaG8uCkRlYmVyw61hbiBzZXIgc3VmaWNpZW50ZXMgcG9yIHVuIHRpZW1wby4=
CzMp,,W0xhcGhpbmUgY3JhZnRzbWFuXQpUaGUgRmx1b3Jlc2NlbnQgTGlxdWlkIGFuZCBDcnlzdGFsaXplZCBUZWFyZHJvcCB3ZXJlIHF1aXRlIGhlbHBmdWwgdG8gdXMuClNlZSB5YS4=,,,,,W0FydGVzw6NvIExhcGhpbmVdLgpPIEZsdW9yZXNjZW50IExpcXVpZCBlIG8gQ3J5c3RhbGl6ZWQgVGVhcmRyb3AgZm9yYW0gYmFzdGFudGUgw7p0ZWlzIHBhcmEgbsOzcy4KQXTDqSBtYWlzLg==,,W0FydGVzYW5vIGxhcGhpbmVdCkVsIEzDrXF1aWRvIGZsdW9yZXNjZW50ZSB5IGxhIEzDoWdyaW1hIGNyaXN0YWxpemFkYSBub3MgYXl1ZGFyb24gbXVjaG8uCk5vcyB2ZW1vcy4=
DDMp,,W0xhcGhpbmUgY3JhZnRzbWFuXQpXb3cgeW91IGRpZCBhIGdyZWF0IGpvYi4KVG9kYXkgd2UgZ290IGVub3VnaCBtYXRlcmlhbC4KSSBob3BlIHlvdSBjYW4gYXNzaXN0IHVzIGxhdGVyLg==,,,,,W0FydGVzw6NvIExhcGhpbmVdClVhdSwgdm9jw6ogZmV6IHVtIMOzdGltbyB0cmFiYWxobyEKSG9qZSBjb25zZWd1aW1vcyBtYXRlcmlhbCBzdWZpY2llbnRlLgpFc3Blcm8gcXVlIHBvc3NhIG5vcyBhanVkYXIgbWFpcyB0YXJkZS4=,,W0FydGVzYW5vIGxhcGhpbmVdClZheWEsIGhpY2lzdGUgdW4gZ3JhbiB0cmFiYWpvLgpUZW5lbW9zIHN1ZmljaWVudGUgbWF0ZXJpYWwgcGFyYSBob3kuCkVzcGVybyBxdWUgcHVlZGFzIGF5dWRhcm5vcyBlbiBvdHJvIG1vbWVudG8u
DTMp,,W0xhcGhpbmUgY3JhZnRzbWFuXQpXaGF0IGNhbiBJIGhlbHAgeW91IHdpdGg/Ck5vdCB5ZXQgZG9uZSB3aXRoIG15IHJlcXVlc3Q/,,,,,W0FydGVzw6NvIGRlIExhcGhpbmVdLgpFbSBxdWUgcG9zc28gYWp1ZGFyPwpBaW5kYSBuw6NvIGVuY2Vycm91IG1ldSBwZWRpZG8/,,W0FydGVzYW5vIGxhcGhpbmVdCsK/RW4gcXXDqSBwdWVkbyBheXVkYXJ0ZT8Kwr9Ub2RhdsOtYSBubyB0ZXJtaW5hc3RlIGNvbiBtaSBzb2xpY2l0dWQ/
DjMp,,W0xhcGhpbmUgY3JhZnRzbWFuXQpXaGF0J3MgdXA/PwpJIG5lZWQgdG8gbWFrZSBtb3JlIGRlY29yYXRpb25zIGZvciB0aGUgWWFpLg==,,,,,W0xhcGhpbmUgY3JhZnRzbWFuXQpFIGHDrT8KUHJlY2lzbyBmYXplciBtYWlzIGRlY29yYcOnw7VlcyBwYXJhIG8gWWFpLg==,,W0FydGVzYW5vIGxhcGhpbmVdCsK/UXXDqSBwYXNhPwpOZWNlc2l0byBoYWNlciBtw6FzIGNvc2FzIHBhcmEgZGVjb3JhciBlbCB5YWku
DzMp,,TWF5IEkgaGVscCB5b3U/,,,,,UG9zc28gYWp1ZMOhLWxvPw==,,wr9QdWVkbyBheXVkYXJ0ZT8=
EDMp,,V2hhdCdzIGEgWWFpPw==,,,,,TyBxdWUgw6kgdW0gWWFpPw==,,wr9RdcOpIGVzIHVuIHlhaT8=
ETMp,,W0xhcGhpbmUgY3JhZnRzbWFuXQpZb3Ugd2FudCB0byBoZWxwPwpUaGlzIHBsYWNlIGlzIGJlaW5nIHVzZWQgZm9yIGJhdHRsZSBidXQgaXQgaXMgYWxzbyBvdXIgaG9tZS4=,,,,,W0FydGVzw6NvIExhcGhpbmVdClZvY8OqIHF1ZXIgYWp1ZGFyPwpFc3RlIGx1Z2FyIGVzdMOhIHNlbmRvIHVzYWRvIHBhcmEgYSBiYXRhbGhhLCBtYXMgdGFtYsOpbSDDqSBub3NzbyBsYXIu,,W0FydGVzYW5vIGxhcGhpbmVdCsK/UXVpZXJlcyBheXVkYXI/CkVzdGUgbHVnYXIgc2UgZXN0w6EgdXNhbmRvIHBhcmEgbHVjaGFyLCBwZXJvIHRhbWJpw6luIGVzIG51ZXN0cm8gaG9nYXIu
EjMp,,W0xhcGhpbmUgY3JhZnRzbWFuXQpXZSBwcmVmZXIgdG8gYmUgYWxvbmUgc28gd2UgbXVzdCBlYWNoIGhhdmUgb3VyIG93biBZYWkuClRob3VnaCB3ZSBhcmUgaW4gYSBtaWxpdGFyeSBiYXNlIHdlIHNob3VsZCB0YWtlIGNhcmUgb2YgZWFjaCBZYWku,,,,,W0FydGVzw6NvIExhcGhpbmVdLgpQcmVmZXJpbW9zIGZpY2FyIHNvemluaG9zLCBlbnTDo28gY2FkYSB1bSBwcmVjaXNhIHRlciBzZXUgcHLDs3ByaW8gWWFpLgpBcGVzYXIgZGUgZXN0YXJtb3MgZW0gdW1hIGJhc2UgbWlsaXRhciwgZGV2ZW1vcyBjdWlkYXIgZGUgY2FkYSBZYWku,,W0FydGVzYW5vIGxhcGhpbmVdClByZWZlcmltb3MgZXN0YXIgYSBzb2xhcywgYXPDrSBxdWUgY2FkYSBwZXJzb25hIHRpZW5lIHN1IHByb3BpbyB5YWkuCkF1bnF1ZSBlc3RlbW9zIGVuIHVuYSBiYXNlIG1pbGl0YXIsIGlndWFsIGRlYmVtb3MgY3VpZGFyIHRvZG9zIGxvcyB5YWlzLg==
EzMp,,W0xhcGhpbmUgY3JhZnRzbWFuXQpJIGFtIG5vdCBhIHNvbGRpZXIgYnV0IHdlIGhvcGUgYWxsIG9mIHVzIHRvIGJlIGFzIGNvbmZpZGVudCBhcyB0aGV5IGFyZS4KSSB3b3VsZCBsaWtlIHRvIHN1cHBvcnQgYWxsIExhcGhpbmUgd2l0aCBteSBza2lsbHMu,,,,,W0FydGVzw6NvIExhcGhpbmVdLgpOw6NvIHNvdSBzb2xkYWRvLCBtYXMgZXNwZXJhbW9zIHF1ZSB0b2RvcyBuw7NzIHNlamFtb3MgdMOjbyBjb25maWFudGVzIHF1YW50byBlbGVzLgpHb3N0YXJpYSBkZSBhcG9pYXIgdG9kb3Mgb3MgTGFwaGluZSBjb20gbWluaGFzIGhhYmlsaWRhZGVzLg==,,W0FydGVzYW5vIGxhcGhpbmVdCk5vIHNveSBzb2xkYWRvLCBwZXJvIGVzcGVyYW1vcyBxdWUgdG9kb3MgdGVuZ2Ftb3MgbGEgbWlzbWEgY29uZmlhbnphIHF1ZSBlbGxvcy4KTWUgZ3VzdGFyw61hIHBvZGVyIGF5dWRhciBhIHRvZG9zIGxvcyBsYXBoaW5lcyBjb24gbWlzIGhhYmlsaWRhZGVzLg==
FDMp,,W0xhcGhpbmUgY3JhZnRzbWFuXQpTbyBJIHdhbnQgdG8gaGVscCBtYWtlIGRlY29yYXRpb25zIGZvciBldmVyeW9uZSdzIFlhaS4KSSBuZWVkIG1vcmUgbWF0ZXJpYWxzIHRvIG1ha2UgdGhlbS4=,,,,,W0FydGVzw6NvIGRlIExhcGhpbmVdLgpFbnTDo28sIHF1ZXJvIGFqdWRhciBhIGZhemVyIGRlY29yYcOnw7VlcyBwYXJhIG9zIFlhaXMgZGUgdG9kb3MuClByZWNpc28gZGUgbWFpcyBtYXRlcmlhaXMgcGFyYSBmYXrDqi1sYXMu,,W0FydGVzYW5vIGxhcGhpbmVdCkFzw60gcXVlIHF1aWVybyBheXVkYXIgaGFjaWVuZG8gY29zYXMgcGFyYSBkZWNvcmFyIHRvZG9zIGxvcyB5YWlzLgpZIHBhcmEgZXNvIG5lY2VzaXRvIG3DoXMgbWF0ZXJpYWxlcy4=
FTMp,,W0xhcGhpbmUgY3JhZnRzbWFuXQpJIGhlYXJkIHRoYXQgYSB3YXRlciBnaG9zdCBoYXMgYmVlbiBhcHBlYXJpbmcgaW4gdGhlIGNhdmUuCkNhbiB5b3UgYnJpbmcgbWUgMTUgQ3J5c3RhbGxpemVkIFRlYXJkcm9wIGFuZCAxNSBGbHVvcmVzY2VudCBMaXF1aWQgMTUu,,,,,W0FydGVzw6NvIGRlIExhcGhpbmVdLgpPdXZpIGRpemVyIHF1ZSB1bSBmYW50YXNtYSBkYSDDoWd1YSBlc3TDoSBhcGFyZWNlbmRvIG5hIGNhdmVybmEuClZvY8OqIHBvZGUgbWUgdHJhemVyIDE1IENyeXN0YWxsaXplZCBUZWFyZHJvcCBlIDE1IEZsdW9yZXNjZW50IExpcXVpZCAxNT8=,,W0FydGVzYW5vIGxhcGhpbmVdCkVzY3VjaMOpIHF1ZSBlc3R1dm8gYXBhcmVjaWVuZG8gdW4gRmFudGFzbWEgZGUgYWd1YSBlbiBsYSBjdWV2YS4Kwr9QdWVkZXMgdHJhZXJtZSAxNSBMw6FncmltYXMgY3Jpc3RhbGl6YWRhcyB5IDE1IEzDrXF1aWRvcyBmbHVvcmVzY2VudGVzPw==
FjMp,,WWVzLg==,,,,,U2ltLg==,,U8OtLg==
FzMp,,U29ycnku,,,,,RGVzY3VscGUu,,TG8gc2llbnRvLg==
GDMp,,W0xhcGhpbmUgY3JhZnRzbWFuXQpQbGVhc2UgdGFrZSBteSBmYXZvci4KQ2FuIHlvdSBicmluZyBtZSAxNSBDcnlzdGFsbGl6ZWQgVGVhcmRyb3AgYW5kIDE1IEZsdW9yZXNjZW50IExpcXVpZCAxNT8=,,,,,W0FydGVzw6NvIExhcGhpbmVdLgpBY2VpdGUgbWV1IHBlZGlkbywgcG9yIGZhdm9yLgpWb2PDqiBwb2RlIG1lIHRyYXplciAxNSBDcnlzdGFsbGl6ZWQgVGVhcmRyb3AgZSAxNSBGbHVvcmVzY2VudCBMaXF1aWQgMTU/,,W0FydGVzYW5vIGxhcGhpbmVdClBvciBmYXZvciwgYWNlcHRhIG1pIHNvbGljaXR1ZC4Kwr9QdWVkZXMgdHJhZXJtZSAxNSBMw6FncmltYXMgY3Jpc3RhbGl6YWRhcyB5IDE1IEzDrXF1aWRvcyBmbHVvcmVzY2VudGVzPw==
GTMp,,W0xhcGhpbmUgY3JhZnRzbWFuXQpZZXMsIEknbSBzdXJlIHRoYXQgeW91IGhhdmUgeW91ciBvd24gYnVzaW5lc3MgdG8gYXR0ZW5kIHRvLgpJIGZlZWwgZW1iYXJyYXNzZWQgYXNraW5nIGEgZmF2b3IgZnJvbSB5b3UgTGFwaGluZS4=,,,,,W0FydGVzw6NvIExhcGhpbmVdClNpbSwgdGVuaG8gY2VydGV6YSBkZSBxdWUgdm9jw6ogdGVtIHNldXMgcHLDs3ByaW9zIGFzc3VudG9zIGEgdHJhdGFyLgpRdWUgdmVyZ29uaGEgcGVkaXIgdW0gZmF2b3IgYSB2b2PDqi4=,,W0FydGVzYW5vIGxhcGhpbmVdClPDrSwgc2VndXJvIHRpZW5lcyBtdWNoYXMgY29zYXMgcXVlIGhhY2VyLgpNZSBkYSB2ZXJnw7xlbnphIHBlZGlydGUgdW4gZmF2b3IgYSB0aSwgbGFwaGluZS4=
GjMp,,W0xhcGhpbmUgY3JhZnRzbWFuXQpCdXQsIHdoeSBhcmUgeW91IHRyeWluZyB0byBiZSBpbnZvbHZlZCBpbiBvdXIgYnVzaW5lc3MgeWV0IHlvdSB3b24ndCB0YWtlIHVwIG91ciByZXF1ZXN0Pw==,,,,,W0FydGVzw6NvIGRlIExhcGhpbmVdLgpNYXMsIHBvciBxdWUgdm9jw6ogZXN0w6EgdGVudGFuZG8gc2UgZW52b2x2ZXIgZW0gbm9zc29zIG5lZ8OzY2lvcyBlIG7Do28gYWNlaXRhIG5vc3NvIHBlZGlkbz8=,,W0FydGVzYW5vIGxhcGhpbmVdCsK/UGVybyBwb3IgcXXDqSBpbnRlbnRhcyBtZXRlcnRlIGVuIG51ZXN0cm9zIGFzdW50b3MgeSBubyBhY2VwdGFzIG51ZXN0cmEgc29saWNpdHVkPw==
GzMp,,W0xhcGhpbmUgY3JhZnRzbWFuXQpZYWkuLi4uCkFsbCBncm93biBMYXBoaW5lIGhhdmUgb25lLgpUaGV5J3JlIGVzc2VudGlhbCBmb3IgYWxsIExhcGhpbmUgdG8gbGl2ZSBpbiBzaW5jZSB3ZSBhcmUgdmVyeSBwcml2YXRlIHBlb3BsZS4=,,,,,W0FydGVzw6NvIExhcGhpbmVdCllhaS4uLgpUb2RvcyBvcyBMYXBoaW5lIGFkdWx0b3MgdMOqbSB1bS4KU8OjbyBlc3NlbmNpYWlzIHBhcmEgdG9kb3Mgb3MgTGFwaGluZSB2aXZlcmVtLCBqw6EgcXVlIHNvbW9zIHBlc3NvYXMgbXVpdG8gcmVzZXJ2YWRhcy4=,,W0FydGVzYW5vIGxhcGhpbmVdCllhaXPigKYKVG9kb3MgbG9zIGxhcGhpbmVzIGFkdWx0b3MgdGllbmVuIHVuby4KU29uIGVzZW5jaWFsZXMgcGFyYSBsb3MgbGFwaGluZXMsIHlhIHF1ZSBzb21vcyBwZXJzb25hcyBtdXkgcmVzZXJ2YWRhcy4=
HDMp,,SXQncyBhIGhvdXNlLi4uPw==,,,,,w4kgdW1hIGNhc2EuLi4/,,wr9FcyB1bmEgY2FzYeKApj8=
HTMp,,W0xhcGhpbmUgY3JhZnRzbWFuXQpZZXMuLi4KVGhhdCdzIGl0LiBXZSBzb21ldGltZXMgaW52aXRlIG91ciBmcmllbmRzIG9yIGd1ZXN0cyB0byBvdXIgWWFpLgpBbmQgZGVjb3JhdGlvbnMgZm9yIFlhaSBhcmUgcXVpdGUgaW1wb3J0YW50IHRvIHVzLi4u,,,,,W0FydGVzw6NvIGRlIExhcGhpbmVdLgpTaW0uLi4Kw4kgaXNzbyBhw60uIMOAcyB2ZXplcywgY29udmlkYW1vcyBub3Nzb3MgYW1pZ29zIG91IGjDs3NwZWRlcyBwYXJhIG8gbm9zc28gWWFpLgpFIGFzIGRlY29yYcOnw7VlcyBwYXJhIG8gWWFpIHPDo28gbXVpdG8gaW1wb3J0YW50ZXMgcGFyYSBuw7NzLi4u,,W0FydGVzYW5vIGxhcGhpbmVdClPDreKApgpFc28gZXMuIEEgdmVjZXMgaW52aXRhbW9zIGFtaWdvcyBvIGh1w6lzcGVkZXMgYWwgeWFpLgpZIHBhcmEgbm9zb3Ryb3MgZXMgbXV5IGltcG9ydGFudGUgcXVlIGVsIHlhaSBlc3TDqSBkZWNvcmFkb+KApg==
HjMp,,W0xhcGhpbmUgY3JhZnRzbWFuXQpXZSBMYXBoaW5lIGNhcmUgYWJvdXQgb3Vyc2VsdmVzIGFuZCBvdXIgWWFpIGFzIHdlbGwu,,,,,W0FydGVzw6NvIGRhIExhcGhpbmVdCk7Ds3MsIExhcGhpbmUsIG5vcyBwcmVvY3VwYW1vcyBjb25vc2NvIGUgY29tIG5vc3NvIFlhaSB0YW1iw6ltLg==,,W0FydGVzYW5vIGxhcGhpbmVdCkxvcyBsYXBoaW5lcyBub3MgY3VpZGFtb3MgeSBjdWlkYW1vcyBhIG51ZXN0cm9zIHlhaXMu
HzMp,,W0xhcGhpbmUgY3JhZnRzbWFuXQpXZSBhcmUgZmFyIGF3YXkgZnJvbSBvdXIgaG9tZXRvd24gbm93Li4uCklmIHdlIGRvbid0IGhhdmUgdGhpcyBraW5kIG9mIGhvYmJ5LCB0aGVyZSdzIG5vdGhpbmcgdG8gZW5qb3kgaGVyZS4=,,,,,W0xhcGhpbmUgY3JhZnRzbWFuXQpFc3RhbW9zIGxvbmdlIGRlIG5vc3NhIGNpZGFkZSBuYXRhbCBhZ29yYS4uLgpTZSBuw6NvIHRpdmVybW9zIGVzc2UgdGlwbyBkZSBob2JieSwgbsOjbyBoYXZlcsOhIG5hZGEgcGFyYSBhcHJvdmVpdGFyIGFxdWku,,W0FydGVzYW5vIGxhcGhpbmVdCkFob3JhIGVzdGFtb3MgbXV5IGxlam9zIGRlIG51ZXN0cm8gcHVlYmxvIG5hdGFs4oCmClNpbiBlc3RlIHRpcG8gZGUgcGFzYXRpZW1wb3MsIG5vIGhheSBuYWRhIHBhcmEgZGl2ZXJ0aXJzZS4=
IDMp,,W0xhcGhpbmUgY3JhZnRzbWFuXQpJZiBpdCdzIG5vdCB0aGF0IGltcG9ydGFudCB0byB5b3UsIGNhbiB5b3UgbGV0IG1lIGRvIGl0IGZpcnN0PwpTaW5jZSBJIHNob3VsZCBmaW5pc2ggdXAgYWxsIG9mIHRoaXMgZGVjb3JhdGlvbiBzdHVmZiB0b2RheS4KSSBhbSBxdWl0ZSBidXN5Lg==,,,,,W0xhcGhpbmUgY3JhZnRzbWFuXQpTZSBuw6NvIGZvciB0w6NvIGltcG9ydGFudGUgcGFyYSB2b2PDqiwgcG9kZSBtZSBkZWl4YXIgZmF6ZXIgaXNzbyBwcmltZWlybz8KSsOhIHF1ZSBwcmVjaXNvIHRlcm1pbmFyIHRvZGFzIGVzc2FzIGNvaXNhcyBkZSBkZWNvcmHDp8OjbyBob2plLgpFc3RvdSBiYXN0YW50ZSBvY3VwYWRvLg==,,W0FydGVzYW5vIGxhcGhpbmVdClNpIG5vIHRlIG1vbGVzdGEgbXVjaG8sIMK/cG9kcsOtYXMgZGVqYXJtZSBoYWNlcmxvIHByaW1lcm8/CllhIHF1ZSBob3kgZGVibyB0ZXJtaW5hciBjb24gdG9kYXMgZXN0YXMgZGVjb3JhY2lvbmVzLgpUZW5nbyBtdWNobyBxdWUgaGFjZXIu
ITMp,,W0xhcGhpbmUgY3JhZnRzbWFuXQpZdXIsRHVyIEFub1ZhPwpXaGE/IERpZWIgT3NhRHVyIC4uIAphaC4uUnVmZlRodXMgTmVBc2guIG1hbiBuZXNBc2ggT2Rlc0FsYWggPw==,,,,,W0FydGVzw6NvIGRlIExhcGhpbmVdLgpZdXIsIER1ciBBbm9WYT8KV2hhPyBEaWViIE9zYUR1ciAuLi4gCmFoLi4uUnVmZlRodXMgTmVBc2guIG1hbiBuZXNBc2ggT2Rlc0FsYWggPw==,,W0FydGVzYW5vIGxhcGhpbmVdCsK/WXVyLER1ciBBbm9WYT8Kwr9RdeKApj8gRGllYiBPc2FEdXIgLi4gCsK/YWguLlJ1ZmZUaHVzIE5lQXNoLiBtYW4gbmVzQXNoIE9kZXNBbGFoPw==
IjMp,,UGV0IEJyZWVkZXI=,,,,,Q3JpYWRvciBkZSBhbmltYWlzIGRlIGVzdGltYcOnw6Nv,,Q3JpYWRvciBkZSBtYXNjb3Rhcw==
IzMp,,LSBZb3UgY2FuJ3Qgc3RhcnQgcXVlc3Qgc2luY2UgeW91IGFyZSBvdmVyd2VpZ2h0IC0=,,,,,LSBWb2PDqiBuw6NvIHBvZGUgY29tZcOnYXIgYSBidXNjYSwgcG9pcyBlc3TDoSBjYXJyZWdhbmRvIGNvaXNhcyBkZW1haXMgLQ==,,KE5vIHB1ZWRlcyBjb21lbnphciBsYSBtaXNpw7NuIHBvcnF1ZSB0ZSBzb2JyZWNhcmdhc3RlKS4=
JDMp,,W1BpbmVkZWxdCldoeSBpdCdzIHdvcmtpbmcsIFRhYmI/ClRoYXQgc2hvdWxkIGJlIHdvcmtpbmcu,,,,,W1BpbmVkZWxdClBvciBxdWUgbsOjbyBlc3TDoSBmdW5jaW9uYW5kbywgVGFiYj8KRGV2ZXJpYSBlc3RhciBmdW5jaW9uYW5kby4=,,W1BpbmVkZWxdCsK/UG9yIHF1w6kgbm8gZnVuY2lvbmEsIFRhYmI/CkRlYmVyw61hIGZ1bmNpb25hci4=
JTMp,,W1RhYmJdClRoYXQncyB2ZXJ5IGRhbmdlcm91cy4gRG8geW91IHdhbnQgdG8gZGllLi4/IQ==,,,,,W1RhYmJdCsOJIG11aXRvIHBlcmlnb3NvLiBWb2PDqiBxdWVyIG1vcnJlcj8h,,W1RhYmJdCkVzIG11eSBwZWxpZ3Jvc28uIMKhwr9RdWllcmVzIG1vcmlydGXigKY/IQ==
JjMp,,W1BpbmVkZWxdCkFyZSB5b3UgaWdub3JpbmcgY3V0ZSBwZXRzPz8KV2UndmUgYmVlbiBhYmxlIHRvIGdldCBQaWNreXMgYW5kIGV2ZW4gWmVhbG90dXMh,,,,,W1BpbmVkZWxdClZvY8OqIGVzdMOhIGlnbm9yYW5kbyBvcyBiaWNoaW5ob3MgZm9mb3MgZGUgZXN0aW1hw6fDo28/IQpDb25zZWd1aW1vcyBwZWdhciBQaWNreXMgZSBhdMOpIFplYWxvdHVzIQ==,,W1BpbmVkZWxdCsK/SWdub3JhcyBhIGxhcyBhZG9yYWJsZXMgbWFzY290YXM/CsKhTG9ncmFtb3Mgb2J0ZW5lciBhIGFsZ3Vub3MgUGlja3khIMKhWSBoYXN0YSBhIGFsZ3Vub3MgWmVhbG90dXMh
JzMp,,W1RhYmJdCk5vIHdheSwgZXZlbiBpZiB5b3UgYXNrIG1lLi4uCkhpbGxzbGlvbiBpcyB2ZXJ5IGFkb3JhYmxlLi4uCkJ1dCB5b3UgY2FuJ3Qu,,,,,W1RhYmJdCkRlIGplaXRvIG5lbmh1bSwgbWVzbW8gc2Ugdm9jw6ogbWUgcGVyZ3VudGFyLi4uCkEgSGlsbHNsaW9uIMOpIG11aXRvIGFkb3LDoXZlbC4uLgpNYXMgdm9jw6ogbsOjbyBwb2RlLg==,,W1RhYmJdCk5pIGxvIHN1ZcOxZXMsIG5pIGF1bnF1ZSBtZSBsbyBwaWRhcyBwb3IgZmF2b3LigKYKRWwgTGXDs24gZGUgbW9udGHDsWEgZXMgbXV5IGxpbmRv4oCmClBlcm8gbm8gcHVlZGVzLg==
KDMp,,W1BpbmVkZWxdClRoZW4gbGV0IG1lIGtub3cgd2h5IHlvdSBvYmplY3QgdG8gdGhpcy4=,,,,,W1BpbmVkZWxdCkVudMOjbyBtZSBkaWdhIHBvciBxdWUgdm9jw6ogc2Ugb3DDtWUgYSBpc3NvLg==,,W1BpbmVkZWxdCkVudG9uY2VzIGRpbWUgcG9yIHF1w6kgdGUgb3BvbmVzLg==
KTMp,,W1RhYmJdCkl0J3MgdG9vIGRhbmdlcm91cy4gSSd2ZSB0cmFpbmVkIG1vbnN0ZXJzIGJlZm9yZS4KSGlsbHNsaW9ucyBsb29rIGN1dGUgYW5kIGFkb3JhYmxlLCBidXQgaXQncyBub3QgdmVyeSByZWFsaXN0aWMu,,,,,W1RhYmJdCsOJIG11aXRvIHBlcmlnb3NvLiBFdSBqw6EgdHJlaW5laSBtb25zdHJvcyBhbnRlcy4KT3MgSGlsbHNsaW9ucyBwYXJlY2VtIGZvZm9zIGUgYWRvcsOhdmVpcywgbWFzIG7Do28gw6kgbXVpdG8gcmVhbGlzdGFzLg==,,RXMgZGVtYXNpYWRvIHBlbGlncm9zby4gWW8gc29sw61hIGVudHJlbmFyIG1vbnN0cnVvcy4KTG9zIExlb25lcyBkZSBtb250YcOxYSBwYXJlY2VuIHRpZXJub3MgeSBhZG9yYWJsZXMsIHBlcm8gaGFjZXIgZXN0byBlcyBtdXkgcG9jbyByZWFsaXN0YS4=
KjMp,,W1RhYmJdCkNhbid0IHlvdSBzZWUgdGhhdD8KSSd2ZSB0cmllZCB0byB0cmFpbiB0aGVtLi4uIGJ1dCBJIGNvdWxkbid0LgpIb3cgY2FuIHdlIGNhbiB0cmFpbiB0aGVtIGFzIGEgY3V0ZSBwZXQuLi4/,,,,,W1RhYmJdCk7Do28gY29uc2VndWUgdmVyPwpFdSB0ZW50ZWkgdHJlaW7DoS1sb3MuLi4gbWFzIG7Do28gY29uc2VndWkuCkNvbW8gcG9kZW1vcyB0cmVpbsOhLWxvcyBjb21vIHVtIGFuaW1hbCBkZSBlc3RpbWHDp8OjbyBmb2ZvLi4uPw==,,W1RhYmJdCsK/Tm8gdGUgZGFzIGN1ZW50YT8KWW8gbWlzbW8gaW50ZW50w6kgZW50cmVuYXJsb3PigKYgWSBubyBwdWRlLgrCv0PDs21vIGNyZWVzIHF1ZSBwb2Ryw61hbW9zIGVudHJlbmFybG9zIHBhcmEgcXVlIHNlYW4gbWFzY290YXMgYWRvcmFibGVzPw==
KzMp,,W1RhYmJdCkl0IHdvdWxkIGRlZmluaXRlbHkgdHJ5IHRvIGVzY2FwZSBmcm9tIHVzLi4uClRoZW4gaGUgd291bGQgYmVjb21lIHZlcnkgYXdmdWwuLgpJIGRvbid0IGFncmVlIHdpdGggdGhpcy4=,,,,,W1RhYmJdCkVsZSBkZWZpbml0aXZhbWVudGUgdGVudGFyaWEgZXNjYXBhciBkYSBnZW50ZS4uLgpFIGHDrSBmaWNhcmlhIG11aXRvIHRlcnLDrXZlbC4uLgpOw6NvIGNvbmNvcmRvIGNvbSBpc3NvLg==,,W1RhYmJdClNpbiBkdWRhcyBpbnRlbnRhcsOtYSBlc2NhcGFy4oCmCkVudG9uY2VzIGxhcyBjb3NhcyBzZSBwb25kcsOtYW4gbXV5IGZlYXPigKYKTm8gZXN0b3kgZGUgYWN1ZXJkby4=
LDMp,,W1BpbmVkZWxdCk5haC4uLi4KQ2FuJ3Qgd2UgY29udHJvbCB0aGVtIHdpdGggbWFnaWNhbCBwb3dlcj8KV2UndmUgZG9uZSBpdCBiZWZvcmUuLi4uLi4=,,,,,W1BpbmVkZWxdCk5haC4uLgpOw6NvIHBvZGVtb3MgY29udHJvbMOhLWxvcyBjb20gcG9kZXIgbcOhZ2ljbz8KSsOhIGZpemVtb3MgaXNzbyBhbnRlcy4uLg==,,W1BpbmVkZWxdCkJhaOKApgrCv05vIHBvZGVtb3MgY29udHJvbGFybG9zIGNvbiBlbCBwb2RlciBtw6FnaWNvPwpZYSBsbyBoaWNpbW9zIGFudGVz4oCm
LTMp,,LSBUaGV5IGp1c3QgY29udGludWUgdG8gYXJndWUgLQ==,,,,,LSBFbGVzIHNpbXBsZXNtZW50ZSBjb250aW51YW0gZGlzY3V0aW5kbyAt,,KFNvbG8gc2lndWVuIGRpc2N1dGllbmRvKS4=
LjMp,,W1BpbmVkZWxdCkFoLCBUYWJiIGlzbid0IGZsZXhpYmxlIGF0IGFsbC4KSGV5IHRoZXJlISBXaGF0J3MgdXA/Pw==,,,,,W1BpbmVkZWxdCkFoLCBvIFRhYmIgbsOjbyDDqSBuYWRhIGZsZXjDrXZlbC4KT2zDoSEgRSBhw60/,,W1BpbmVkZWxdCkFoLCBUYWJiIG5vIGVzIHBhcmEgbmFkYSBmbGV4aWJsZS4KwqFIb2xhISDCv1F1w6kgcGFzYT8=
LzMp,,Tm90aWNlIGZvciBjcmltaW5hbCByZXBvcnQ=,,,,,Tm90aWZpY2HDp8OjbyBwYXJhIGRlbsO6bmNpYSBjcmltaW5hbA==,,QXZpc28gZGUgYsO6c3F1ZWRhIGRlIGRlbGluY3VlbnRlLg==
MDMp,,Q3V0ZSBwZXQgaW52ZXN0aWdhdGlvbi4=,,,,,SW52ZXN0aWdhw6fDo28gZGUgYW5pbWFpcyBkZSBlc3RpbWHDp8OjbyBmb2Zvcy4=,,SW52ZXN0aWdhY2nDs24gc29icmUgbWFzY290YXMgYWRvcmFibGVzLg==
MTMp,,W1BpbmVkZWxdCkhhdmUgeW91IGh1bnRlZCB0aGUgUnVuYXdheSBEYW5kZWxpb24/Ck9rLCBJIGFjY2VwdCB5b3UuCkhlcmUncyBzb21ldGhpbmcgUmluIHdhcyBzdG9yaW5nIGhlcmUu,,,,,W1BpbmVkZWxdClZvY8OqIGrDoSBjYcOnb3UgbyBEYW5kZWxpb24gRnVnaXRpdm8/CkNlcnRvLCBhY2VpdG8gdm9jw6ouCkFxdWkgZXN0w6EgdW1hIGNvaXNhIHF1ZSBhIFJpbiBlc3RhdmEgZ3VhcmRhbmRvIGFxdWku,,W1BpbmVkZWxdCsK/Q2F6YXN0ZSBhbCBtaWVtYnJvIGRlIERpZW50ZSBkZSBMZcOzbiBmdWdpdGl2bz8KRXN0w6EgYmllbi4KVG9tYSBlc3RvIHF1ZSBSaW4gZXN0YWJhIGd1YXJkYW5kbyBhcXXDrS4=
MjMp,,W1BpbmVkZWxdClRoaXMgaXMgUmluJ3MgY2hlcmlzaGVkIHRyZWFzdXJlIGJveC4uLgpUaGlzIGlzIGVub3VnaCBwYXltZW50LCByaWdodD8=,,,,,W1BpbmVkZWxdCkVzdGEgw6kgYSBjYWl4YSBkbyB0ZXNvdXJvIGRhIFJpbi4uLgrDiSBwYWdhbWVudG8gc3VmaWNpZW50ZSwgY2VydG8/,,W1BpbmVkZWxdCkVzIGxhIHByZWNpYWRhIENhamEgZGVsIHRlc29ybyBkZSBSaW7igKYKRXMgc3VmaWNpZW50ZSBjb21vIHBhZ28sIMK/bm8/
MzMp,,W1BpbmVkZWxdCkkga25vdyB5b3UgaGF2ZW4ndCB0ZXJtaW5hdGVkIHRoZSBSdW5hd2F5IERhbmRlbGlvbiB5ZXQuLi4KRG9uJ3QgdGFrZSBtZSBmb3IgYSBmb29sLg==,,,,,W1BpbmVkZWxdClNlaSBxdWUgdm9jw6ogYWluZGEgbsOjbyBleHRlcm1pbm91IG8gRGFuZGVsaW9uIEZ1Z2l0aXZvLi4uCk7Do28gYWNoZSBxdWUgc291IGlkaW90YS4=,,W1BpbmVkZWxdClPDqSBxdWUgYcO6biBubyBhY2FiYXN0ZSBjb24gZWwgbWllbWJybyBkZSBEaWVudGUgZGUgTGXDs24gZnVnaXRpdm/igKYKTm8gbWUgdG9tZXMgcG9yIHRvbnRhLg==
NDMp,,W1BpbmVkZWxdCkkgd2lsbCBmb3J3YXJkIGV2ZXJ5dGhpbmcgdG8gUmluLgpTaGUnbGwgbG92ZSBpdC4KSnVzdCB0ZWxsIGhlciB5b3VyIG5hbWUge30gLg==,,,,,W1BpbmVkZWxdClZvdSBlbmNhbWluaGFyIHR1ZG8gcGFyYSBhIFJpbi4KRWxhIHZhaSBhZG9yYXIuCkJhc3RhIGRpemVyIGEgZWxhIHNldSBub21lLCB7fSAu,,W1BpbmVkZWxdCkxlIGNvbXVuaWNhcsOpIHRvZG8gYSBSaW4uCkxlIHZhIGEgZW5jYW50YXIuClNvbG8gZGlsZSB0dSBub21icmUsIHt9Lg==
NTMp,,W1BpbmVkZWxdCkkgY2FuIHJlbWVtYmVyIHRoYXQgSSd2ZSBoZWFyZCBhYm91dCB5b3UgZnJvbSBSaW4uCkJ1dCBSaW4gbGlrZXMgeW91LCBzbyB0aGF0IG11c3QgbWVhbiB0aGF0IHlvdSdyZSBuaWNlLg==,,,,,W1BpbmVkZWxdCkV1IG1lIGxlbWJybyBxdWUgb3V2aSBmYWxhciBkZSB2b2PDqiBwZWxhIFJpbi4KTWFzIGEgUmluIGdvc3RhIGRlIHZvY8OqLCBlbnTDo28gaXNzbyBkZXZlIHNpZ25pZmljYXIgcXVlIHZvY8OqIMOpIGxlZ2FsLg==,,W1BpbmVkZWxdClJlY3VlcmRvIGhhYmVyIG/DrWRvIGEgUmluIGhhYmxhciBkZSB0aS4KUGVybyBsZSBjYWVzIGJpZW4gYSBSaW4sIHkgZXNvIHNpZ25pZmljYSBxdWUgZXJlcyBhZ3JhZGFibGUu
NjMp,,W1BpbmVkZWxdClNlYWNoaW5nIGZvciBhIGNyaW1pbmFsPwpJJ20gbm90IHN1cmUgdGhhdCB5b3UncmUgaW52b2x2ZWQgaW4gaXQu,,,,,W1BpbmVkZWxdClByb2N1cmFuZG8gcG9yIHVtIGNyaW1pbm9zbz8KTsOjbyBzZWkgYmVtIHNlIHZvY8OqIHNlIGVudm9sdmV1IG5pc3NvLg==,,W1BpbmVkZWxdCsK/QnVzY2FzIHVuIGRlbGluY3VlbnRlPwpObyBjcmVvIHF1ZSB0ZSBoYXlhcyBpbnZvbHVjcmFkby4=
NzMp,,W1BpbmVkZWxdCk9oISBOaWNlIQpJIGNhbiBnbyB0aHJvdWdoIHRoaXMgc3R1ZHkgZGVlcGVyIHdpdGggeW91ciBhc3Npc3RhbmNlLg==,,,,,W1BpbmVkZWxdCkxlZ2FsIQpQb3NzbyBhcHJvZnVuZGFyIGVzc2UgZXN0dWRvIGNvbSBzdWEgYWp1ZGEu,,W1BpbmVkZWxdCsKhT2ghIMKhUXXDqSBidWVubyEKU2kgbWUgYXl1ZGFzLCBwdWVkbyBhdmFuemFyIGVuIGVzdGEgaW52ZXN0aWdhY2nDs24u
ODMp,,W1BpbmVkZWxdCkkgd2lsbCB0cnkgdG8gbWFrZSB0aGVzZSBEcmFnb24gZWdncyBpbnRvIGN1dGUgcGV0cy4KRG9uJ3QgZXhwZWN0IG11Y2ghCkNvbWUgYmFjayBhZnRlciBhIGRheSB0byBjaGVjayBvbiB0aGUgcHJvZ3Jlc3Mu,,,,,W1BpbmVkZWxdClZvdSB0ZW50YXIgdHJhbnNmb3JtYXIgdHJhbnNmb3JtYXIgZXNzZXMgb3ZvcyBkZSBkcmFnw6NvIGVtIGFuaW1haXMgZGUgZXN0aW1hw6fDo28uCk7Do28gZXNwZXJlIG11aXRvIQpWb2x0ZSBhbWFuaMOjIHBhcmEgY2hlY2FyIG8gcHJvZ3Jlc3NvLg==,,W1BpbmVkZWxdCkludGVudGFyw6kgY29udmVydGlyIGVzdG9zIEh1ZXZvcyBkZSBkcmFnw7NuIGVuIG1hc2NvdGFzIGFkb3JhYmxlcy4KwqFObyB0ZSBpbHVzaW9uZXMgbXVjaG8hClZ1ZWx2ZSBkZW50cm8gZGUgdW4gZMOtYSBwYXJhIHJldmlzYXIgZWwgcHJvZ3Jlc28u
OTMp,,W1BpbmVkZWxdCkRyYWNvIHdhcyBiZWluZyBrZXB0IGluIHRoZSBuZXN0IGp1c3QgYmVmb3JlIGhhdGNoaW5nLiBQbGVhc2UgY29sbGVjdCAxMCBEcmFnb24gZWdncyBmb3IgbWUuCllvdSBrbm93LCB0aG9zZSBhcmUgaGFyZCB0byBoYXRjaCBpbiBjYXB0aXZpdHku,,,,,W1BpbmVkZWxdCk8gRHJhY28gZXN0YXZhIHNlbmRvIG1hbnRpZG8gbm8gbmluaG8gcG91Y28gYW50ZXMgZGEgZWNsb3PDo28uIFBvciBmYXZvciwgY29sZXRlIDEwIG92b3MgZGUgZHJhZ8OjbyBwYXJhIG1pbS4KU2FiZSwgZWxlcyBzw6NvIGRpZsOtY2VpcyBkZSBjaG9jYXIgZW0gY2F0aXZlaXJvLg==,,W1BpbmVkZWxdCkVsIERyYWfDs24gZXN0YWJhIGVuIGVsIG5pZG8ganVzdG8gYW50ZXMgZGUgZWNsb3Npb25hci4gUmVjb2xlY3RhIDEwIEh1ZXZvcyBkZSBkcmFnw7NuLgpFcyBkaWbDrWNpbCBoYWNlcmxvcyBlY2xvc2lvbmFyIGVuIGNhdXRpdmVyaW8u
OjMp,,W1BpbmVkZWxdClRob3NlIGVnZ3MgYXJlIGFib3V0IHRvIGhhdGNoIG5vdy4KSSB3aWxsIGhhdmUgdG8gaW52ZXN0aWdhdGUgdGhlc2UgYmFjayBob21lLgpJIGhvcGUgdGhleSBjYW4gYmVjb21lIG5pY2UgY3V0ZSBwZXRzIHNvb24u,,,,,W1BpbmVkZWxdCkVzc2VzIG92b3MgZXN0w6NvIHByZXN0ZXMgYSBlY2xvZGlyIGFnb3JhLgpUZXJlaSBxdWUgaW52ZXN0aWfDoS1sb3MgZW0gY2FzYS4KRXNwZXJvIHF1ZSBlbGVzIHBvc3NhbSBzZSB0b3JuYXIgYW5pbWFpcyBkZSBlc3RpbWHDp8OjbyBib25pdGluaG9zIGVtIGJyZXZlLg==,,W1BpbmVkZWxdCkVzb3MgaHVldm9zIHlhIGVzdMOhbiBwb3IgZWNsb3Npb25hci4KVGVuZHLDqSBxdWUgaW52ZXN0aWdhcmxvcyBlbiBjYXNhLgpFc3Blcm8gcXVlIHByb250byBzZSBjb252aWVydGFuIGVuIG1hc2NvdGFzIGFkb3JhYmxlcy4=
OzMp,,W1BpbmVkZWxdClRob3NlIGVnZ3MgYXJlIGFib3V0IHRvIGhhdGNoIG5vdy4KSSB3aWxsIGludmVzdGlnYXRlIHRob3NlIGJhY2sgaG9tZS4KRm9yIG5vdyBJIHN0aWxsIG5lZWQgbW9yZSB0aW1lLg==,,,,,W1BpbmVkZWxdCkVzc2VzIG92b3MgZXN0w6NvIHByZXN0ZXMgYSBlY2xvZGlyIGFnb3JhLgpWb3UgaW52ZXN0aWfDoS1sb3MgZW0gY2FzYS4KUG9yIGVucXVhbnRvLCBhaW5kYSBwcmVjaXNvIGRlIG1haXMgdGVtcG8u,,W1BpbmVkZWxdCkVzb3MgaHVldm9zIHlhIGVzdMOhbiBwb3IgZWNsb3Npb25hci4KTG9zIGludmVzdGlnYXLDqSBlbiBjYXNhLgpQb3IgYWhvcmEsIG5lY2VzaXRvIG3DoXMgdGllbXBvLg==
PDMp,,W1BpbmVkZWxdCkNhbiB5b3UgY29tZSBiYWNrIGhlcmUgdG9tb3Jyb3c/,,,,,W1BpbmVkZWxdClZvY8OqIHBvZGUgdm9sdGFyIGFxdWkgYW1hbmjDoz8=,,W1BpbmVkZWxdCsK/UHVlZGVzIHZvbHZlciBtYcOxYW5hPw==
PTMp,,W1BpbmVkZWxdClRob3NlIGVnZ2UgYXJlIGFib3V0IHRvIGhhdGNoLgpJIHdpbGwgaGF2ZSB0byBpbnZlc3RpZ2F0ZSB0aGVzZSBiYWNrIGhvbWUuCkkgaG9wZSB0aGV5IGNhbiBiZWNvbWUgbmljZSBjdXRlIHBldHMgc29vbi4=,,,,,W1BpbmVkZWxdCkVzc2VzIG92b3MgZXN0w6NvIHByZXN0ZXMgYSBlY2xvZGlyLgpUZXJlaSBxdWUgaW52ZXN0aWfDoS1sb3MgZW0gY2FzYS4KRXNwZXJvIHF1ZSBlbGVzIHBvc3NhbSBzZSB0b3JuYXIgYW5pbWFpcyBkZSBlc3RpbWHDp8OjbyBib25pdGluaG9zIGVtIGJyZXZlLg==,,W1BpbmVkZWxdCkVzb3MgaHVldm9zIGVzdMOhbiBwb3IgZWNsb3Npb25hci4KVGVuZHLDqSBxdWUgaW52ZXN0aWdhcmxvcyBlbiBjYXNhLgpFc3Blcm8gcXVlIHByb250byBzZSBjb252aWVydGFuIGVuIG1hc2NvdGFzIGFkb3JhYmxlcy4=
PjMp,,W1BpbmVkZWxdCkRvIHlvdSB3YW50IHRvIGhlbHAgbWUgZ2F0aGVyIG1vcmUgRHJhZ29uIGVnZ3MgdG9kYXk/Ckkgd2FudCB0byB0cnkgbWFueSB0aGluZ3Mgd2l0aCB0aG9zZSBlZ2dzLg==,,,,,W1BpbmVkZWxdClZvY8OqIHF1ZXIgbWUgYWp1ZGFyIGEgY29sZXRhciBtYWlzIG92b3MgZGUgZHJhZ8OjbyBob2plPwpRdWVybyB0ZXN0YXIgbXVpdGFzIGNvaXNhcyBjb20gZXNzZXMgb3Zvcy4=,,W1BpbmVkZWxdCsK/UXVpZXJlcyBheXVkYXJtZSBhIHJldW5pciBtw6FzIEh1ZXZvcyBkZSBkcmFnw7NuPwpRdWllcm8gcHJvYmFyIG11Y2hhcyBjb3NhcyBjb24gbG9zIGh1ZXZvcy4=
PzMp,,U3VyZS4=,,,,,Q29tIGNlcnRlemEu,,Q2xhcm8u
QDMp,,U29ycnksIEkgY2FuJ3Qu,,,,,RGVzY3VscGUsIG1hcyBuw6NvIHBvc3NvLg==,,TG8gc2llbnRvLCBubyBwdWVkby4=
QTMp,,W1BpbmVkZWxdClRoZW4gSSBhc2sgeW91IHRvIGJyaW5nIDEwIGVnZ3MgdG8gbWUu,,,,,W1BpbmVkZWxdCkVudMOjbyBwZcOnbyBxdWUgdm9jw6ogdHJhZ2EgMTAgb3ZvcyBwYXJhIG1pbS4=,,W1BpbmVkZWxdCkVudG9uY2VzIHRlIHBpZG8gcXVlIG1lIHRyYWlnYXMgMTAgSHVldm9zLg==
QjMp,,W1BpbmVkZWxdCk9rLiBZb3UgaGF2ZSB5b3VyIG93biBidXNpbmVzcyBoZXJlLgpHbyBhaGVhZC4=,,,,,W1BpbmVkZWxdLgpUw6EuIFZvY8OqIHRlbSBtYWlzIG8gcXVlIGZhemVyIGFxdWkuClBvZGUgaXIu,,W1BpbmVkZWxdCkVzdMOhIGJpZW4uIFRpZW5lcyB0dXMgcHJvcGlhcyBjb3NhcyBxdWUgaGFjZXIgYXF1w60uCkFkZWxhbnRlLg==
QzMp,,W1BpbmVkZWxdCkkgYW0gaW52ZXN0aWdhdGluZyBjdXRlIHBldHMuCkFzaC12YWN1dW0gaGFzIHNldmVyYWwgbW9uc3RlcnMgdGhhdCBJIHRoaW5rIGNvdWxkIGJlY29tZSBjdXRlIHBldHMu,,,,,W1BpbmVkZWxdCkVzdG91IGludmVzdGlnYW5kbyBhbmltYWlzIGRlIGVzdGltYcOnw6NvIGZvZm9zLgpPIEFzaC12YWN1dW0gdGVtIHbDoXJpb3MgbW9uc3Ryb3MgcXVlIGV1IGFjaG8gcXVlIHBvZGVyaWFtIHNlIHRvcm5hciBhbmltYWlzIGRlIGVzdGltYcOnw6NvIGZvZm9zLg==,,W1BpbmVkZWxdCkVzdG95IGludmVzdGlnYW5kbyBhIGxhcyBtYXNjb3RhcyBhZG9yYWJsZXMuCkhheSB2YXJpb3MgbW9uc3RydW9zIGVuIEFzaCBWYWN1dW0gcXVlIGNyZW8gcXVlIHBvZHLDrWFuIGNvbnZlcnRpcnNlIGVuIG1hc2NvdGFzIGFkb3JhYmxlcy4=
RDMp,,W1BpbmVkZWxdClRoZSBvYmplY3RpdmUgaXMgb25lIERyYWdvbiBlZ2chCkNhbiB5b3UgYnJpbmcgbWUgYSBEcmFnb24gRWdnPw==,,,,,W1BpbmVkZWxdCk8gb2JqZXRpdm8gw6kgdW0gb3ZvIGRlIGRyYWfDo28hClZvY8OqIHBvZGUgbWUgdHJhemVyIHVtIGRlbGVzPw==,,W1BpbmVkZWxdCsKhRWwgb2JqZXRpdm8gZXMgdW4gSHVldm8gZGUgZHJhZ8OzbiEKwr9QdWVkZXMgdHJhZXJtZSB1biBIdWV2byBkZSBkcmFnw7NuPw==
RTMp,,Tm9wZS4=,,,,,TsOjby4=,,Tm8u
RjMp,,W1BpbmVkZWxdClRoZXJlIHdvdWxkIGJlIERyYWdvbiBuZXN0IGluIHRoZSBjYXZlIHlvdSBmb3VuZCBvdXQuClRoZXJlIHNob3VsZCBiZSBuaWNlIERyYWdvbiBFZ2dzLg==,,,,,W1BpbmVkZWxdCkRldmUgdGVyIHVtIG5pbmhvIGRlIGRyYWfDo28gbmEgY2F2ZXJuYSBxdWUgdm9jw6ogZGVzY29icml1LCBjb20gYm9ucyBvdm9zIG5lbGUu,,W1BpbmVkZWxdCkRlYmVyw61hIGhhYmVyIHVuIG5pZG8gZGUgRHJhZ8OzbiBlbiBsYSBjdWV2YSBxdWUgZGVzY3VicmlzdGUuCkFsbMOtIGRlYmVyw61hIGhhYmVyIGxpbmRvcyBIdWV2b3MgZGUgZHJhZ8Ozbi4=
RzMp,,W1BpbmVkZWxdClBsZWFzZSBjb2xsZWN0IDEwIERyYWNvIEVnZ3MuCkxldCdzIHdvcmsgdG9nZXRoZXIgdG8gbWFrZSB0aGVtIGFzIHBldHMu,,,,,W1BpbmVkZWxdLgpQb3IgZmF2b3IsIGNvbGV0ZSAxMCBvdm9zIGRlIERyYWNvLgpWYW1vcyB0cmFiYWxoYXIganVudG9zIHBhcmEgdHJhbnNmb3Jtw6EtbG9zIGVtIGFuaW1haXMgZGUgZXN0aW1hw6fDo28u,,W1BpbmVkZWxdClJlY29sZWN0YSAxMCBIdWV2b3MgZGUgRHJhZ8Ozbi4KVHJhYmFqZW1vcyBlbiBlcXVpcG8gcGFyYSBjb252ZXJ0aXJsb3MgZW4gbWFzY290YXMu
SDMp,,W1BpbmVkZWxdCkkga25vdyBpdCdzIG5vdCB0aGUgZWFzaWVzdCB0YXNrLgpCdXQgSSByZWZ1c2UgdG8gZ2l2ZSB1cC4KSSB3aWxsIG1ha2UgaXQgaW50byBhIGN1dGUgcGV0IHNvbWVkYXku,,,,,W1BpbmVkZWxdClNlaSBxdWUgbsOjbyDDqSBhIHRhcmVmYSBtYWlzIGbDoWNpbC4KTWFzIG1lIHJlY3VzbyBhIGRlc2lzdGlyLgpVbSBkaWEsIHZvdSB0cmFuc2Zvcm3DoS1sbyBlbSB1bSBhbmltYWwgZGUgZXN0aW1hw6fDo28u,,W1BpbmVkZWxdClPDqSBxdWUgbm8gZXMgdW5hIHRhcmVhIG11eSBmw6FjaWwuClBlcm8gbWUgbmllZ28gYSByZW5kaXJtZS4KQWxnw7puIGTDrWEgbG8gY29udmVydGlyw6kgZW4gdW5hIG1hc2NvdGEgYWRvcmFibGUu
STMp,,W1RhYmJdCldvdWxkIHlvdSBqdXN0IGdpdmUgdXAgbWFraW5nIGV4b2dhbW91cyBiZWluZ3MgaW50byBjdXRlIHBldHMuLi4=,,,,,W1RhYmJdClZvY8OqIGRlc2lzdGlyaWEgZGUgdHJhbnNmb3JtYXIgc2VyZXMgZXhvZ8OibWljb3MgZW0gYmljaGluaG9zIGZvZm9zLi4uPw==,,W1RhYmJdCsKhwr9RdWllcmVzIGRlamFyIGRlIGNvbnZlcnRpciBhIGVzb3Mgc2VyZXMgZGUgZGlmZXJlbnRlcyByYXphcyBlbiBtYXNjb3RhcyBhZG9yYWJsZXPigKY/IQ==
SjMp,,W1BpbmVkZWxdClRhYmIgZG9lc24ndCBoYXZlIGFueSBndXRzIQ==,,,,,W1BpbmVkZWxdClRhYmIgbsOjbyB0ZW0gY29yYWdlbSE=,,W1BpbmVkZWxdCsKhVGFiYiBubyB0aWVuZSBhZ2FsbGFzIQ==
SzMp,,Tm90aWNlIGZvciBjcmltaW5hbA==,,,,,Tm90aWZpY2HDp8OjbyBwYXJhIGNyaW1l,,QXZpc28gZGUgIlNlIGJ1c2NhIg==
TDMp,,W1dhbnRlZF0KXkZGRkZGRl9eMDAwMDAwCldhbnRlZDogRGFuZGVsaW9uClJlcXVlc3RlcjogUmluClJld2FyZCA6IHRyZWFzdXJlIGJveC4KXkZGRkZGRl9eMDAwMDAwCk5vdGljZSA6IFdlIHRob3VnaHQgdGhhdCBhbGwgb2YgdGhlIERhbmRlbGlvbiBnYW5nIHdlcmUgdGVybWluYXRlZC4KQnV0IHRoZXkgd2VyZW4ndC4KSSd2ZSBoZWFyZCB0aGF0IHRoZXJlIHdhcyBhIERhbmRlbGlvbidzIGJsYWNrIGNsb3RoaW5nIGZvdW5kIGluIEFzaC1WYWN1dW0uClRoZXJlIHdlcmUgc29tZSBwcm9ibGVtcy4uLgpJIG5lZWQgc29tZW9uZSB0byBmaW5kIHRoZSBEYW5kZWxpb24gYW5kIHRlcm1pbmF0ZSB0aGVtLgpJIGNhbiBwcm92aWRlIGEgdHJlYXN1cmUgYm94IHRoYXQgSSBjaGVyaXNoLgpJJ3ZlIGhlYXJkIGEgcnVtb3IgdGhhdCBoZSdzIGluIGEgY2F2ZSBzb21ld2hlcmUuLiEKXkZGRkZGRl9eMDAwMDAwClBTPiBUaGV5IGhhdmUgYSBiYWQgcmVwdXRhdGlvbi4uLgpTbyB5b3UgbWF5IG5vdCB3YW50IHRvIGdvIGFsb25lLi4uCl5GRkZGRkZfXjAwMDAwMApQU1M+IEkgY2FuJ3QgcmV3YXJkIHlvdSBkaXJlY3RseS4uLgonUGluZWRlbCB3aWxsIHJld2FyZCB5b3Ugb25jZSB0aGUgZGVlZCBpcyBkb25lLi4hCl5GRkZGRkZfXjAwMDAwMA==,,,,,W1Byb2N1cmFkb10KXkZGRkZGRl9eMDAwMDAwClByb2N1cmEtc2U6IERhbmRlbGlvbgpTb2xpY2l0YW50ZTogUmluClJlY29tcGVuc2E6IGNhaXhhIGRvIHRlc291cm8uCl5GRkZGRkZfXjAwMDAwMApBdmlzbyA6IFBlbnNhbW9zIHF1ZSB0b2RvcyBvcyBtZW1icm9zIGRhIGdhbmd1ZSBEYW5kZWxpb24gaGF2aWFtIHNpZG8gZWxpbWluYWRvcy4KTWFzIG7Do28gZm9yYW0uCk91dmkgZGl6ZXIgcXVlIGEgcm91cGEgcHJldGEgZGUgdW0gRGFuZGVsaW9uIGZvaSBlbmNvbnRyYWRhIGVtIEFzaC1WYWN1dW0uCkhvdXZlIGFsZ3VucyBwcm9ibGVtYXMuLi4KUHJlY2lzbyBkZSBhbGd1w6ltIHBhcmEgZW5jb250cmFyIG8gRGFuZGVsaW9uIGUgYWNhYmFyIGNvbSBlbGUuClBvc3NvIGZvcm5lY2VyIHVtYSBjYWl4YSBkZSB0ZXNvdXJvIHF1ZSBldSBwcmV6by4KT3V2aSB1bSBib2F0byBkZSBxdWUgZWxlIGVzdMOhIGVtIHVtYSBjYXZlcm5hIGVtIGFsZ3VtIGx1Z2FyLi4uIQpeRkZGRkZGX14wMDAwMDAKUFM+IEVsZXMgdMOqbSB1bWEgcmVwdXRhw6fDo28gcnVpbS4uLgpQb3J0YW50bywgdGFsdmV6IHZvY8OqIG7Do28gcXVlaXJhIGlyIHNvemluaG8uLi4KXkZGRkZGRl9eMDAwMDAwClBTUz4gTsOjbyBwb3NzbyByZWNvbXBlbnPDoS1sbyBkaXJldGFtZW50ZS4uLgpQaW5lZGVsIG8gcmVjb21wZW5zYXLDoSBxdWFuZG8gYSBhw6fDo28gZm9yIGNvbmNsdcOtZGEuLi4hCl5GRkZGRkZfXjAwMDAwMA==,,W1NlIGJ1c2NhXQpeRkZGRkZGX14wMDAwMDAKU2UgYnVzY2E6IERpZW50ZSBkZSBMZcOzbi4KU29saWNpdGFudGU6IFJpbi4KUHJlbWlvOiBDYWphIGRlbCB0ZXNvcm8uCl5GRkZGRkZfXjAwMDAwMApBdmlzbzogUGVuc8OhYmFtb3MgcXVlIGhhYsOtYW1vcyBhY2FiYWRvIGNvbiB0b2RhIGxhIHBhbmRpbGxhIERpZW50ZSBkZSBMZcOzbi4KUGVybyBubyBlcmEgYXPDrS4KRXNjdWNow6kgcXVlIGVuY29udHJhcm9uIGxhIHJvcGEgbmVncmEgZGUgdW4gbWllbWJybyBkZSBEaWVudGUgZGUgTGXDs24gZW4gQXNoIFZhY3V1bS4KSHVibyBhbGd1bm9zIHByb2JsZW1hc+KApgpOZWNlc2l0byBxdWUgYWxndWllbiBlbmN1ZW50cmUgYWwgbWllbWJybyBkZSBEaWVudGUgZGUgTGXDs24geSBhY2FiZSBjb24gw6lsLgpQdWVkbyBwYWdhcnRlIGNvbiB1bmEgQ2FqYSBkZWwgdGVzb3JvIHF1ZSB2YWxvcm8gbXVjaG8uCsKhRXNjdWNow6kgZWwgcnVtb3IgZGUgcXVlIGVzdMOhIGVuIGFsZ3VuYSBjdWV2YSEKXkZGRkZGRl9eMDAwMDAwClAuRC46IFRpZW5lIG1hbGEgcmVwdXRhY2nDs24uCkFzw60gcXVlIHF1aXrDoXMgbm8gcXVpZXJhcyBpciBzaW4gY29tcGHDscOtYeKApgpeRkZGRkZGX14wMDAwMDAKUC5ELiAyOiBObyBwdWVkbyBkYXJ0ZSBsYSByZWNvbXBlbnNhIGVuIHBlcnNvbmEuCsKhVW5hIHZleiBxdWUgZXN0w6kgaGVjaG8sIFBpbmVkZWwgdGUgZW50cmVnYXLDoSBlbCBwcmVtaW8hCl5GRkZGRkZfXjAwMDAwMA==
TTMp,,RG8geW91IGFjY2VwdCBSaW4ncyByZXF1ZXN0Pw==,,,,,Vm9jw6ogYWNlaXRhIGEgc29saWNpdGHDp8OjbyBkZSBSaW4/,,wr9BY2VwdGFzIGxhIHNvbGljaXR1ZCBkZSBSaW4/
TjMp,,SSBhY2NlcHQgdGhhdCByZXF1ZXN0Lg==,,,,,QWNlaXRvIGVzc2Egc29saWNpdGHDp8Ojby4=,,QWNlcHRvIGxhIHNvbGljaXR1ZC4=
TzMp,,Tm8sIEkgY2FuJ3Qu,,,,,TsOjbywgbsOjbyBwb3Nzby4=,,Tm8sIG5vIHB1ZWRvLg==
UDMp,,SSBhY2NlcHRlZCBSaW4ncyByZXF1ZXN0Lg==,,,,,QWNlaXRlaSBvIHBlZGlkbyBkZSBSaW4u,,QWNlcHTDqSBsYSBzb2xpY2l0dWQgZGUgUmluLg==
UTMp,,Tm8sIEkgd29uJ3QgZ2V0IGludm9sdmVkIGluIGl0Lg==,,,,,TsOjbywgbsOjbyB2b3UgbWUgZW52b2x2ZXIgbmlzc28u,,Tm8sIG5vIG1lIHZveSBhIGludm9sdWNyYXIu
UjMp,,SSd2ZSBhbHJlYWR5IGRlY2lkZWQgdG8gdGFrZSB0aGUgcmVxdWVzdC4=,,,,,RXUgasOhIGRlY2lkaSBhY2VpdGFyIGEgc29saWNpdGHDp8Ojby4=,,WWEgZGVjaWTDrSBhY2VwdGFyIGxhIHNvbGljaXR1ZC4=
UzMp,,VGhlcmUgbXVzdCBiZSBzb21lb25lIHdobyByZW1vdmUgdGhlIHdhbnRlZCBub3RpY2UgcGFwZXIu,,,,,RGV2ZSBoYXZlciBhbGd1w6ltIHBhcmEgcmVtb3ZlciBvIHDDtHN0ZXIgZGUgcHJvY3VyYWRvLg==,,U2VndXJvIGFsZ3VpZW4gcXVpdGFyw6EgZWwgY2FydGVsIGRlIOKAnFNlIGJ1c2Nh4oCdLg==
VDMp,,RHJhZ29uIEVnZw==,,,,,T3ZvIGRlIGRyYWfDo28=,,SHVldm8gZGUgZHJhZ8Ozbg==
VTMp,,LSBZb3UgY2FuJ3Qgc3RhcnQgcXVlc3Qgc2luY2UgeW91IGFyZSBvdmVyd2VpZ2hlZC4gLQ==,,,,,LSBWb2PDqiBuw6NvIHBvZGUgaW5pY2lhciBhIGJ1c2NhIHBvcnF1ZSBlc3TDoSBjb20gZXhjZXNzbyBkZSBwZXNvLiAt,,KE5vIHB1ZWRlcyBjb21lbnphciBsYSBtaXNpw7NuIHBvcnF1ZSBsbGV2YXMgbXVjaG8gcGVzbyku
VjMp,,V2UganVzdCBnb3QgZnJlc2ggZWdncyBmcm9tIHRoZSBuZXN0Lg==,,,,,QWNhYmFtb3MgZGUgcmVjZWJlciBvdm9zIGZyZXNjb3MgZG8gbmluaG8u,,QWNhYmFtb3MgZGUgcmVjaWJpciBodWV2b3MgZnJlc2NvcyBkZWwgbmlkby4=
VzMp,,LSBZb3UgY2FuJ3Qgc3RhcnQgcXVlc3Qgc2luY2UgeW91IGFyZSBvdmVyd2VpZ2hlZCAt,,,,,LSBWb2PDqiBuw6NvIHBvZGUgaW5pY2lhciBhIGJ1c2NhIHBvcXJ1ZSBlc3TDoSBjb20gZXhjZXNzbyBkZSBwZXNvIC0=,,KE5vIHB1ZWRlcyBjb21lbnphciBsYSBtaXNpw7NuIHBvcnF1ZSBsbGV2YXMgbXVjaG8gcGVzbyku
WDMp,,V2UganVzdCBnb3QgZnJlc2ggZWdncyBmcm9tIHRoZSBkcmFnb24gbmVzdC4=,,,,,QWNhYmFtb3MgZGUgcGVnYXIgb3ZvcyBmcmVzY29zIGRvIG5pbmhvIGRvIGRyYWfDo28u,,QWNhYmFtb3MgZGUgcmVjaWJpciBodWV2b3MgZnJlc2NvcyBkZWwgbmlkbyBkZSBEcmFnw7NuLg==
WTMp,,RWdnIEtlZXBlciBEcmFjbw==,,,,,R3VhcmRpw6NvIGRlIG92b3MgRHJhY28=,,Q3VpZGFkb3IgZGUgaHVldm9zIERyYWNv
WjMp,,RWdnIEtlZXBlciBEcmFjbw==,,,,,R3VhcmRpw6NvIGRlIG92b3MgRHJhY28=,,Q3VpZGFkb3IgZGUgaHVldm9zIERyYWNv
WzMp,,U3RyYW5nZXI=,,,,,RXN0cmFuZ2Vpcm8=,,RXh0cmHDsW8=
XDMp,,UnVuYXdheSBEYW5kZWxpb24=,,,,,RGFuZGVsaW9uIEZ1Z2l0aXZv,,RGllbnRlIGRlIExlw7NuIGZ1Z2l0aXZv
