gFB0AQ,,T3B0YW1hcmEgQ3Jldw==,,,,,VHJpcHVsYcOnw6NvIGRvIE9wdGFtYXJh,,VHJpcHVsYW50ZSBkZSBPcHRhbWFyYQ==
gVB0AQ,,W09wdGFtYXJhIENyZXddCkkgdGhpbmsgdGhlIHZpbGxhZ2UgaXMgc3RpbGwgYnVzeS4gRG9uZSB3aXRoIHlvdXIgdmlzaXQ/IFRoZXJlIGlzIGFsd2F5cyBhIHNoaXAgaGVhZGluZyBmb3IgQWxiZXJ0YS4=,,,,,W1RyaXB1bGHDp8OjbyBkbyBPcHRhbWFyYV0KQWNobyBxdWUgYSBhbGRlaWEgYWluZGEgZXN0w6Egb2N1cGFkYS4gSsOhIHRlcm1pbm91IHN1YSB2aXNpdGE/IFNlbXByZSBow6EgdW0gbmF2aW8gaW5kbyBwYXJhIEFsYmVydGEu,,W1RyaXB1bGFudGUgZGUgT3B0YW1hcmFdCkNyZW8gcXVlIGxhIGFsZGVhIHNpZ3VlIG11eSBhamV0cmVhZGEuIMK/VGVybWluYXN0ZSB0dSB2aXNpdGE/IFNpZW1wcmUgaGF5IHVuIGJhcmNvIHF1ZSBzZSBkaXJpZ2UgYSBBbGJlcnRhLg==
glB0AQ,,W09wdGFtYXJhIENyZXddCkkgdGhpbmsgYSBuYW1lbGVzcyBhZHZlbnR1cmVyIGhlbHBlZCB0YWtlIGEgbG9hZCBvZmYgdGhlIHZpbGxhZ2VycyBtaW5kLiBZYWhvbyEgV291bGQgeW91IGxpa2UgdG8gZ28gYmFjayB0byBBbGJlcnRhPw==,,,,,W1RyaXB1bGHDp8OjbyBkbyBPcHRhbWFyYV0KQWNobyBxdWUgdW0gYXZlbnR1cmVpcm8gc2VtIG5vbWUgYWp1ZG91IGEgdGlyYXIgdW0gcGVzbyBkYSBtZW50ZSBkb3MgYWxkZcO1ZXMuIFZvY8OqIGdvc3RhcmlhIGRlIHZvbHRhciBwYXJhIEFsYmVydGE/,,W1RyaXB1bGFudGUgZGUgT3B0YW1hcmFdCkNyZW8gcXVlIHVuIHRyb3RhbXVuZG9zIGRlc2Nvbm9jaWRvIGF5dWTDsyBhIHF1ZSBsb3MgYWxkZWFub3Mgc2UgcXVpdGFyYW4gdW4gcGVzbyBkZSBlbmNpbWEuIMKhSXVqdSEgwr9UZSBndXN0YXLDrWEgdm9sdmVyIGEgQWxiZXJ0YT8=
g1B0AQ,,W09wdGFtYXJhIENyZXddCldvdWxkIHlvdSBsaWtlIHRvIGdvIGJhY2sgdG8gQWxiZXJ0YSB3aXRoIG1lPw==,,,,,W1RyaXB1bGHDp8OjbyBkbyBPcHRhbWFyYV0KVm9jw6ogZ29zdGFyaWEgZGUgdm9sdGFyIHBhcmEgQWxiZXJ0YSBjb21pZ28/,,W1RyaXB1bGFudGUgZGUgT3B0YW1hcmFdCsK/VGUgZ3VzdGFyw61hIHZvbHZlciBhIEFsYmVydGEgY29ubWlnbz8=
hFB0AQ,,UmV0dXJuLg==,,,,,UmV0b3JuYXIu,,Vm9sdmVyLg==
hVB0AQ,,RG8gbm90IHJldHVybi4=,,,,,TsOjbyByZXRvcm5hci4=,,Tm8gdm9sdmVyLg==
hlB0AQ,,W09wdGFtYXJhIENyZXddCkdyZWF0ISBMZXRzIGxlYXZlIG5vdyBmb3IgQWxiZXJ0YSEh,,,,,W1RyaXB1bGHDp8OjbyBkbyBPcHRhbWFyYV0Kw5N0aW1vISBWYW1vcyBwYXJ0aXIgYWdvcmEgcGFyYSBBbGJlcnRhISEh,,W1RyaXB1bGFudGUgZGUgT3B0YW1hcmFdCsKhR2VuaWFsISDCoVNhbGdhbW9zIHlhIG1pc21vIGhhY2lhIEFsYmVydGEh
h1B0AQ,,W09wdGFtYXJhIENyZXddClRoYXRzIG9rYXkuIENvbWUgaGVyZSBpZiB5b3UgZXZlciB3YW50IHRvIGdvIGJhY2sgdG8gQWxiZXJ0YS4=,,,,,W1RyaXB1bGHDp8OjbyBkbyBPcHRhbWFyYV0KVHVkbyBiZW0uIFZlbmhhIGFxdWkgc2Ugdm9jw6ogcXVpc2VyIHZvbHRhciBwYXJhIEFsYmVydGEu,,W1RyaXB1bGFudGUgZGUgT3B0YW1hcmFdCkVzdMOhIGJpZW4uIFZlbiBhcXXDrSBzaSBhbGd1bmEgdmV6IHF1aWVyZXMgdm9sdmVyIGEgQWxiZXJ0YS4=
iFB0AQ,,W09wdGFtYXJhIENyZXddCkhleSwgdGhlcmUhCkl0cyAxMCwwMDAgWmVueSB0byBnbyB0byBQb3J0IE1hbGF5YS4gSW50ZXJlc3RlZD8=,,,,,W1RyaXB1bGHDp8OjbyBkbyBPcHRhbWFyYV0KT2zDoSEKU8OjbyAxMC4wMDAgemVueSBwYXJhIGlyIHBhcmEgbyBQb3J0byBNYWxheWEuIFRlbSBpbnRlcmVzc2U/,,W1RyaXB1bGFudGUgZGUgT3B0YW1hcmFdCsKhSG9sYSEKU29uIDEwMDAwIHplbnkgcGFyYSBpciBhIFB1ZXJ0byBNYWxheWEuIMK/VGUgaW50ZXJlc2E/
iVB0AQ,,QWJvdXQgUG9ydCBNYWxheWE=,,,,,U29icmUgbyBQb3J0byBNYWxheWE=,,UHJlZ3VudGFybGUgc29icmUgUHVlcnRvIE1hbGF5YS4=
ilB0AQ,,R28gdG8gUG9ydCBNYWxheWEu,,,,,VsOhIHBhcmEgUG9ydG8gTWFsYXlhLg==,,SXIgYSBQdWVydG8gTWFsYXlhLg==
i1B0AQ,,Q2FuY2VsLg==,,,,,Q2FuY2VsYXI=,,Q2FuY2VsYXIu
jFB0AQ,,W09wdGFtYXJhIENyZXddClBvcnQgTWFsYXlhIGlzIGEgc21hbGwgdmlsbGFnZSB5b3UgY291bGQgcmVhY2ggYnkgc2FpbGluZyBzb3V0aHdlc3QgZnJvbSBBbGJlcnRhLg==,,,,,W1RyaXB1bGHDp8OjbyBkbyBPcHRhbWFyYV0KUG9ydG8gTWFsYXlhIMOpIHVtIHBlcXVlbm8gdmlsYXJlam8gcXVlIHZvY8OqIHBvZGUgY2hlZ2FyIGFvIG5hdmVnYXIgcGFyYSBzdWRvZXN0ZSBhIHBhcnRpciBkZSBBbGJlcnRhLg==,,W1RyaXB1bGFudGUgZGUgT3B0YW1hcmFdClB1ZXJ0byBNYWxheWEgZXMgdW5hIHBlcXVlw7FhIGFsZGVhIGEgbGEgcXVlIHNlIGxsZWdhIG5hdmVnYW5kbyBoYWNpYSBlbCBzdXJvZXN0ZSBkZXNkZSBBbGJlcnRhLg==
jVB0AQ,,W09wdGFtYXJhIENyZXddCkkgY291bGRudCB2aXNpdCB0aGUgdmlsbGFnZSBiZWNhdXNlIHRoZXkgaGFkIHNvbWUgaXNzdWVzIHRoZXJlIGJ1dCBub3cgaXQgc2VlbXMgYWxsIGlzIGNsZWFyIQ==,,,,,W1RyaXB1bGHDp8OjbyBkbyBPcHRhbWFyYV0KRXUgbsOjbyBwdWRlIHZpc2l0YXIgbMOhIHBvcnF1ZSBlbGVzIHRpdmVyYW0gYWxndW5zIHByb2JsZW1hcyBsw6EsIG1hcyBhZ29yYSBwYXJlY2UgcXVlIHR1ZG8gZXN0w6EgcmVzb2x2aWRvIQ==,,W1RyaXB1bGFudGUgZGUgT3B0YW1hcmFdCk5vIHB1ZGUgdmlzaXRhciBsYSBhbGRlYSBwb3JxdWUgaGFiw61hIGFsZ3Vub3MgcHJvYmxlbWFzLCBwZXJvIGFob3JhIHBhcmVjZSBxdWUgZXN0w6EgdG9kbyB0cmFucXVpbG8u
jlB0AQ,,W09wdGFtYXJhIENyZXddCkkgZG9udCBrbm93IGZvciBzdXJlIGJ1dCBpdCB3YXMgYSB2aWxsYWdlIHRoYXQncyBsaWtlIGEgY29tZm9ydGFibGUgYW5kIGNvenkgcGFyay4=,,,,,W1RyaXB1bGHDp8OjbyBkbyBPcHRhbWFyYV0KTsOjbyBzZWkgYW8gY2VydG8sIG1hcyBlcmEgdW0gbHVnYXIgcXVlIHBhcmVjaWEgdW0gcGFycXVlIGNvbmZvcnTDoXZlbCBlIGFjb25jaGVnYW50ZS4=,,W1RyaXB1bGFudGUgZGUgT3B0YW1hcmFdCk5vIGxvIHPDqSBjb24gc2VndXJpZGFkLCBwZXJvIGVzIHVuYSBhbGRlYSBxdWUgcGFyZWNlIHVuIHBhcnF1ZSBjw7Ntb2RvIHkgYWNvZ2Vkb3Iu
j1B0AQ,,W09wdGFtYXJhIENyZXddCkkgd2FzIHRoaXMgY2xvc2UgdG8gbm90IGNvbWluZyBiYWNrIHRvIGNvenkgQWxiZXJ0YSBhZ2Fpbi4=,,,,,W1RyaXB1bGHDp8OjbyBkbyBPcHRhbWFyYV0KRXUgZXN0YXZhIGJlbSBwZXJ0byBkZSBudW5jYSBtYWlzIHZvbHRhciBwYXJhIGEgYWNvbmNoZWdhbnRlIEFsYmVydGEu,,W1RyaXB1bGFudGUgZGUgT3B0YW1hcmFdCkVzdHV2ZSBhIHB1bnRvIGRlIG5vIHZvbHZlciBtw6FzIGEgbGEgYWNvZ2Vkb3JhIEFsYmVydGEu
kFB0AQ,,W09wdGFtYXJhIENyZXddCkltIHN1cmUgeW91bGwgZmVlbCB0aGUgc2FtZSBvbmNlIHlvdSByZWFjaCBQb3J0IE1hbGF5YS4=,,,,,W1RyaXB1bGHDp8OjbyBkbyBPcHRhbWFyYV0KVGVuaG8gY2VydGV6YSBkZSBxdWUgdm9jw6pzIHNlbnRpcsOjbyBvIG1lc21vIHF1YW5kbyBjaGVnYXJtb3MgZW0gUG9ydG8gTWFsYXlhLg==,,W1RyaXB1bGFudGUgZGUgT3B0YW1hcmFdCkVzdG95IHNlZ3VybyBkZSBxdWUgc2VudGlyw6FzIGxvIG1pc21vIGN1YW5kbyBsbGVndWVzIGEgUHVlcnRvIE1hbGF5YS4=
kVB0AQ,,W09wdGFtYXJhIENyZXddCkdyZWF0IQpIZWFkaW5nIGZvciBQb3J0IE1hbGF5YSEh,,,,,W1RyaXB1bGHDp8OjbyBkbyBPcHRhbWFyYV0Kw5N0aW1vIQpWYW1vcyBhbyBQb3J0byBNYWxheWEhIQ==,,W1RyaXB1bGFudGUgZGUgT3B0YW1hcmFdCsKhR2VuaWFsIQrCoVZhbW9zIGhhY2lhIFB1ZXJ0byBNYWxheWEh
klB0AQ,,W09wdGFtYXJhIENyZXddCk9oIEdvZCEhCllvdSBkb250IGtub3cgaG93IGZhciBpdCBpcyBmcm9tIGhlcmUuIE9mIGNvdXJzZSBpdHMgbm90IGZyZWUuIFBsZWFzZSBjb21lIGJhY2sgd2l0aCAxMCwwMDAgWmVueS4gU29ycnkh,,,,,W1RyaXB1bGHDp8OjbyBkYSBPcHRhbWFyYV0KQWgsIERldXMhISEKVm9jw6ogbsOjbyBzYWJlIG8gcXXDo28gbG9uZ2Ugw6kgZGFxdWkuIMOJIGNsYXJvIHF1ZSBuw6NvIMOpIGRlIGdyYcOnYS4gUG9yIGZhdm9yLCB2b2x0ZSBjb20gMTAuMDAwIFplbnkuIFBlw6dvIGRlc2N1bHBhcyE=,,W1RyaXB1bGFudGUgZGUgT3B0YW1hcmFdCsKhQXksIHBvciB0b2RvcyBsb3MgZGlvc2VzIQpObyB0ZSBpbWFnaW5hcyBsbyBsZWpvcyBxdWUgZXN0w6EgZGUgYXF1w60uIENsYXJvIHF1ZSBubyBlcyBncmF0aXMuIFZ1ZWx2ZSBjb24gMTAwMDAgemVueS4gwqFMbyBzaWVudG8h
k1B0AQ,,W09wdGFtYXJhIENyZXddCkFkdmVudHVyZXJzIHRoZXNlIGRheXMgYWN0IGxpa2UgdGhleSBhcmUgYnVzeS4gQ29tZSBiYWNrIHdoZW4geW91IGhhdmUgdGhlIHRpbWUgYW5kIHdlIGNvdWxkIGdvIHZpc2l0IFBvcnQgTWFsYXlhIHRvZ2V0aGVyLg==,,,,,W1RyaXB1bGHDp8OjbyBkbyBPcHRhbWFyYV0KT3MgYXZlbnR1cmVpcm9zIGRlIGhvamUgZW0gZGlhIGFnZW0gY29tbyBzZSBlc3RpdmVzc2VtIG9jdXBhZG9zLiBWb2x0ZSBxdWFuZG8gdGl2ZXIgdGVtcG8gZSBwb2RlcmVtb3MgdmlzaXRhciBQb3J0byBNYWxheWEganVudG9zLg==,,W1RyaXB1bGFudGUgZGUgT3B0YW1hcmFdCkxvcyB0cm90YW11bmRvcyBkZSBob3kgZW4gZMOtYSBhY3TDumFuIGNvbW8gc2kgdHV2aWVyYW4gbXVjaG8gcXVlIGhhY2VyLiBWdWVsdmUgY3VhbmRvIHRlbmdhcyB0aWVtcG8gcGFyYSBxdWUgdmF5YW1vcyBqdW50b3MgYSBQdWVydG8gTWFsYXlhLg==
lFB0AQ,,SW5uIEtlZXBlcg==,,,,,RXN0YWxhamFkZWlybw==,,SW5uIEtlZXBlcg==
lVB0AQ,,W0lubiBLZWVwZXJdCk9oIG15ISBWaXNpdGluZz8KV2hhdCBiYWQgdGltaW5nLiBUaGUgdmlsbGFnZSBpcyBhIGJpdCB1bm9yZ2FuaXplZCBhdCB0aGUgbW9tZW50IHNvIEltIGFjdHVhbGx5IGNsb3NlZC4gU29ycnku,,,,,W0VzdGFsYWphZGVpcm9dCkFoLCBtZXUgRGV1cyEgVmlzaXRhbmRvPwpRdWUgbW9tZW50byBydWltLiBBIGFsZGVpYSBlc3TDoSB1bSBwb3VjbyBkZXNvcmdhbml6YWRhIG5vIG1vbWVudG8sIHBvciBpc3NvIGVzdG91IGZlY2hhZG8uIFBlcmTDo28u,,W1Bvc2FkZXJhXQrCoUF5LCBEaW9zISDCv0RlIHZpc2l0YT8KUXXDqSBtYWwgbW9tZW50by4gTGEgYWxkZWEgZXN0w6EgdW4gcG9jbyBhbGJvcm90YWRhIGVuIGVzdGUgbW9tZW50bywgYXPDrSBxdWUgdGVuZ28gY2VycmFkby4gTG8gc2llbnRvLg==
llB0AQ,,W0lubiBLZWVwZXJdClNvIHlvdSBhcmUgdGhlIGFkdmVudHVyZXIgdmlsbGFnZXJzIGFyZSB0YWxraW5nIGFib3V0PyBJIHJlb3BlbmVkIG15IGlubiB0aGFua3MgdG8geW91LiBUaGFuayB5b3Uu,,,,,W0VzdGFsYWphZGVpcm9dCkVudMOjbyB2b2PDqiDDqSBvIGF2ZW50dXJlaXJvIGRlIHF1ZW0gb3MgYWxkZcO1ZXMgZXN0w6NvIGZhbGFuZG8/IEFicmkgbWluaGEgcG91c2FkYSBkZSBub3ZvIGdyYcOnYXMgYSB2b2PDqi4gT2JyaWdhZG8u,,W1Bvc2FkZXJhXQrCv0Fzw60gcXVlIHTDuiBlcmVzIGRlIHF1aWVuIGhhYmxhbiB0b2RvcyBsb3MgYWxkZWFub3MsIHRyb3RhbXVuZG9zPyBWb2x2w60gYSBhYnJpciBtaSBwb3NhZGEgZ3JhY2lhcyBhIHRpLiBHcmFjaWFzLg==
l1B0AQ,,W0lubiBLZWVwZXJdCldlbGNvbWUuClRoaXMgaXMgUG9ydCBNYWxheWEncyBiZXN0IGlubiwgJ0NhYmluIGluIHRoZSBDaXR5Jy4=,,,,,W0VzdGFsYWphZGVpcm9dCkJlbS12aW5kby4KRXN0YSDDqSBhIOKAnENhYmFuYSBuYSBDaWRhZGXigJ0sIGEgbWVsaG9yIHBvdXNhZGEgZW0gUG9ydG8gTWFsYXlhLg==,,W1Bvc2FkZXJhXQpUZSBkb3kgbGEgYmllbnZlbmlkYS4KRXN0YSBlcyBsYSBtZWpvciBwb3NhZGEgZGUgUHVlcnRvIE1hbGF5YSwg4oCcTGEgY2FiYcOxYSBlbiBsYSBjaXVkYWTigJ0u
mFB0AQ,,W0lubiBLZWVwZXJdCkNvbWUgZm9yIGEgcmVzdD8gTG9kZ2luZyB3aWxsIGJlIDUsMDAwIFplbnku,,,,,W0VzdGFsYWphZGVpcm9dClZlaW8gZGVzY2Fuc2FyPyBBIGhvc3BlZGFnZW0gY3VzdGEgNS4wMDAgWmVueS4=,,W1Bvc2FkZXJhXQrCv1ZpZW5lcyBhIGRlc2NhbnNhcj8gRWwgYWxvamFtaWVudG8gY3Vlc3RhIDUwMDAgemVueS4=
mVB0AQ,,U3RvcmUu,,,,,QXJtYXplbmFyLg==,,R3VhcmRhci4=
mlB0AQ,,TG9kZ2UuIC0gNSwwMDB6,,,,,QWxvamFtZW50by4gLSA1LDAwMHo=,,QWxvamFtaWVudG8gKDUwMDAgemVueSku
m1B0AQ,,W0lubiBLZWVwZXJdClN1Y2Nlc3NmdWxseSBzdG9yZWQuIFNlZSB5b3UgbmV4dCB0aW1lLg==,,,,,W0VzdGFsYWphZGVpcm9dCkFybWF6ZW5hZG8gY29tIHN1Y2Vzc28uIEF0w6kgYSBwcsOzeGltYSB2ZXou,,W1Bvc2FkZXJhXQpTZSBndWFyZMOzIGNvbiDDqXhpdG8uIEhhc3RhIGxhIHByw7N4aW1hLg==
nFB0AQ,,W0lubiBLZWVwZXJdClNvcnJ5LiBJIHRoaW5rIHlvdSBhcmUgYSBiaXQgc2hvcnQu,,,,,W0VzdGFsYWphZGVpcm9dCkRlc2N1bHBhLCBtYXMgYWNobyBxdWUgdm9jw6ogZXN0w6Egc2VtIGRpbmhlaXJvLg==,,W1Bvc2FkZXJhXQpMbyBzaWVudG8uIENyZW8gcXVlIG5vIHRlIGFsY2FuemEu
nVB0AQ,,W0lubiBLZWVwZXJdCkhvcGUgeW91IGVuam95IHlvdXIgc3RheS4=,,,,,W0VzdGFsYWphZGVpcm9dCkVzcGVybyBxdWUgYXByb3ZlaXRlIHN1YSBlc3RhZGlhLg==,,W1Bvc2FkZXJhXQpFc3Blcm8gcXVlIGRpc2ZydXRlcyBkZSB0dSBlc3RhZMOtYS4=
nlB0AQ,,T2xkIE1hbiBpbiBEaWxlbW1h,,,,,VmVsaG8gZW0gRGlsZW1h,,T2xkIE1hbiBpbiBEaWxlbW1h
n1B0AQ,,Q2Fubm90IHByb2NlZWQgYmVjYXVzZSB5b3UgaGF2ZSB0b28gbWFueSBpdGVtcyBpbiB5b3VyIHBvc3Nlc3Npb24u,,,,,TsOjbyDDqSBwb3Nzw612ZWwgcHJvc3NlZ3VpciBwb3JxdWUgdm9jw6ogdGVtIG11aXRvcyBpdGVucyBlbSBzdWEgcG9zc2Uu,,Tm8gcHVlZGVzIGNvbnRpbnVhciBwb3JxdWUgdGllbmVzIGRlbWFzaWFkb3Mgb2JqZXRvcy4=
oFB0AQ,,W09sZCBNYW4gaW4gRGlsZW1tYV0KT2ghIERlbW9ucyBhcmUgZ2FpbmluZyBtb3JlIGFuZCBtb3JlIHBvd2VyIGluIHRoaXMgd29ybGQu,,,,,W1ZlbGhvIGVtIERpbGVtYV0KQWghIE9zIGRlbcO0bmlvcyBlc3TDo28gZ2FuaGFuZG8gY2FkYSB2ZXogbWFpcyBwb2RlciBuZXN0ZSBtdW5kby4=,,W0FuY2lhbm8gZW4gYXB1cm9zXQrCoUFoISBMb3MgZGVtb25pb3MgZXN0w6FuIGdhbmFuZG8gY2FkYSB2ZXogbcOhcyBwb2RlciBlbiBlc3RlIG11bmRvLg==
oVB0AQ,,V2UgbmVlZCB0byBnYXRoZXIgaXRlbXMgdG8gZmlnaHQgdGhlbSBvZmYu,,,,,UHJlY2lzYW1vcyByZXVuaXIgaXRlbnMgcGFyYSBjb21iYXTDqi1sb3Mu,,TmVjZXNpdGFtb3MgcmVjb2xlY3RhciBvYmpldG9zIHBhcmEgY29tYmF0aXJsb3Mu
olB0AQ,,SWdub3JlLg==,,,,,SWdub3Jhci4=,,SWdub3JhcmxvLg==
o1B0AQ,,W09sZCBNYW4gaW4gRGlsZW1tYV0KWW91IGRvbnQgc2VlbSB0byBiZSBzdHJvbmcgZW5vdWdoIHRvIGZpZ2h0IG9mZiBkZW1vbnMu,,,,,W1ZlbGhvIGVtIERpbGVtYV0KVm9jw6ogbsOjbyBwYXJlY2Ugc2VyIGZvcnRlIG8gc3VmaWNpZW50ZSBwYXJhIGx1dGFyIGNvbnRyYSBkZW3DtG5pb3Mu,,W0FuY2lhbm8gZW4gYXB1cm9zXQpObyBwYXJlY2VzIHNlciBsbyBzdWZpY2llbnRlbWVudGUgZnVlcnRlIHBhcmEgbHVjaGFyIGNvbnRyYSBsb3MgZGVtb25pb3Mu
pFB0AQ,,W09sZCBNYW4gaW4gRGlsZW1tYV0KV2lsbCB5b3UgY3JlYXRlIGEgR3JlYXRlciBBZ2ltYXQgb2YgQW5jaWVudCBTcGlyaXQgd2l0aCAzIExlc3NlciBBZ2ltYXRzIGFuZCAxLDAwMCBaZW55Pw==,,,,,W1ZlbGhvIGVtIERpbGVtYV0KVm9jw6ogY3JpYXLDoSB1bSBBZ2ltYXQgTWFpb3IgZGUgRXNww61yaXRvIEFudGlnbyBjb20gMyBBZ2ltYXRzIE1lbm9yZXMgZSAxLjAwMCBaZW55Pw==,,W0FuY2lhbm8gZW4gYXB1cm9zXQrCv1F1aWVyZXMgY3JlYXIgdW4gQWdpbWF0IG1heW9yIGRlIEVzcMOtcml0dSBhbnRpZ3VvIGNvbiAzIEFnaW1hdHMgbWVub3JlcyB5IDEwMDAgemVueT8=
pVB0AQ,,Q3JlYXRlLg==,,,,,Q3JpYXIu,,Q3JlYXIu
plB0AQ,,Tm8sIHRoYW5rIHlvdS4=,,,,,TsOjbywgYWdyYWRlw6dvLg==,,Tm8sIGdyYWNpYXMu
p1B0AQ,,W09sZCBNYW4gaW4gRGlsZW1tYV0KSG9wZSB5b3Ugd2luIHRoZSBmaWdodCB3aXRoIHRoZSBkZW1vbi4=,,,,,W1ZlbGhvIGVtIERpbGVtYV0KRXNwZXJvIHF1ZSB2ZW7Dp2EgYSBsdXRhIGNvbnRyYSBvIGRlbcO0bmlvLg==,,W0FuY2lhbm8gZW4gYXB1cm9zXQpFc3Blcm8gcXVlIGdhbmVzIGxhIHBlbGVhIGNvbnRyYSBlbCBkZW1vbmlvLg==
qFB0AQ,,W09sZCBNYW4gaW4gRGlsZW1tYV0KU2hvcnQgb24gbWF0ZXJpYWxzLg==,,,,,W1ZlbGhvIGVtIERpbGVtYV0KRXN0b3Ugc2VtIG1hdGVyaWFpcy4=,,W0FuY2lhbm8gZW4gYXB1cm9zXQpGYWx0YW4gbWF0ZXJpYWxlcy4=
qVB0AQ,,W09sZCBNYW4gaW4gRGlsZW1tYV0KQ2FudCBtYWtlIGl0IG5vdyBidXQgdGhlcmUgaXMgYW4gb2xkIHdheSBvZiBtYWtpbmcgaXQgaGFuZGVkIGRvd24gYnkgZ2VuZXJhdGlvbnMu,,,,,W1ZlbGhvIGVtIERpbGVtYV0KTsOjbyBwb3NzbyBmYXplciBpc3NvIGFnb3JhLCBtYXMgaMOhIHVtYSBtYW5laXJhIGFudGlnYSBkZSBmYXplciBpc3NvLCBwYXNzYWRhIGRlIGdlcmHDp8OjbyBlbSBnZXJhw6fDo28u,,W0FuY2lhbm8gZW4gYXB1cm9zXQpObyBzZSBwdWVkZSBoYWNlciBhaG9yYSwgcGVybyBoYXkgdW5hIGFudGlndWEgZm9ybWEgZGUgaGFjZXJsbyBxdWUgc2UgdHJhbnNtaXRpw7MgZGUgZ2VuZXJhY2nDs24gZW4gZ2VuZXJhY2nDs24u
qlB0AQ,,W09sZCBNYW4gaW4gRGlsZW1tYV0KWW91IG5lZWQgdG8gY2FsbCB1cG9uIHRoZSBwb3dlciBvZiBBbmNpZW50IFNwaXJpdHMuIEJ1dCB5b3VsbCBuZWVkIHNldmVyYWwgaW1wb3J0YW50IG1hdGVyaWFscyBmaXJzdC4=,,,,,W1ZlbGhvIGVtIERpbGVtYV0KVm9jw6ogcHJlY2lzYSBpbnZvY2FyIG8gcG9kZXIgZG9zIEVzcMOtcml0b3MgQW50aWdvcy4gTWFzIHByaW1laXJvIHZvY8OqIHByZWNpc2Fyw6EgZGUgdsOhcmlvcyBtYXRlcmlhaXMgaW1wb3J0YW50ZXMu,,W0FuY2lhbm8gZW4gYXB1cm9zXQpOZWNlc2l0YXMgaW52b2NhciBlbCBwb2RlciBkZSBsb3MgRXNww61yaXR1cyBhbnRpZ3Vvcy4gUGVybywgcHJpbWVybywgbmVjZXNpdGFyw6FzIHZhcmlvcyBtYXRlcmlhbGVzIGltcG9ydGFudGVzLg==
q1B0AQ,,V2hhdCBhcmUgdGhleT8=,,,,,UXVhaXMgc8OjbyBlbGVzPw==,,wr9DdcOhbGVzIHNvbj8=
rFB0AQ,,W09sZCBNYW4gaW4gRGlsZW1tYV0KMyBMZXNzZXIgQWdpbWF0cyB0byBob2xkIHRoZSBwb3dlciBvZiBBbmNpZW50IFNwaXJpdHMgaGVyZSBhbmQgYW5vdGhlciBzcGVjaWFsIG1hdGVyaWFsIGhhbmRlZCBkb3duIGZvciBnZW5lcmF0aW9ucy4=,,,,,W1ZlbGhvIGVtIERpbGVtYV0KMyBBZ2ltYXRzIE1lbm9yZXMgcGFyYSBtYW50ZXIgbyBwb2RlciBkb3MgRXNww61yaXRvcyBBbnRpZ29zIGFxdWkgZSBvdXRybyBtYXRlcmlhbCBlc3BlY2lhbCB0cmFuc21pdGlkbyBwb3IgZ2VyYcOnw7Vlcy4=,,W0FuY2lhbm8gZW4gYXB1cm9zXQpTZSBuZWNlc2l0YW4gMyBBZ2ltYXRzIG1lbm9yZXMgcGFyYSBtYW50ZW5lciBhcXXDrSBlbCBwb2RlciBkZSBsb3MgRXNww61yaXR1cyBhbnRpZ3VvcyB5IG90cm8gbWF0ZXJpYWwgZXNwZWNpYWwgcXVlIHNlIHRyYW5zbWl0ZSBkZSBnZW5lcmFjacOzbiBlbiBnZW5lcmFjacOzbi4=
rVB0AQ,,W09sZCBNYW4gaW4gRGlsZW1tYV0KQnV0IG5vYm9keSBjYW4gZ2V0IHRoaXMgc3BlY2lhbCBpdGVtIGFueW1vcmUu,,,,,W1ZlbGhvIG5vIERpbGVtYV0KU8OzIHF1ZSBuaW5ndcOpbSBtYWlzIHBvZGUgb2J0ZXIgZXNzZSBpdGVtIGVzcGVjaWFsLg==,,W0FuY2lhbm8gZW4gYXB1cm9zXQpQZXJvIHlhIG5hZGllIHB1ZWRlIGNvbnNlZ3VpciBlc3RlIG9iamV0byBlc3BlY2lhbC4=
rlB0AQ,,U29tZXRoaW5nIG1vbmV5IGNhbm5vdCBidXk/,,,,,w4kgYWxnbyBxdWUgbyBkaW5oZWlybyBuw6NvIHBvZGUgY29tcHJhcj8=,,wr9FcyBhbGdvIHF1ZSBlbCBkaW5lcm8gbm8gcHVlZGUgY29tcHJhcj8=
r1B0AQ,,W09sZCBNYW4gaW4gRGlsZW1tYV0KTm8sIG5vLi4uIEl0J3MgdGhpcyByb3VuZCBsaXR0bGUgdGhpbmcsIHlvdSBzZWU/,,,,,W1ZlbGhvIGVtIERpbGVtYV0KTsOjbywgbsOjby4uLiDDiSB1bWEgY29pc2luaGEgcmVkb25kYSwgZXN0w6EgdmVuZG8/,,W0FuY2lhbm8gZW4gYXB1cm9zXQpObywgbm/igKYgRXMgZXNhIGNvc2l0YSByZWRvbmRhLCDCv3Zlcz8=
sFB0AQ,,QXJlIHlvdSB0YWxraW5nIGFib3V0IFplbnk/,,,,,Vm9jw6ogZXN0w6EgZmFsYW5kbyBkZSBaZW55Pw==,,wr9UZSByZWZpZXJlcyBhIGxvcyB6ZW55Pw==
sVB0AQ,,W09sZCBNYW4gaW4gRGlsZW1tYV0KTG9va3Mgc2ltaWxhciB0byB0aGUgc3BlY2lhbCBpdGVtcyBoYW5kZWQgZG93biBmcm9tIGdlbmVyYXRpb25zLg==,,,,,W1ZlbGhvIGVtIERpbGVtYV0KUGFyZWNlIHNlbWVsaGFudGUgYW9zIGl0ZW5zIGVzcGVjaWFpcyB0cmFuc21pdGlkb3MgZGUgZ2VyYcOnw6NvIGVtIGdlcmHDp8Ojby4=,,W0FuY2lhbm8gZW4gYXB1cm9zXQpTZSBwYXJlY2UgYSBsb3Mgb2JqZXRvcyBlc3BlY2lhbGVzIHF1ZSBzZSB0cmFuc21pdGVuIGRlIGdlbmVyYWNpw7NuIGVuIGdlbmVyYWNpw7NuLg==
slB0AQ,,W09sZCBNYW4gaW4gRGlsZW1tYV0KQXMgbG9uZyBhcyB3ZSBoYXZlIGVub3VnaCBvZiB0aGF0LCB3ZSBjb3VsZCBtYWtlIHRoZSBHcmVhdGVyIEFnaW1hdCBvZiBBbmNpZW50IFNwaXJpdCB0byBmaWdodCBhZ2FpbnN0IHRoZSBkZW1vbnMu,,,,,W1ZlbGhvIGVtIERpbGVtYV0KRGVzZGUgcXVlIHRlbmhhbW9zIG8gc3VmaWNpZW50ZSBkaXNzbywgcG9kZXJlbW9zIGZhemVyIG8gR3JhbmRlIEFnaW1hdCBkbyBFc3DDrXJpdG8gQW50aWdvIHBhcmEgbHV0YXIgY29udHJhIG9zIGRlbcO0bmlvcy4=,,W0FuY2lhbm8gZW4gYXB1cm9zXQpNaWVudHJhcyB0ZW5nYW1vcyBzdWZpY2llbnRlIGRlIGVzbywgcG9kcmVtb3MgaGFjZXIgZWwgQWdpbWF0IG1heW9yIGRlIEVzcMOtcml0dSBhbnRpZ3VvIHBhcmEgbHVjaGFyIGNvbnRyYSBsb3MgZGVtb25pb3Mu
s1B0AQ,,U291bmRzIGdvb2Qu,,,,,w5N0aW1vLg==,,TWUgcGFyZWNlIGJpZW4u
tFB0AQ,,W09sZCBNYW4gaW4gRGlsZW1tYV0KSW4gY2FzZSB5b3UgYXJlIHRvbyB3ZWFyeSB0byB0YWtlIG9uIHRoZSBkZW1vbnM=,,,,,W1ZlbGhvIGVtIERpbGVtYV0KQ2FzbyBlc3RlamEgbXVpdG8gY2Fuc2FkbyBwYXJhIGVuZnJlbnRhciBvcyBkZW3DtG5pb3Ms,,W0FuY2lhbm8gZW4gYXB1cm9zXQpFbiBjYXNvIGRlIHF1ZSBlbCBjYW5zYW5jaW8gdGUgaW1waWRhIGVuZnJlbnRhcnRlIGEgbG9zIGRlbW9uaW9zLA==
tVB0AQ,,W09sZCBNYW4gaW4gRGlsZW1tYV0KY29tZSBieSB3aXRoIDMgTGVzc2VyIEFnaW1hdHMgYW5kIDEsMDAwIG9mIHRob3NlIHNvIGNhbGxlZCBaZW55Lg==,,,,,W1ZlbGhvIGVtIERpbGVtYV0KYXBhcmXDp2EgY29tIDMgQWdpbWF0cyBNZW5vcmVzIGUgMS4wMDAgWmVueS4=,,W0FuY2lhbm8gZW4gYXB1cm9zXQp2ZW4gY29uIDMgQWdpbWF0cyBtZW5vcmVzIHkgMTAwMCBkZSBlc2FzIGNvc2FzIGxsYW1hZGFzIHplbnku
tlB0AQ,,W09sZCBNYW4gaW4gRGlsZW1tYV0KSSB3aWxsIG1ha2UgYSBHcmVhdGVyIEFnaW1hdCBvZiBBbmNpZW50IFNwaXJpdCB0aGF0IHdpbGwgaW5jcmVhc2UgeW91ciBhdHRhY2tzIGFnYWluc3QgZGVtb25zIGJ5IDEwJSBmb3IgMjAgbWluLg==,,,,,W1ZlbGhvIGVtIERpbGVtYV0KRmFyZWkgdW0gQWdpbWF0IE1haW9yIGRvIEVzcMOtcml0byBBbnRpZ28gcXVlIGF1bWVudGFyw6Egc2V1cyBhdGFxdWVzIGNvbnRyYSBkZW3DtG5pb3MgZW0gMTAlIHBvciAyMCBtaW51dG9zLg==,,W0FuY2lhbm8gZW4gYXB1cm9zXQpIYXLDqSB1biBBZ2ltYXQgbWF5b3IgZGUgRXNww61yaXR1IGFudGlndW8gcXVlIGF1bWVudGFyw6EgdHVzIGF0YXF1ZXMgY29udHJhIGxvcyBkZW1vbmlvcyBlbiB1biAxMCAlIGR1cmFudGUgMjAgbWludXRvcy4=
t1B0AQ,,VGlrYmFsYW5nIEV4cGVydA==,,,,,RXNwZWNpYWxpc3RhIGVtIFRpa2JhbGFuZw==,,VGlrYmFsYW5nIEV4cGVydA==
uFB0AQ,,W1Rpa2JhbGFuZyBFeHBlcnRdCkl2ZSBzcGVudCA5MCUgb2YgbXkgbGlmZSBzdHVkeWluZyBUaWtiYWxhbmcu,,,,,W0VzcGVjaWFsaXN0YSBlbSBUaWtiYWxhbmddClBhc3NlaSA5MCUgZGEgbWluaGEgdmlkYSBlc3R1ZGFuZG8gVGlrYmFsYW5nLg==,,W0V4cGVydG8gZW4gVGlrYmFsYW5nXQpEZWRpcXXDqSBlbCA5MCAlIGRlIG1pIHZpZGEgYSBlc3R1ZGlhciBhIGxvcyBUaWtiYWxhbmcu
uVB0AQ,,QnV0IHlvdSBsb29rIHlvdW5nPw==,,,,,Vm9jw6ogcGFyZWNlIGpvdmVtLg==,,UGVybyBwYXJlY2VzIGpvdmVuLg==
ulB0AQ,,V2hhdCBpcyBUaWtiYWxhbmc/,,,,,TyBxdWUgw6kgVGlrYmFsYW5nPw==,,wr9RdcOpIGVzIHVuIFRpa2JhbGFuZz8=
u1B0AQ,,VGVhY2ggbWUgaG93IHRvIGNhdGNoIGEgVGlrYmFsYW5nLg==,,,,,TWUgZW5zaW5lIGEgcGVnYXIgdW0gVGlrYmFsYW5nLg==,,RW5zw6nDsWFtZSBhIGNhemFyIGEgdW4gVGlrYmFsYW5nLg==
vFB0AQ,,W1Rpa2JhbGFuZyBFeHBlcnRdCldoYXQhIEkgbWlnaHQgYmUgaW1hZ2luaW5nIHRoaW5ncy4=,,,,,W0VzcGVjaWFsaXN0YSBlbSBUaWtiYWxhbmddClBvc3NvIGVzdGFyIGltYWdpbmFuZG8gY29pc2FzLg==,,W0V4cGVydG8gZW4gVGlrYmFsYW5nXQrCv1F1w6k/IFB1ZWRlIHF1ZSBtZSBlc3TDqSBpbWFnaW5hbmRvIGNvc2FzLg==
vVB0AQ,,W1Rpa2JhbGFuZyBFeHBlcnRdCkkgbG9vayB5b3VuZ2VyIHRoYW4gSSBhbSBiZWNhdXNlIG9mIG15IGJhYnkgZmFjZS4gSGEgaGEgaGE=,,,,,W0VzcGVjaWFsaXN0YSBlbSBUaWtiYWxhbmddClBhcmXDp28gbWFpcyBqb3ZlbSBkbyBxdWUgc291IHBvciBjYXVzYSBkbyBtZXUgcm9zdG8gZGUgYmViw6ouIEhhIGhhIGhh,,W0V4cGVydG8gZW4gVGlrYmFsYW5nXQpQYXJlemNvIG3DoXMgam92ZW4gZGUgbG8gcXVlIHNveSBwb3IgbWkgcm9zdHJvIGluZmFudGlsLiBKYSwgamEsIGphLg==
vlB0AQ,,Li4uIC4uLiAuLi4=,,,,,Li4uLi4uLi4u,,4oCmIOKApiDigKY=
v1B0AQ,,W1Rpa2JhbGFuZyBFeHBlcnRdClRydXN0ISEgVGhleSBzYXkgZmFpdGggd2lsbCBicmluZyB5b3UgbHVjay4=,,,,,W0VzcGVjaWFsaXN0YSBlbSBUaWtiYWxhbmddLgpDb25maWFuw6dhISEhIERpemVtIHF1ZSBhIGbDqSBsaGUgdHJhcsOhIHNvcnRlLg==,,W0V4cGVydG8gZW4gVGlrYmFsYW5nXQrCoUNvbmbDrWEhIERpY2VuIHF1ZSBsYSBmZSB0cmFlIHN1ZXJ0ZS4=
wFB0AQ,,W1Rpa2JhbGFuZyBFeHBlcnRdCkhhIGhhLi4uIFlvdSBhc2sgdGhlIHJpZ2h0IHF1ZXN0aW9uLgpJbSBhIHNwZWNpYWxpc3QgaW4gdGhhdCBmaWVsZC4gQXNrIG1lIGFueXRoaW5nLg==,,,,,W0VzcGVjaWFsaXN0YSBlbSBUaWtiYWxhbmddLgpIYSBoYS4uLiBWb2PDqiBmZXogYSBwZXJndW50YSBjZXJ0YS4KU291IHVtIGVzcGVjaWFsaXN0YSBuZXNzYSDDoXJlYS4gUGVyZ3VudGUtbWUgcXVhbHF1ZXIgY29pc2Eu,,W0V4cGVydG8gZW4gVGlrYmFsYW5nXQpKYSwgamHigKYgRXNhIGVzIGxhIHByZWd1bnRhIGNvcnJlY3RhLgpTb3kgZXNwZWNpYWxpc3RhIGVuIGVzZSBjYW1wby4gUHJlZ8O6bnRhbWUgbG8gcXVlIHF1aWVyYXMu
wVB0AQ,,V2h5IHdvbnQgeW91IGFuc3dlciBtZT8=,,,,,UG9yIHF1ZSB2b2PDqiBuw6NvIG1lIHJlc3BvbmRlPw==,,wr9Qb3IgcXXDqSBubyBtZSBjb250ZXN0YXM/
wlB0AQ,,W1Rpa2JhbGFuZyBFeHBlcnRdCkhhdmUgeW91Li4uCWV2ZXIgYmVlbiBmb29sZWQgYnkgYW55b25lIGFyb3VuZCB5b3U/IFdoeSBjYW50IHlvdSBiZWxpZXZlIHNvbWVvbmVzIHdvcmQgZm9yIGl0PyBSZWFsbHksIGFzayBtZSBhbnl0aGluZy4=,,,,,W0VzcGVjaWFsaXN0YSBlbSBUaWtiYWxhbmddLgpWb2PDqiBqw6EgZm9pIGVuZ2FuYWRvIHBvciBhbGd1w6ltIGFvIHNldSByZWRvcj8gUG9yIHF1ZSB2b2PDqiBuw6NvIHBvZGUgYWNyZWRpdGFyIG5hIHBhbGF2cmEgZGUgYWxndcOpbT8gU8OpcmlvLCBtZSBwZXJndW50ZSBxdWFscXVlciBjb2lzYS4=,,W0V4cGVydG8gZW4gVGlrYmFsYW5nXQrCv0FsZ3VuYSB2ZXrigKYJdGUgZW5nYcOxw7MgdW5hIHBlcnNvbmEgZGUgdHUgZW50b3Jubz8gwr9Qb3IgcXXDqSBubyBjcmVlcyBlbiBsYSBwYWxhYnJhIGRlIG5hZGllPyBFbiBzZXJpbywgcHJlZ8O6bnRhbWUgbG8gcXVlIHF1aWVyYXMu
w1B0AQ,,SSBkb24ndCBoYXZlIGFueSBxdWVzdGlvbnMu,,,,,TsOjbyB0ZW5obyBuZW5odW1hIHBlcmd1bnRhLg==,,Tm8gdGVuZ28gbmluZ3VuYSBwcmVndW50YS4=
xFB0AQ,,Q2hhcmFjdGVyaXN0aWNzPw==,,,,,Q2FyYWN0ZXLDrXN0aWNhcz8=,,wr9QYXJ0aWN1bGFyaWRhZGVzPw==
xVB0AQ,,RmVhdHVyZXM/,,,,,UmVjdXJzb3M/,,wr9DYXJhY3RlcsOtc3RpY2FzPw==
xlB0AQ,,UnVtb3JzPw==,,,,,UnVtb3Jlcz8=,,wr9SdW1vcmVzPw==
x1B0AQ,,SGFiaXRhdD8=,,,,,SGFiaXRhdD8=,,wr9Iw6FiaXRhdD8=
yFB0AQ,,W1Rpa2JhbGFuZyBFeHBlcnRdClRpa2JhbGFuZ3MgaGF2ZSBhIHdheSB0byBjb25mdXNlIHRyYXZlbGVycyB3aGVuIHRoZXkgbWVldCB0aGVtIGJ5IG1ha2luZyB0aGVtIHR1cm4gaW4gY2lyY2xlcyByZWdhcmRsZXNzIG9mIHdoZXJldmVyIGFuZCBob3cgZmFyIHRoZXkgdHJhdmVsLg==,,,,,W0VzcGVjaWFsaXN0YSBlbSBUaWtiYWxhbmddCk9zIHRpa2JhbGFuZ3MgdMOqbSB1bWEgbWFuZWlyYSBkZSBjb25mdW5kaXIgb3MgdmlhamFudGVzIHF1YW5kbyBvcyBlbmNvbnRyYW0sIGZhemVuZG8tb3MgZ2lyYXIgZW0gY8OtcmN1bG9zLCBpbmRlcGVuZGVudGVtZW50ZSBkbyBsb2NhbCBlIGRhIGRpc3TDom5jaWEgcGVyY29ycmlkYS4=,,W0V4cGVydG8gZW4gVGlrYmFsYW5nXQpMb3MgVGlrYmFsYW5nIHNhYmVuIGPDs21vIGNvbmZ1bmRpciBhIGxvcyB2aWFqZXJvcyBjdWFuZG8gc2UgbG9zIGVuY3VlbnRyYW46IGxvcyBoYWNlbiBnaXJhciBlbiBjw61yY3Vsb3Mgc2luIGltcG9ydGFyIGTDs25kZSBvIGN1w6FuIGxlam9zIHZpYWplbi4=
yVB0AQ,,W1Rpa2JhbGFuZyBFeHBlcnRdClRoZXkgYXJlIG1pc2NoaWV2b3VzIGNyZWF0dXJlcy4=,,,,,W0VzcGVjaWFsaXN0YSBlbSBUaWtiYWxhbmddClPDo28gY3JpYXR1cmFzIG1hbGljaW9zYXMu,,W0V4cGVydG8gZW4gVGlrYmFsYW5nXQpTb24gY3JpYXR1cmFzIHRyYXZpZXNhcy4=
ylB0AQ,,W1Rpa2JhbGFuZyBFeHBlcnRdCkJ1dCBvZiBjb3Vyc2UgdGhlcmUgaXMgYSB3YXkgdG8gc3RvcCB0aGVpciBwcmFua3MuIFlvdSBrbm93IGFib3V0IHRoZSBJbnNpZGUtb3V0IFNoaXJ0PyBZb3UgY2FuIGVpdGhlciB3ZWFyIHlvdXIgdG9wIGluc2lkZS1vdXQu,,,,,W0VzcGVjaWFsaXN0YSBlbSBUaWtiYWxhbmddCk1hcyDDqSBjbGFybyBxdWUgaMOhIHVtYSBtYW5laXJhIGRlIGltcGVkaXIgc3VhcyBicmluY2FkZWlyYXMuIFZvY8OqIGNvbmhlY2UgYSBjYW1pc2EgZG8gYXZlc3NvPyBWb2PDqiBwb2RlIHVzYXIgc3VhIGJsdXNhIGRvIGF2ZXNzby4=,,W0V4cGVydG8gZW4gVGlrYmFsYW5nXQpQZXJvLCBwb3Igc3VwdWVzdG8sIGV4aXN0ZSB1biBtb2RvIGRlIHBvbmVyIGZpbiBhIHN1cyB0cmF2ZXN1cmFzLiDCv1NhYmVzIGFjZXJjYSBkZSBsYSBDYW1pc2V0YSBhbCByZXbDqXM/IFB1ZWRlcyBsbGV2YXIgdHUgY2FtaXNldGEgYWwgcmV2w6lzLg==
y1B0AQ,,W1Rpa2JhbGFuZyBFeHBlcnRdCk9yIGdvIG9uIHlvdXIgd2F5IHF1aWV0bHkgd2l0aG91dCBkaXNydXB0aW5nIHRoZSBUaWtiYWxhbmdzLg==,,,,,W0VzcGVjaWFsaXN0YSBlbSBUaWtiYWxhbmddCk91IHNlZ3VpciBzZXUgY2FtaW5obyBjYWxtYW1lbnRlIHNlbSBwZXJ0dXJiYXIgb3MgVGlrYmFsYW5ncy4=,,W0V4cGVydG8gZW4gVGlrYmFsYW5nXQpPIHNlZ3VpciB0dSBjYW1pbm8gZW4gc2lsZW5jaW8gc2luIG1vbGVzdGFyIGEgbG9zIFRpa2JhbGFuZy4=
zFB0AQ,,W1Rpa2JhbGFuZyBFeHBlcnRdCkhhIGhhIGhhIGhhIEJ1dCBldmVyeW9uZSBrbm93cyBhZHZlbnR1cmVycyBhcmUgbmV2ZXIgcXVpZXQgd2hpbGUgdGhleSB0cmF2ZWwsIHJpZ2h0Pw==,,,,,W0VzcGVjaWFsaXN0YSBlbSBUaWtiYWxhbmddCkhhIGhhIGhhIGhhLCBtYXMgdG9kbyBtdW5kbyBzYWJlIHF1ZSBvcyBhdmVudHVyZWlyb3MgbnVuY2EgZmljYW0gcXVpZXRvcyBxdWFuZG8gdmlhamFtLCBjZXJ0bz8=,,W0V4cGVydG8gZW4gVGlrYmFsYW5nXQpKYSwgamEsIGphLiBQZXJvIHRvZG8gZWwgbXVuZG8gc2FiZSBxdWUgbG9zIHRyb3RhbXVuZG9zIG51bmNhIHZpYWphbiBlbiBzaWxlbmNpbywgwr9ubz8=
zVB0AQ,,W1Rpa2JhbGFuZyBFeHBlcnRdCk5ldmVyLi4u,,,,,W0VzcGVjaWFsaXN0YSBlbSBUaWtiYWxhbmddCk51bmNhLi4u,,W0V4cGVydG8gZW4gVGlrYmFsYW5nXQpKYW3DoXPigKY=
zlB0AQ,,W1Rpa2JhbGFuZyBFeHBlcnRdClRoZXkgc2F5IFRpa2JhbGFuZ3MgaGF2ZSBzZXZlcmFsIGRpc3RpbmN0aW9ucy4=,,,,,W0VzcGVjaWFsaXN0YSBlbSBUaWtiYWxhbmddCkRpemVtIHF1ZSBvcyBUaWtiYWxhbmdzIHTDqm0gdsOhcmlhcyBkaXN0aW7Dp8O1ZXMu,,W0V4cGVydG8gZW4gVGlrYmFsYW5nXQpEaWNlbiBxdWUgbG9zIFRpa2JhbGFuZyB0aWVuZW4gdmFyaWFzIGNhcmFjdGVyw61zdGljYXMgZGlzdGludGl2YXMu
z1B0AQ,,W1Rpa2JhbGFuZyBFeHBlcnRdCkZpcnN0LCB0aGV5IGFyZSB2ZXJ5IHRhbGwgXkFBQUFBQSh0c2suLiB3aXNoIEkgd2VyZSB0YWxsKV4wMDAwMDAgYW5kIGhhdmUgc2tpbm55LCBpbWJhbGFuY2VkIGxlZ3MgYW5kIGFybXMuIExvb2tzIGFsbW9zdCBsaWtlIGEgaHVtYW4gYnV0IHRoZWlyIGtuZWVzIGFyZSBoaWdoZXIgdGhhbiB0aGVpciB1cHBlciBib2R5IHdoZW4gdGhleSBzaXQgZG93biw=,,,,,W0VzcGVjaWFsaXN0YSBlbSBUaWtiYWxhbmddCkVtIHByaW1laXJvIGx1Z2FyLCBlbGVzIHPDo28gbXVpdG8gYWx0b3MgXkFBQUFBQSAodHNrLi4uIHF1ZW0gbWUgZGVyYSBzZXIgYWx0byleMDAwMDAwIGUgdMOqbSBwZXJuYXMgZSBicmHDp29zIG1hZ3JvcyBlIGRlc2VxdWlsaWJyYWRvcy4gUGFyZWNlIHF1YXNlIHVtIGh1bWFubywgbWFzIHNldXMgam9lbGhvcyBzw6NvIG1haXMgYWx0b3MgZG8gcXVlIGEgcGFydGUgc3VwZXJpb3IgZG8gY29ycG8gcXVhbmRvIHNlIHNlbnRhbS4=,,W0V4cGVydG8gZW4gVGlrYmFsYW5nXQpFbiBwcmltZXIgbHVnYXIsIHNvbiBtdXkgYWx0b3MgXjg4MDA4OCh0Y2jigKYgb2phbMOhIHlvIGxvIGZ1ZXJhKV4wMDAwMDAgeSB0aWVuZW4gbGFzIHBpZXJuYXMgeSBsb3MgYnJhem9zIGRlbGdhZG9zIHkgZGVzaWd1YWxlcy4gU29uIG11eSBwYXJlY2lkb3MgYSBsb3MgaHVtYW5vcywgcGVybyBjdWFuZG8gc2Ugc2llbnRhbiwgc3VzIHJvZGlsbGFzIHF1ZWRhbiBtw6FzIGFsdGFzIHF1ZSBsYSBwYXJ0ZSBzdXBlcmlvciBkZSBzdSBjdWVycG8u
0FB0AQ,,W1Rpa2JhbGFuZyBFeHBlcnRdClNlY29uZCwgaXMgdGhlIHN0YW5kYXJkIGNoYXJhY3RlcmlzdGljcyBhY2tub3dsZWRnZWQgYnkgdGhlIGFzc29jaWF0aW9uLiBUaGV5IGhhdmUgaGVhZHMgYW5kIGZvb3QgbGlrZSBhIGhvcnNlLg==,,,,,W0VzcGVjaWFsaXN0YSBlbSBUaWtiYWxhbmddCkVtIHNlZ3VuZG8gbHVnYXIsIGVzdMOjbyBhcyBjYXJhY3RlcsOtc3RpY2FzIHBhZHLDo28gcmVjb25oZWNpZGFzIHBlbGEgYXNzb2NpYcOnw6NvLiBFbGVzIHTDqm0gY2FiZcOnYSBlIHDDqXMgY29tbyBvcyBkZSB1bSBjYXZhbG8u,,W0V4cGVydG8gZW4gVGlrYmFsYW5nXQpFbiBzZWd1bmRvIGx1Z2FyLCBlc3TDoW4gbGFzIGNhcmFjdGVyw61zdGljYXMgZXN0w6FuZGFyIHJlY29ub2NpZGFzIHBvciBsYSBhc29jaWFjacOzbi4gVGllbmVuIGNhYmV6YXMgeSBwYXRhcyBkZSBjYWJhbGxvLg==
0VB0AQ,,W1Rpa2JhbGFuZyBFeHBlcnRdClNvIHdpdGggYWxsIHRoZXNlIGFwcGVhcmFuY2UgdHJlYXRzLCBUaWtiYWxhbmcgaXMgc29tZXRpbWVzIGNhbGxlZCB0aGUgY3JlYXR1cmUgZnJvbSBoZWxsLg==,,,,,W0VzcGVjaWFsaXN0YSBlbSBUaWtiYWxhbmddClBvcnRhbnRvLCBjb20gdG9kYXMgZXNzYXMgY2FyYWN0ZXLDrXN0aWNhcyBkZSBhcGFyw6puY2lhLCBvIFRpa2JhbGFuZyDDoHMgdmV6ZXMgw6kgY2hhbWFkbyBkZSBjcmlhdHVyYSBkbyBpbmZlcm5vLg==,,W0V4cGVydG8gZW4gVGlrYmFsYW5nXQpBc8OtIHF1ZSwgY29uIHRvZG9zIGVzdG9zIHJhc2dvcywgc2Ugc3VlbGUgY29ub2NlciBhIGxvcyBUaWtiYWxhbmcgY29tbyBsYXMgY3JpYXR1cmFzIGRlbCBpbmZpZXJuby4=
0lB0AQ,,W1Rpa2JhbGFuZyBFeHBlcnRdClRoZXJlIGFyZSBzZXZlcmFsIGZ1biBydW1vcnMgYWJvdXQgVGlrYmFsYW5ncy4=,,,,,W0VzcGVjaWFsaXN0YSBlbSBUaWtiYWxhbmddCkjDoSB2w6FyaW9zIHJ1bW9yZXMgZGl2ZXJ0aWRvcyBzb2JyZSBvcyBUaWtiYWxhbmdzLg==,,W0V4cGVydG8gZW4gVGlrYmFsYW5nXQpFeGlzdGVuIHZhcmlvcyBydW1vcmVzIGRpdmVydGlkb3Mgc29icmUgbG9zIFRpa2JhbGFuZy4=
01B0AQ,,W1Rpa2JhbGFuZyBFeHBlcnRdCk9uZSBvZiB0aGVtIGlzIGFib3V0IFRpa2JhbGFuZ3MgYmVpbmcgdGhlIGd1YXJkaWFucyBvZiBzb21lIGtpbmdkb20gdGhhdCB3b3JzaGlwcyBuYXR1cmUu,,,,,W0VzcGVjaWFsaXN0YSBlbSBUaWtiYWxhbmddClVtIGRlbGVzIMOpIHNvYnJlIG9zIFRpa2JhbGFuZ3Mgc2VyZW0gb3MgZ3VhcmRpw7VlcyBkZSB1bSByZWlubyBxdWUgYWRvcmEgYSBuYXR1cmV6YS4=,,W0V4cGVydG8gZW4gVGlrYmFsYW5nXQpVbm8gZGUgZWxsb3MgZXMgcXVlIGxvcyBUaWtiYWxhbmcgc29uIGd1YXJkaWFuZXMgZGUgYWxnw7puIHJlaW5vIHF1ZSByaW5kZSBjdWx0byBhIGxhIG5hdHVyYWxlemEu
1FB0AQ,,W1Rpa2JhbGFuZyBFeHBlcnRdClNvIHRoZSBUaWtiYWxhbmdzIHdpbGwgdHJpY2sgdHJhdmVsZXJzIHdobyBjb21lIHdpdGggYmFkIGludGVudGlvbnMgdG8gdGhlIGtpbmdkb20gYnkgbWFraW5nIHRoZW0gdHJhdmVsIGluIGNpcmNsZXMu,,,,,W0VzcGVjaWFsaXN0YSBlbSBUaWtiYWxhbmddClBvcnRhbnRvLCBvcyBUaWtiYWxhbmdzIGVuZ2FuYXLDo28gb3MgdmlhamFudGVzIHF1ZSBjaGVnYW0gYW8gcmVpbm8gY29tIG3DoXMgaW50ZW7Dp8O1ZXMsIGZhemVuZG8tb3MgdmlhamFyIGVtIGPDrXJjdWxvcy4=,,W0V4cGVydG8gZW4gVGlrYmFsYW5nXQpBc8OtIHF1ZSBsb3MgVGlrYmFsYW5nIGVuZ2HDsWFuIGEgbG9zIHZpYWplcm9zIHF1ZSBsbGVnYW4gYWwgcmVpbm8gY29uIG1hbGFzIGludGVuY2lvbmVzIHkgaGFjZW4gcXVlIGNhbWluZW4gZW4gY8OtcmN1bG8u
1VB0AQ,,W1Rpa2JhbGFuZyBFeHBlcnRdCkFub3RoZXIgcnVtb3IgaXMgdGhhdCBwZW9wbGUgYXJvdW5kIGhlcmUgc2F5IHRoYXQgJ2lmIGl0IHJhaW5zIG9uIGEgY2xlYXIgZGF5LCB0aGVuIGl0IG11c3QgYmUgVGlrYmFsYW5nJ3Mgd2VkZGluZyBkYXknLg==,,,,,W0VzcGVjaWFsaXN0YSBlbSBUaWtiYWxhbmddCk91dHJvIGJvYXRvIMOpIHF1ZSBhcyBwZXNzb2FzIGRhcXVpIGRpemVtIHF1ZSAnJ3NlIGNob3ZlciBlbSB1bSBkaWEgY2xhcm8sIGVudMOjbyBkZXZlIHNlciBvIGRpYSBkbyBjYXNhbWVudG8gZGUgdW0gVGlrYmFsYW5nJycu,,W0V4cGVydG8gZW4gVGlrYmFsYW5nXQpPdHJvIHJ1bW9yIHF1ZSBjb21lbnRhIGxhIGdlbnRlIGRlIHBvciBhcXXDrSBlcyBxdWUsIHNpIGxsdWV2ZSBlbiB1biBkw61hIGRlc3BlamFkbywgZXMgcG9ycXVlIHNlIGNhc2EgdW4gVGlrYmFsYW5nLg==
1lB0AQ,,W1Rpa2JhbGFuZyBFeHBlcnRdClRoZSBhc3NvY2lhdGlvbiBzcGVjdWxhdGVzIHRoYXQgc2F5aW5ncyBsaWtlICdpdCByYWlucyBvbiBCYXRob3J5cyB3ZWRkaW5nIGRheScgb3IgJ2l0IHJhaW5zIG9uIE1vb25saWdodCBGbG93ZXJzIHdlZGRpbmcgZGF5JyBtaWdodCBoYXZlIGRlcml2ZWQgZnJvbSB0aGUgVGlrYmFsYW5ncyBzYXlpbmcu,,,,,W0VzcGVjaWFsaXN0YSBlbSBUaWtiYWxhbmddCkEgYXNzb2NpYcOnw6NvIGVzcGVjdWxhIHF1ZSBkaXRhZG9zIGNvbW8gJydjaG92ZSBubyBkaWEgZG8gY2FzYW1lbnRvIGRlIEJhdGhvcnlzJycgb3UgJydjaG92ZSBubyBkaWEgZG8gY2FzYW1lbnRvIGRlIEZsb3IgZG8gTHVhcicnIHBvZGVtIHRlciBzaWRvIGRlcml2YWRvcyBkZSBkaXRhZG9zIGRvcyBUaWtiYWxhbmdzLg==,,W0V4cGVydG8gZW4gVGlrYmFsYW5nXQpEZXNkZSBsYSBhc29jaWFjacOzbiBzZSBjcmVlIHF1ZSBsb3MgZGljaG9zIGNvbW8g4oCcbGx1ZXZlIHBvcnF1ZSBzZSBjYXNhIHVuIEJhdGhvcnnigJ0gbyDigJxsbHVldmUgcG9ycXVlIHNlIGNhc2EgdW5hIEZsb3IgbHVuYXLigJ0gcG9kcsOtYW4gaGFiZXIgZGVyaXZhZG8gZGVsIHJ1bW9yIHNvYnJlIGxvcyBUaWtiYWxhbmcu
11B0AQ,,W1Rpa2JhbGFuZyBFeHBlcnRdCkxhc3RseSwgYW5jaWVudCBmYWlyeSB0YWxlcyBzYXkgdGhhdCBUaWtiYWxhbmdzIGNhbiB0cmFuc2Zvcm0gaW50byBodW1hbiBmb3JtIG9yIGV2ZW4gbWFrZSB0aGVtc2VsdmVzIHRyYW5zcGFyZW50IGJ1dCBub2JvZHkgaGFzIHZlcmlmaWVkIHRoaXMgeWV0Lg==,,,,,W0VzcGVjaWFsaXN0YSBlbSBUaWtiYWxhbmddClBvciBmaW0sIG9zIGFudGlnb3MgY29udG9zIGRlIGZhZGFzIGRpemVtIHF1ZSBvcyB0aWtiYWxhbmdzIHBvZGVtIHNlIHRyYW5zZm9ybWFyIGVtIGZvcm1hIGh1bWFuYSBvdSBhdMOpIG1lc21vIHNlIHRvcm5hciB0cmFuc3BhcmVudGVzLCBtYXMgbmluZ3XDqW0gY29tcHJvdm91IGlzc28gYWluZGEu,,W0V4cGVydG8gZW4gVGlrYmFsYW5nXQpQb3Igw7psdGltbywgZW4gbG9zIGFudGlndW9zIGN1ZW50b3MgZGUgaGFkYXMgc2UgcmVsYXRhIHF1ZSBsb3MgVGlrYmFsYW5nIHB1ZWRlbiB0cmFuc2Zvcm1hcnNlIGVuIHNlcmVzIGh1bWFub3MgbyBoYWNlcnNlIGludmlzaWJsZXMsIHBlcm8gbmFkaWUgbG8gaGEgZGVtb3N0cmFkby4=
2FB0AQ,,W1Rpa2JhbGFuZyBFeHBlcnRdClRpa2JhbGFuZ3MgdXN1YWxseSBsaXZlIGluIGRhcmssIGJ1c3kgcGxhY2VzIHdoZXJlIHRoZXJlIGFyZW50IG1hbnkgcGVvcGxlIGFyb3VuZC4=,,,,,W0VzcGVjaWFsaXN0YSBlbSBUaWtiYWxhbmddCk9zIHRpa2JhbGFuZ3MgZ2VyYWxtZW50ZSB2aXZlbSBlbSBsdWdhcmVzIGVzY3Vyb3MgZSBtb3ZpbWVudGFkb3MsIG9uZGUgbsOjbyBow6EgbXVpdGFzIHBlc3NvYXMgcG9yIHBlcnRvLg==,,W0V4cGVydG8gZW4gVGlrYmFsYW5nXQpMb3MgVGlrYmFsYW5nIHN1ZWxlbiB2aXZpciBlbiBsdWdhcmVzIG9zY3Vyb3MgeSB0cmFuc2l0YWRvcyBkb25kZSBubyBoYXkgbXVjaGEgZ2VudGUgYWxyZWRlZG9yLg==
2VB0AQ,,W1Rpa2JhbGFuZyBFeHBlcnRdCkhtbS4uLiBGb3IgZXhhbXBsZSwgdGhleSBhcmUga25vd24gdG8gbGl2ZSBiZW5lYXRoIGJyaWRnZXMsIGluIGJhbmFuYSBhbmQgYmFtYm9vIGZvcmVzdHMgYW5kIGJlbmVhdGggbGFyZ2UgdHJlZXMu,,,,,W0VzcGVjaWFsaXN0YSBlbSBUaWtiYWxhbmddCkhtbS4uLiBQb3IgZXhlbXBsbywgZWxlcyBzw6NvIGNvbmhlY2lkb3MgcG9yIHZpdmVyZW0gZW1iYWl4byBkZSBwb250ZXMsIGVtIGZsb3Jlc3RhcyBkZSBiYW5hbmEgZSBiYW1idSBlIGVtYmFpeG8gZGUgw6Fydm9yZXMgZ3JhbmRlcy4=,,W0V4cGVydG8gZW4gVGlrYmFsYW5nXQpNbW3igKYgUG9yIGVqZW1wbG8sIHNlIHNhYmUgcXVlIHZpdmVuIGRlYmFqbyBkZSBwdWVudGVzLCBlbiBib3NxdWVzIGRlIGJhbmFub3MgeSBiYW1iw7ogeSBkZWJham8gZGUgZ3JhbmRlcyDDoXJib2xlcy4=
2lB0AQ,,W1Rpa2JhbGFuZyBFeHBlcnRdCkFuZCB0aGlzIGlzIGp1c3QgbXkgb3BpbmlvbiBidXQgd291bGRudCB5b3UgYWdyZWUgdGhhdCB0aGV5IGFyZSBsaXZpbmcgaW4gZGFyayBwbGFjZXMgYmVjYXVzZSBpdCBpcyBlYXNpZXIgdG8gcGxheSBwcmFua3Mgb24gcGVvcGxlPw==,,,,,W0VzcGVjaWFsaXN0YSBlbSBUaWtiYWxhbmddCkUgZXN0YSDDqSBhcGVuYXMgbWluaGEgb3BpbmnDo28sIG1hcyB2b2PDqiBuw6NvIGNvbmNvcmRhIHF1ZSBlbGVzIGVzdMOjbyB2aXZlbmRvIGVtIGx1Z2FyZXMgZXNjdXJvcyBwb3JxdWUgw6kgbWFpcyBmw6FjaWwgcHJlZ2FyIHBlw6dhcyBuYXMgcGVzc29hcz8=,,W0V4cGVydG8gZW4gVGlrYmFsYW5nXQpZIGVzIHNvbG8gbWkgb3BpbmnDs24sIHBlcm8gwr9ubyBjcmVlcyBxdWUgdml2ZW4gZW4gbHVnYXJlcyBvc2N1cm9zIHBvcnF1ZSBhc8OtIGVzIG3DoXMgZsOhY2lsIGhhY2VybGUgYnJvbWFzIGEgbGEgZ2VudGU/
21B0AQ,,W1Rpa2JhbGFuZyBFeHBlcnRdCkkgdGhpbmsgdGhpcyBpcyBlbm91Z2ggZXhwbGFuYXRpb24gZm9yIG5vdy4gWW91IHdvdWxkbnQgdW5kZXJzdGFuZCBvdGhlciBoaWdobHkgc29waGlzdGljYXRlZCB0b3BpY3Mgd2l0aCBzcGVjaWZpYyB0ZXJtaW5vbG9neSBhbmQgYWxsIGFueXdheS4=,,,,,W0VzcGVjaWFsaXN0YSBlbSBUaWtiYWxhbmddCkFjaG8gcXVlIGVzc2EgZXhwbGljYcOnw6NvIMOpIHN1ZmljaWVudGUgcG9yIGVucXVhbnRvLiBEZSBxdWFscXVlciBmb3JtYSwgdm9jw6ogbsOjbyBlbnRlbmRlcmlhIG91dHJvcyB0w7NwaWNvcyBhbHRhbWVudGUgc29maXN0aWNhZG9zIGNvbSB0ZXJtaW5vbG9naWEgZXNwZWPDrWZpY2EgZSB0dWRvIG1haXMu,,W0V4cGVydG8gZW4gVGlrYmFsYW5nXQpDcmVvIHF1ZSBlc3RhIGV4cGxpY2FjacOzbiBlcyBzdWZpY2llbnRlIHBvciBhaG9yYS4gRGUgdG9kb3MgbW9kb3MsIG5vIGVudGVuZGVyw61hcyBvdHJvcyB0ZW1hcyBtw6FzIGNvbXBsaWNhZG9zIGNvbiB0ZXJtaW5vbG9nw61hIGVzcGVjw61maWNhIHkgdG9kbyBlc28u
3FB0AQ,,W1Rpa2JhbGFuZyBFeHBlcnRdCk9oISBEbyB5b3UgaGF2ZSBhbnkgb3RoZXIgcXVlc3Rpb25zPw==,,,,,W0VzcGVjaWFsaXN0YSBlbSBUaWtiYWxhbmddLgpWb2PDqiB0ZW0gbWFpcyBhbGd1bWEgcGVyZ3VudGE/,,W0V4cGVydG8gZW4gVGlrYmFsYW5nXQrCoUFoISDCv1RpZW5lcyBhbGd1bmEgb3RyYSBwcmVndW50YT8=
3VB0AQ,,W1Rpa2JhbGFuZyBFeHBlcnRdCldoYXQgZG8geW91IHRoaW5rPyBJbXByZXNzZWQgYXQgaG93IG11Y2ggSSBrbm93PyBDb21lIGJ5IGFueXRpbWUgd2hlbiB5b3UgaGF2ZSBhbnkgbW9yZSBxdWVzdGlvbnMu,,,,,W0VzcGVjaWFsaXN0YSBlbSBUaWtiYWxhbmddCk8gcXVlIHZvY8OqIGFjaGE/IEltcHJlc3Npb25hZG8gY29tIG8gbWV1IGNvbmhlY2ltZW50bz8gQXBhcmXDp2EgYSBxdWFscXVlciBtb21lbnRvIHF1YW5kbyB0aXZlciBtYWlzIHBlcmd1bnRhcy4=,,W0V4cGVydG8gZW4gVGlrYmFsYW5nXQrCv1F1w6kgb3BpbmFzPyDCv1RlIGFzb21icmEgbG8gbXVjaG8gcXVlIHPDqT8gU2kgdGllbmVzIG3DoXMgcHJlZ3VudGFzLCB2ZW4gYSB2aXNpdGFybWUgY3VhbmRvIHF1aWVyYXMu
3lB0AQ,,W1Rpa2JhbGFuZyBFeHBlcnRdCkhhIGhhIGhhLiBEbyB5b3Ugbm93IGtub3cgaG93IGdyZWF0IEkgYW0/,,,,,W0VzcGVjaWFsaXN0YSBlbSBUaWtiYWxhbmddCkhhIGhhIGhhLiBBZ29yYSB2b2PDqiBzYWJlIG8gcXVhbnRvIGV1IHNvdSBib20u,,W0V4cGVydG8gZW4gVGlrYmFsYW5nXQpKYSwgamEsIGphLiDCv1NhYmVzIGxvIGdlbmlhbCBxdWUgc295Pw==
31B0AQ,,W1Rpa2JhbGFuZyBFeHBlcnRdCk9oISBJc250IHRoaXMgbWF0ZXJpYWwgdG8gbWFrZSAnVGlrYmFsYW5nIEJlbHQnIHVzZWQgdG8gdGFtZSBUaWtiYWxhbmdzPw==,,,,,W0VzcGVjaWFsaXN0YSBlbSBUaWtiYWxhbmddCkVzc2UgbWF0ZXJpYWwgcGFyYSBmYXplciBvICcnQ2ludG8gZGUgVGlrYmFsYW5nJycgbsOjbyDDqSB1c2FkbyBwYXJhIGRvbWFyIG9zIFRpa2JhbGFuZ3M/,,W0V4cGVydG8gZW4gVGlrYmFsYW5nXQrCoUFoISDCv0VzdGUgbWF0ZXJpYWwgbm8gc2UgdXNhIGVuIGxhIGZhYnJpY2FjacOzbiBkZWwg4oCcQ2ludHVyw7NuIFRpa2JhbGFuZ+KAnSBwYXJhIGRvbWFyIGEgbG9zIFRpa2JhbGFuZz8=
4FB0AQ,,W1Rpa2JhbGFuZyBFeHBlcnRdClRoZSAnXkY4MDgzNVRpa2JhbGFuZyBCZWx0IF4wMDAwMDAnIGlzIHVzZWQgdG8gY2FwdHVyZSBUaWtiYWxhbmdzIHdpdGhvdXQgdGhlIGhhc3NsZS4gQnV0IHRoYXQgZG9lc250IG1lYW4gaXRzIDEwMCUgc3VjY2Vzc2Z1bC4gSW50ZXJlc3RlZD8gRG8geW91IHdhbnQgbWUgdG8gbWFrZSBvbmUgZm9yIHlvdT8=,,,,,W0VzcGVjaWFsaXN0YSBlbSBUaWtiYWxhbmddLgpPICdeRjgwODM1Q2ludG8gZGUgVGlrYmFsYW5nXjAwMDAwMCcgw6kgdXNhZG8gcGFyYSBjYXB0dXJhciBUaWtiYWxhbmdzIHNlbSBjb21wbGljYcOnw7Vlcy4gTWFzIGlzc28gbsOjbyBzaWduaWZpY2EgcXVlIHNlamEgMTAwJSBiZW0tc3VjZWRpZG8uIEludGVyZXNzYWRvPyBRdWVyIHF1ZSBldSBmYcOnYSB1bSBwYXJhIHZvY8OqPw==,,W0V4cGVydG8gZW4gVGlrYmFsYW5nXQpFbCDigJxeMUE5NUU2Q2ludHVyw7NuIFRpa2JhbGFuZyBeMDAwMDAw4oCdIHNlIHVzYSBwYXJhIGNhcHR1cmFyIFRpa2JhbGFuZyBzaW4gY29tcGxpY2FjaW9uZXMuIFBlcm8gZXNvIG5vIHNpZ25pZmljYSBxdWUgc2VhIGNpZW4gcG9yIGNpZW50byBlZmVjdGl2by4gwr9UZSBpbnRlcmVzYT8gwr9RdWllcmVzIHF1ZSB0ZSBoYWdhIHVubz8=
4VB0AQ,,WWVzLCBJbSBpbnRlcmVzdGVkLg==,,,,,U2ltLCB0ZW5obyBpbnRlcmVzc2Uu,,U8OtLCBtZSBpbnRlcmVzYS4=
4lB0AQ,,Tm8sIEkgY2FuIGNhcHR1cmUgb25lIG15c2VsZi4=,,,,,TsOjbywgZXUgbWVzbW8gcG9zc28gY2FwdHVyYXIgdW0u,,Tm8sIHB1ZWRvIGNhcHR1cmFyIHVubyBwb3IgbWlzIHByb3Bpb3MgbWVkaW9zLg==
41B0AQ,,W1Rpa2JhbGFuZyBFeHBlcnRdCllpaWlpaWlpaWlpaWkhIFlhcCE=,,,,,W0VzcGVjaWFsaXN0YSBlbSBUaWtiYWxhbmddCllpaWlpaWlpaWlpaWlpaWlpISBZYXAh,,W0V4cGVydG8gZW4gVGlrYmFsYW5nXQrCoVlpaWlpaXAhIMKhWWFwIQ==
5FB0AQ,,SHVoPw==,,,,,SMOjPw==,,wr9FaD8=
5VB0AQ,,W1Rpa2JhbGFuZyBFeHBlcnRdClRoZSAnXkY4MDgzNVRpa2JhbGFuZyBCZWx0IF4wMDAwMDAnIGlzIGFscmVhZHkgY3JlYXRlZA==,,,,,W0VzcGVjaWFsaXN0YSBlbSBUaWtiYWxhbmddCk8gJ15GODA4MzVDaW50byBkZSBUaWtiYWxhbmcgXjAwMDAwMCcgasOhIGZvaSBjcmlhZG8=,,W0V4cGVydG8gZW4gVGlrYmFsYW5nXQrCoUVsIOKAnF4xQTk1RTZDaW50dXLDs24gVGlrYmFsYW5nXjAwMDAwMOKAnSBlc3TDoSBsaXN0by4=
5lB0AQ,,W1Rpa2JhbGFuZyBFeHBlcnRdCllvdT8gSGEuLi4gWW91IGNhbiB0cnkgaWYgeW91IHdhbnQgdG8u,,,,,W0VzcGVjaWFsaXN0YSBlbSBUaWtiYWxhbmddClZvY8OqPyBIYS4uLiBWb2PDqiBwb2RlIHRlbnRhciBzZSBxdWlzZXIu,,W0V4cGVydG8gZW4gVGlrYmFsYW5nXQrCv1TDuj8gSmHigKYgUHVlZGVzIGludGVudGFybG8gc2kgcXVpZXJlcy4=
51B0AQ,,W1Rpa2JhbGFuZyBFeHBlcnRdClRoZXJlIGlzIHRoZSBlYXN5IHdheSBhbmQgdGhlIGhhcmQgd2F5IHRvIGNhcHR1cmUgVGlrYmFsYW5ncy4gV2hpY2ggb25lIGRvIHlvdSBwcmVmZXI/,,,,,W0VzcGVjaWFsaXN0YSBlbSBUaWtiYWxhbmddCkV4aXN0ZSBvIG1vZG8gZsOhY2lsIGUgbyBtb2RvIGRpZsOtY2lsIGRlIGNhcHR1cmFyIFRpa2JhbGFuZ3MuIFF1YWwgZGVsZXMgdm9jw6ogcHJlZmVyZT8=,,W0V4cGVydG8gZW4gVGlrYmFsYW5nXQpIYXkgdW4gbcOpdG9kbyBmw6FjaWwgeSB1biBtw6l0b2RvIGRpZsOtY2lsIHBhcmEgY2FwdHVyYXIgYSBsb3MgVGlrYmFsYW5nLiDCv0N1w6FsIHByZWZpZXJlcz8=
6FB0AQ,,RWFzeSB3YXku,,,,,RGEgbWFuZWlyYSBmw6FjaWwu,,RWwgbcOpdG9kbyBmw6FjaWwu
6VB0AQ,,SGFyZCB3YXku,,,,,RGEgbWFuZWlyYSBkaWbDrWNpbC4=,,RWwgbcOpdG9kbyBkaWbDrWNpbC4=
6lB0AQ,,W1Rpa2JhbGFuZyBFeHBlcnRdCkhhIGhhLiBJdmUgY29tZSB1cCB3aXRoIHRoZSBlYXN5IHdheSBteXNlbGYu,,,,,W0VzcGVjaWFsaXN0YSBlbSBUaWtiYWxhbmddCkhhIGhhLiBFdSBtZXNtbyBib2xlaSBhIG1hbmVpcmEgZsOhY2lsLg==,,W0V4cGVydG8gZW4gVGlrYmFsYW5nXQpKYSwgamEuIFlvIG1pc21vIGludmVudMOpIGVsIG3DqXRvZG8gZsOhY2lsLg==
61B0AQ,,W1Rpa2JhbGFuZyBFeHBlcnRdCkJyaW5nIG1lIDMgVGlrYmFsYW5nJ3MgVGhpY2sgU3BpbmVzIGFuZCA1IExlc3NlciBBZ2ltYXRzIHRvIG1ha2U=,,,,,W0VzcGVjaWFsaXN0YSBlbSBUaWtiYWxhbmddClRyYWdhLW1lIDMgRXNwaW5ob3MgR3Jvc3NvcyBkZSBUaWtiYWxhbmcgZSA1IEFnaW1hdHMgTWVub3JlcyBwYXJhIGZhemVy,,W0V4cGVydG8gZW4gVGlrYmFsYW5nXQpUcsOhZW1lIDMgRXNwaW5hcyBncnVlc2FzIGRlIFRpa2JhbGFuZyB5IDUgQWdpbWF0cyBtZW5vcmVzIHBhcmEgaGFjZXI=
7FB0AQ,,W1Rpa2JhbGFuZyBFeHBlcnRdCmEgJ15GODA4MzVUaWtiYWxhbmcgQmVsdF4wMDAwMDAnIHRvIGhlbHAgeW91IGVhc2lseSBjYXB0dXJlIFRpa2JhbGFuZ3Mu,,,,,W0VzcGVjaWFsaXN0YSBlbSBUaWtiYWxhbmdzXQp1bSAnXkY4MDgzNUNpbnRvIGRlIFRpa2JhbGFuZ14wMDAwMDAnIHBhcmEgYWp1ZMOhLWxvIGEgY2FwdHVyYXIgVGlrYmFsYW5ncyBjb20gZmFjaWxpZGFkZS4=,,W0V4cGVydG8gZW4gVGlrYmFsYW5nXQp1biDigJxeMUE5NUU2Q2ludHVyw7NuIFRpa2JhbGFuZ14wMDAwMDDigJ0geSBxdWUgcHVlZGFzIGNhcHR1cmFybG9zIGbDoWNpbG1lbnRlLg==
7VB0AQ,,W1Rpa2JhbGFuZyBFeHBlcnRdCkhhIGhhIGhhIGhhIGhhIQpJIHdpbGwgc2F5IGl0IGFnYWluLgpJdHMgMyBUaWtiYWxhbmcncyBUaGljayBTcGluZXMgYW5kIDUgTGVzc2VyIEFnaW1hdHMuIFVuZGVyc3Rvb2Q/,,,,,W0VzcGVjaWFsaXN0YSBlbSBUaWtiYWxhbmddCkhhIGhhIGhhIGhhIGhhIGhhIQpWb3UgcmVwZXRpci4KU8OjbyAzIGVzcGluaG9zIGdyb3Nzb3MgZGUgVGlrYmFsYW5nIGUgNSBBZ2ltYXRzIE1lbm9yZXMuIEVudGVuZGV1Pw==,,W0V4cGVydG8gZW4gVGlrYmFsYW5nXQrCoUphLCBqYSwgamEsIGphIQpMbyBkaXLDqSBkZSBudWV2by4KU29uIDMgRXNwaW5hcyBncnVlc2FzIGRlIFRpa2JhbGFuZyB5IDUgQWdpbWF0cyBtZW5vcmVzLiDCv0NvbXByZW5kaWRvPw==
7lB0AQ,,W1Rpa2JhbGFuZyBFeHBlcnRdCkl0cyBlYXN5IGZvciBtZSBidXQgSSBkb250IGtub3cgYWJvdXQgeW91Lg==,,,,,W0VzcGVjaWFsaXN0YSBlbSBUaWtiYWxhbmddCsOJIGbDoWNpbCBwYXJhIG1pbSwgbWFzIG7Do28gc2VpIHBhcmEgdm9jw6ou,,W0V4cGVydG8gZW4gVGlrYmFsYW5nXQpQYXJhIG3DrSBlcyBmw6FjaWwsIHBlcm8gbm8gc8OpIHBhcmEgdGku
71B0AQ,,W1Rpa2JhbGFuZyBFeHBlcnRdClRpa2JhbGFuZ3MgaGF2ZSBhIHNoYXJwLCBwb2ludHkgbWFuZSBiZWhpbmQgdGhlaXIgbmVjay4=,,,,,W0VzcGVjaWFsaXN0YSBlbSBUaWtiYWxhbmddCk9zIHRpa2JhbGFuZ3MgdMOqbSB1bWEganViYSBhZmlhZGEgZSBwb250aWFndWRhIGF0csOhcyBkbyBwZXNjb8Onby4=,,W0V4cGVydG8gZW4gVGlrYmFsYW5nXQpMb3MgVGlrYmFsYW5nIHRpZW5lbiB1bmEgY3JpbiBmaWxvc2EgeSBwdW50aWFndWRhIGRldHLDoXMgZGVsIGN1ZWxsby4=
8FB0AQ,,W1Rpa2JhbGFuZyBFeHBlcnRdCk9mIGNvdXJzZSEgVGhlcmUgYXJlIHNldmVyYWwgb2YgdGhlbSBidXQgeW91IG11c3QgZ2V0IHRoZSB0aHJlZSB0aGlja2VzdCBvbmVzLg==,,,,,W0VzcGVjaWFsaXN0YSBlbSBUaWtiYWxhbmddCsOJIGNsYXJvISBIw6EgdsOhcmlvcyBkZWxlcywgbWFzIHZvY8OqIGRldmUgcGVnYXIgb3MgdHLDqnMgbWFpcyBncm9zc29zLg==,,W0V4cGVydG8gZW4gVGlrYmFsYW5nXQrCoVBvciBzdXB1ZXN0byEgVGllbmVuIHZhcmlhcywgcGVybyBkZWJlcyBlbGVnaXIgbGFzIHRyZXMgbcOhcyBncnVlc2FzLg==
8VB0AQ,,W1Rpa2JhbGFuZyBFeHBlcnRdClRoZXNlIHRocmVlIG1hbmVzIGFyZSB0aGUgd2VhayBwb2ludC4gWW91IGNhbiB0YW1lIGEgVGlrYmFsYW5nIGJ5IHB1bGxpbmcgdGhlIG1hbmVzIG91dC4=,,,,,W0VzcGVjaWFsaXN0YSBlbSBUaWtiYWxhbmddCkVzc2FzIHRyw6pzIGNyaW5hcyBzw6NvIG8gcG9udG8gZnJhY28uIFZvY8OqIHBvZGUgZG9tYXIgdW0gVGlrYmFsYW5nIHB1eGFuZG8gYXMgY3JpbmFzIHBhcmEgZm9yYS4=,,W0V4cGVydG8gZW4gVGlrYmFsYW5nXQpFc2FzIHRyZXMgY3JpbmVzIHNvbiBzdSBwdW50byBkw6liaWwuIFBhcmEgZG9tYXIgYSB1biBUaWtiYWxhbmcgYmFzdGEgY29uIHNhY2FybGUgbGFzIGNyaW5lcy4=
8lB0AQ,,W1Rpa2JhbGFuZyBFeHBlcnRdCk5vdyBsZXQgbWUgZXhwbGFpbiBob3cgdG8gcHVsbCB0aGVzZSBtYW5lcyBvdXQu,,,,,W0VzcGVjaWFsaXN0YSBlbSBUaWtiYWxhbmddCkFnb3JhLCB2b3UgbGhlIGV4cGxpY2FyIGNvbW8gcmV0aXJhciBlc3NhcyBjcmluYXMu,,W0V4cGVydG8gZW4gVGlrYmFsYW5nXQpEw6lqYW1lIGV4cGxpY2FydGUgY8OzbW8gc2Fjw6Fyc2VsYXMu
81B0AQ,,W1Rpa2JhbGFuZyBFeHBlcnRdCllvdSBtdXN0IGZseSBsaWtlIGEgYnV0dGVyZmx5IGFuZCBsYW5kIGxpa2UgYSBiZWUgb24gdGhlIGJhY2sgb2YgYSBUaWtiYWxhbmcu,,,,,W0VzcGVjaWFsaXN0YSBlbSBUaWtiYWxhbmddClZvY8OqIGRldmUgdm9hciBjb21vIHVtYSBib3Jib2xldGEgZSBhdGVycmlzc2FyIGNvbW8gdW1hIGFiZWxoYSBuYXMgY29zdGFzIGRlIHVtIFRpa2JhbGFuZy4=,,W0V4cGVydG8gZW4gVGlrYmFsYW5nXQpEZWJlcyB2b2xhciBjb21vIHVuYSBtYXJpcG9zYSB5IGF0ZXJyaXphciBjb21vIHVuYSBhYmVqYSBlbiBlbCBsb21vIGRlbCBUaWtiYWxhbmcu
9FB0AQ,,W1Rpa2JhbGFuZyBFeHBlcnRdCk9mIGNvdXJzZSEgVGhlIFRpa2JhbGFuZyB3aWxsIGdldCBtYWQgYW5kIHRyeSB0byBzaGFrZSB5b3Ugb2ZmIHdpdGggYWxsIGl0cyBtaWdodC4=,,,,,W0VzcGVjaWFsaXN0YSBlbSBUaWtiYWxhbmddCsOJIGNsYXJvISBPIFRpa2JhbGFuZyBmaWNhcsOhIGZ1cmlvc28gZSB0ZW50YXLDoSBzZSBsaXZyYXIgZGUgdm9jw6ogY29tIHRvZGFzIGFzIHN1YXMgZm9yw6dhcy4=,,W0V4cGVydG8gZW4gVGlrYmFsYW5nXQpQb3Igc3VwdWVzdG8sIGVsIFRpa2JhbGFuZyBzZSBlbmZhZGFyw6EgeSBzZSBzYWN1ZGlyw6EgY29uIHRvZGFzIHN1cyBmdWVyemFzLg==
9VB0AQ,,W1Rpa2JhbGFuZyBFeHBlcnRdCkFsbCB5b3UgaGF2ZSB0byBkbyBpcyBob2xkIG9uIHVudGlsIHRoZSBUaWtiYWxhbmcgZ2V0cyBleGhhdXN0ZWQu,,,,,W0VzcGVjaWFsaXN0YSBlbSBUaWtiYWxhbmddClR1ZG8gbyBxdWUgdm9jw6ogcHJlY2lzYSBmYXplciDDqSBlc3BlcmFyIGF0w6kgcXVlIG8gVGlrYmFsYW5nIHNlIGVzZ290ZS4=,,W0V4cGVydG8gZW4gVGlrYmFsYW5nXQpMbyDDum5pY28gcXVlIHRpZW5lcyBxdWUgaGFjZXIgZXMgYWd1YW50YXIgaGFzdGEgcXVlIGVsIFRpa2JhbGFuZyBzZSBhZ290ZS4=
9lB0AQ,,W1Rpa2JhbGFuZyBFeHBlcnRdClRoZW4gYWdhaW4sIGl0bGwgdGFrZSA0IGRheXMgYW5kIDMgbmlnaHRzIGZvciBUaWtiYWxhbmdzIHRvIGdldCB0aXJlZCBzaW5jZSB0aGV5IGFyZSBzdHJvbmcgY3JlYXR1cmVzLiBCdXQgbGV0cyBub3QgZm9jdXMgb24gdG9vIG11Y2ggZGV0YWlscy4=,,,,,W0VzcGVjaWFsaXN0YSBlbSBUaWtiYWxhbmddClBvciBvdXRybyBsYWRvLCBzZXLDo28gbmVjZXNzw6FyaW9zIDQgZGlhcyBlIDMgbm9pdGVzIHBhcmEgcXVlIG9zIFRpa2JhbGFuZ3Mgc2UgY2Fuc2VtLCBwb2lzIHPDo28gY3JpYXR1cmFzIGZvcnRlcy4gTWFzIG7Do28gdmFtb3Mgbm9zIGNvbmNlbnRyYXIgbXVpdG8gbm9zIGRldGFsaGVzLg==,,W0V4cGVydG8gZW4gVGlrYmFsYW5nXQpUZW4gZW4gY3VlbnRhIHF1ZSBsb3MgVGlrYmFsYW5nIHRhcmRhbiA0IGTDrWFzIHkgMyBub2NoZXMgZW4gY2Fuc2Fyc2UsIHlhIHF1ZSBzb24gY3JpYXR1cmFzIGZ1ZXJ0ZXMuIFBlcm8gbm8gbm9zIGNlbnRyZW1vcyB0YW50byBlbiBsb3MgZGV0YWxsZXMu
91B0AQ,,W1Rpa2JhbGFuZyBFeHBlcnRdCldoaWNoIG1lYW5zISEgVGhlIFRpa2JhbGFuZyBpcyBhbHJlYWR5IHRhbWVkLg==,,,,,W0VzcGVjaWFsaXN0YSBlbSBUaWtiYWxhbmddCk8gcXVlIHNpZ25pZmljYTogTyBUaWtiYWxhbmcgasOhIGVzdMOhIGRvbWFkby4=,,W0V4cGVydG8gZW4gVGlrYmFsYW5nXQrCoUN1YW5kbyBzZSBjYW5zYSwgZXNvIHNpZ25pZmljYSBxdWUgZWwgVGlrYmFsYW5nIHlhIGVzdMOhIGRvbWVzdGljYWRvIQ==
+FB0AQ,,VW5pZGVudGlmaWVkIENyZWF0dXJl,,,,,Q3JpYXR1cmEgbsOjbyBpZGVudGlmaWNhZGE=,,VW5pZGVudGlmaWVkIENyZWF0dXJl
+VB0AQ,,VGhlIHVuaWRlbnRpZmllZCBjcmVhdHVyZSBnZXRzIGEgZ2xpbXBzZSBvZiB5b3UsIGJsdXNoZXMgYW5kIHRoZW4gZGlzYXBwZWFycy4=,,,,,QSBjcmlhdHVyYSBuw6NvIGlkZW50aWZpY2FkYSB2w6ogdm9jw6ogZGUgcmVsYW5jZSwgZmljYSBjb3JhZGEgZSBkZXNhcGFyZWNlLg==,,TGEgY3JpYXR1cmEgbm8gaWRlbnRpZmljYWRhIHRlIGVjaGEgdW4gdmlzdGF6bywgc2UgcnVib3JpemEgeSBkZXNhcGFyZWNlLg==
+lB0AQ,,VGhlIHVuaWRlbnRpZmllZCBjcmVhdHVyZSBnZXRzIGEgZ2xpbXBzZSBvZiB5b3UgYW5kIGRpc2FwcGVhcnMu,,,,,QSBjcmlhdHVyYSBuw6NvIGlkZW50aWZpY2FkYSB2w6ogdm9jw6ogZGUgcmVsYW5jZSBlIGRlc2FwYXJlY2Uu,,TGEgY3JpYXR1cmEgbm8gaWRlbnRpZmljYWRhIHRlIGVjaGEgdW4gdmlzdGF6byB5IGRlc2FwYXJlY2Uu
+1B0AQ,,VGhlIHVuaWRlbnRpZmllZCBjcmVhdHVyZSBsb29rcyBhdCB5b3UgYW5kIHJ1bnMgYXdheS4=,,,,,QSBjcmlhdHVyYSBuw6NvIGlkZW50aWZpY2FkYSBvbGhhIHBhcmEgdm9jw6ogZSBmb2dlLg==,,TGEgY3JpYXR1cmEgbm8gaWRlbnRpZmljYWRhIHRlIGVjaGEgdW4gdmlzdGF6byB5IGh1eWUu
/FB0AQ,,R3JhbmRtYQ==,,,,,Vm92w7M=,,R3JhbmRtYQ==
/VB0AQ,,W0dyYW5kbWFdCllvdXJlIG5vdCBmcm9tIGFyb3VuZCBoZXJlPyBUYWtlIGNhcmUgb2YgeW91cnNlbGYu,,,,,W1ZvdsOzXQpWb2PDqiBuw6NvIMOpIGRhcXVpPyBDdWlkZSBkZSBzaS4=,,W0FidWVsYV0Kwr9ObyBlcmVzIGRlIHBvciBhcXXDrT8gQ3XDrWRhdGUu
/lB0AQ,,W0dyYW5kbWFdCkltIHdvcnJpZWQgYmVjYXVzZSBteSBkYXVnaHRlci1pbi1sYXcgaXMgcHJlZ25hbnQuIEkgaG9wZSBub3RoaW5nIGdvZXMgd3Jvbmcu,,,,,W1ZvdsOzXQpFc3RvdSBwcmVvY3VwYWRhIHBvcnF1ZSBtaW5oYSBub3JhIGVzdMOhIGdyw6F2aWRhLiBFc3Blcm8gcXVlIG5hZGEgZMOqIGVycmFkby4=,,W0FidWVsYV0KRXN0b3kgcHJlb2N1cGFkYSBwb3JxdWUgbWkgbnVlcmEgZXN0w6EgZW1iYXJhemFkYS4gRXNwZXJvIHF1ZSB0b2RvIHNhbGdhIGJpZW4u
/1B0AQ,,W0dyYW5kbWFdCkkgaGVhcmQgdGhlcmUgaXMgYW4gb3V0c2lkZXIgdGhhdCBpcyBoZWxwaW5nIHRoZSB2aWxsYWdlLg==,,,,,W1ZvdsOzXQpPdXZpIGRpemVyIHF1ZSBow6EgdW1hIHBlc3NvYSBkZSBmb3JhIHF1ZSBlc3TDoSBhanVkYW5kbyBhIGFsZGVpYS4=,,W0FidWVsYV0KRXNjdWNow6kgcXVlIGhheSB1bmEgcGVyc29uYSBleHRyYcOxYSBxdWUgZXN0w6EgYXl1ZGFuZG8gYSBsYSBhbGRlYS4=
AFF0AQ,,W0dyYW5kbWFdClRoZW4gbXkgZGF1Z2h0ZXItaW4tbGF3IHdpbGwgYmUgc2FmZS4=,,,,,W1ZvdsOzXQpFbnTDo28sIG1pbmhhIG5vcmEgZXN0YXLDoSBzZWd1cmEu,,W0FidWVsYV0KRW50b25jZXMsIG1pIG51ZXJhIGVzdGFyw6EgYSBzYWx2by4=
AVF0AQ,,W0dyYW5kbWFdCkhlYXJkIHRoZXJlIGlzIHRoaXN7fXRoYXQgZm9sbG93cyBNZW9uZW9udW5jbGUgYXJvdW5kLg==,,,,,W1ZvdsOzXQpPdXZpIGRpemVyIHF1ZSBow6EgdW0gdGFsIGRle31xdWUgc2VndWUgbyBNZW9uZW9udW5jbGUgcG9yIGHDrS4=,,W0FidWVsYV0KRXNjdWNow6kgcXVlIHt9IHNpZ3VlIHBvciB0b2RvcyBsYWRvcyBhIGxhIGxsb3JvbmEu
AlF0AQ,,W0dyYW5kbWFdCkkgd2lsbCBjaGVlciBmb3IgdGhlaXIgZm9yYmlkZGVuIGxvdmUu,,,,,W1ZvdsOzXQpWb3UgdG9yY2VyIHBlbG8gYW1vciBwcm9pYmlkbyBkZWxlcy4=,,W0FidWVsYV0KQXBsYXVkaXLDqSBzdSBhbW9yIHByb2hpYmlkby4=
A1F0AQ,,W0dyYW5kbWFdCkltIHdvcnJpZWQgYWJvdXQgbXkgcHJlZ25hbnQgZGF1Z2h0ZXItaW4tbGF3LiBIb3BlIE1lb25lb251bmNsZSB3b250IGJvdGhlciBoZXIu,,,,,W1ZvdsOzXQpFc3RvdSBwcmVvY3VwYWRhIGNvbSBtaW5oYSBub3JhIGdyw6F2aWRhLiBFc3Blcm8gcXVlIE1lb25lb251bmNsZSBuw6NvIGEgaW5jb21vZGUu,,W0FidWVsYV0KTWUgcHJlb2N1cGEgbWkgbnVlcmEgZW1iYXJhemFkYS4gRXNwZXJvIHF1ZSBsYSBsbG9yb25hIG5vIGxhIG1vbGVzdGUu
BFF0AQ,,TWVvbmVvbnVuY2xlPw==,,,,,TWVvbmVvbnVuY2xlPw==,,wr9MYSBsbG9yb25hPw==
BVF0AQ,,W0dyYW5kbWFdCk5vdCBmcm9tIGFyb3VuZCBoZXJlPyBMZXQgbWUgdGVsbCB5b3Ugd2h5IGV2ZW4gYSBmb3JlaWduZXIgbGlrZSB5b3Ugc2hvdWxkIGJlIGNhcmVmdWwu,,,,,W1ZvdsOzXQpOw6NvIMOpIGRhcXVpPyBWb3UgdGUgZGl6ZXIgcG9yIHF1ZSBhdMOpIG1lc21vIHVtIGVzdHJhbmdlaXJvIGNvbW8gdm9jw6ogZGV2ZSB0ZXIgY3VpZGFkby4=,,W0FidWVsYV0Kwr9ObyBlcmVzIGRlIHBvciBhcXXDrT8gVGUgY29udGFyw6kgcG9yIHF1w6kgaW5jbHVzbyB1bmEgcGVyc29uYSBleHRyYW5qZXJhIGNvbW8gdMO6IGRlYmUgdGVuZXIgY3VpZGFkby4=
BlF0AQ,,W0dyYW5kbWFdCk1lb25lb251bmNsZSB3YXMgYSB3b21hbiB3aG8gbGl2ZWQgaW4gUG9ydCBNYWxheWEgbG9uZyBhZ28uIFNoZSBtYXJyaWVkIGEgZGVjZW50IG1hbiBhbmQgYWxzbyBoYWQgYSBiYWJ5Lg==,,,,,W1ZvdsOzXQpNZW9uZW9udW5jbGUgZXJhIHVtYSBtdWxoZXIgcXVlIHZpdmV1IGVtIFBvcnRvIE1hbGF5YSBow6EgbXVpdG8gdGVtcG8uIEVsYSBzZSBjYXNvdSBjb20gdW0gaG9tZW0gZGVjZW50ZSBlIHRhbWLDqW0gdGV2ZSB1bSBiZWLDqi4=,,W0FidWVsYV0KTGEgbGxvcm9uYSBlcmEgdW5hIG11amVyIHF1ZSB2aXZpw7MgZW4gUHVlcnRvIE1hbGF5YSBoYWNlIG11Y2hvIHRpZW1wby4gU2UgY2Fzw7MgY29uIHVuIGJ1ZW4gaG9tYnJlIHkgdHV2byB1biBiZWLDqS4=
B1F0AQ,,W0dyYW5kbWFdCkJ1dCBoYXBwaW5lc3MgbmV2ZXIgbGFzdHMgZm9yZXZlciwgcmlnaHQ/IFRoZSBiYWJ5IHdhcyBtaXNjYXJyaWVkIGZyb20gYW4gYWNjaWRlbnQs,,,,,W1ZvdsOzXQpNYXMgYSBmZWxpY2lkYWRlIG51bmNhIGR1cmEgcGFyYSBzZW1wcmUsIGNlcnRvPyBPIGJlYsOqIGZvaSBhYm9ydGFkbyBkZXZpZG8gYSB1bSBhY2lkZW50ZSwgZSBlbnTDo28s,,W0FidWVsYV0KUGVybyBsYSBmZWxpY2lkYWQgbnVuY2EgZHVyYSBwYXJhIHNpZW1wcmUsIMK/Y2llcnRvPyBMYSBtYWRyZSBzdWZyacOzIHVuIGFib3J0byBlc3BvbnTDoW5lbyBhIGNhdXNhIGRlIHVuIGFjY2lkZW50ZS4=
CFF0AQ,,W0dyYW5kbWFdClNoZSBldmVudHVhbGx5IHBhc3NlZCBhd2F5IGFmdGVyIGdyaWV2aW5nIG92ZXIgaGVyIGxvc3QgYmFieSBmb3IgZGF5cy4=,,,,,W1ZvdsOzXQplbGEgYWNhYm91IGZhbGVjZW5kbyBkZXBvaXMgZGUgc29mcmVyIHBvciBkaWFzIGNvbSBhIHBlcmRhIGRvIGJlYsOqLg==,,W0FidWVsYV0KRmluYWxtZW50ZSwgZmFsbGVjacOzIHRyYXMgbGxvcmFyIGR1cmFudGUgZMOtYXMgbGEgcMOpcmRpZGEgZGUgc3UgYmViw6ku
CVF0AQ,,VGhhdCBpcyBhIHNhZCBzdG9yeS4=,,,,,RXNzYSBoaXN0w7NyaWEgw6kgdHJpc3RlLg==,,wqFRdcOpIGhpc3RvcmlhIHRhbiB0cmlzdGUh
ClF0AQ,,W0dyYW5kbWFdCk1lb25lb251bmNsZSB0aGVuIHN0YXJ0ZWQgdG8gYXBwZWFyIGluIHNwaXJpdCBhbmQgdGFrZSBhd2F5IGJhYmllcyBmcm9tIHByZWduYW50IHdvbWVuIGluIHRoZSB2aWxsYWdlLg==,,,,,W0F2w7NdCk1lb25lb251bmNsZSBjb21lw6dvdSBlbnTDo28gYSBhcGFyZWNlciBlbSBlc3DDrXJpdG8gZSBhIHRpcmFyIGJlYsOqcyBkYXMgbXVsaGVyZXMgZ3LDoXZpZGFzIGRhIGFsZGVpYS4=,,W0FidWVsYV0KRW50b25jZXMsIGVsIGVzcMOtcml0dSBkZSBsYSBsbG9yb25hIGVtcGV6w7MgYSBhcGFyZWNlciBlbiBsYSBhbGRlYSB5IGEgbGxldmFybGVzIGxvcyBiZWLDqXMgcmVjacOpbiBuYWNpZG9zIGEgc3VzIG1hZHJlcy4=
C1F0AQ,,W0dyYW5kbWFdCklmIHlvdSBldmVyIHdhbGsgYXJvdW5kIFBvcnQgTWFsYXlhIGF0IG5pZ2h0Lg==,,,,,W1ZvdsOzXQpTZSB2b2PDqiBhbmRhciBwb3IgUG9ydG8gTWFsYXlhIMOgIG5vaXRl,,W0FidWVsYV0KU2kgYWxndW5hIHZleiBwYXNlYXMgcG9yIFB1ZXJ0byBNYWxheWEgZGUgbm9jaGU=
DFF0AQ,,W0dyYW5kbWFdCmFuZCBoZWFyIGVpdGhlciB0aWstdGlrIG9yIHdhay13YWssIGJlIGNhdXRpb3VzIGJlY2F1c2UgdGhhdCBpcyB0aGUgc291bmQgb2YgTWVvbmVvbnVuY2xlcyB3aW5ncyBmbGFwcGluZy4=,,,,,W1ZvdsOzXS4KZSBvdXZpciB0aWstdGlrIG91IHdhay13YWssIHRlbmhhIGN1aWRhZG8sIHBvaXMgZXNzZSDDqSBvIHNvbSBkYXMgYXNhcyBkZSBNZW9uZW9udW5jbGUgYmF0ZW5kby4=,,W0FidWVsYV0KeSBveWVzIHVuIHRpYy10aWMgbyB1biB3YWMtd2FjLCB0ZW4gY3VpZGFkbywgcG9ycXVlIGVzIGVsIHNvbmlkbyBkZSBsYXMgYWxhcyBkZSBsYSBsbG9yb25hLg==
DVF0AQ,,RHJ1bW1pbmcgWW91bmcgTWFuIA==,,,,,Sm92ZW0gQmF0ZXJpc3Rh,,RHJ1bW1pbmcgWW91bmcgTWFuIA==
DlF0AQ,,W0RydW1taW5nIFlvdW5nIE1hbl0KVWdoLi4uIGl0cyBqdXN0IGxpa2UgdGhhdCB0aW1lIGJlZm9yZQ==,,,,,W0pvdmVtIEJhdGVyaXN0YV0KVWdoLi4uIMOJIGV4YXRhbWVudGUgY29tbyBuYXF1ZWxhIMOpcG9jYQ==,,W0pvdmVuIHRhbWJvcmlsZXJvXQpVZmbigKYgaWd1YWwgcXVlIGFudGVzLA==
D1F0AQ,,W0RydW1taW5nIFlvdW5nIE1hbl0Kd2hlbiB0aGUgbW9vbiB3YXMgc3dhbGxvd2VkLiBBcmdoIQ==,,,,,W0pvdmVtIEJhdGVyaXN0YV0KcXVhbmRvIGEgbHVhIGZvaSBlbmdvbGlkYS4gQXJnaCE=,,W0pvdmVuIHRhbWJvcmlsZXJvXQpjdWFuZG8gc2UgdHJhZ2Fyb24gbGEgbHVuYS4gwqFBaiE=
EFF0AQ,,W0RydW1taW5nIFlvdW5nIE1hbl0KSSB0aGluayB0aGUgdmlsbGFnZSB3YXMgc2F2ZWQgYnkgYSBuYW1lbGVzcyBhZHZlbnR1cmVyLg==,,,,,W0pvdmVtIEJhdGVyaXN0YV0KQWNobyBxdWUgYSBhbGRlaWEgZm9pIHNhbHZhIHBvciB1bWEgcGVzc29hIGF2ZW50dXJlaXJhIHNlbSBub21lLg==,,W0pvdmVuIHRhbWJvcmlsZXJvXQpDcmVvIHF1ZSB1bmEgcGVyc29uYSBkZXNjb25vY2lkYSBzYWx2w7MgYSBsYSBhbGRlYS4=
EVF0AQ,,W0RydW1taW5nIFlvdW5nIE1hbl0KUGhldy4uLiBJIHRob3VnaHQgQmFrb25hd2EgYXBwZWFyZWQgYWdhaW4u,,,,,W0pvdmVtIEJhdGVyaXN0YV0KVWZhLi4uIEFjaGVpIHF1ZSBCYWtvbmF3YSB0aW5oYSBhcGFyZWNpZG8gZGUgbm92by4=,,W0pvdmVuIHRhbWJvcmlsZXJvXQpGaXXigKYgQ3Jlw60gcXVlIGhhYsOtYSByZWdyZXNhZG8gQmFrb25hd2Eu
ElF0AQ,,W0RydW1taW5nIFlvdW5nIE1hbl0Ke31pcyBzYWlkIHRvIGhhdmUgc3RvcHBlZCBCYWtvbmF3YSBmcm9tIHN3YWxsb3dpbmcgdGhlIG1vb24uIElzbnQgaXQgYXdlc29tZT8gSSdtIHNvIHJlbGlldmVkLg==,,,,,W0pvdmVtIEJhdGVyaXN0YV0KRGl6ZW0gcXVlIHt9IGltcGVkaXUgQmFrb25hd2EgZGUgZW5nb2xpciBhIGx1YS4gTsOjbyDDqSBmYW50w6FzdGljbz8gRXN0b3UgdMOjbyBhbGl2aWFkby4=,,W0pvdmVuIHRhbWJvcmlsZXJvXQpTZSBkaWNlIHF1ZSB7fSBpbXBpZGnDsyBxdWUgQmFrb25hd2Egc2UgdHJhZ2FyYSBsYSBsdW5hLiDCv05vIGVzIGluY3Jlw61ibGU/IMKhUXXDqSBhbGl2aW8h
E1F0AQ,,W0RydW1taW5nIFlvdW5nIE1hbl0KQmFrb25hd2EgaXMgYWxzbyBrbm93biBhcyB0aGUgJ21vbnN0ZXIgdGhhdCBzd2FsbG93cyB0aGUgbW9vbicgaW4gUG9ydCBNYWxheWEu,,,,,W0pvdmVtIEJhdGVyaXN0YV0KQmFrb25hd2EgdGFtYsOpbSDDqSBjb25oZWNpZG8gY29tbyBvICcnbW9uc3RybyBxdWUgZW5nb2xlIGEgbHVhJycgZW0gUG9ydG8gTWFsYXlhLg==,,W0pvdmVuIHRhbWJvcmlsZXJvXQpFbiBQdWVydG8gTWFsYXlhLCBCYWtvbmF3YSB0YW1iacOpbiBlcyBjb25vY2lkbyBjb21vIGVsIOKAnG1vbnN0cnVvIHF1ZSBzZSB0cmFnYSBsYSBsdW5h4oCdLg==
FFF0AQ,,W0RydW1taW5nIFlvdW5nIE1hbl0KQnV0IEkga25vdyB0aGF0IEJha29uYXdhIGNvdWxkIGFsc28gJ3N3YWxsb3cgcGVvcGxlJywgdG9vLg==,,,,,W0pvdmVtIEJhdGVyaXN0YV0KTWFzIGV1IHNlaSBxdWUgbyBCYWtvbmF3YSB0YW1iw6ltIHBvZGlhICcnZW5nb2xpciBwZXNzb2FzJycu,,W0pvdmVuIHRhbWJvcmlsZXJvXQpQZXJvIHPDqSBxdWUgQmFrb25hd2EgdGFtYmnDqW4gcG9kw61hIHRyYWdhcnNlIGdlbnRlLg==
FVF0AQ,,SHVrISBUaGVuIGlzbid0IGl0IGRhbmdlcm91cz8=,,,,,SHVrISBFbnTDo28gbsOjbyDDqSBwZXJpZ29zbz8=,,wqFVcHMhIMK/UGVybyBubyBlcyBwZWxpZ3Jvc28/
FlF0AQ,,W0RydW1taW5nIFlvdW5nIE1hbl0KSGEgaGEgaGEuIFRoZXJlIGlzIGEgd2F5IHRvIHN0b3AgQmFrb25hd2EgZnJvbSBzd2FsbG93aW5nIGEgcGVyc29uLg==,,,,,W0pvdmVtIEJhdGVyaXN0YV0KSGEgaGEgaGEuIEjDoSB1bWEgbWFuZWlyYSBkZSBpbXBlZGlyIHF1ZSBvIEJha29uYXdhIGVuZ3VsYSB1bWEgcGVzc29hLg==,,W0pvdmVuIHRhbWJvcmlsZXJvXQpKYSwgamEsIGphLiBIYXkgdW5hIGZvcm1hIGRlIGV2aXRhciBxdWUgQmFrb25hd2Egc2UgdHJhZ3VlIGEgdW5hIHBlcnNvbmEu
F1F0AQ,,W0RydW1taW5nIFlvdW5nIE1hbl0KWWVzLCB0aGVyZSBpcyBhIHdlYWtuZXNzIHRvIGV2ZW4gdGhlIHdvcnN0IG1vbnN0ZXIgdGhhdCBzd2FsbG93ZWQgNiBtb29ucyBhbHJlYWR5Lg==,,,,,W0pvdmVtIEJhdGVyaXN0YV0KU2ltLCBleGlzdGUgdW1hIGZyYXF1ZXphIGF0w6kgbWVzbW8gbm8gcGlvciBtb25zdHJvIHF1ZSBqw6EgZW5nb2xpdSA2IGx1YXMu,,W0pvdmVuIHRhbWJvcmlsZXJvXQpTw60sIGluY2x1c28gZWwgcGVvciBtb25zdHJ1byBxdWUgeWEgc2UgdHJhZ8OzIDYgbHVuYXMgdGllbmUgZGViaWxpZGFkZXMu
GFF0AQ,,V293LiBXaGF0IGlzIGl0Pw==,,,,,VWF1LiBPIHF1ZSDDqT8=,,VmF5YS4gwr9DdcOhbCBlcz8=
GVF0AQ,,W0RydW1taW5nIFlvdW5nIE1hbl0KSGUgaXMgc2Vuc2l0aXZlIHRvIG5vaXNlIHNvIHdoZW4gaGVzIGFib3V0IHRvIHN3YWxsb3cgdGhlIG1vb24hIQ==,,,,,W0pvdmVtIEJhdGVyaXN0YV0KRWxlIMOpIHNlbnPDrXZlbCBhIHJ1w61kb3MsIGVudMOjbywgcXVhbmRvIGVsZSBlc3RpdmVyIHByZXN0ZXMgYSBlbmdvbGlyIGEgbHVhLi4u,,W0pvdmVuIHRhbWJvcmlsZXJvXQpFcyBzZW5zaWJsZSBhbCBydWlkbywgYXPDrSBxdWUgY3VhbmRvIGVzdMOpIGEgcHVudG8gZGUgdHJhZ2Fyc2UgbGEgbHVuYeKApg==
GlF0AQ,,W0RydW1taW5nIFlvdW5nIE1hbl0KVGhhdHMgeW91ciBjaGFuY2UhISBJdCBkb2VzbnQgbWF0dGVyIHdoYXQga2luZCBvZiBub2lzZSEhIFdoZXRoZXIgaXRzIGEgY2FsZHJvbiwgc3ltYm9sLCBkcnVtLCBwb3Qgb3IgZnJ5IHBhbiwganVzdCBrZWVwIG9uIG1ha2luZyBub2lzZS4=,,,,,W0pvdmVtIEJhdGVyaXN0YV0KRXNzYSDDqSBhIHN1YSBjaGFuY2UhIE7Do28gaW1wb3J0YSBvIHRpcG8gZGUgYmFydWxobyEgU2VqYSBlbSB1bSBjYWxkZWlyw6NvLCBzw61tYm9sbywgdGFtYm9yLCBwYW5lbGEgb3UgZnJpZ2lkZWlyYTogY29udGludWUgZmF6ZW5kbyBiYXJ1bGhvLg==,,W0pvdmVuIHRhbWJvcmlsZXJvXQrCoUVzYSBlcyB0dSBvcG9ydHVuaWRhZCEgwqFObyBpbXBvcnRhIHF1w6kgcnVpZG8gc2VhISBQdWVkZSBzZXIgdW4gY2FsZGVybywgdW4gcGxhdGlsbG8sIHVuIHRhbWJvciwgdW5hIG9sbGEgbyB1bmEgc2FydMOpbiwgcGVybyBubyBkZWplcyBkZSBoYWNlciBydWlkby4=
G1F0AQ,,W0RydW1taW5nIFlvdW5nIE1hbl0KVGhlbiBCYWtvbmF3YSB3aWxsIGdldCBzdXJwcmlzZWQsIHNwaXQgb3V0IHRoZSBtb29uIGFuZCBydW4gYXdheSE=,,,,,W0pvdmVtIEJhdGVyaXN0YV0KRW50w6NvIEJha29uYXdhIGZpY2Fyw6Egc3VycHJlc28sIGN1c3BpcsOhIGEgbHVhIGUgdmFpIGZ1Z2lyIQ==,,W0pvdmVuIHRhbWJvcmlsZXJvXQrCoUVudG9uY2VzLCBCYWtvbmF3YSBzZSBzb3JwcmVuZGVyw6EsIGVzY3VwaXLDoSBsYSBsdW5hIHkgaHVpcsOhIQ==
HFF0AQ,,W0RydW1taW5nIFlvdW5nIE1hbl0KQ2FycnkgYSBkcnVtIGFyb3VuZCB3aXRoIHlvdS4gWW91bGwgZmluZCBpdCBoYW5keS4=,,,,,W0pvdmVtIEJhdGVyaXN0YV0KTGV2ZSB1bSB0YW1ib3IgY29tIHZvY8OqLiBTZXLDoSDDunRpbC4=,,W0pvdmVuIHRhbWJvcmlsZXJvXQpMbGV2YSBzaWVtcHJlIHVuIHRhbWJvciBjb250aWdvLiBUZSByZXN1bHRhcsOhIG11eSDDunRpbC4=
HVF0AQ,,UG9ydCBHdWFyZA==,,,,,R3VhcmRhIFBvcnR1w6FyaW8=,,UG9ydCBHdWFyZA==
HlF0AQ,,W1BvcnQgR3VhcmRdClRoZSB2aWxsYWdlIGlzIGNoYW90aWMgdGhlc2UgZGF5cy4gSXMgaXQgb2theSBmb3IgbWUgdG8gYmUgb2ZmIGxpa2UgdGhpcz8=,,,,,W0d1YXJkYSBQb3J0dcOhcmlvXQpBIHZpbGEgZXN0w6EgY2HDs3RpY2EgaG9qZSBlbSBkaWEuIFR1ZG8gYmVtIGV1IGVzdGFyIGZvcmEgYXNzaW0/,,W0d1YXJkaWEgZGVsIHB1ZXJ0b10KTGEgYWxkZWEgZXMgdW4gY2FvcyDDumx0aW1hbWVudGUuIMK/RXN0w6EgYmllbiBxdWUgbWUgdmF5YSBhc8OtPw==
H1F0AQ,,W1BvcnQgR3VhcmRdClRoZSB2aWxsYWdlIGlzIHNvbWV3aGF0IHN0YWJsZSBub3cgYnV0IHlvdSBzaG91bGQgc3RpbGwgYmUgY2FyZWZ1bCB3YWxraW5nIGFyb3VuZCBhdCBuaWdodC4=,,,,,W0d1YXJkYSBQb3J0dcOhcmlvXQpBIGFsZGVpYSBlc3TDoSB1bSBwb3VjbyBlc3TDoXZlbCBhZ29yYSwgbWFzIHZvY8OqIGFpbmRhIGRldmUgdGVyIGN1aWRhZG8gYW8gYW5kYXIgcG9yIGHDrSDDoCBub2l0ZS4=,,W0d1YXJkaWEgZGVsIHB1ZXJ0b10KTGEgYWxkZWEgZXN0w6EgYmFzdGFudGUgZXN0YWJsZSBhaG9yYSwgcGVybyBhdW4gYXPDrSBkZWJlcsOtYXMgdGVuZXIgY3VpZGFkbyBhbCBwYXNlYXIgcG9yIGxhIG5vY2hlLg==
IFF0AQ,,W1BvcnQgR3VhcmRdCnt9aXMgc2FpZCB0byBlc2NhcGUgZnJvbSBCdSB3YXlhIGFsaXZlIGFmdGVyIGJlaW5nIGNhcHR1cmVkLiBUaGlzIHBlcnNvbiBtdXN0IGJlIHBvd2VyZnVsLg==,,,,,W0d1YXJkYSBQb3J0dcOhcmlvXQpEaXplbSBxdWUge30gZXNjYXBvdSB2aXZvIGRlIEJ1d2F5YSBkZXBvaXMgZGUgc2VyIGNhcHR1cmFkby4gRXNzYSBwZXNzb2EgZGV2ZSBzZXIgcG9kZXJvc2Eu,,W0d1YXJkaWEgZGVsIHB1ZXJ0b10KU2UgZGljZSBxdWUge30gZXNjYXDDsyBjb24gdmlkYSBkZSBCdXdheWEgZGVzcHXDqXMgZGUgc3UgY2FwdHVyYS4gRGViZSBzZXIgdW5hIHBlcnNvbmEgcG9kZXJvc2Eu
IVF0AQ,,W1BvcnQgR3VhcmRdCldoYXQhISBQb3J0IGFsbCBjbGVhciEh,,,,,W0d1YXJkYSBQb3J0dcOhcmlvXQpPIHF1w6o/IE8gUG9ydG8gZXN0w6Egc2VndXJvISE=,,W0d1YXJkaWEgZGVsIHB1ZXJ0b10KwqHCv1F1w6k/ISDCoVB1ZXJ0byBkZXNwZWphZG8h
IlF0AQ,,W1BvcnQgR3VhcmRdCkh1aD8gWW91cmUgbm90IHRoZSBjYXB0YWluPyBZb3Ugc2NhcmVkIG1lLiBTaG9vdCEgQWgsIHJpZ2h0ISBJIHJlY2VpdmVkIGFuIG9mZmljaWFsIGRvY3VtZW50IGZvciB0cmF2ZWxlcnMu,,,,,W0d1YXJkYSBQb3J0dcOhcmlvXQpPIHF1w6o/IFZvY8OqIG7Do28gw6kgbyBjYXBpdMOjbz8gVm9jw6ogbWUgYXNzdXN0b3UuIEF0aXJlISBBaCwgY2VydG8hIFJlY2ViaSB1bSBkb2N1bWVudG8gb2ZpY2lhbCBwYXJhIHZpYWphbnRlcy4=,,W0d1YXJkaWEgZGVsIHB1ZXJ0b10Kwr9FaD8gwr9ObyBlcmVzIGVsIGNhcGl0w6FuPyBNZSBhc3VzdGFzdGUuIMKhRGlhYmxvcyEgwqFBaCwgc8OtISBSZWNpYsOtIHVuIGRvY3VtZW50byBvZmljaWFsIHBhcmEgdmlhamVyb3Mu
I1F0AQ,,V2hhdCBkb2N1bWVudD8=,,,,,UXVlIGRvY3VtZW50bz8=,,wr9RdcOpIGRvY3VtZW50bz8=
JFF0AQ,,W1BvcnQgR3VhcmRdCkl0IHNheXMgdGhhdCB0cmF2ZWxlcnMgc2hvdWxkIGJlIGNhcmVmdWwgb2YgbW9uc3RlcnMgd2hlbiB3YWxraW5nIGluIHRoZSB2aWxsYWdlIGF0IG5pZ2h0Lg==,,,,,W0d1YXJkYSBQb3J0dcOhcmlvXQpEaXogcXVlIG9zIHZpYWphbnRlcyBkZXZlbSB0ZXIgY3VpZGFkbyBjb20gb3MgbW9uc3Ryb3MgcXVhbmRvIGVzdGl2ZXJlbSBhbmRhbmRvIG5hIGFsZGVpYSDDoCBub2l0ZS4=,,W0d1YXJkaWEgZGVsIHB1ZXJ0b10KRGljZSBxdWUgbG9zIHZpYWplcm9zIGRlYmVuIHRlbmVyIGN1aWRhZG8gY29uIGxvcyBtb25zdHJ1b3MgY3VhbmRvIGNhbWluZW4gcG9yIGxhIGFsZGVhIGRlIG5vY2hlLg==
JVF0AQ,,W1BvcnQgR3VhcmRdCkJ1d2F5YSBkb250IGNvbWUgdG8gdGhlIHZpbGxhZ2Ugb2Z0ZW4gYnV0IHRoZXJlIGFyZSBjYXNlcyB3aGVuIHRoZXkgc25hdGNoIHBlb3BsZSBpbiB0aGUgYm94ZXMgdGhleSBjYXJyeSBhdCBuaWdodC4=,,,,,W0d1YXJkYSBQb3J0dcOhcmlvXQpPcyBCdXdheWEgbsOjbyB2w6ptIMOgIGFsZGVpYSBjb20gZnJlcXXDqm5jaWEsIG1hcyBow6EgY2Fzb3MgZW0gcXVlIGVsZXMgcm91YmFtIHBlc3NvYXMgbmFzIGNhaXhhcyBxdWUgY2FycmVnYW0gw6Agbm9pdGUu,,W0d1YXJkaWEgZGVsIHB1ZXJ0b10KQnV3YXlhIG5vIHN1ZWxlIHZlbmlyIGEgbGEgYWxkZWEsIHBlcm8gZW4gb2Nhc2lvbmVzLCBzZWN1ZXN0cmEgYSBnZW50ZSBwb3IgbGEgbm9jaGUgZW4gZWwgY29mcmUgcXVlIGxsZXZhLg==
JlF0AQ,,W1BvcnQgR3VhcmRdCkh1aD8hIEFuZCBpdCBzYXlzIGhlcmUgdGhhdCBhIG1vbnN0ZXIgbmFtZWQgV29rd29rIGVzcGVjaWFsbHkgdmlzaXRzIHRoZSB2aWxsYWdlIG9mdGVuIGF0IG5pZ2h0IGFuZCBzaG91bGQgYmUgYXZvaWRlZC4=,,,,,W0d1YXJkYSBQb3J0dcOhcmlvXQpIw6M/ISBFIGFxdWkgZGl6IHF1ZSB1bSBtb25zdHJvIGNoYW1hZG8gV29rd29rIHZpc2l0YSBhIGFsZGVpYSBjb20gZnJlcXXDqm5jaWEgw6Agbm9pdGUgZSBkZXZlIHNlciBldml0YWRvLg==,,W0d1YXJkaWEgZGVsIHB1ZXJ0b10KwqHCv0VoPyEgWSBkaWNlIHF1ZSB1biBtb25zdHJ1byBsbGFtYWRvIFdva3dvayBzdWVsZSBkZWFtYnVsYXIgcG9yIGxhIGFsZGVhLCBlc3BlY2lhbG1lbnRlIGEgbGEgbm9jaGUsIHkgaGF5IHF1ZSBldml0YXJsby4=
J1F0AQ,,SSBzZWUu,,,,,RW50ZW5kaS4=,,WWEgdmVvLg==
KFF0AQ,,SXMgdGhlcmUgYW55IHdheSB0byBwcmV2ZW50IHRoZW0gZnJvbSBjb21pbmc/,,,,,SMOhIGFsZ3VtYSBtYW5laXJhIGRlIGV2aXRhciBxdWUgZWxlcyB2ZW5oYW0/,,wr9IYXkgYWxndW5hIGZvcm1hIGRlIGV2aXRhciBxdWUgdmVuZ2FuPw==
KVF0AQ,,W1BvcnQgR3VhcmRdCkJlIGNhcmVmdWwgYXQgbmlnaHQh,,,,,W0d1YXJkYSBQb3J0dcOhcmlvXQpUZW5oYSBjdWlkYWRvIMOgIG5vaXRlIQ==,,W0d1YXJkaWEgZGVsIHB1ZXJ0b10KwqFUZW4gY3VpZGFkbyBwb3IgbGEgbm9jaGUh
KlF0AQ,,W1BvcnQgR3VhcmRdClRoZXkgc2F5IHlvdSBjYW4gYXR0YWNrIEJ1d2F5YXMgd2VhayBwb2ludCBpbnNpZGUgdGhlIGJveCB0aGV5IGNhcnJ5IGlmIHlvdSBldmVyIGdldCBjYXVnaHQgaW4gb25lLg==,,,,,W0d1YXJkYSBQb3J0dcOhcmlvXQpEaXplbSBxdWUgdm9jw6ogcG9kZSBhdGFjYXIgbyBwb250byBmcmFjbyBkYSBCdXdheWEgZGVudHJvIGRhIGNhaXhhIHF1ZSBjYXJyZWdhLCBzZSB2b2PDqiBmb3IgcGVnbyBlbSB1bWEu,,W0d1YXJkaWEgZGVsIHB1ZXJ0b10KRGljZW4gcXVlIHNlIHB1ZWRlIGF0YWNhciBlbCBwdW50byBkw6liaWwgZGUgQnV3YXlhIGRlc2RlIGRlbnRybyBkZSBzdSBjb2ZyZSBzaSBhbGd1bmEgdmV6IHRlIGF0cmFwYS4=
K1F0AQ,,W1BvcnQgR3VhcmRdCkFuZCB5b3Ugc2hvdWxkIHJ1biBpbnRvIHRoZSBuZWFyZXN0IGJ1aWxkaW5nIHdoZW4geW91IGhlYXIgV29rd29rcyB3aW5ncyBmbHV0dGVyaW5nIGZyb20gYWZhci4=,,,,,W0d1YXJkYSBQb3J0dcOhcmlvXQpFIHZvY8OqIGRldmUgY29ycmVyIHBhcmEgbyBwcsOpZGlvIG1haXMgcHLDs3hpbW8gcXVhbmRvIG91dmlyIG8gYmF0ZXIgZGUgYXNhcyBkZSBXb2t3b2su,,W0d1YXJkaWEgZGVsIHB1ZXJ0b10KWSwgc2kgb3llcyBlbCBhbGV0ZW8gZGUgV29rd29rIGEgbG8gbGVqb3MsIGRlYmVzIGNvcnJlciBhbCBlZGlmaWNpbyBtw6FzIGNlcmNhbm8u
LFF0AQ,,W1BvcnQgR3VhcmRdCkJ1dCBpZiB0aGUgZmx1dHRlcmluZyBzb3VuZCBpcyBzbWFsbCBvciBpZiB5b3UgZG9udCBoZWFyIGFueXRoaW5nLCBsZXRzIGp1c3Qgc2F5IHlvdSBzaG91bGQgcHJlcGFyZSBmb3IgYXR0YWNrIGFuZCB3aXRoIGZvciBsdWNrLg==,,,,,W0d1YXJkYSBQb3J0dcOhcmlvXQpNYXMgc2UgbyBzb20gZGUgdmlicmHDp8OjbyBmb3IgcGVxdWVubyBvdSBzZSB2b2PDqiBuw6NvIG91dmlyIG5hZGEsIGRpZ2Ftb3MgcXVlIHZvY8OqIGRldmUgc2UgcHJlcGFyYXIgcGFyYSBvIGF0YXF1ZSBlIHRvcmNlciBwb3Igc29ydGUu,,W0d1YXJkaWEgZGVsIHB1ZXJ0b10KUGVybyBzaSBlbCBhbGV0ZW8gc2UgZXNjdWNoYSBtdXkgdGVudWUsIG8gbm8gc2UgZXNjdWNoYSBlbiBhYnNvbHV0bywgZGViZXMgcHJlcGFyYXJ0ZSBwYXJhIGVsIGF0YXF1ZSB5IGNydXphciBsb3MgZGVkb3Mu
LVF0AQ,,TGl0dGxlIEdpcmwg,,,,,R2Fyb3Rpbmhh,,TGl0dGxlIEdpcmwg
LlF0AQ,,W0xpdHRsZSBHaXJsXQpJbSBzY2FyZWQgYnV0IEkgaGF2ZSB0byB2aXNpdCB0aGUgZmFpcnkgaW4gdGhlIGZvcmVzdC4=,,,,,W0dhcm90aW5oYV0KRXN0b3UgY29tIG1lZG8sIG1hcyB0ZW5obyBxdWUgdmlzaXRhciBhIGZhZGEgbmEgZmxvcmVzdGEu,,W05pw7FpdGFdClRlbmdvIG1pZWRvLCBwZXJvIHRlbmdvIHF1ZSB2aXNpdGFyIGFsIGhhZGEgZW4gZWwgYm9zcXVlLg==
L1F0AQ,,W0xpdHRsZSBHaXJsXQpIZSBoZS4gRmF0aGVyIHNhaWQgSSBjYW4gdmlzaXQgdGhlIGZhaXJ5IGluIHRoZSBmb3Jlc3Qgd2hlbiB0aGUgdmlsbGFnZSBjYWxtcyBkb3duLg==,,,,,W0dhcm90aW5oYV0KSGUgaGUuIFBhcGFpIGRpc3NlIHF1ZSBldSBwb3NzbyB2aXNpdGFyIGEgZmFkYSBuYSBmbG9yZXN0YSBxdWFuZG8gYSBhbGRlaWEgc2UgYWNhbG1hci4=,,W05pw7FpdGFdCkplLCBqZS4gTWkgcGFkcmUgZGlqbyBxdWUgcG9kcsOpIHZpc2l0YXIgYWwgaGFkYSBlbiBlbCBib3NxdWUgY3VhbmRvIGxhcyBjb3NhcyBlbiBsYSBhbGRlYSBzZSBjYWxtZW4u
MFF0AQ,,W0xpdHRsZSBHaXJsXQpBIGxpdHRsZSB3aGlsZSBhZ297fWNhbWUgYW5kIHRvbGQgbWUgYSBmdW4gc3Rvcnku,,,,,W0dhcm90aW5oYV0KSMOhIHBvdWNvIHRlbXBvLHt9IHZlaW8gZSBtZSBjb250b3UgdW1hIGhpc3TDs3JpYSBkaXZlcnRpZGEu,,W05pw7FpdGFdCkhhY2UgdW4gcmF0bywgdmlubyB7fSB5IG1lIGNvbnTDsyB1biB0cmFiYWxlbmd1YXMu
MVF0AQ,,W0xpdHRsZSBHaXJsXQonSSBwbGFudGVkIGEgcGFpciBvZiBwZWFyIHRyZWVzIGluIHRoZSB5YXJkLicKSGUgaGUuIElzbnQgaXQgZnVuP3t9c2VlbXMgbGlrZSBhIGZ1biBwZXJzb24u,,,,,W0dhcm90aW5oYV0KJ0V1IHBsYW50ZWkgdW0gcGFyIGRlIHBlcmVpcmFzIG5vIHF1aW50YWwnLgpIZSBoZS4gTsOjbyDDqSBkaXZlcnRpZG8/IHt9cGFyZWNlIHNlciB1bWEgcGVzc29hIGRpdmVydGlkYS4=,,W05pw7FpdGFdCuKAnFRyZXMgdHJpc3RlcyB0aWdyZXMgdHJhZ2FiYW4gdHJpZ28gZW4gdW4gdHJpZ2Fs4oCdLgpKZSwgamUuIMK/Tm8gZXMgZ3JhY2lvc28/IHt9IHBhcmVjZSB1bmEgcGVyc29uYSBkaXZlcnRpZGEu
MlF0AQ,,W0xpdHRsZSBHaXJsXQpGYXRoZXIgc2FpZCBJIHdvbnQgY2F0Y2ggc2tpbiBkaXNlYXNlcyBvbmNlIEltIGZyaWVuZHMgd2l0aCB0aGUgZmFpcnkgZnJvbSB0aGUgZm9yZXN0Lg==,,,,,W0dhcm90aW5oYV0KUGFwYWkgZGlzc2UgcXVlIGV1IG7Do28gcGVnYXJlaSBkb2Vuw6dhcyBkZSBwZWxlIHNlIGZvciBhbWlnYSBkYSBmYWRhIGRhIGZsb3Jlc3RhLg==,,W05pw7FpdGFdCk1pIHBhZHJlIGRpY2UgcXVlIG5vIG1lIGNvbnRhZ2lhcsOpIGVuZmVybWVkYWRlcyBkZSBsYSBwaWVsIGN1YW5kbyBzZWEgYW1pZ2EgZGVsIGhhZGEgZGVsIGJvc3F1ZS4=
M1F0AQ,,V2hhdCBpcyB0aGlzIGZhaXJ5Pw==,,,,,UXVlbSDDqSBlc3NhIGZhZGE/,,wr9RdWnDqW4gZXMgZXN0YSBoYWRhPw==
NFF0AQ,,W0xpdHRsZSBHaXJsXQpFbmNhbnRvISBFbmNhbnRvIGZhaXJpZXMgbGl2ZSBpbiBiaWcgdHJlZXMgb3Igcm9ja3MgaW4gdGhlIGZvcmVzdC4gVGhlcmUgYXJlIGJveSBmYWlyaWVzIGFuZCBnaXJsIGZhaXJpZXMs,,,,,W0dhcm90aW5oYV0KRW5jYW50byEgQXMgZmFkYXMgZG8gRW5jYW50byB2aXZlbSBlbSBncmFuZGVzIMOhcnZvcmVzIG91IHJvY2hhcyBuYSBmbG9yZXN0YS4gSMOhIGZhZGFzIG1lbmlub3MgZSBmYWRhcyBtZW5pbmFzLA==,,W05pw7FpdGFdCsKhRWwgaGFkYSBkZWwgRW5jYW50byEgTGFzIGhhZGFzIGRlbCBFbmNhbnRvIHZpdmVuIGVuIMOhcmJvbGVzIG8gcm9jYXMgZ3JhbmRlcyBlbiBlbCBib3NxdWUuIEhheSBjaGljb3MgaGFkYSB5IGNoaWNhcyBoYWRhLA==
NVF0AQ,,W0xpdHRsZSBHaXJsXQpidXQgYm95IGZhaXJpZXMgYXJlIHByZXR0aWVyLiBXaHkgaXMgdGhhdD8=,,,,,W01lbmluYV0KbWFzIGFzIGZhZGFzIG1lbmlub3Mgc8OjbyBtYWlzIGJvbml0YXMuIFBvciBxdWUgaXNzbyBhY29udGVjZT8=,,W05pw7FpdGFdCnBlcm8gbG9zIGNoaWNvcyBoYWRhIHNvbiBtw6FzIGJvbml0b3MuIMK/WSBlc28gcG9yIHF1w6k/
NlF0AQ,,TGl0dGxlIEtpZA==,,,,,Q3JpYW7Dp2EgUGVxdWVuYQ==,,TGl0dGxlIEtpZA==
N1F0AQ,,W0xpdHRsZSBLaWRdCk15IG1vbSB0b2xkIG1lIG5vdCB0byBwbGF5IG91dHNpZGUgYmVjYXVzZSBpdHMgZGFuZ2Vyb3VzLiBXaHk/,,,,,W0NyaWFuw6dhIFBlcXVlbmFdCk1pbmhhIG3Do2UgbWUgZGlzc2UgcGFyYSBuw6NvIGJyaW5jYXIgbMOhIGZvcmEgcG9ycXVlIMOpIHBlcmlnb3NvLiBQb3IgcXXDqj8=,,W05pw7FpdG9dCk1pIG1hbcOhIG1lIGRpam8gcXVlIG5vIGp1Z2FyYSBhZnVlcmEgcG9ycXVlIGVzIHBlbGlncm9zby4gwr9Qb3IgcXXDqT8=
OFF0AQ,,W0xpdHRsZSBLaWRdCk15IG1vbSB0b2xkIG1lIEkgY2FuIHBsYXkgYnV0IG9ubHkgaW4gUG9ydCBNYWxheWEu,,,,,W0NyaWFuw6dhIFBlcXVlbmFdCk1pbmhhIG3Do2UgbWUgZGlzc2UgcXVlIGV1IHBvc3NvIGpvZ2FyLCBtYXMgc29tZW50ZSBlbSBQb3J0byBNYWxheWEu,,W05pw7FpdG9dCk1pIG1hbcOhIG1lIGRpam8gcXVlIHBvZMOtYSBqdWdhciwgcGVybyBzb2xvIGVuIFB1ZXJ0byBNYWxheWEu
OVF0AQ,,W0xpdHRsZSBLaWRdCkhlIGhlLiBCdXQgSSBuZXZlciB0aG91Z2h0IG9mIGdvaW5nIG91dHNpZGUgb2YgUG9ydCBNYWxheWEu,,,,,W0NyaWFuw6dhIFBlcXVlbmFdCkhlIGhlLiBNYXMgbnVuY2EgcGVuc2VpIGVtIHNhaXIgZGUgUG9ydG8gTWFsYXlhLg==,,W05pw7FpdG9dCkplLCBqZS4gUGVybyBudW5jYSBwZW5zw6kgZW4gc2FsaXIgZGUgUHVlcnRvIE1hbGF5YS4=
OlF0AQ,,W0xpdHRsZSBLaWRdCkkgaGVhcmQgc29tZW9uZSB0b29rIEplamVsaW5ncyBoYXQgaW4gQmFyeW8gTWFoaXdhZ2Eu,,,,,W0NyaWFuw6dhIFBlcXVlbmFdCk91dmkgZGl6ZXIgcXVlIGFsZ3XDqW0gcGVnb3UgbyBjaGFww6l1IGRlIEplamVsaW5ncyBlbSBCYXJ5byBNYWhpd2FnYS4=,,W05pw7FpdG9dCkVzY3VjaMOpIHF1ZSBhbGd1aWVuIGxlIHJvYsOzIGVsIHNvbWJyZXJvIGEgdW4gSmVqZWxpbmcgZW4gQmFyeW8gTWFoaXdhZ2Eu
O1F0AQ,,W0xpdHRsZSBLaWRdCldoeSB3b3VsZCBzb21lb25lIHN0ZWFsIGEgbW9uc3RlcnMgaGF0P3t9bXVzdCBiZSBkZXNwZXJhdGUu,,,,,W0NyaWFuw6dhIFBlcXVlbmFdClBvciBxdWUgYWxndcOpbSByb3ViYXJpYSB1bSBjaGFww6l1IGRlIG1vbnN0cm8/IHt9ZGV2ZSBlc3RhciBkZXNlc3BlcmFkby4=,,W05pw7FpdG9dCsK/UG9yIHF1w6kgYWxndWllbiBsZSByb2JhcsOtYSBlbCBzb21icmVybyBhIHVuIG1vbnN0cnVvPyDCoVF1w6kgZGVzZXNwZXJhY2nDs24gZGViZSBzZW50aXIge30h
PFF0AQ,,W0xpdHRsZSBLaWRdCk9oIHdhaXQhIFRoaXMgd2FzIHN1cHBvc2UgdG8gYmUgYSBzZWNyZXQuIFNoc2ghIFBsZWFzZSBwcmV0ZW5kIHlvdSBkaWRudCBoZWFyIG1lLg==,,,,,W0NyaWFuw6dhIFBlcXVlbmFdCkFoLCBlc3BlcmUhIElzc28gZXJhIHBhcmEgc2VyIHVtIHNlZ3JlZG8uIFNoc2ghIFBvciBmYXZvciwgZmluamEgcXVlIG7Do28gbWUgb3V2aXUu,,W05pw7FpdG9dCsKhQWgsIGVzcGVyYSEgU2Ugc3Vwb27DrWEgcXVlIGVyYSB1biBzZWNyZXRvLiDCoVNoLCBzaCEgRmluZ2UgcXVlIG5vIG1lIGVzY3VjaGFzdGUu
PVF0AQ,,W0xpdHRsZSBLaWRdCkkgdGhpbmsgc29tZW9uZSBpcyBzdGVhbGluZyBhbGwgdGhlIGhhdHMgaW4gdGhlIHZpbGxhZ2Uu,,,,,W0NyaWFuw6dhIFBlcXVlbmFdCkFjaG8gcXVlIGFsZ3XDqW0gZXN0w6Egcm91YmFuZG8gdG9kb3Mgb3MgY2hhcMOpdXMgZGEgYWxkZWlhLg==,,W05pw7FpdG9dCkNyZW8gcXVlIGFsZ3VpZW4gZXN0w6Egcm9iYW5kbyB0b2RvcyBsb3Mgc29tYnJlcm9zIGRlIGxhIGFsZGVhLg==
PlF0AQ,,W0xpdHRsZSBLaWRdClRoZSBoYXQgbXkgbW9tIHdhc2hlZCB5ZXN0ZXJkYXkgZGlzYXBwZWFyZWQuIE91ciBuZWlnaGJvcidzIGhhdCBhbHNvIGRpc2FwcGVhcmVkIGEgZmV3IGRheXMgYWdvLg==,,,,,W0NyaWFuw6dhIFBlcXVlbmFdCk8gY2hhcMOpdSBxdWUgbWluaGEgbcOjZSBsYXZvdSBvbnRlbSBkZXNhcGFyZWNldS4gTyBjaGFww6l1IGRvIG5vc3NvIHZpemluaG8gdGFtYsOpbSBkZXNhcGFyZWNldSBow6EgYWxndW5zIGRpYXMu,,W05pw7FpdG9dCkVsIHNvbWJyZXJvIHF1ZSBtaSBtYW3DoSBsYXbDsyBheWVyIGRlc2FwYXJlY2nDsy4gRWwgc29tYnJlcm8gZGUgbnVlc3RybyB2ZWNpbm8gdGFtYmnDqW4gZGVzYXBhcmVjacOzIGhhY2UgdW5vcyBkw61hcy4=
P1F0AQ,,W0xpdHRsZSBLaWRdCkhtbS4uLiBkbyB5b3UgdGhpbmsgSmVqZWxpbmcgdG9vayBpdD8=,,,,,W0NyaWFuw6dhIFBlcXVlbmFdCkhtbS4uLiBWb2PDqiBhY2hhIHF1ZSBvIEplamVsaW5nIG8gcGVnb3U/,,W05pw7FpdG9dCk1tbeKApiDCv2NyZWVzIHF1ZSB1biBKZWplbGluZyBzZSBsbyBsbGV2w7M/
QFF0AQ,,W0xpdHRsZSBLaWRdCkkgdmlzaXRlZCBhIGZyaWVuZCBpbiBCYXJ5byBNYWhpd2FnYSBhbmQgaGUgc2FpZCBoZSBzYXcgSmVqZWxpbmcgd2VhcmluZyB0aGUgbWlzc2luZyBoYXQuLi4=,,,,,W0NyaWFuw6dhIFBlcXVlbmFdClZpc2l0ZWkgdW0gYW1pZ28gZW0gQmFyeW8gTWFoaXdhZ2EgZSBlbGUgZGlzc2UgcXVlIHZpdSBKZWplbGluZyB1c2FuZG8gbyBjaGFww6l1IHF1ZSBkZXNhcGFyZWNpZG8uLi4=,,W05pw7FpdG9dClZpc2l0w6kgYSB1biBhbWlnbyBlbiBCYXJ5byBNYWhpd2FnYSwgeSBtZSBkaWpvIHF1ZSB2aW8gYSB1biBKZWplbGluZyBjb24gZWwgc29tYnJlcm8gcGVyZGlkb+KApg==
QVF0AQ,,TG9jYWw=,,,,,TG9jYWw=,,TG9jYWw=
QlF0AQ,,W0xvY2FsXQpIbW0uLi4gaXMgaXQgdGltZSB0byBiZSBjYXJlZnVsIG9mIHRoZSB3aXRjaGVzJyBjdXJzZT8=,,,,,W0xvY2FsXQpIbW0uLi4gw6kgaG9yYSBkZSB0b21hciBjdWlkYWRvIGNvbSBhIG1hbGRpw6fDo28gZGFzIGJydXhhcz8=,,W0hhYml0YW50ZV0KTW1t4oCmIMK/ZXMgaG9yYSBkZSB0ZW5lciBjdWlkYWRvIGNvbiBsYSBtYWxkaWNpw7NuIGRlIGxhcyBicnVqYXM/
Q1F0AQ,,W0xvY2FsXQpCZXdhcmUgb2YgTW9uZ2t1a3VydW1zIG5lZWRsZSwgZm9yZWlnbmVyLg==,,,,,W0xvY2FsXQpDdWlkYWRvIGNvbSBhIGFndWxoYSBkZSBNb25na3VrdXJ1bXMsIGVzdHJhbmdlaXJvLg==,,W0hhYml0YW50ZV0KVGVuIGN1aWRhZG8gY29uIGxhIGFndWphIGRlIE1hbmFuYW5nZ2FsLCB0cm90YW11bmRvcy4=
RFF0AQ,,W0xvY2FsXQpXZWxjb21lIHRvIFBvcnQgTWFsYXlhLCBmb3JlaWduZXIuLg==,,,,,W0xvY2FsXQpCZW0tdmluZG8gYSBQb3J0byBNYWxheWEsIGVzdHJhbmdlaXJvLi4u,,W0hhYml0YW50ZV0KwqFUZSBkb3kgbGEgYmllbnZlbmlkYSBhIFB1ZXJ0byBNYWxheWEsIHRyb3RhbXVuZG9zIQ==
RVF0AQ,,W0xvY2FsXQpUaGUgdmlsbGFnZSBpcyBjaGFvdGljIHRoZXNlIGRheXMuIElmIHlvdSBzZWUgc29tZW9uZSB3aXRoIHJlZCBleWVzLCB0cnkgbm90IHRvIHN0YXJlIGF0IHRoZWlyIGV5ZXMu,,,,,W0xvY2FsXQpBIGFsZGVpYSBlc3TDoSBjYcOzdGljYSBob2plIGVtIGRpYS4gU2Ugdm9jw6ogdmlyIGFsZ3XDqW0gY29tIG9saG9zIHZlcm1lbGhvcywgbsOjbyBvbGhlIGZpeGFtZW50ZSBub3Mgb2xob3MgZGVzc2EgcGVzc29hLg==,,W0hhYml0YW50ZV0KTGEgYWxkZWEgZXMgdW4gY2FvcyDDumx0aW1hbWVudGUuIFNpIHZlcyBhIGFsZ3VpZW4gY29uIGxvcyBvam9zIHJvam9zLCBpbnRlbnRhIG5vIHNvc3RlbmVybGUgbGEgbWlyYWRhLg==
RlF0AQ,,W0xvY2FsXQpCZSBjYXJlZnVsIHdhbGtpbmcgYXJvdW5kIHRoZSB2aWxsYWdlIGF0IG5pZ2h0Lnt9d2FzIHRha2VuIGRvd24gYnkgV29rd29rLg==,,,,,W0xvY2FsXQpUZW5oYSBjdWlkYWRvIGFvIGFuZGFyIHBlbGEgYWxkZWlhIMOgIG5vaXRlLiB7fWZvaSBkZXJydWJhZG8gcG9yIFdva3dvay4=,,W0hhYml0YW50ZV0KVGVuIGN1aWRhZG8gYWwgY2FtaW5hciBwb3IgbGEgYWxkZWEgZGUgbm9jaGUuIFdva3dvayBkZXJyb3TDsyBhIHt9Lg==
R1F0AQ,,W0xvY2FsXQp7fWlzIHNhaWQgdG8gc3VjY2Vzc2Z1bGx5IHRhbWUgYSBUaWtiYWxhbmcuIFRoaXMgcGVyc29uIG11c3QgYmUgY291cmFnZW91cy4gV29uZGVyIGlmIElsbCBnZXQgdG8gc2VlIHRoaXMgdGFtZWQgVGlrYmFsYW5nPw==,,,,,W0xvY2FsXQpEaXplbSBxdWUge30gY29uc2VndWUgZG9tYXIgdW0gVGlrYmFsYW5nIGNvbSBzdWNlc3NvLiBFc3NhIHBlc3NvYSBkZXZlIHNlciBjb3Jham9zYS4gU2Vyw6EgcXVlIHZvdSBjb25zZWd1aXIgdmVyIGVzc2UgVGlrYmFsYW5nIGRvbWFkbz8=,,W0hhYml0YW50ZV0KU2UgZGljZSBxdWUge30gc2FiZSBjw7NtbyBkb21hciBjb24gw6l4aXRvIGEgbG9zIFRpa2JhbGFuZy4gRGViZSBzZXIgdW5hIHBlcnNvbmEgdmFsaWVudGUuIE1lIHByZWd1bnRvIHNpIHBvZHLDqSB2ZXIgYSBlc3RlIFRpa2JhbGFuZyBkb21lc3RpY2Fkby4=
SFF0AQ,,W0xvY2FsXQpIYXZlIHlvdSBldmVyIHNlZW4gQm9uZ2lzdW5naXN1PyBJIGhlYXJke31pcyBodW50aW5nIGRvd24gQm9uZ2lzdW5naXN1cy4=,,,,,W0xvY2FsXQpWb2PDqiBqw6Egdml1IG8gQm9uZ2lzdW5naXN1PyBPdXZpIGRpemVyIHF1ZSBve30gZXN0w6EgY2HDp2FuZG8gQm9uZ2lzdW5naXN1cy4=,,W0hhYml0YW50ZV0Kwr9BbGd1bmEgdmV6IHZpc3RlIGEgdW4gQm9uZ2lzdW5naXN1PyBFc2N1Y2jDqSBxdWUge30gZXN0w6EgY2F6YW5kbyBCb25naXN1bmdpc3Uu
SVF0AQ,,W0xvY2FsXQpJZiB5b3UgcGxhbiB0byBnbyBvdXQgb2YgdGhlIHZpbGxhZ2UsIGJlIGNhcmVmdWwgb2YgVGl1Y2tudWN7fWlzIHNhaWQgdG8gYmUgdHJpY2tlZCBieSBUaXVja251YyBhbmQgaGFkIHRvIGdvIHRvIHRoZSB0byB0aGUgaG9zcGl0YWwu,,,,,W0xvY2FsXQpTZSB2b2PDqiBwbGFuZWphIHNhaXIgZGEgYWxkZWlhLCB0b21lIGN1aWRhZG8gY29tIFRpdWNrbnVjLCBkaXplbSBxdWUge30gZm9pIGVuZ2FuYWRvIHBvciBUaXVja251YyBlIHRldmUgZGUgaXIgcGFyYSBvIGhvc3BpdGFsLg==,,W0hhYml0YW50ZV0KU2kgcGllbnNhcyBzYWxpciBkZSBsYSBhbGRlYSwgdGVuIGN1aWRhZG8gY29uIFRpeWFuYWsuIFNlIGRpY2UgcXVlIHt9IGZ1ZSB2w61jdGltYSBkZSBzdSBlbmdhw7FvIHkgdGVybWluw7MgZW4gZWwgaG9zcGl0YWwu
SlF0AQ,,W0xvY2FsXQpUaGUgdmlsbGFnZSBpcyBjaGFvdGljIHRoZXNlIGRheXMuIExvb2tzIGxpa2UgTW9uZ2t1a3VydW0gaXMgYmFjayBpbiB0aGUgdmlsbGFnZS4=,,,,,W0xvY2FsXQpBIGFsZGVpYSBlc3TDoSBjYcOzdGljYSBob2plIGVtIGRpYS4gUGFyZWNlIHF1ZSBNb25na3VrdXJ1bSBlc3TDoSBkZSB2b2x0YSDDoCBhbGRlaWEu,,W0hhYml0YW50ZV0KTGEgYWxkZWEgZXMgdW4gY2FvcyDDumx0aW1hbWVudGUuIFBhcmVjZSBxdWUgTWFuYW5hbmdnYWwgZXN0w6EgZGUgdnVlbHRhIGVuIGxhIGFsZGVhLg==
S1F0AQ,,TW9uZ2t1a3VydW0/,,,,,TW9uZ2t1a3VydW0/,,wr9NYW5hbmFuZ2dhbD8=
TFF0AQ,,W0xvY2FsXQpBIG1vbnN0ZXIgdGhhdCBpcyBhbHNvIGNhbGxlZCB3aXRjaC4gTG9va3MgbGlrZSBhIHBlcnNvbiBhbmQgYWxzbyB3ZWFycyBjbG90aGVzLg==,,,,,W0xvY2FsXQpVbSBtb25zdHJvIHF1ZSB0YW1iw6ltIMOpIGNoYW1hZG8gZGUgYnJ1eGEuIFBhcmVjZSB1bWEgcGVzc29hIGUgdGFtYsOpbSB1c2Egcm91cGFzLg==,,W0hhYml0YW50ZV0KRXMgdW4gbW9uc3RydW8gYSBxdWllbiB0YW1iacOpbiBzZSBjb25vY2UgY29tbyBicnVqYS4gUGFyZWNlIHVuYSBwZXJzb25hIHkgc2UgdmlzdGUgY29uIHJvcGEu
TVF0AQ,,W0xvY2FsXQpNb25na3VrdXJ1bSBtYWtlcyBhIGRvbGwgb3V0IG9mIHRoZSBwZW9wbGUgaXQgc2VlcyBhbmQgY3Vyc2VzIGl0IHdpdGggbmVlZGxlcy4=,,,,,W0xvY2FsXQpNb25na3VrdXJ1bSBmYXogdW0gYm9uZWNvIGNvbSBhcyBwZXNzb2FzIHF1ZSB2w6ogZSBvIGFtYWxkacOnb2EgY29tIGFndWxoYXMu,,W0hhYml0YW50ZV0KTG9zIE1hbmFuYW5nZ2FsIGhhY2VuIG11w7FlY2FzIGRlIGxhcyBwZXJzb25hcyBxdWUgdmVuIHkgbGFzIG1hbGRpY2VuIGNvbiBhZ3VqYXMu
TlF0AQ,,SXMgdGhlcmUgYSB3YXkgdG8gcmVjb2duaXplIHRoaXMgbW9uc3Rlcj8=,,,,,RXhpc3RlIHVtYSBtYW5laXJhIGRlIHJlY29uaGVjZXIgZXNzZSBtb25zdHJvPw==,,wr9IYXkgYWxndW5hIGZvcm1hIGRlIHJlY29ub2NlciBhIGVzdGUgbW9uc3RydW8/
T1F0AQ,,W0xvY2FsXQpUaGVyZSBpcyBvbmUgd2F5LiBBbGwgTW9uZ2t1a3VydW0gaGF2ZSByZWQgZXllcy4=,,,,,W0xvY2FsXQpIw6EgdW1hIG1hbmVpcmEuIFRvZG9zIG9zIE1vbmdrdWt1cnVtIHTDqm0gb2xob3MgdmVybWVsaG9zLg==,,W0hhYml0YW50ZV0KSGF5IHVuIG1vZG8gZGUgaGFjZXJsby4gVG9kb3MgbG9zIE1hbmFuYW5nZ2FsIHRpZW5lbiBsb3Mgb2pvcyByb2pvcy4=
UFF0AQ,,W0xvY2FsXQpZb3UgY2FuIHJlY29nbml6ZSB0aGVtIGJ5IHRoZWlyIGV5ZXMgYnV0ISBZb3UgbXVzdCByZW1lbWJlciBvbmUgdGhpbmcu,,,,,W0xvY2FsXQpWb2PDqiBwb2RlIHJlY29uaGVjw6otbG9zIHBvciBzZXVzIG9saG9zLCBtYXMgZGV2ZSBzZSBsZW1icmFyIGRlIHVtYSBjb2lzYS4=,,W0hhYml0YW50ZV0KUHVlZGVzIHJlY29ub2NlcmxvcyBwb3IgbG9zIG9qb3MsIHBlcm/igKYgZGViZXMgcmVjb3JkYXIgYWxnby4=
UVF0AQ,,W0xvY2FsXQpZb3Ugd2lsbCBiZSBjYXB0aXZhdGVkIGJ5IE1vbmdrdWt1cnVtIGlmIHlvdSBzdGFyZSBhdCB0aGVpciBleWVzIHRvbyBsb25nLg==,,,,,W0xvY2FsXQpWb2PDqiBzZXLDoSBhdHJhw61kbyBwb3IgTW9uZ2t1a3VydW0gc2UgZmljYXIgb2xoYW5kbyBwYXJhIG9zIG9saG9zIGRlbGVzIHBvciBtdWl0byB0ZW1wby4=,,W0hhYml0YW50ZV0KU2kgdGUgcXVlZGFzIG1pcmFuZG8gYSBsb3Mgb2pvcyBkZSB1biBNYW5hbmFuZ2dhbCBkZW1hc2lhZG8gdGllbXBvLCB0ZSBjYXV0aXZhcsOhLg==
UlF0AQ,,W0xvY2FsXQpOZXZlciBldmVyIHN0YXJlIGludG8gdGhlaXIgZXllcyBmb3IgdG9vIGxvbmcu,,,,,W0xvY2FsXQpOdW5jYSBvbGhlIGZpeGFtZW50ZSBlbSBzZXVzIG9saG9zIHBvciBtdWl0byB0ZW1wby4=,,W0hhYml0YW50ZV0KTnVuY2EgbG9zIG1pcmVzIGZpamFtZW50ZSBhIGxvcyBvam9zIHBvciBtdWNobyB0aWVtcG8u
U1F0AQ,,T2xkIE1hbiA=,,,,,SG9tZW0gVmVsaG8=,,T2xkIE1hbiA=
VFF0AQ,,W09sZCBNYW5dCkZvcmVpZ25lcnMgYXJlIG5vdCB3ZWxjb21lZCB0aGF0IG11Y2ggd2hlbiBvdXIgdmlsbGFnZSBpcyBjaGFvdGljIGxpa2UgdGhlc2UgZGF5cy4=,,,,,W0hvbWVtIFZlbGhvXQpPcyBlc3RyYW5nZWlyb3MgbsOjbyBzw6NvIG11aXRvIGJlbS12aW5kb3MgcXVhbmRvIG5vc3NhIGFsZGVpYSBlc3TDoSBjYcOzdGljYSBjb21vIG5lc3RlcyBkaWFzLg==,,W0FuY2lhbm9dCkxvcyBleHRyYW5qZXJvcyBubyBzb24gdGFuIGJpZW4gcmVjaWJpZG9zIGVuIG51ZXN0cmEgYWxkZWEgY3VhbmRvIHJlaW5hIGVsIGNhb3MgY29tbyBhaG9yYS4=
VVF0AQ,,W09sZCBNYW5dCllvdSBhcmUgb3V0IG9mIGx1Y2sgdmlzaXRpbmcgdGhlIHZpbGxhZ2UgYXQgYSB0aW1lIGxpa2UgdGhpcyBhbmQgbm90IGJlaW5nIHdlbGNvbWVkLg==,,,,,W0hvbWVtIFZlbGhvXQpWb2PDqiBuw6NvIHRlbSBzb3J0ZSBlbSB2aXNpdGFyIGEgYWxkZWlhIGVtIHVtIG1vbWVudG8gY29tbyBlc3RlIGUgbsOjbyBzZXIgYmVtIHJlY2ViaWRvLg==,,W0FuY2lhbm9dClF1w6kgbWFsYSBzdWVydGUgcXVlIHZpc2l0ZXMgbGEgYWxkZWEgZW4gdW4gbW9tZW50byBhc8OtIHkgbm8gcG9kYW1vcyByZWNpYmlydGUgbWVqb3Iu
VlF0AQ,,W09sZCBNYW5dCnt9aXMgc2FpZCB0byB0aHJvdyBvdXQgSmVsbG9weSBpbiB0aGlzIHZpbGxhZ2Uu,,,,,W0hvbWVtIFZlbGhvXQpEaXplbSBxdWUge30gZXhwdWxzb3UgSmVsbG9weSBuZXN0YSBhbGRlaWEu,,W0FuY2lhbm9dClNlIGRpY2UgcXVlIHt9IHRpcmEgSmVsbG9weSBlbiBlc3RhIGFsZGVhLg==
V1F0AQ,,W09sZCBNYW5dClRzaywgdHNrLi4uIE11c3QgYmUgYSBwZXJzb24gdGhhdCBpc250IHdvcnRoeSBvZiBhIEplbGxvcHku,,,,,W0hvbWVtIFZlbGhvXQpUc2ssIHRzay4uLiBEZXZlIHNlciB1bWEgcGVzc29hIHF1ZSBuw6NvIMOpIGRpZ25hIGRlIHVtIEplbGxvcHku,,W0FuY2lhbm9dClRjaCwgdGNo4oCmIE5vIGRlYmUgc2VyIHVuYSBwZXJzb25hIGRpZ25hIGRlIHVuIEplbGxvcHku
WFF0AQ,,W09sZCBNYW5dCllvdSBtdXN0IGFsc28gbG9vayBvdXQgdG8gc2VlIGlmIEJhbmd1bmdvdCBsaXZlcyBpbiBhIHRyZWUgeW91IGFyZSBhYm91dCB0byBjdXQgZG93bi4=,,,,,W0hvbWVtIFZlbGhvXQpWb2PDqiB0YW1iw6ltIGRldmUgdmVyaWZpY2FyIHNlIEJhbmd1bmdvdCB2aXZlIGVtIHVtYSDDoXJ2b3JlIHF1ZSB2b2PDqiBlc3TDoSBwcmVzdGVzIGEgY29ydGFyLg==,,W0FuY2lhbm9dClRhbWJpw6luIGRlYmVzIHRlbmVyIGN1aWRhZG8gZGUgbm8gdGFsYXIgdW4gw6FyYm9sIGVuIGVsIHF1ZSB2aXZlIHVuIEJhbmd1bmdvdC4=
WVF0AQ,,W09sZCBNYW5dCkJlY2F1c2Ugc3RyYW5nZSB0aGluZ3MgaGFwcGVuIGlmIGxvZ3MgZnJvbSB0cmVlcyB0aGF0IEJhbmd1bmdvdCBsaXZlZCBpbiBhcmUgdXNlZCBhcyBidWlsZGluZyBwaWxsYXJzLg==,,,,,W0hvbWVtIFZlbGhvXQpQb3JxdWUgY29pc2FzIGVzdHJhbmhhcyBhY29udGVjZW0gc2Ugb3MgdHJvbmNvcyBkYXMgw6Fydm9yZXMgZW0gcXVlIEJhbmd1bmdvdCB2aXZpYSBmb3JlbSB1c2Fkb3MgY29tbyBwaWxhcmVzIGRlIGNvbnN0cnXDp8Ojby4=,,W0FuY2lhbm9dClBvcnF1ZSBkZXNwdcOpcyBzdWNlZGVuIGNvc2FzIGV4dHJhw7FhcyBzaSBzZSB1c2FuIGNvbW8gcGlsYXJlcyBkZSBjb25zdHJ1Y2Npw7NuIGxvcyB0cm9uY29zIGRlIGxvcyDDoXJib2xlcyBlbiBsb3MgcXVlIHZpdsOtYW4gbG9zIEJhbmd1bmdvdC4=
WlF0AQ,,V2hhdCBoYXBwZW5zPw==,,,,,TyBxdWUgYWNvbnRlY2U/,,wr9RdcOpIHN1Y2VkZT8=
W1F0AQ,,W09sZCBNYW5dCldlbGwsIGZvciBhIEJhbmd1bmdvdCwgaXQgbWVhbnMgbG9zaW5nIGl0cyBob21lIHNvIHRoZXkgZ2V0IHJldmVuZ2VmdWwu,,,,,W0hvbWVtIFZlbGhvXQpCZW0sIHBhcmEgdW0gQmFuZ3VuZ290LCBpc3NvIHNpZ25pZmljYSBwZXJkZXIgc2V1IGxhciwgZW50w6NvIGVsZXMgc2UgdmluZ2FtLg==,,W0FuY2lhbm9dCkJ1ZW5vLCBwYXJhIHVuIEJhbmd1bmdvdCwgc2lnbmlmaWNhIHBlcmRlciBzdSBob2dhciwgYXPDrSBxdWUgZGVzcHXDqXMgc2UgdmVuZ2Eu
XFF0AQ,,W09sZCBNYW5dCldoZW4geW91IHRyeSB0byBzbGVlcCBuZWFyIHRoZSBwaWxsYXIsIGl0IHdpbGwga2VlcCBhd2FrZSBieSBwbGF5aW5nIHByYW5rcyBhdCBmaXJzdC4=,,,,,W0hvbWVtIFZlbGhvXQpRdWFuZG8gdm9jw6ogdGVudGFyIGRvcm1pciBwZXJ0byBkbyBwaWxhciwgZWxlIHNlIG1hbnRlcsOhIGFjb3JkYWRvLCBwcmVnYW5kbyBwZcOnYXMgbm8gaW7DrWNpby4=,,W0FuY2lhbm9dClByaW1lcm8sIGN1YW5kbyBpbnRlbnRlcyBkb3JtaXIgY2VyY2EgZGVsIHBpbGFyLCBubyBwb2Ryw6FzIGhhY2VybG8gcG9ycXVlIHRlIGhhcsOhIGJyb21hcy4=
XVF0AQ,,W09sZCBNYW5dCkJ1dCBhcyB0aW1lIGdvZXMgYnkgYW5kIHRoZWlyIHZlbmdlYW5jZSBncm93LCB0aGV5IHNpdCBvbiB0b3Agb2YgeW91IHVudGlsIHlvdSBzdWZmb2NhdGUu,,,,,W0hvbWVtIFZlbGhvXQpNYXMgw6AgbWVkaWRhIHF1ZSBvIHRlbXBvIHBhc3NhIGUgYSB2aW5nYW7Dp2EgZGVsZXMgYXVtZW50YSwgZWxlcyBzZSBzZW50YW0gZW0gY2ltYSBkZSB2b2PDqiBhdMOpIHF1ZSB2b2PDqiBzdWZvcXVlLg==,,W0FuY2lhbm9dClBlcm8sIGEgbWVkaWRhIHF1ZSBwYXNlIGVsIHRpZW1wbywgeSBzdSB2ZW5nYW56YSBzZSBpbnRlbnNpZmlxdWUsIHNlIHNlbnRhcsOhIGVuY2ltYSBkZSB0aSBoYXN0YSBhc2ZpeGlhcnRlLg==
XlF0AQ,,T2gsIGdvc2guLi4=,,,,,QWgsIG1ldSBEZXVzLi4u,,wqFBaCwgY2llbG9z4oCmIQ==
X1F0AQ,,W09sZCBNYW5dCkhhIGhhIGhhLiBUaGVyZSBhcmUgbm8gQmFuZ3VuZ290cyBpbiBub3JtYWwgcGlsbGFycywgc28gZG9uJ3QgbG9zZSBzbGVlcCBvbiBpdC4=,,,,,W0hvbWVtIFZlbGhvXQpIYSBoYSBoYS4gTsOjbyBow6EgQmFuZ3VuZ290cyBlbSBwaWxhcmVzIG5vcm1haXMsIHBvcnRhbnRvLCBuw6NvIHBlcmNhIG8gc29ubyBjb20gaXNzby4=,,W0FuY2lhbm9dCkphLCBqYSwgamEuIE5vIGhheSBCYW5ndW5nb3QgZW4gbG9zIHBpbGFyZXMgbm9ybWFsZXMsIGFzw60gcXVlIG5vIHRlIGRlc3ZlbGVzIHBvciBlc28u
YFF0AQ,,V29tYW4=,,,,,TXVsaGVy,,V29tYW4=
YVF0AQ,,W1dvbWFuXQpJIGRvbnQgaGF2ZSBhbnl0aGluZyB0byBzaGFyZSB3aXRoIHlvdS4=,,,,,W011bGhlcl0KTsOjbyB0ZW5obyBuYWRhIHBhcmEgY29tcGFydGlsaGFyIGNvbSB2b2PDqi4=,,W011amVyXQpObyB0ZW5nbyBuYWRhIHF1ZSBjb21wYXJ0aXIgY29udGlnby4=
YlF0AQ,,W1dvbWFuXQpJbSB3b3JyaWVkIGFib3V0IHRoZSBjaGlsZHJlbi4gSSBob3BlIHRoZXkgYXJlbnQgdGVycmlmaWVkIGZyb20gd2hhdHMgZ29pbmcgb24gaW4gdGhlIHZpbGxhZ2Uu,,,,,W011bGhlcl0KRXN0b3UgcHJlb2N1cGFkYSBjb20gYXMgY3JpYW7Dp2FzLiBFc3Blcm8gcXVlIGVsYXMgbsOjbyBmaXF1ZW0gYXRlcnJvcml6YWRhcyBjb20gbyBxdWUgZXN0w6EgYWNvbnRlY2VuZG8gbmEgYWxkZWlhLg==,,W011amVyXQpNZSBwcmVvY3VwYW4gbG9zIG5pw7Fvcy4gRXNwZXJvIHF1ZSBubyBlc3TDqW4gYXRlcnJvcml6YWRvcyBwb3IgbG8gcXVlIHBhc2EgZW4gbGEgYWxkZWEu
Y1F0AQ,,W1dvbWFuXQpJIGxpa2UgZnVuIHN0b3JpZXMuIE5vdCBzbyBsb25nIGFnbyx7fWNhbWUgYW5kIHRvbGQgbWUgYSBmdW5ueSBzdG9yeS4=,,,,,W011bGhlcl0KR29zdG8gZGUgaGlzdMOzcmlhcyBkaXZlcnRpZGFzLiBOw6NvIGZheiBtdWl0byB0ZW1wbyBxdWUge30gdmVpbyBlIG1lIGNvbnRvdSB1bWEgaGlzdMOzcmlhIGVuZ3Jhw6dhZGEu,,W011amVyXQpNZSBndXN0YW4gbG9zIHRyYWJhbGVuZ3Vhcy4gSGFjZSBwb2NvLCB7fSB2aW5vIHkgbWUgY29udMOzIHVuIHRyYWJhbGVuZ3Vhcy4=
ZFF0AQ,,W1dvbWFuXQonTXkgYXVudCBzdGVwcGVkIG9uIGFuIGFudC4n,,,,,W011bGhlcl0KJ01pbmhhIHRpYSBwaXNvdSBlbSB1bWEgZm9ybWlnYScu,,W011amVyXQrigJxQYWJsaXRvIGNsYXbDsyB1biBjbGF2aXRvLCDCv3F1w6kgY2xhdml0byBjbGF2w7MgUGFibGl0bz/igJ0u
ZVF0AQ,,W1dvbWFuXQpJIGxpa2UgZnVuIHN0b3JpZXMuIE5vdCBzbyBsb25nIGFnb3t9Y2FtZSBhbmQgdG9sZCBtZSBhIGZ1bm55IHN0b3J5Lg==,,,,,W011bGhlcl0KR29zdG8gZGUgaGlzdMOzcmlhcyBkaXZlcnRpZGFzLiBOw6NvIGZheiBtdWl0byB0ZW1wbyBxdWUge30gdmVpbyBlIG1lIGNvbnRvdSB1bWEgaGlzdMOzcmlhIGVuZ3Jhw6dhZGEu,,W011amVyXQpNZSBndXN0YW4gbG9zIHRyYWJhbGVuZ3Vhcy4gTm8gaGFjZSBtdWNobywge30gdmlubyB5IG1lIGNvbnTDsyB1biB0cmFiYWxlbmd1YXMu
ZlF0AQ,,W1dvbWFuXQonWW91IGVhdCBjaGlsaSBvbiBhIGNoaWxseSBkYXkuJw==,,,,,W011bGhlcl0KJ1ZvY8OqIGNvbWUgY2hpbGkgbnVtIGRpYSBmcmlvJy4=,,W011amVyXQrigJxQYW5jaGEgcGxhbmNoYSBjb24gY3VhdHJvIHBsYW5jaGFzLiDCv0NvbiBjdcOhbnRhcyBwbGFuY2hhcyBwbGFuY2hhIFBhbmNoYT/igJ0u
Z1F0AQ,,W1dvbWFuXQonV2h5IGFyZSB5b3UgcHV0dGluZyBmbG91ciBvbiB0aGF0IGZsb3dlcj8n,,,,,W011bGhlcl0KJ1BvciBxdWUgdm9jw6ogZXN0w6EgY29sb2NhbmRvIGZhcmluaGEgbmVzc2EgZmxvcj8=,,W011amVyXQrigJxFbCBjYW5ncmVqbyBzZSBxdWVkw7MgcGVycGxlam8gYWwgdmVyIHN1IHJlZmxlam8gZW4gYXF1ZWwgZXNwZWpv4oCdLg==
aFF0AQ,,W1dvbWFuXQpBdCB0aGUgVG9vbCBTdG9yZSwgJ0lsbCBidXkgdGhlIG5lZWRsZSBhbmQgdGhyZWFkISBZb3UgYnV5IHRoZSBoYXkgdG8gbG9zZSB0aGUgbmVlZGxlIGluLic=,,,,,W011bGhlcl0KTmEgbG9qYSBkZSBmZXJyYW1lbnRhcywgJ0V1IGNvbXBybyBhIGFndWxoYSBlIGEgbGluaGEhIFZvY8OqIGNvbXByYSBvIGZlbm8gcGFyYSBwZXJkZXIgYSBhZ3VsaGEnLg==,,W011amVyXQrigJxFcnJlIGNvbiBlcnJlLCBndWl0YXJyYTsgZXJyZSBjb24gZXJyZSwgY2FycmlsOiBxdcOpIHLDoXBpZG8gcnVlZGFuIGxvcyBjYXJyb3M=
aVF0AQ,,W1dvbWFuXQpzYWlkIHRoYXQgYW5kIHdhcyBraWNrZWQgb3V0IG9mIHRoZSBUb29sIFN0b3JlLg==,,,,,W011bGhlcl0KYSBwZXNzb2EgZGlzc2UgaXNzbyBlIGZvaSBleHB1bHNhIGRhIGxvamEgZGUgZmVycmFtZW50YXMu,,W011amVyXQpwb3IgbG9zIHJpZWxlcyBkZWwgZmVycm9jYXJyaWzigJ0u
alF0AQ,,W1dvbWFuXQpBIEthZnJhIEVtcGxveWVlIEltIGZyaWVuZHMgd2l0aCB0b2xkIG1lIGEgc3RvcnkgYWJvdXQgYSBjdXN0b21lci4=,,,,,W011bGhlcl0KVW0gRnVuY2lvbsOhcmlhIEthZnJhIGRlIHF1ZW0gc291IGFtaWdhIG1lIGNvbnRvdSB1bWEgaGlzdMOzcmlhIHNvYnJlIHVtIGNsaWVudGUu,,W011amVyXQpVbiBhbWlnbyBtw61vIHF1ZSBlcyBlbXBsZWFkbyBkZSBLYWZyYSBtZSBjb250w7MgdW4gdHJhYmFsZW5ndWFzIHF1ZSBhcHJlbmRpw7Mu
a1F0AQ,,W1dvbWFuXQonS2FmcmEsIHRoZSB3aXNlIG5ldmVyIG1hcnJ5IGFuZCB3aGVuIHRoZXkgbWFycnksIHRoZXkgYmVjb21lIG90aGVyd2lzZS4n,,,,,W011bGhlcl0KJ0thZnJhLCBvcyBzw6FiaW9zIG51bmNhIHNlIGNhc2FtIGUsIHF1YW5kbyBzZSBjYXNhbSwgZmljYW0gZGlmZXJlbnRlcycu,,W011amVyXQrigJxBIEN1ZXN0YSBsZSBjdWVzdGEgc3ViaXIgbGEgY3Vlc3RhLiBZIGVuIG1lZGlvIGRlIGxhIGN1ZXN0YSwgQ3Vlc3RhIHZhIMKheSBzZSBhY3Vlc3RhIeKAnS4=
bFF0AQ,,W1dvbWFuXQpIZSBoZS4uLiBJIGRvIGxpa2UgZnVubnkgc3RvcmllcyBidXQgYSBiaXQgZGlmZmljdWx0IGZvciBteSB0YXN0ZS4=,,,,,W011bGhlcl0KSGUgaGUgaGUuLi4gRXUgZ29zdG8gZGUgaGlzdMOzcmlhcyBlbmdyYcOnYWRhcywgbWFzIHVtIHBvdWNvIGRpZsOtY2VpcyBwYXJhIG8gbWV1IGdvc3RvLg==,,W011amVyXQpKZSwgamXigKYgTWUgZ3VzdGFuIGxvcyB0cmFiYWxlbmd1YXMsIHBlcm8gZXNlIGVzIHVuIHBvY28gZGlmw61jaWwgcGFyYSBtaSBndXN0by4=
bVF0AQ,,W1dvbWFuXQpJIGxpa2UgZnVuIHN0b3JpZXMuIE9oIGJ5IHRoZSB3YXkhe30sIGxvdmUgaXMgcGhvdG9nZW5pYy4gRG9udCB5b3UgYWdyZWU/,,,,,W011bGhlcl0KR29zdG8gZGUgaGlzdMOzcmlhcyBkaXZlcnRpZGFzLiBBIHByb3DDs3NpdG8sIHt9LCBvIGFtb3Igw6kgZm90b2fDqm5pY28uIFZvY8OqIG7Do28gY29uY29yZGE/,,W011amVyXQpNZSBndXN0YW4gbG9zIHRyYWJhbGVuZ3Vhcy4gwqFBaCwgcG9yIGNpZXJ0byEge30sIGEgdmVyIHNpIHB1ZWRlcyByZXBldGlyIGVzdGU6IEN1YW5kbyBjdWVudGVzIGN1ZW50b3MsIGN1ZW50YSBjdWFudG9zIGN1ZW50b3MgY3VlbnRhcyw=
blF0AQ,,W1dvbWFuXQpJdCBuZWVkcyBkYXJrbmVzcyB0byBkZXZlbG9wLg==,,,,,W011bGhlcl0KRWxlIHByZWNpc2EgZGUgZXNjdXJpZMOjbyBwYXJhIHNlIGRlc2Vudm9sdmVyLg==,,W011amVyXQpwb3JxdWUgc2kgbm8gY3VlbnRhcyBjdWFudG9zIGN1ZW50b3MgY3VlbnRhcywgbnVuY2Egc2FicsOhcyBjdcOhbnRvcyBjdWVudG9zIHNhYmVzIGNvbnRhci4=
b1F0AQ,,W1dvbWFuXQpIZSBoZS4gSXNudCBpdCBmdW4/,,,,,W011bGhlcl0KSGUgaGUgaGUuIE7Do28gw6kgZW5ncmHDp2Fkbz8=,,W011amVyXQpKZSwgamUuIMK/Tm8gZXMgZGl2ZXJ0aWRvPw==
cFF0AQ,,W1dvbWFuXQpJZiB5b3UgaGVhciBhIGJhYnkgY3J5aW5nIGZyb20gdGhlIGZvcmVzdCBvdXRzaWRlIG9mIHRoZSB2aWxsYWdlLCBuZXZlciBnbyBuZWFyIGl0Lg==,,,,,W011bGhlcl0KU2Ugb3V2aXIgdW0gYmViw6ogY2hvcmFuZG8gbmEgZmxvcmVzdGEgZm9yYSBkYSBhbGRlaWEsIG51bmNhIHNlIGFwcm94aW1lIGRlbGUu,,W011amVyXQpTaSBveWVzIGxsb3JhciBhIHVuIGJlYsOpIGVuIGVsIGJvc3F1ZSBmdWVyYSBkZSBsYSBhbGRlYSwgbm8gdGUgYWNlcnF1ZXMgcG9yIG5hZGEgZW4gZWwgbXVuZG8u
cVF0AQ,,V2h5Pw==,,,,,UG9yIHF1w6o/,,wr9Qb3IgcXXDqT8=
clF0AQ,,W1dvbWFuXQpUaGVyZSBpcyBhIG1vbnN0ZXIgbmFtZWQgVGl1Y2tudWMgdGhhdCByb2FtcyBhcm91bmQgb3V0c2lkZSBvZiB0aGUgdmlsbGFnZSBhbmQgY3JpZXMgYWZ0ZXIgdHJhbnNmb3JtaW5nIGhpbXNlbGYgaW50byBhIGJhYnku,,,,,W011bGhlcl0KSMOhIHVtIG1vbnN0cm8gY2hhbWFkbyBUaXVja251YyBxdWUgdmFndWVpYSBmb3JhIGRhIGFsZGVpYSBlIGNob3JhIGRlcG9pcyBkZSBzZSB0cmFuc2Zvcm1hciBlbSB1bSBiZWLDqi4=,,W011amVyXQpIYXkgdW4gbW9uc3RydW8gbGxhbWFkbyBUaXlhbmFrIHF1ZSB2YWdhIHBvciBsYXMgYWZ1ZXJhcyBkZSBsYSBhbGRlYSB5IGxsb3JhIGRlc3B1w6lzIGRlIHRyYW5zZm9ybWFyc2UgZW4gdW4gYmViw6ku
c1F0AQ,,W1dvbWFuXQpCdXQgd2hlbiBraW5kIHRyYXZlbGVycyBwaWNrIHVwIHRoZSBiYWJ5LCBpdCB0dXJucyBiYWNrIGludG8gaXRzIG9yaWdpbmFsIGZvcm0gYW5kIGF0dGFja3Mu,,,,,W011bGhlcl0KTWFzIHF1YW5kbyBvcyB2aWFqYW50ZXMgYm9uZG9zb3MgcGVnYW0gbyBiZWLDqiwgZWxlIHZvbHRhIMOgIHN1YSBmb3JtYSBvcmlnaW5hbCBlIGF0YWNhLg==,,W011amVyXQpQZXJvLCBjdWFuZG8gbG9zIGFtYWJsZXMgdmlhamVyb3MgcmVjb2dlbiBhbCBiZWLDqSwgdnVlbHZlIGEgc3UgZm9ybWEgb3JpZ2luYWwgeSBsb3MgYXRhY2Eu
dFF0AQ,,U291bmRzIGxpa2UgYSBzbmVha3kgbW9uc3Rlci4=,,,,,UGFyZWNlIHVtIG1vbnN0cm8gc29ycmF0ZWlyby4=,,UGFyZWNlIHF1ZSBlcyB1biBtb25zdHJ1byBhc3R1dG8u
dVF0AQ,,W1dvbWFuXQpZZXMsIHRoaXMgbW9uc3RlciBpcyBiYWQgdG8gdHJpY2sgdGhlIGtpbmRuZXNzIG9mIHRyYXZlbGVycyBidXQs,,,,,W011bGhlcl0KU2ltLCBlc3NlIG1vbnN0cm8gw6kgcnVpbSBwYXJhIGVuZ2FuYXIgYSBib25kYWRlIGRvcyB2aWFqYW50ZXMsIG1hcy4uLg==,,W011amVyXQpTw60sIGVzdGUgbW9uc3RydW8gZXMgbWFsbyB5IGVuZ2HDsWEgYSBsb3MgdmlhamVyb3MgYm9uZGFkb3NvcywgcGVybw==
dlF0AQ,,W1dvbWFuXQp0aGVyZSBpcyBydW1vciB0aGF0IHRoZSBtb25zdGVyIGNhbWUgZnJvbSB0aGUgc291bCBvZiBhIGJhYnkgdGhhdCBuZXZlciBiZWVuIGJvcm4uIFNvIHNhZC4=,,,,,W011bGhlcl0KSMOhIHJ1bW9yZXMgZGUgcXVlIG8gbW9uc3RybyB2ZWlvIGRhIGFsbWEgZGUgdW0gYmViw6ogcXVlIG51bmNhIG5hc2NldS4gw4kgbXVpdG8gdHJpc3RlLg==,,W011amVyXQpzZSBydW1vcmVhIHF1ZSBlbCBtb25zdHJ1byBzYWxpw7MgZGVsIGFsbWEgZGUgdW4gYmViw6kgcXVlIG51bmNhIGxsZWfDsyBhIG5hY2VyLiBFcyB0cmlzdGUu
