IG1dAQ,,THVjaWE=,,,,,TMO6Y2lh,,THVjw61h
IW1dAQ,,W0x1Y2lhXQpIZWxsby4KSSdtIHdvcnJpZWQgYWJvdXQgXkZGMDAwMFN0cmFuZ2UgSHlkcmFeMDAwMDAwIG9uIHRoZSBzb3V0aCBiZWFjaC4KSSBob3BlIHNvbWUgZXhwZXJpZW5jZWQgYWR2ZW50dXJlcnMgd2lsbCBjb21lIHRvIGhlbHAu,,,,,W0x1Y2lhXQpPbMOhLgpFc3RvdSBwcmVvY3VwYWRhIGNvbSBhIF5GRjAwMDBTdHJhbmdlIEh5ZHJhXjAwMDAwMCBuYSBwcmFpYSBkbyBzdWwuCkVzcGVybyBxdWUgYWxndW5zIGF2ZW50dXJlaXJvcyBleHBlcmllbnRlcyB2ZW5oYW0gbWUgYWp1ZGFyLg==,,W0x1Y2lhXQpIb2xhLgpFc3RveSBwcmVvY3VwYWRhIHBvciBeRkYwMDAwSGlkcmEgRXh0cmHDsWFeMDAwMDAwIGVuIGxhIHBsYXlhIHN1ci4KRXNwZXJvIHF1ZSBhbGd1bm9zIGF2ZW50dXJlcm9zIGV4cGVyaW1lbnRhZG9zIHZlbmdhbiBhIGF5dWRhci4=
Im1dAQ,,W0x1Y2lhXQpIZWxsby4KRGlkIHlvdSBjb21lIGhlcmUgdG8gaHVudCBeRkYwMDAwU3RyYW5nZSBIeWRyYV4wMDAwMDA/,,,,,W0x1Y2lhXQpPbMOhLgpWb2PDqiB2ZWlvIGFxdWkgcGFyYSBjYcOnYXIgYSBeRkYwMDAwU3RyYW5nZSBIeWRyYV4wMDAwMDA/,,W0x1Y2lhXQpIb2xhLgrCv0hhcyB2ZW5pZG8gYSBjYXphciBeRkYwMDAwSGlkcmEgRXh0cmHDsWFeMDAwMDAwPw==
I21dAQ,,WWVzLg==,,,,,U2ltLg==,,U8OtLg==
JG1dAQ,,Tm8u,,,,,TsOjby4=,,Tm8u
JW1dAQ,,XjAwNjQwMFdoYXQgaXMgaGFwcGVuaW5nIGhlcmU/XjAwMDAwMA==,,,,,XjAwNjQwME8gcXVlIGVzdMOhIGFjb250ZWNlbmRvIGFxdWk/XjAwMDAwMA==,,e8K/UXXDqSBlc3TDoSBwYXNhbmRvIGFxdcOtPw==
Jm1dAQ,,W0x1Y2lhXQpIZXJlLCB0YWtlIHRoaXMgXjAwNjQwMEh5ZHJhIEJhbGxeMDAwMDAwLgpVc2UgaXQgdG8gY2FwdHVyZSBhIF5GRjAwMDBTdHJhbmdlIEh5ZHJhXjhCNDUxMy5eMDAwMDAwCkkgaG9wZSB5b3UgY2FuIGRvIGl0fiE=,,,,,W0x1Y2lhXQpBcXVpLCBwZWd1ZSBlc3RhIF4wMDY0MDBIeWRyYSBCYWxsXjAwMDAwMC4KVXNlLWEgcGFyYSBjYXB0dXJhciB1bWEgXkZGMDAwMFN0cmFuZ2UgSHlkcmFeOEI0NTEzLl4wMDAwMDAKRXNwZXJvIHF1ZSB2b2PDqiBjb25zaWdhIGZhemVyIGlzc29+IQ==,,W0x1Y2lhXQpUb21hLCBjb2dlIGVzdGEgXjAwNjQwMEJvbGEgZGUgSGlkcmFeMDAwMDAwLgrDmnNhbGEgcGFyYSBjYXB0dXJhciB1bmEgXkZGMDAwMEhpZHJhIEV4dHJhw7FhXjhCNDUxMy5eMDAwMDAwCsKhRXNwZXJvIHF1ZSBwdWVkYXMgaGFjZXJsbyE=
J21dAQ,,W0x1Y2lhXQpBaCwgSSBtaXN1bmRlcnN0b29kLgpTZWUgeW91IHRoZW4u,,,,,W0x1Y2lhXS4KQWgsIGV1IGVudGVuZGkgZXJyYWRvLgpFbnTDo28sIGF0w6kgbWFpcy4=,,W0x1Y2lhXQpBaCwgZW50ZW5kw60gbWFsLgpOb3MgdmVtb3MgZW50b25jZXMu
KG1dAQ,,W0x1Y2lhXQpPbmUgZGF5IF5GRjAwMDBTdHJhbmdlIEh5ZHJhXjAwMDAwMApjYW1lIGhlcmUgYW5kIHN1cnJvdW5kZWQgdGhlIHRvd24uCldlJ3JlIG5vdCBzdXJlIHdoYXQgYXR0cmFjdGVkIHRoZW0gYnV0IHNvbWUgc2F5IHRoYXQgaXQncyBiZWNhdXNlIG9mIHlvdSBhZHZlbnR1cmVycy4=,,,,,W0x1Y2lhXQpVbSBkaWEgXkZGMDAwMFN0cmFuZ2UgSHlkcmFeMDAwMDAwCmNoZWdvdSBhcXVpIGUgY2VyY291IGEgY2lkYWRlLgpOw6NvIHRlbW9zIGNlcnRlemEgZG8gcXVlIGFzIGF0cmFpdSwgbWFzIGFsZ3VucyBkaXplbSBxdWUgZm9pIHBvciBjYXVzYSBkZSB2b2PDqnMsIGF2ZW50dXJlaXJvcy4=,,W0x1Y2lhXQpVbiBkw61hIF5GRjAwMDBIaWRyYSBFeHRyYcOxYV4wMDAwMDAKdmlubyBhcXXDrSB5IHJvZGXDsyBsYSBjaXVkYWQuCk5vIGVzdGFtb3Mgc2VndXJvcyBkZSBxdcOpIGxhcyBhdHJham8sIHBlcm8gYWxndW5vcyBkaWNlbiBxdWUgZXMgcG9yIHVzdGVkZXMsIGxvcyBhdmVudHVyZXJvcy4=
KW1dAQ,,W0x1Y2lhXQpJbiBhbnkgY2FzZSwgdG8gY29udGFpbiB0aGUgXkZGMDAwMFN0cmFuZ2UgSHlkcmFeMDAwMDAwLCAKeW91IGhhdmUgdG8gdXNlIHRoaXMgc3BlY2lhbGx5IGRlc2lnbmVkIHRvb2wgYS5rLmEuIF44QjQ1MTNIeWRyYSBCYWxsXjAwMDAwMC4=,,,,,W0x1Y2lhXS4KRW0gdG9kbyBjYXNvLCBwYXJhIGNvbnRlciBhIF5GRjAwMDBTdHJhbmdlIEh5ZHJhXjAwMDAwMCwgCnZvY8OqIHByZWNpc2EgdXNhciBlc3RhIGZlcnJhbWVudGEgZXNwZWNpYWxtZW50ZSBwcm9qZXRhZGEsIHRhbWLDqW0gY29uaGVjaWRhIGNvbW8gXjhCNDUxM0h5ZHJhIEJhbGxeMDAwMDAwLg==,,W0x1Y2lhXQpFbiBjdWFscXVpZXIgY2FzbywgcGFyYSBjb250ZW5lciBhIGxhIF5GRjAwMDBIaWRyYSBFeHRyYcOxYV4wMDAwMDAsIAp0aWVuZXMgcXVlIHVzYXIgZXN0YSBoZXJyYW1pZW50YSBlc3BlY2lhbG1lbnRlIGRpc2XDsWFkYSwgdGFtYmnDqW4gY29ub2NpZGEgY29tbyBeOEI0NTEzSHlkcmEgQmFsbF4wMDAwMDAu
Km1dAQ,,W0x1Y2lhXQpJZiB5b3Ugc3RpbGwgaGF2ZSB0aGUgXjAwNjQwMEh5ZHJhIGJhbGxeMDAwMDAwLApwbGVhc2UgdXNlIGl0IG9uIHRoZSBeRkYwMDAwU3RyYW5nZSBIeWRyYV4wMDAwMDAgdGhhdAp5b3UgY2FuIGZpbmQgYXQgdGhlIGJlYWNoLgpJZiB5b3UgYXJlIGx1Y2t5LCB0aGUgdG9vbCB3aWxsIHdvcmsgcGVyZmVjdGx5Lg==,,,,,W0x1Y2lhXQpTZSB2b2PDqiBhaW5kYSB0aXZlciBhIGJvbGEgXjAwNjQwMEh5ZHJhXjAwMDAwMCwKcG9yIGZhdm9yLCB1c2UtYSBuYSBeRkYwMDAwU3RyYW5nZSBIeWRyYV4wMDAwMDAgcXVlCnF1ZSB2b2PDqiBwb2RlIGVuY29udHJhciBuYSBwcmFpYS4KU2Ugdm9jw6ogdGl2ZXIgc29ydGUsIGEgZmVycmFtZW50YSBmdW5jaW9uYXLDoSBwZXJmZWl0YW1lbnRlLg==,,W0x1Y2lhXQpTaSBhw7puIHRpZW5lcyBsYSBeMDA2NDAwQm9sYSBkZSBIaWRyYV4wMDAwMDAsCnBvciBmYXZvciDDunNhbGEgZW4gbGEgXkZGMDAwMEhpZHJhIEV4dHJhw7FhXjAwMDAwMCBxdWUKcHVlZGVzIGVuY29udHJhciBlbiBsYSBwbGF5YS4KU2kgdGllbmVzIHN1ZXJ0ZSwgbGEgaGVycmFtaWVudGEgZnVuY2lvbmFyw6EgcGVyZmVjdGFtZW50ZS4=
K21dAQ,,W0x1Y2lhXQpJIGhvcGUgbWFueSBhZHZlbnR1cmVycwp2b2x1bnRlZXIgZm9yIHRoaXMgam9iLg==,,,,,W0x1Y2lhXQpFc3Blcm8gcXVlIG11aXRvcyBhdmVudHVyZWlyb3MKc2Ugdm9sdW50YXJpZW0gcGFyYSBlc3NlIHRyYWJhbGhvLg==,,W0x1Y2lhXQpFc3Blcm8gcXVlIG11Y2hvcyBhdmVudHVyZXJvcwpzZSBvZnJlemNhbiB2b2x1bnRhcmlvcyBwYXJhIGVzdGUgdHJhYmFqby4=
LG1dAQ,,SSByZWFsbHkgaGF0ZSBIeWRyYSE=,,,,,RXUgcmVhbG1lbnRlIG9kZWlvIGEgSHlkcmEh,,wqFSZWFsbWVudGUgb2RpbyBhIEh5ZHJhIQ==
LW1dAQ,,W0x1Y2lhXQpIZWxsbywgeW91IHJlYWxseSBtYWRlIGl0IQ==,,,,,W0x1Y2lhXQpPbMOhLCB2b2PDqiByZWFsbWVudGUgY29uc2VndWl1IQ==,,W0x1Y2lhXQrCoUhvbGEsIHJlYWxtZW50ZSBsbyBsb2dyYXN0ZSE=
Lm1dAQ,,SSBkb24ndCBoYXZlIGVub3VnaCBeMDA2NDAwSHlkcmEgYmFsbF4wMDAwMDBzIHRvIGdpdmUgeW91LgpJIGhvcGUgeW91IHdpbGwgY29tZQphZ2FpbiB0byBoZWxwIG1lLgpIYXZlIGEgbmljZSBkYXl+IQ==,,,,,TsOjbyB0ZW5obyBeMDA2NDAwSHlkcmEgYmFsbF4wMDAwMDBzIHN1ZmljaWVudGVzIHBhcmEgbGhlIGRhci4KRXNwZXJvIHF1ZSB2b2PDqiB2ZW5oYQpub3ZhbWVudGUgcGFyYSBtZSBhanVkYXIuClRlbmhhIHVtIGJvbSBkaWF+IQ==,,Tm8gdGVuZ28gc3VmaWNpZW50ZXMgXjAwNjQwMEh5ZHJhIGJhbGxeMDAwMDAwcyBwYXJhIGRhcnRlLgpFc3Blcm8gcXVlIHZlbmdhcwpvdHJhIHZleiBwYXJhIGF5dWRhcm1lLgrCoVF1ZSB0ZW5nYXMgdW4gYnVlbiBkw61hIQ==
L21dAQ,,QnkgdGhlIHdheSwgeW91ciBiYWcgaXMgZnVsbC4KSSB3aWxsIGdpdmUgeW91IHJld2FyZHMsCnBsZWFzZSBsaWdodGVuIHlvdXIgd2VpZ2h0IGEgbGl0dGxlLg==,,,,,QSBwcm9ww7NzaXRvLCBzdWEgYm9sc2EgZXN0w6EgY2hlaWEuCkV1IGxoZSBkYXJlaSByZWNvbXBlbnNhcywKcG9yIGZhdm9yLCBhbGl2aWUgdW0gcG91Y28gc2V1IHBlc28u,,UG9yIGNpZXJ0bywgdHUgYm9sc2EgZXN0w6EgbGxlbmEuClRlIGRhcsOpIHJlY29tcGVuc2FzLApwb3IgZmF2b3IgYWxpZ2VyYSB0dSBwZXNvIHVuIHBvY28u
MG1dAQ,,W0x1Y2lhXQ==,,,,,W0x1Y2lhXQ==,,W0x1Y2lhXQ==
MW1dAQ,,RGlkIHlvdSBuZWVkIGFub3RoZXIgXjAwNjQwMEh5ZHJhIGJhbGxeMDAwMDAwLgpJIHdpbGwgZ2l2ZSB5b3Ugb25lIG1vcmUu,,,,,Vm9jw6ogcHJlY2lzYSBkZSBvdXRyYSBib2xhIF4wMDY0MDBIeWRyYV4wMDAwMDAuCkV1IGxoZSBkYXJlaSBtYWlzIHVtYS4=,,wr9OZWNlc2l0YWJhcyBvdHJhIGJvbGEgZGUgSHlkcmE/ClRlIGRhcsOpIHVuYSBtw6FzLg==
Mm1dAQ,,QW55IHByb2JsZW1zPw==,,,,,QWxndW0gcHJvYmxlbWE/,,wr9BbGfDum4gcHJvYmxlbWE/
M21dAQ,,XjAwNjQwMFRlbGwgbWUgYWdhaW4gd2hhdCBoYXBwZW5lZF4wMDAwMDA=,,,,,XjAwNjQwMENvbnRlLW1lIG5vdmFtZW50ZSBvIHF1ZSBhY29udGVjZXVeMDAwMDAw,,e0N1w6ludGFtZSBvdHJhIHZleiBsbyBxdWUgcGFzw7Mu
NG1dAQ,,W0x1Y2lhXQpPaywgcGxlYXNlIGRvIG1lIGEgZmF2b3Iu,,,,,W0x1Y2lhXQpPaywgcG9yIGZhdm9yLCBtZSBmYcOnYSB1bSBmYXZvci4=,,W0x1Y2lhXQpPaywgcG9yIGZhdm9yLCBoYXptZSB1biBmYXZvci4=
NW1dAQ,,W0x1Y2lhXQpPaCwge30gY29tZSBhZ2Fpbi4=,,,,,W0x1Y2lhXQpPaCwge30gdmVuaGEgbm92YW1lbnRlLg==,,W0x1Y2lhXQpPaCwge30gdmVuIG90cmEgdmV6Lg==
Nm1dAQ,,SSdtIHNvIGdyYXRlZnVsIGZvciB5b3VyIGhlbHAuCkVhY2ggXjAwNjQwMEh5ZHJhIGJhbGxeMDAwMDAwIGlzIHByb3ZpZGVkIF4wMDY0MDBldmVyeSAyNCBob3Vyc14wMDAwMDAuClBsZWFzZSBjb21lIGF0IHRoZSBhcHByb3ByaWF0ZSB0aW1lLg==,,,,,U291IG11aXRvIGdyYXRvIHBvciBzdWEgYWp1ZGEuCkNhZGEgXjAwNjQwMEh5ZHJhIGJhbGxeMDAwMDAwIMOpIGZvcm5lY2lkYSBeMDA2NDAwYSBjYWRhIDI0IGhvcmFzXjAwMDAwMC4KUG9yIGZhdm9yLCBjb21wYXJlw6dhIG5vIGhvcsOhcmlvIGFwcm9wcmlhZG8u,,RXN0b3kgbXV5IGFncmFkZWNpZG8gcG9yIHN1IGF5dWRhLgpDYWRhIF4wMDY0MDBiYWzDs24gZGUgSHlkcmFeMDAwMDAwIHNlIHByb3BvcmNpb25hIF4wMDY0MDBjYWRhIDI0IGhvcmFzXjAwMDAwMC4KUG9yIGZhdm9yLCB2ZW4gYSBsYSBob3JhIGFwcm9waWFkYS4=
N21dAQ,,QXJlIHlvdSBiYWNrIHRvIGNhdGNoIF5GRjAwMDBTdHJhbmdlIEh5ZHJhXjAwMDAwMD8=,,,,,Vm9jw6ogdm9sdG91IHBhcmEgcGVnYXIgYSBeRkYwMDAwU3RyYW5nZSBIeWRyYV4wMDAwMDA/,,wr9IYXMgdnVlbHRvIHBhcmEgYXRyYXBhciBhIF5GRjAwMDBIaWRyYSBFeHRyYcOxYV4wMDAwMDA/
OG1dAQ,,MDA2NDAwV2hhdCBpcyBoYXBwZW5pbmcgaGVyZS5eMDAwMDAw,,,,,MDA2NDAwTyBxdWUgZXN0w6EgYWNvbnRlY2VuZG8gYXF1aS5eMDAwMDAw,,MDA2NDAwUXXDqSBlc3TDoSBwYXNhbmRvIGFxdcOtLl4wMDAwMDA=
OW1dAQ,,W0x1Y2lhXQpJIGhhdmUgZ2l2ZW4geW91IGEgXjAwNjQwMExlYWZjYXQgYmFsbF4wMDAwMDAuClVzZSBpdCB0byBjYXB0dXJlIF5GRjAwMDBTdHJhbmdlIEh5ZHJhXjAwMDAwMC4KSSBob3BlIHlvdSBjYW4gbWFrZSBpdCE=,,,,,W0x1Y2lhXQpFdSBsaGUgZGVpIHVtYSBeMDA2NDAwTGVhZmNhdCBiYWxsXjAwMDAwMC4KVXNlLWEgcGFyYSBjYXB0dXJhciBeRkYwMDAwU3RyYW5nZSBIeWRyYV4wMDAwMDAuCkVzcGVybyBxdWUgdm9jw6ogY29uc2lnYSE=,,W0x1Y2lhXQpUZSBoZSBkYWRvIHVuYSBeMDA2NDAwQm9sYSBkZSBHYXRvIEhvamFeMDAwMDAwLgrDmnNhbGEgcGFyYSBjYXB0dXJhciBhIGxhIF5GRjAwMDBIaWRyYSBFeHRyYcOxYV4wMDAwMDAuCsKhRXNwZXJvIHF1ZSBsbyBjb25zaWdhcyE=
Om1dAQ,,W0x1Y2lhXQpBaCwgSSBtaXN1bmRlcnN0b29kLi4KU2VlIHlvdSB0aGVuLi4=,,,,,W0x1Y2lhXQpBaCwgZXUgZW50ZW5kaSBlcnJhZG8uLi4KQXTDqSBtYWlzLi4u,,W0x1Y2lhXQpBaCwgZW50ZW5kw60gbWFsLi4KTm9zIHZlbW9zIGVudG9uY2VzIC4u
