YEo+CA,,V2VkZGluZyBBc3Npc3RhbnQ=,,,,,d2VkZGluZw==,,V2VkZGluZyBBc3Npc3RhbnQ=
YUo+CA,,TmFtZTAx,,,,,TmFtZTAx,,Tm9tYnJlMDE=
Yko+CA,,TmFtZTAy,,,,,TmFtZTAy,,Tm9tYnJlMDI=
Y0o+CA,,W1dlZGRpbmcgQXNzaXN0YW50XQpXaGF0IHNlcnZpY2UgZG8geW91IHdhbnQ/,,,,,WzNtaW5XZWRkaW5nXQpXZWRkaW5nLCBEaXZvcmNlLCBvciBGYW1pbHkgY2hlY2s=,,W0FzaXN0ZW50ZSBkZSBib2Rhc10Kwr9RdcOpIHNlcnZpY2lvIGRlc2Vhcz8=
ZEo+CA,,SSB3YW50IHRvIGdldCBtYXJyaWVkLg==,,,,,V2VkZGluZw==,,UXVpZXJvIGNhc2FybWUu
ZUo+CA,,SSB3YW50IHRvIGdldCBkaXZvcmNlZC4=,,,,,RGl2b3JjZQ==,,UXVpZXJvIGRpdm9yY2lhcm1lLg==
Zko+CA,,V2hvIGlzIG15IGZhbWlseT8=,,,,,RmFtaWx5IENoZWNr,,wr9RdWnDqW4gZXMgbWkgZmFtaWxpYT8=
Z0o+CA,,W1dlZGRpbmcgQXNzaXN0YW50XQpZb3UgaGF2ZSBhIGJhYnkgY2hhcmFjdGVyLiBCYWJpZXMgY2Fubm90IGdldCBtYXJyaWVkLg==,,,,,WzNtaW5XZWRkaW5nXQpObyBCYWJ5IENoYXJhY3RlciBjYW4gbWFycnk=,,W0FzaXN0ZW50ZSBkZSBib2Rhc10KVHUgcGVyc29uYWplIGVzIGJlYsOpLiBMb3MgYmViw6lzIG5vIHB1ZWRlbiBjYXNhcnNlLg==
aEo+CA,,W1dlZGRpbmcgQXNzaXN0YW50XQpZb3UgYXJlIGFscmVhZHkgbWFycmllZC4=,,,,,WzNtaW5XZWRkaW5nXQpZb3UgbWFycmllZCBhbHJlYWR5,,W0FzaXN0ZW50ZSBkZSBib2Rhc10KWWEgdGUgY2FzYXN0ZS4=
aUo+CA,,W1dlZGRpbmcgQXNzaXN0YW50XQpZb3UgY2FuIGdldCBtYXJyaWVkIHN0YXJ0aW5nIGZyb20gbGV2ZWwgNDUu,,,,,WzNtaW5XZWRkaW5nXQpZb3UgYXJlIG5vdCBhYm92ZSA0NUx2,,W0FzaXN0ZW50ZSBkZSBib2Rhc10KUHVlZGVzIGNhc2FydGUgYSBwYXJ0aXIgZGVsIG5pdmVsIDQ1Lg==
ako+CA,,W1dlZGRpbmcgQXNzaXN0YW50XQpXaGF0IGlzIHRoZSBuYW1lIG9mIHRoZSBwZXJzb24geW91IHdhbnQgdG8gbWFycnksIHt9Pw==,,,,,WzNtaW5XZWRkaW5nXQp7fWFuZCBXaG8ncyB5b3VyIGZpYW5jZT8=,,W0FzaXN0ZW50ZSBkZSBib2Rhc10Kwr9DdcOhbCBlcyBlbCBub21icmUgZGUgbGEgcGVyc29uYSBjb24gbGEgcXVlIHF1aWVyZXMgY2FzYXJ0ZSwge30/
a0o+CA,,W1dlZGRpbmcgQXNzaXN0YW50XQpJcyB0aGUgbmFtZSBvZiB0aGUgcGVyc29uIHlvdSB3YW50IHRvIG1hcnJ5IF4wMDAwQ0R7fV4wMDAwMDA/,,,,,WzNtaW5XZWRkaW5nXQpZb3VyIGZpYW5jZSBpc145MzcwREJ7fV4wMDAwMDAsIElzIGl0IGNvcnJlY3Q/,,W0FzaXN0ZW50ZSBkZSBib2Rhc10Kwr9FbCBub21icmUgZGUgbGEgcGVyc29uYSBjb24gbGEgcXVlIHF1aWVyZXMgY2FzYXJ0ZSBlcyBeOTkwMDk5e31eMDAwMDAwPw==
bEo+CA,,WWVzLCBpdCBpcyBeMDAwMENEe31eMDAwMDAwLg==,,,,,WWVzLCBeOTM3MERCe31eMDAwMDAwIGNvcnJlY3Q=,,U8OtLCBlcyBeOTkwMDk5e31eMDAwMDAwLg==
bUo+CA,,Tm8u,,,,,Tk8hIQ==,,Tm8u
bko+CA,,W1dlZGRpbmcgQXNzaXN0YW50XQpUaGVuLCBsZXQgbWUgYXNrIHlvdSBhZ2Fpbi4=,,,,,WzNtaW5XZWRkaW5nXQpJJ2xsIGFzayB5b3UgYWdhaW4=,,W0FzaXN0ZW50ZSBkZSBib2Rhc10KQmllbiwgdGUgcHJlZ3VudGFyw6kgb3RyYSB2ZXou
b0o+CA,,W1dlZGRpbmcgQXNzaXN0YW50XQpZb3VyIHdlZGRpbmcgaGFzIGJlZW4gcmVnaXN0ZXJlZC4gUGxlYXNlIGxldCBeMDAwMENEe31eMDAwMDAwIGtub3cgdG8gZmluaXNoIHRoZSBjZXJlbW9ueS4=,,,,,WzNtaW5XZWRkaW5nXQpZb3UgYXJlIG1hcnJpZWQuIF45MzcwREJ7fV4wMDAwMDAgYWxzbyBuZWVkIHRvIGFuc3dlciB0byBtZQ==,,W0FzaXN0ZW50ZSBkZSBib2Rhc10KVHUgYm9kYSBmdWUgcmVnaXN0cmFkYS4gQ29tdW7DrWNhc2VsbyBhIF45OTAwOTl7fV4wMDAwMDAgcGFyYSB0ZXJtaW5hciBsYSBjZXJlbW9uaWEu
cEo+CA,,SXQncyB7fSdzIHR1cm4u,,,,,e30sIHlvdXIgdHVybg==,,RXMgZWwgdHVybm8gZGUge30u
cUo+CA,,W1dlZGRpbmcgQXNzaXN0YW50XQpUaGUgcGVyc29uIHlvdSBhcmUgd2FpdGluZyBmb3IgaGFzIG5vdCBhbnN3ZXJlZCB5ZXQuIFBsZWFzZSB3YWl0IGEgbW9tZW50Lg==,,,,,WzNtaW5XZWRkaW5nXQpZb3VyIGZpYW5jZSBkaWRuJ3QgYW5zd2VyIHlldC4gUGxlYXNlIHdhaXQ=,,W0FzaXN0ZW50ZSBkZSBib2Rhc10KTGEgcGVyc29uYSBxdWUgZXNwZXJhcyBhw7puIG5vIHJlc3BvbmRpw7MuIFBvciBmYXZvciwgZXNwZXJhIHVuIG1vbWVudG8u
cko+CA,,W1dlZGRpbmcgQXNzaXN0YW50XQpBbm90aGVyIHdlZGRpbmcgaXMgY3VycmVudGx5IGluIHByb2dyZXNzLiBQbGVhc2Ugd2FpdCB1bnRpbCB0aGUgY2VyZW1vbnkgaXMgb3Zlci4=,,,,,WzNtaW5XZWRkaW5nXQpBbm90aGVyIGNvdXBsZSdzIHdlZGRpbmcgbm93LCBQbGVhc2Ugd2FpdA==,,W0FzaXN0ZW50ZSBkZSBib2Rhc10KRW4gZXN0ZSBtb21lbnRvIHNlIGVzdMOhIGNlbGVicmFuZG8gb3RyYSBib2RhLiBQb3IgZmF2b3IsIGFndWFyZGEgYSBxdWUgdGVybWluZSBsYSBjZXJlbW9uaWEu
c0o+CA,,W1dlZGRpbmcgQXNzaXN0YW50XQpXb3VsZCB5b3UgbGlrZSB0byBtYXJyeSBeMDAwMENEe31eMDAwMDAwPw==,,,,,WzNtaW5XZWRkaW5nXQp7fSwgV2lsbCB5b3UgbWFycnkgXjkzNzBEQnt9XjAwMDAwMD8=,,W0FzaXN0ZW50ZSBkZSBib2Rhc10Kwr9UZSBndXN0YXLDrWEgY2FzYXJ0ZSBjb24gXjk5MDA5OXt9XjAwMDAwMD8=
dEo+CA,,WWVzLg==,,,,,WWVz,,U8OtLg==
dUo+CA,,W1dlZGRpbmcgQXNzaXN0YW50XQpJcyB0aGlzIG5vdCB0aGUgcmlnaHQgcGVyc29uPyBUaGVuIHBsZWFzZSBjb21lIGJhY2sgYWZ0ZXIgY2hlY2tpbmcu,,,,,Tm8=,,W0FzaXN0ZW50ZSBkZSBib2Rhc10Kwr9ObyBlcyBsYSBwZXJzb25hIGFkZWN1YWRhPyBSZWdyZXNhIGRlc3B1w6lzIGRlIGNvbXByb2JhcmxvLg==
dko+CA,,W1dlZGRpbmcgQXNzaXN0YW50XQp7fSwge30gQ29uZ3JhdHVsYXRpb25zLCB5b3UgYXJlIG5vdyBtYXJyaWVkLg==,,,,,WzNtaW5XZWRkaW5nXQpOb3QgdGhpcyBwZXJzb24/IHRoZW4gYnJpbmcgbWUgeW91ciBmaWFuY2U=,,W0FzaXN0ZW50ZSBkZSBib2Rhc10Ke30sIHt9LCBmZWxpY2l0YWNpb25lcywgeWEgZXN0w6FuIGNhc2Fkb3Mu
d0o+CA,,Q29uZ3JhdHVsYXRpb25zLCB5b3UgYXJlIG5vdyBtYXJyaWVkLg==,,,,,WzNtaW5XZWRkaW5nXQp7fSBhbmQge30gYXJlIG1hcnJpZWQgbm93Lg==,,RmVsaWNpdGFjaW9uZXMsIHlhIGVzdMOhbiBjYXNhZG9zLg==
eEo+CA,,W1dlZGRpbmcgQXNzaXN0YW50XQpIbW0uLi4gRGlkIHNvbWVvbmUgZ2V0IHN3aXRjaGVkIGhhbGZ3YXkgdGhyb3VnaD8gU29tZXRoaW5nIHNlZW1zIHRvIGhhdmUgZ29uZSB3cm9uZy4gUGxlYXNlIGNvbWUgYmFjayBhZnRlciB3ZSBjaGVjay4=,,,,,WW91IGFyZSBtYXJyaWVkIG5vdw==,,W0FzaXN0ZW50ZSBkZSBib2Rhc10KTW1t4oCmIMK/UmVlbXBsYXphcm9uIGEgYWxndWllbiBhIG1pdGFkIGRlIGNhbWlubz8gUGFyZWNlIHF1ZSBhbGdvIHNhbGnDsyBtYWwuIFJlZ3Jlc2EgZGVzcHXDqXMgZGUgcXVlIGNvbXByb2JlbW9zLg==
eUo+CA,,W1dlZGRpbmcgQXNzaXN0YW50XQpJIGhhdmUgZGl2b3JjZWQgeW91IQ==,,,,,WzNtaW5XZWRkaW5nXQpJIGd1ZXNzIHNvbWV0aGluZyBpcyB3cm9uZy4gWW91ciBmaWFuY2UgaXMgbm90IGhlcmUuIFBsZWFzZSBjaGVjay4=,,W0FzaXN0ZW50ZSBkZSBib2Rhc10KwqFNZSBkaXZvcmNpw6kgZGUgdGkh
eko+CA,,W1dlZGRpbmcgQXNzaXN0YW50XQpCdXQgeW91IHdlcmVuJ3QgZXZlbiBtYXJyaWVkIHlldD8=,,,,,WzNtaW5XZWRkaW5nXQpZb3UgZGl2b3JjZWQh,,W0FzaXN0ZW50ZSBkZSBib2Rhc10Kwr9QZXJvIG5pIHNpcXVpZXJhIGVzdGFiYW4gY2FzYWRvcz8=
e0o+CA,,W1dlZGRpbmcgQXNzaXN0YW50XQpDdXJyZW50bHksIF4wMDAwQ0R7fV4wMDAwMDA=,,,,,WzNtaW5XZWRkaW5nXQpCdXQgeW91IGFyZSBub3QgbWFycmllZCwgeWV0Lg==,,W0FzaXN0ZW50ZSBkZSBib2Rhc10KQWhvcmEsIF45OTAwOTl7fV4wMDAwMDA=
fEo+CA,,W1dlZGRpbmcgQXNzaXN0YW50XQpUaGUgaW5mb3JtYXRpb24gb2YgdGhlIGNoYXJhY3RlcnMgaGFzIGJlZW4gZGVsZXRlZCwgYW5kIHlvdSBhcmUgbm93IHRoZSBjaGlsZCBvZiBeMDAwMENEcGVvcGxlIHdobyBjYW5ub3QgbWFpbnRhaW4gYSBmYW1pbHkgcmVsYXRpb25zaGlwXjAwMDAwMCwgYW5kIGl0J3MgYmVlbiBeMDAwMENEe30gZGF5cyBzaW5jZSB5b3Ugd2VyZSBhZG9wdGVkLg==,,,,,WzNtaW5XZWRkaW5nXQogXjkzNzBEQnt9XjAwMDAwMCwgeW91IGFyZSBub3cs,,W0FzaXN0ZW50ZSBkZSBib2Rhc10KU2UgYm9ycsOzIGxhIGluZm9ybWFjacOzbiBkZSBsb3MgcGVyc29uYWplcyB5IGFob3JhIGVyZXMgZGVzY2VuZGllbnRlIGRlIF45OTAwOTlwZXJzb25hcyBxdWUgbm8gcHVlZGVuIG1hbnRlbmVyIHVuYSByZWxhY2nDs24gZmFtaWxpYXJeMDAwMDAwLCB5IHBhc2Fyb24gXjk5MDA5OXt9IGTDrWFzIGRlc2RlIHR1IGFkb3BjacOzbi4=
fUo+CA,,W1dlZGRpbmcgQXNzaXN0YW50XQpUaGUgaW5mb3JtYXRpb24gb2Yge31eMDAwMDAwIGFuZCB0aGUgY2hhcmFjdGVyIGhhcyBiZWVuIGRlbGV0ZWQsIGFuZCB5b3UgYXJlIG5vdyB0aGUgY2hpbGQgb2YgXjAwMDBDRHBlb3BsZSB3aG8gY2Fubm90IG1haW50YWluIGEgZmFtaWx5IHJlbGF0aW9uc2hpcF4wMDAwMDAsIGFuZCBpdCdzIGJlZW4gXjAwMDBDRHt9IGRheXMgc2luY2UgeW91IHdlcmUgYWRvcHRlZC4=,,,,,WzNtaW5XZWRkaW5nXQphIGNoaWxkIG9mIF45MzcwREJXaG8gYXJlIGRlbGV0ZWReMDAwMDAwLCBhbmQgeW91IGFyZSBhZG9wdGVkXjkzNzBEQnt9XjAwMDAwMCBkYXlzIGFnby4=,,W0FzaXN0ZW50ZSBkZSBib2Rhc10KU2UgYm9ycsOzIGxhIGluZm9ybWFjacOzbiBkZSB7fV4wMDAwMDAgeSBlbCBwZXJzb25hamUsIHkgYWhvcmEgZXJlcyBkZXNjZW5kaWVudGUgZGUgXjk5MDA5OXBlcnNvbmFzIHF1ZSBubyBwdWVkZW4gbWFudGVuZXIgdW5hIHJlbGFjacOzbiBmYW1pbGlhcl4wMDAwMDAgeSBwYXNhcm9uIF45OTAwOTl7fSBkw61hcyBkZXNkZSB0dSBhZG9wY2nDs24u
fko+CA,,W1dlZGRpbmcgQXNzaXN0YW50XQpUaGUgaW5mb3JtYXRpb24gb2Yge31eMDAwMDAwIGFuZCB0aGUgY2hhcmFjdGVyIGhhcyBiZWVuIGRlbGV0ZWQsIGFuZCB5b3UgYXJlIG5vdyB0aGUgY2hpbGQgb2YgXjAwMDBDRHBlb3BsZSB3aG8gY2Fubm90IG1haW50YWluIGEgZmFtaWx5IHJlbGF0aW9uc2hpcF4wMDAwMDAsIGFuZCBpdCdzIGJlZW4gXjAwMDBDRHt9IGRheXMgc2luY2UgeW91IHdlcmUgYWRvcHRlZC4=,,,,,WzNtaW5XZWRkaW5nXQphIGNoaWxkIG9mIF45MzcwREJ7fV4wMDAwMDAgYW5kIF45MzcwREJXaG8gaXMgZGVsZXRlZF4wMDAwMDAsIGFuZCB5b3UgYXJlIGFkb3B0ZWQgXjkzNzBEQnt9XjAwMDAwMCBkYXlzIGFnby4=,,W0FzaXN0ZW50ZSBkZSBib2Rhc10KU2UgYm9ycsOzIGxhIGluZm9ybWFjacOzbiBkZSB7fV4wMDAwMDAgeSBlbCBwZXJzb25hamUsIHkgYWhvcmEgZXJlcyBkZXNjZW5kaWVudGUgZGUgXjk5MDA5OXBlcnNvbmFzIHF1ZSBubyBwdWVkZW4gbWFudGVuZXIgdW5hIHJlbGFjacOzbiBmYW1pbGlhcl4wMDAwMDAsIHkgcGFzYXJvbiBeOTkwMDk5e30gZMOtYXMgZGVzZGUgdHUgYWRvcGNpw7NuLg==
f0o+CA,,W1dlZGRpbmcgQXNzaXN0YW50XQpZb3UgYXJlIHRoZSBjaGlsZCBvZiBeMDAwMENEe30gYW5kIHt9XjAwMDAwMCwgYW5kIGl0J3MgYmVlbiBeMDAwMENEe30gZGF5cyBzaW5jZSB5b3Ugd2VyZSBhZG9wdGVkLg==,,,,,WzNtaW5XZWRkaW5nXQpeYSBjaGlsZCBvZiAwMDAwY2R7fV4wMDAwMDAgYW5kIF45MzcwREJXaG8gaXMgZGVsZXRlZF4wMDAwMDAsIGFuZCB5b3UgYXJlIGFkb3B0ZWQgXjkzNzBEQnt9XjAwMDAwMCBkYXlzIGFnby4=,,W0FzaXN0ZW50ZSBkZSBib2Rhc10KRXJlcyBkZXNjZW5kaWVudGUgZGUgXjk5MDA5OXt9IHkge31eMDAwMDAwLCB5IHBhc2Fyb24gXjk5MDA5OXt9IGTDrWFzIGRlc2RlIHR1IGFkb3BjacOzbi4=
gEo+CA,,W1dlZGRpbmcgQXNzaXN0YW50XQpUaGUgY2hhcmFjdGVyJ3MgaW5mb3JtYXRpb24gaGFzIGJlZW4gZGVsZXRlZCwgYW5kIHlvdSBhcmUgdGhlIGNoaWxkIG9mIHNvbWVvbmUgd2hvIF4wMDAwQ0RoYXMgZGlmZmljdWx0eSBtYWludGFpbmluZyBhIGZhbWlseSByZWxhdGlvbnNoaXBeMDAwMDAwLCBhbmQgaXQgaGFzIGJlZW4gXjAwMDBDRHt9IGRheXNeMDAwMDAwIHNpbmNlIGFkb3B0aW9uLg==,,,,,WzNtaW5XZWRkaW5nXQphIGNoaWxkIG9mIF45MzcwREJ7fSBhbmQge31eMDAwMDAwLCBhbmQgeW91IGFyZSBhZG9wdGVkIHt9IGRheXMgYWdvLg==,,W0FzaXN0ZW50ZSBkZSBib2Rhc10KU2UgYm9ycsOzIGxhIGluZm9ybWFjacOzbiBkZWwgcGVyc29uYWplIHkgZXJlcyBkZXNjZW5kaWVudGUgZGUgYWxndWllbiBxdWUgXjk5MDA5OXRpZW5lIGRpZmljdWx0YWRlcyBwYXJhIG1hbnRlbmVyIHVuYSByZWxhY2nDs24gZmFtaWxpYXJeMDAwMDAwLCB5IHBhc2Fyb25eOTkwMDk5e30gZMOtYXNeMDAwMDAwIGRlc2RlIHR1IGFkb3BjacOzbi4=
gUo+CA,,W1dlZGRpbmcgQXNzaXN0YW50XQpeMDAwMENEe31eMDAwMDAwIGFuZCB0aGUgY2hhcmFjdGVyJ3MgaW5mb3JtYXRpb24gaGF2ZSBiZWVuIGRlbGV0ZWQsIGFuZCB5b3UgYXJlIHRoZSBjaGlsZCBvZiBzb21lb25lIHdobyBeMDAwMENEaGFzIGRpZmZpY3VsdHkgbWFpbnRhaW5pbmcgYSBmYW1pbHkgcmVsYXRpb25zaGlwXjAwMDAwMCwgYW5kIGl0IGhhcyBiZWVuIF4wMDAwQ0R7fSBkYXlzXjAwMDAwMCBzaW5jZSBhZG9wdGlvbi4=,,,,,WzNtaW5XZWRkaW5nXQo/PyBeOTM3MERCe31eMDAwMDAwPz8=,,W0FzaXN0ZW50ZSBkZSBib2Rhc10KXjk5MDA5OXt9XjAwMDAwMCB5IGxhIGluZm9ybWFjacOzbiBkZWwgcGVyc29uYWplIHNlIGJvcnJhcm9uLCB5IGVyZXMgZGVzY2VuZGllbnRlIGRlIGFsZ3VpZW4gcXVlIF45OTAwOTl0aWVuZSBkaWZpY3VsdGFkZXMgcGFyYSBtYW50ZW5lciB1bmEgcmVsYWNpw7NuIGZhbWlsaWFyXjAwMDAwMCwgeSBwYXNhcm9uXjk5MDA5OXt9IGTDrWFzXjAwMDAwMCBkZXNkZSB0dSBhZG9wY2nDs24u
gko+CA,,W1dlZGRpbmcgQXNzaXN0YW50XQpZb3UgYXJlIHRoZSBjaGlsZCBvZiBeMDAwMENEe31eMDAwMDAwIGFuZCBeMDAwMENEe31eMDAwMDAwLCBhbmQgaXQgaGFzIGJlZW4ge30gZGF5cyBzaW5jZSBhZG9wdGlvbi4=,,,,,WzNtaW5XZWRkaW5nXQo/Pz8/ID8/PyA/Pz8/IF45MzcwREI/ID8/ID8/ID8/PyA/Pz8gPz8/PyA/XjAwMDAwMD8/Pz8/Lg==,,W0FzaXN0ZW50ZSBkZSBib2Rhc10KRXJlcyBkZXNjZW5kaWVudGUgZGUgXjk5MDA5OXt9XjAwMDAwMCB5IF45OTAwOTl7fV4wMDAwMDAsIHkgcGFzYXJvbiB7fSBkw61hcyBkZXNkZSB0dSBhZG9wY2nDs24u
g0o+CA,,W1dlZGRpbmcgQXNzaXN0YW50XQpeMDAwMENEe30gaXMgaW4gYSBtYXJyaWFnZSByZWxhdGlvbnNoaXBeMDAwMDAwLg==,,,,,WzNtaW5XZWRkaW5nXQo/Pz8/ID8/PyA/Pz8/ID8gPz8gXjkzNzBEQj8/ID8/PyA/Pz8gPz8/PyA/XjAwMDAwMD8gPz8gPz8gPz8/Pw==,,W0FzaXN0ZW50ZSBkZSBib2Rhc10KXjk5MDA5OXt9IGVzdMOhIGVuIHVuYSByZWxhY2nDs24gbWF0cmltb25pYWxeMDAwMDAwLg==
hEo+CA,,W1dlZGRpbmcgQXNzaXN0YW50XQpTaW5jZSB0aGUgY2hhcmFjdGVyJ3MgaW5mb3JtYXRpb24gaGFzIGJlZW4gZGVsZXRlZCwgaXQgaXMgZGlmZmljdWx0IHRvIG1haW50YWluIGEgZmFtaWx5IHJlbGF0aW9uc2hpcC4gVGhleSBoYXZlIGRlY2lkZWQgdG8gaGF2ZSBjaGlsZHJlbiBpbnN0ZWFkLg==,,,,,WzNtaW5XZWRkaW5nXQo/Pz8gPz8ge30/Pz8gXjkzNzBEQnt9Pz8gPz9eMDAwMDAwPyA/PyA/Pz8/Lg==,,W0FzaXN0ZW50ZSBkZSBib2Rhc10KWWEgcXVlIHNlIGJvcnLDsyBsYSBpbmZvcm1hY2nDs24gZGVsIHBlcnNvbmFqZSwgZXMgZGlmw61jaWwgbWFudGVuZXIgdW5hIHJlbGFjacOzbiBmYW1pbGlhci4gU2luIGVtYmFyZ28sIGRlY2lkaWVyb24gdGVuZXIgaGlqb3Mu
hUo+CA,,W1dlZGRpbmcgQXNzaXN0YW50XQpZb3UgaGF2ZSBkZXNpZ25hdGVkIF4wMDAwQ0R7fV4wMDAwMDAgYXMgeW91ciBjaGlsZCwgd2hvIGhhcyBiZWVuIGFkb3B0ZWQgXjAwMDBDRHt9IGRheXNeMDAwMDAwIGFnby4=,,,,,WzNtaW5XZWRkaW5nXQpeOTM3MERCe30/PyA/PyA/P14wMDAwMDA/Pz8/,,W0FzaXN0ZW50ZSBkZSBib2Rhc10KRGVzaWduYXN0ZSBjb21vIGRlc2NlbmRpZW50ZSBhIF45OTAwOTl7fV4wMDAwMDAsIGN1eWEgYWRvcGNpw7NuIGZ1ZSBoYWNlIF45OTAwOTl7fSBkw61hc14wMDAwMDAu
hko+CA,,W1dlZGRpbmcgQXNzaXN0YW50XQpBcyB5b3VyIGNoYXJhY3RlcidzIGluZm9ybWF0aW9uIGhhcyBiZWVuIGRlbGV0ZWQsIGl0IGlzIGRpZmZpY3VsdCB0byBtYWludGFpbiBhIGZhbWlseSByZWxhdGlvbnNoaXAgd2l0aCBeMDAwMENEdGhvc2Ugd2hvIG5vIGxvbmdlciBoYXZlIGEgY2hhcmFjdGVyXjAwMDAwMCwgYW5kIHlvdSBhcmUgY3VycmVudGx5IGluIGEgbWFycmlhZ2UgcmVsYXRpb25zaGlwIHdpdGggdGhlbS4=,,,,,WzNtaW5XZWRkaW5nXQo/Pz8/ID8/PyA/Pz8/ID8gPz9eOTM3MERCID8/ID8/PyA/Pz8gPz8/PyA/XjAwMDAwMD8gPz8/ID8/ID8/Pz8u,,W0FzaXN0ZW50ZSBkZSBib2Rhc10KQ29tbyBsYSBpbmZvcm1hY2nDs24gZGUgdHUgcGVyc29uYWplIHNlIGJvcnLDsywgZXMgZGlmw61jaWwgbWFudGVuZXIgdW5hIHJlbGFjacOzbiBmYW1pbGlhciBjb24gXjk5MDA5OXF1aWVuZXMgeWEgbm8gdGllbmVuIHVuIHBlcnNvbmFqZV4wMDAwMDAsIHkgdMO6IGVzdMOhcyBhY3R1YWxtZW50ZSBlbiB1bmEgcmVsYWNpw7NuIG1hdHJpbW9uaWFsIGNvbiBhbGd1aWVuIGFzw60u
h0o+CA,,W1dlZGRpbmcgQXNzaXN0YW50XQpZb3UgYXJlIGN1cnJlbnRseSBpbiBhIG1hcnJpYWdlIHJlbGF0aW9uc2hpcCB3aXRoIF4wMDAwQ0R7fS5eMDAwMDAw,,,,,WzNtaW5XZWRkaW5nXQo/Pz8gPz8gXjkzNzBEQnt9Pz9eMDAwMDAwPyBeOTM3MERCe30/PyA/P14wMDAwMDA/ID8/ID8/Pz8u,,W0FzaXN0ZW50ZSBkZSBib2Rhc10KQWN0dWFsbWVudGUgZXN0w6FzIHVuYSByZWxhY2nDs24gbWF0cmltb25pYWwgY29uIF45OTAwOTl7fS5eMDAwMDAw
iEo+CA,,W1dlZGRpbmcgQXNzaXN0YW50XQpDdXJyZW50bHksIF4wMDAwQ0R7fV4wMDAwMDAgaGFz,,,,,WzNtaW5XZWRkaW5nXQo/Pz8/ID8/PyA/Pz8/IF45MzcwREI/ID8/ID8/ID8/PyA/Pz8gPz8/PyA/XjAwMDAwMD8gPz8gPz8gPz8/Pz8u,,W0FzaXN0ZW50ZSBkZSBib2Rhc10KQWN0dWFsbWVudGUsIF45OTAwOTl7fV4wMDAwMDAgdGllbmU=
iUo+CA,,W1dlZGRpbmcgQXNzaXN0YW50XQpBcyB5b3VyIGNoYXJhY3RlcidzIGluZm9ybWF0aW9uIGhhcyBiZWVuIGRlbGV0ZWQsIGl0IGlzIGRpZmZpY3VsdCB0byBtYWludGFpbiBhIGZhbWlseSByZWxhdGlvbnNoaXAgd2l0aCBeMDAwMENEdGhvc2Ugd2hvIG5vIGxvbmdlciBoYXZlIGEgY2hhcmFjdGVyXjAwMDAwMCwgc28geW91IGhhdmUgXjAwMDBDRGRlc2lnbmF0ZWQge31eMDAwMDAwIGFzIHlvdXIgY2hpbGQu,,,,,WzNtaW5XZWRkaW5nXQpeOTM3MERCe30/PyA/PyA/P14wMDAwMDA/Pz8/Py4=,,W0FzaXN0ZW50ZSBkZSBib2Rhc10KQ29tbyBsYSBpbmZvcm1hY2nDs24gZGUgdHUgcGVyc29uYWplIHNlIGJvcnLDsywgZXMgZGlmw61jaWwgbWFudGVuZXIgdW5hIHJlbGFjacOzbiBmYW1pbGlhciBjb24gXjk5MDA5OXF1aWVuZXMgeWEgbm8gdGllbmVuIHVuIHBlcnNvbmFqZV4wMDAwMDAsIGFzw60gcXVlIF45OTAwOTlkZXNpZ25hc3RlIGEge31eMDAwMDAwIGNvbW8gdHUgZGVzY2VuZGllbnRlLg==
iko+CA,,W1dlZGRpbmcgQXNzaXN0YW50XQpZb3UgY3VycmVudGx5IGRvIG5vdCBoYXZlIGEgZmFtaWx5LiBQbGVhc2UgY2hlY2sgYW5kIHRyeSBhZ2Fpbi4=,,,,,WzNtaW5XZWRkaW5nXQo/Pz8/ID8/PyA/Pz8/ID8gPz8gXjkzNzBEQj8/ID8/PyA/Pz8gPz8/PyA/XjAwMDAwMD8gPz8/ID8/ID8/Pz8u,,W0FzaXN0ZW50ZSBkZSBib2Rhc10KQWN0dWFsbWVudGUgbm8gdGllbmVzIGZhbWlsaWEuIA==
i0o+CA,,SXQgc2VlbXMgeW91IG5lZWQgbW9yZSB0aW1lIGFzIHlvdSBoZXNpdGF0ZS4gVGhlIHdlZGRpbmcgd2lsbCBlbmQu,,,,,WzNtaW5XZWRkaW5nXQo/PyA/Pz8gPz8/PyA/Pz8/Pz8uID8/ID8gPz8gPz8gPz8/Py4=,,RXN0w6FzIGR1ZGFuZG8sIHBhcmVjZSBxdWUgbmVjZXNpdGFzIG3DoXMgdGllbXBvLiBMYSBib2RhIHRlcm1pbmFyw6Eu
