gP2/CA,,WWdnZHJhc2lsIFNlcnZhbnQ=,,,,,WWdnZHJhc2lsaWFk,,WWdnZHJhc2lsIFNlcnZhbnQ=
gf2/CA,,V2h5LCBpcyBhIExhcGhpbmUgdHJpYmVzd29tYW4gaW4gaGVyZS4uLj8KV2hhdCdzIGdvaW5nIG9uPyBJIGhhZCBiZXR0ZXIgYXNrIGRpcmVjdGx5Lg==,,,,,UG9yIHF1ZSBlc3NhIEVzcGzDqm5kaWRhIGVzdMOhIGFxdWk/Li4uCk8gcXVlIGVzdMOhIGFjb250ZWNlbmRvPyDDiSBtZWxob3IgcGVyZ3VudGFyLg==,,wr9Qb3IgcXXDqSBoYXkgdW5hIG11amVyIGRlIGxhIHRyaWJ1IExhcGhpbmUgYXF1w63igKY/CsK/UXXDqSBvY3VycmU/IFNlcsOhIG1lam9yIHF1ZSBwcmVndW50ZSBkaXJlY3RhbWVudGUu
gv2/CA,,QSBzbWFsbCBsaWdodCBiZWF0cyBpbnNpZGUgeW91ciBoZWFydCBhbmQgYSBzdHJhbmdlIHZvaWNlIHRyYW5zZmVycyBpbnRvIHlvdXIgbWluZC4=,,,,,VW1hIHBlcXVlbmEgbHV6IGVudHJhIGVtIHNldSBjb3Jhw6fDo28sIGUgdW1hIHZveiBlc3RyYW5oYSBlbnRyYSBkaXJldGFtZW50ZSBlbSBzdWEgbWVudGUu,,VW5hIHBlcXVlw7FhIGx1eiBsYXRlIGRlbnRybyBkZSB0dSBjb3JhesOzbiB5IHVuYSBleHRyYcOxYSB2b3ogc2UgdHJhbnNmaWVyZSBhIHR1IG1lbnRlLg==
g/2/CA,,W1lnZ2RyYXNpbGlhZF0KSXQncyBvdmVyLi4uIFRoZSBzZXJ2YW50cyBvZiB0aGUgR3VhcmRpYW4uLi4gc2hvdWxkIGxlYXZlIGhlcmUuLi4gYmVmb3JlIGl0J3MgdG9vIGxhdGUu,,,,,W1lnZ2RyYXNpbGlhZF0KQWNhYm91Li4uIG9zIHNlcnZvcyBkbyBndWFyZGnDo28uLi4gZGV2ZW0gc2FpciBkYXF1aSBhbnRlcyBxdWUgc2VqYSB0YXJkZS4=,,W1lnZ2RyYXNpbGlhZF0KU2UgYWNhYsOz4oCmIExvcyBzaXJ2aWVudGVzIGRlIGxhIEd1YXJkaWFuYeKApiBkZWJlbiBzYWxpciBkZSBhcXXDreKApiBhbnRlcyBkZSBxdWUgc2VhIGRlbWFzaWFkbyB0YXJkZS4=
hP2/CA,,V2hvIGFyZSB5b3U/,,,,,UXVlbSDDqSB2b2PDqj8=,,wr9RdWnDqW4gZXJlcz8=
hf2/CA,,V2hhdCdzIHRoYXQgbWVhbj8=,,,,,TyBxdWUgaXNzbyBzaWduaWZpY2E/,,V2hhdCdzIHRoYXQgbWVhbj8=
hv2/CA,,W1lnZ2RyYXNpbGlhZF0KSS4uLiBhbSBZZ2dkcmFzaWxpYWQsIGEgc2VydmFudCBvZiB0aGUgR3VhcmRpYW4gTmlkaG9nZ3VyLiBJIHdhcyBhIGdyZWF0IHByaWVzdCB0aGF0IGxlZCB0aGUgcHJpZXN0aG9vZCBvZiB0aGUgTGFwaGluZSB0cmliZS4=,,,,,W1lnZ2RyYXNpbGlhZF0KU291Li4uYSBzZXJ2YSBZZ2dkcmFzaWxpYWQsIGRvIGd1YXJkacOjbyBOaWRob2dnLiBTb3UgYSBzdXBlcmlvcmEgZGEgc3Vtby1zYWNlcmRvdGlzYSBkb3MgRXNwbMOqbmRpZG9zLg==,,W1lnZ2RyYXNpbGlhZF0KWW/igKYgc295IFlnZ2RyYXNpbGlhZCwgc2lydm8gYSBsYSBndWFyZGlhbmEgTmlkaG9nZy4gQ29tbyBncmFuIHNhY2VyZG90ZSwgbGlkZXLDqSBlbCBzYWNlcmRvY2lvIGRlIGxhIHRyaWJ1IGxhcGhpbmUu
h/2/CA,,W1lnZ2RyYXNpbGlhZF0KWW91IGFyZW4ndCBhIHByaWVzdCBvZiBMYXBoaW5lLi4uIEhvdyBoYXZlIHlvdSBjb21lIHRvIGJlIGhlcmU/,,,,,W1lnZ2RyYXNpbGlhZF0KVm9jw6pzIG7Do28gc8OjbyBzYWNlcmRvdGVzIGRvcyBFc3Bsw6puZGlkb3MuLi4gY29tbyBjaGVnYXJhbSBhcXVpPyBBaCwgYWdvcmEgbsOjbyBpbXBvcnRhLg==,,W1lnZ2RyYXNpbGlhZF0KTm8gZXJlcyB1biBzYWNlcmRvdGUgZGUgbGFwaGluZeKApiDCv0PDs21vIGxsZWdhc3RlIGhhc3RhIGFxdcOtPw==
iP2/CA,,W1lnZ2RyYXNpbGlhZF0KWW91IHNob3VsZCBhbGwgZ2V0IG91dCBvZiBoZXJlLi4uIElmIHlvdSBkZWxheS4uLiB5b3UgY2FuJ3QgZ28gYmFjayBhbnltb3JlLi4u,,,,,W1lnZ2RyYXNpbGlhZF0KVm9jw6pzLi4uIHByZWNpc2FtIHNhaXIgZGFxdWkuLi4gYWdvcmEuIFNlIG7Do28uLi4gbsOjbyB2w6NvIHBvZGVyIG1haXMgdm9sdGFyLg==,,W1lnZ2RyYXNpbGlhZF0KRGViZXLDrWFuIGlyc2UgdG9kb3MgZGUgYXF1w63igKYgU2kgdGUgcmV0cmFzYXPigKYgeWEgbm8gcHVlZGVzIHZvbHZlciBhdHLDoXPigKY=
if2/CA,,W1lnZ2RyYXNpbGlhZF0KU29tZXRoaW5nIGhhcyBoYXBwZW5lZCB0byB0aGUgZ3VhcmRpYW4uIEkgZG9uJ3Qga25vdyB3aGF0J3Mgd3JvbmcuLi4=,,,,,W1lnZ2RyYXNpbGlhZF0KTyBndWFyZGnDo28uLi4gYWxndW1hIGNvaXNhIGFjb250ZWNldSBjb20gbyBndWFyZGnDo28uIC0gTsOjbyBzZWkgbyBxdWUgZm9pLi4u,,W1lnZ2RyYXNpbGlhZF0KQWxnbyBsZSBoYSBwYXNhZG8gYSBsYSBHdWFyZGlhbmEuIE5vIHPDqSBxdcOpIHBhc2HigKY=
iv2/CA,,W1lnZ2RyYXNpbGlhZF0KVGhlIEd1YXJkaWFuIE5pZGhvZ2d1ciBpcyBubyBsb25nZXIgaGVscGluZyB0aGUgWWdnZHJhc2lsLi4uIFRoZSBTZWtvcyBwcm90ZWN0aW9uIHNwZWxsIGlzIGJyb2tlbi4uLg==,,,,,W1lnZ2RyYXNpbGlhZF0KRGUgcXVhbHF1ZXIgZm9ybWEsIGVzdGUgbsOjbyDDqSBtYWlzIHVtIGx1Z2FyIHNlZ3Vyby4=,,W1lnZ2RyYXNpbGlhZF0KTGEgZ3VhcmRpYW5hIE5pZGhvZ2cgeWEgbm8gYXl1ZGEgYWwgWWdnZHJhc2ls4oCmIEVsIGhlY2hpem8gZGUgcHJvdGVjY2nDs24gZGUgU2Vrb3Mgc2UgaGEgcm90b+KApg==
i/2/CA,,W1lnZ2RyYXNpbGlhZF0KSXQgaGFzIGZhbGxlbiBpbnRvIGRhcmtuZXNzIGFuZCBoYXMgZGVzdHJveWVkIGFsbCBvZiB0aGUgb3JnYW5pc21zIGhlcmUgYW5kIG5vdyB0aGlzIGFyZWEgaXMgZnVsbCBvZiBtYWxpZ25hbnQgc3Bpcml0cy4uLiB0aGlzIHBsYWNlIGlzIGN1cnNlZC4uLg==,,,,,W1lnZ2RyYXNpbGlhZF0KQSBwYXJ0ZSBzb21icmlhIGRvIGd1YXJkacOjbyBvIGRldm9yb3UgcG9yIGRlbnRybywgZSBhZ29yYSBlc3RlIGx1Z2FyIGVzdMOhIGNoZWlvIGRlIGVzcMOtcml0b3MgbWFsaWdub3MuLi4gdW0gbHVnYXIgYW1hbGRpw6dvYWRvLi4u,,W1lnZ2RyYXNpbGlhZF0KQ2F5w7MgZW4gbGEgb3NjdXJpZGFkIHkgZGVzdHJ5w7MgdG9kb3MgbG9zIG9yZ2FuaXNtb3MgZGUgYXF1w60geSBhaG9yYSBlc3RhIHpvbmEgZXN0w6EgbGxlbmEgZGUgZXNww61yaXR1cyBtYWxpZ25vcy4uLiBlc3RlIGx1Z2FyIGVzdMOhIG1hbGRpdG8uLi4=
jP2/CA,,W1lnZ2RyYXNpbGlhZF0KVGhpcyBob2x5IHBsYWNlIGlzIG5vdyBzdGFpbmVkIHdpdGggdGhlIEd1YXJkaWFuJ3MgU2hhZG93Li4u,,,,,W1lnZ2RyYXNpbGlhZF0KQSBzb21icmEgZGUgTmlkaG9nZyBzZSBhcG9zc291IGRlc3RlIGx1Z2FyLCBlIHZhaSBkZXN0cnVpciB0dWRvIG5lc3RlIG11bmRvLg==,,W1lnZ2RyYXNpbGlhZF0KRXN0ZSBsdWdhciBzYWdyYWRvIGVzdMOhIGFob3JhIG1hbmNoYWRvIGNvbiBsYSBTb21icmEgZGUgbGEgR3VhcmRpYW5h4oCm
jf2/CA,,W1lnZ2RyYXNpbGlhZF0KWW91IG11c3QgZXNjYXBlIGJlZm9yZSBpdCdzIHRvbyBsYXRlLi4uIEluZm9ybSBteSB0cmliZSBpbW1lZGlhdGVseS4uLg==,,,,,W1lnZ2RyYXNpbGlhZF0KRnVqYSBhbnRlcyBxdWUgc2VqYSB0YXJkZS4uLiBpbmZvcm1lIMOgIHRyaWJvIGRlIEVzcGxlbmRvci4uLiBlIMOgIHBvbnTDrWZpY2UgZGUgQWxmaGVpbS4uLiA=,,W1lnZ2RyYXNpbGlhZF0KRGViZXMgZXNjYXBhciBhbnRlcyBkZSBxdWUgc2VhIGRlbWFzaWFkbyB0YXJkZeKApiBJbmZvcm1hIGEgbWkgdHJpYnUgaW5tZWRpYXRhbWVudGXigKY=
jv2/CA,,W1lnZ2RyYXNpbGlhZF0KSSBjYW5ub3QgbGVhdmUgdGhpcyBwbGFjZSwgbXkgc291bCBpcyB0aWVkIGhlcmUgZm9yZXZlci4uLiBub3cgSSBtdXN0IHRydXN0IHlvdS4=,,,,,W1lnZ2RyYXNpbGlhZF0KTWluaGEgYWxtYSBlc3TDoSBwcmVzYSBhcXVpIHBhcmEgc2VtcHJlLi4uIGFnb3JhIHPDsyBwb3NzbyBjb25maWFyIGVtIHZvY8OqLg==,,W1lnZ2RyYXNpbGlhZF0KTm8gcHVlZG8gZGVqYXIgZXN0ZSBsdWdhciwgbWkgYWxtYSBlc3TDoSBhdGFkYSBhcXXDrSBwYXJhIHNpZW1wcmXigKYgYWhvcmEgZGVibyBjb25maWFyIGVuIHRpLg==
j/2/CA,,R3VhcmRpYW4ncyBTaGFkb3c/,,,,,QSBzb21icmEgZG8gZ3VhcmRpw6NvPw==,,wr9MYSBTb21icmEgZGUgbGEgR3VhcmRpYW5hPw==
kP2/CA,,W1lnZ2RyYXNpbGlhZF0KVGhlIEd1YXJkaWFuIE5pZGhvZ2d1ci4uLiB3YXMgbWVhbnQgdG8gcmVtYWluIGluIGl0cyBuZXN0IGFuZCBwcm90ZWN0IHRoZSBZZ2dkcmFzaWwu,,,,,W1lnZ2RyYXNpbGlhZF0KTyBndWFyZGnDo28gTmlkaG9nZy4uLiBuw6NvIGVzdMOhIG1haXMgZW0gc2V1IG5pbmhvLg==,,W1lnZ2RyYXNpbGlhZF0KTGEgZ3VhcmRpYW5hIE5pZGhvZ2d1ci4uLiBkZWLDrWEgcGVybWFuZWNlciBlbiBzdSBuaWRvIHkgcHJvdGVnZXIgZWwgWWdnZHJhc2lsLg==
kf2/CA,,W1lnZ2RyYXNpbGlhZF0KSSBkb24ndCBrbm93IHdoeS4uLiBidXQgdGhlIHRydWUgR3VhcmRpYW4uLi4ganVzdCBsZWZ0Li4u,,,,,W1lnZ2RyYXNpbGlhZF0KTsOjbyBzZWkgbyBtb3Rpdm8uLi4gbWFzIG8gZ3VhcmRpw6NvLi4uIGZvaSBlbWJvcmEuLi4gcmVjdXNvdSBzZXUgcGFwZWwu,,W1lnZ2RyYXNpbGlhZF0KTm8gc8OpIHBvciBxdcOp4oCmIHBlcm8gbGEgdmVyZGFkZXJhIGd1YXJkaWFuYeKApiBhY2FiYSBkZSBpcnNlRw==
kv2/CA,,W1lnZ2RyYXNpbGlhZF0KTm93IGFsbCB0aGF0IHJlbWFpbnMgYXJlIHRoZSBkYXJrIHNoYWRvd3Mgb2YgdGhlIEd1YXJkaWFuLg==,,,,,W1lnZ2RyYXNpbGlhZF0KQWdvcmEgc8OzIHJlc3RhIGEgc29tYnJhIG1hbGlnbmEgZGUgTmlkaG9nZy4uLiBxdWUgZXN0w6EgdG9tYW5kbyBjb250YSBkZXNzZSBzZXIu,,W1lnZ2RyYXNpbGlhZF0KQWhvcmEgc29sbyBxdWVkYW4gbGFzIHNvbWJyYXMgb3NjdXJhcyBkZSBsYSBHdWFyZGlhbmEu
k/2/CA,,W1lnZ2RyYXNpbGlhZF0KTmlkaG9nZ3VyJ3MgU2hhZG93IGhhcyBlbWJvZGllZCB0aGUgR3VhcmRpYW4ncyBlbmVyZ3kgYW5kIGlzIHRyeWluZyB0byBlc2NhcGUu,,,,,W1lnZ2RyYXNpbGlhZF0KQSBzb21icmEgYWJzb3J2ZXUgdG9kYSBhIGVuZXJnaWEgZXNwYWxoYWRhIHBvciBhcXVpLCBlIGFnb3JhIHF1ZXIgc2Fpci4=,,W1lnZ2RyYXNpbGlhZF0KTGEgU29tYnJhIGRlIE5pZGhvZ2cgZW5jYXJuw7MgbGEgZW5lcmfDrWEgZGUgbGEgR3VhcmRpYW5hIGUgaW50ZW50YSBlc2NhcGFyLg==
lP2/CA,,W1lnZ2RyYXNpbGlhZF0KSWYgdGhpcyBhYm9taW5hYmxlIHNoYWRvdyBlc2NhcGVzLCBpdCB3aWxsIGRlc3Ryb3kgZXZlcnl0aGluZyBieSBpbmhhbGluZyB0aGVpciBlbmVyZ3kgYXMgd2VsbC4=,,,,,W1lnZ2RyYXNpbGlhZF0KU2UgZXNzYSBzb21icmEgYWJvbWluw6F2ZWwgZXNjYXBhciwgZWxhIHZhaSBkZXN0cnVpciB0dWRvIHBhcmEgYWJzb3J2ZXIgc3VhIGVuZXJnaWEgdGFtYsOpbS4gQXNzaW0uLi4gc2Vyw6EgbyBpbmZlcm5vLi4u,,W1lnZ2RyYXNpbGlhZF0KU2kgZXN0YSBzb21icmEgYWJvbWluYWJsZSBlc2NhcGEsIGRlc3RydWlyw6EgdG9kbyBhbCBpbmhhbGFyIHRhbWJpw6luIHN1IGVuZXJnw61hLg==
lf2/CA,,W1lnZ2RyYXNpbGlhZF0KV2Ugc2hvdWxkIGluZm9ybSB0aGlzIG5ld3MgdG8gbWFnaXN0cmF0ZSBvZiBBbGZoZWltIGFuZCBwcmV2ZW50IGl0Li4uLiB3aXRob3V0IHRoZW0uLi4u,,,,,W1lnZ2RyYXNpbGlhZF0KUHJlY2lzYW1vcyBpbmZvcm1hciBpc3NvIMOgIHBvbnTDrWZpY2UgZGUgQWxmaGVpbS4uLiBzZW0gYSBhanVkYSBkZSBsw6EuLi4gZXN0YXLDoSB0dWRvIGFjYWJhZG8u,,W1lnZ2RyYXNpbGlhZF0KRGViZW1vcyBpbmZvcm1hciBkZSBlc3RhIG5vdGljaWEgYWwgbWFnaXN0cmFkbyBkZSBBbGZoZWltIHkgZXZpdGFybG/igKYgU2luIMOpbOKApg==
lv2/CA,,V2hhdCBjYW4gd2UgZG8/,,,,,TsOjbyBow6EgbmFkYSBxdWUgcG9zc2Ftb3MgZmF6ZXI/,,wr9ZIHF1w6kgcG9kZW1vcyBoYWNlcg==
l/2/CA,,W1lnZ2RyYXNpbGlhZF0KSXQgbWlnaHQgYmUgaW1wb3NzaWJsZSB0byBwcmV2ZW50IHRoZSBwb3dlcmZ1bCBlbmVyZ3kgb2YgdGhlIEd1YXJkaWFuJ3MgU2hhZG93IGJ5IG91cnNlbHZlcy4=,,,,,W1lnZ2RyYXNpbGlhZF0KU2VyaWEgaW1wb3Nzw612ZWwgaW1wZWRpciBvIHBvZGVyb3NvIGd1YXJkacOjbyBwb3Igbm9zc2EgY29udGEu,,W1lnZ2RyYXNpbGlhZF0KUHVlZGUgcXVlIHNlYSBpbXBvc2libGUgZXZpdGFyIGxhIHBvZGVyb3NhIGVuZXJnw61hIGRlIGxhIFNvbWJyYSBkZWwgZGUgbGEgR3VhcmRpYW5hIHBvciBub3NvdHJvcyBtaXNtb3Mu
mP2/CA,,W1lnZ2RyYXNpbGlhZF0KQnV0IGl0IG1heSBzdGlsbCBiZSBwb3NzaWJsZSBiZWNhdXNlIGl0IGlzIGp1c3QgYSBzaGFkb3cgYW5kIG5vdCB0aGUgdHJ1ZSBHdWFyZGlhbi4uLiB3ZSBtaWdodCBiZSBhYmxlIHRvIHN0b3AgaXQuLi4=,,,,,W1lnZ2RyYXNpbGlhZF0KTWFzIGEgc29tYnJhIGNvbnRpbnVhIHNlbmRvIGFwZW5hcyB1bWEgc29tYnJhLi4uIHRhbHZleiBwb3NzYW1vcyBwcmVuZMOqLWxhLi4u,,W1lnZ2RyYXNpbGlhZF0KUGVybyB0b2RhdsOtYSBwb2Ryw61hIHNlciBwb3NpYmxlIHBvcnF1ZSBlcyBzb2xvIHVuYSBzb21icmEgeSBubyBsYSB2ZXJkYWRlcmEgR3VhcmRpYW5h4oCmIHBvZHLDrWFtb3Mgc2VyIGNhcGFjZXMgZGUgZGV0ZW5lcmxh4oCm
mf2/CA,,W1lnZ2RyYXNpbGlhZF0KQXJlIHlvdSB3aWxsaW5nIHRvIHB1dCB5b3VyIGxpZmUgb24gdGhlIGxpbmUgdG8gaGVscCBtZT8=,,,,,W1lnZ2RyYXNpbGlhZF0KVm9jw6pzIGFycmlzY2FyaWFtIHN1YSB2aWRhIHBhcmEgY3VtcHJpciBlc3RhIHRhcmVmYT8=,,W1lnZ2RyYXNpbGlhZF0Kwr9BcnJpZXNnYXLDrWFzIHR1IHZpZGEgcGFyYSBheXVkYXJtZT8=
mv2/CA,,T2YgY291cnNlLg==,,,,,Q2xhcm8gcXVlIHNpbS4=,,UG9yIHN1cHVlc3RvLg==
m/2/CA,,Tm90IGluIHRoaXMgbGlmZXRpbWU=,,,,,TsOjbyBwb2RlbW9zLg==,,Tm8gbG8gaGFyw6ku
nP2/CA,,W1lnZ2RyYXNpbGlhZF0KSSdkIGxvdmUgdG8gaG9ub3IgeW91ciB3aWxsLiBTbywgSSB3aWxsIHNob3cgdGhlIHdheSB0byBnbyB0byB0aGUgR3VhcmRpYW4ncyBuZXN0Lg==,,,,,W1lnZ2RyYXNpbGlhZF0KRGV2byBob25yYXIgc3VhIGZvcsOnYSBkZSB2b250YWRlLiBWb3UgbGhlIG1vc3RyYXIgbyBjYW1pbmhvIHBhcmEgbyBuaW5obyBkbyBndWFyZGnDo28u,,W1lnZ2RyYXNpbGlhZF0KTWUgZW5jYW50YXLDrWEgaG9ucmFyIHR1IHZvbHVudGFkLiBFbnRvbmNlcywgbW9zdHJhcsOpIGVsIGNhbWlubyBwYXJhIGlyIGFsIG5pZG8gZGUgbGEgR3VhcmRpYW5hLg==
nf2/CA,,W1lnZ2RyYXNpbGlhZF0KR28gdGhyb3VnaCB0aGUgZ3JlYXQgWWdnZHJhc2lsJ3Mgd2F0ZXJmYWxsIHVwIE5vcnRoLiBIZXJlLCB0aGUgU2VrbydzIHByb3RlY3Rpb24gZGV2aWNlIHdpbGwgYmUgb3BlcmF0aW9uYWwu,,,,,W1lnZ2RyYXNpbGlhZF0KUGFyYSBjaGVnYXIgYW8gbmluaG8uLi4gYXRyYXZlc3NlIGEgZ3JhbmRlIGNhY2hvZWlyYSBkZSBZZ2dkcmFzaWwgYW8gbm9ydGUuIE8gZGlzcG9zaXRpdm8gZGUgcHJvdGXDp8OjbyBkbyBsdWdhciBzYWdyYWRvIGVzdGFyw6EgZnVuY2lvbmFuZG8uICA=,,W1lnZ2RyYXNpbGlhZF0KQXRyYXZpZXNhIGxhIGdyYW4gY2FzY2FkYSBkZSBZZ2dkcmFzaWwgZW4gZWwgbm9ydGUuIEFsbMOtLCBlbCBkaXNwb3NpdGl2byBkZSBwcm90ZWNjacOzbiBkZSBTZWtvIGVzdGFyw6Egb3BlcmF0aXZvLg==
nv2/CA,,W1lnZ2RyYXNpbGlhZF0KR28gdG8gdGhlIG5lc3QgdGhyb3VnaCB0aGUgd2F0ZXJmYWxsIGJ5IGtpbGxpbmcgYWxsIG9mIGRhcmsgY3JlYXR1cmVzIGZpcnN0Li4uIFRoZW4geW91IGNhbiBtb3ZlIG9uIHRvIHN0b3AgTmlkaG9nZ3VyJ3MgU2hhZG93Lg==,,,,,W1lnZ2RyYXNpbGlhZF0KQXRyYXZlc3NlIGEgY2FjaG9laXJhIHBhcmEgY2hlZ2FyIGFvIG5pbmhvIGUgbWF0ZSB0b2RvcyBvcyBndWFyZGFzIGRlIE5pZGhvZ2cuIEVudMOjbywgZGV0ZW5oYSBhIHNvbWJyYSBkbyBwcm90ZXRvci4=,,W1lnZ2RyYXNpbGlhZF0KVmUgYWwgbmlkbyBhIHRyYXbDqXMgZGUgbGEgY2FzY2FkYSBtYXRhbmRvIHByaW1lcm8gYSB0b2RhcyBsYXMgY3JpYXR1cmFzIG9zY3VyYXPigKYgRW50b25jZXMgcG9kcsOhcyBkZXRlbmVyIGEgbGEgU29tYnJhIGRlIE5pZGhvZ2cu
n/2/CA,,W1lnZ2RyYXNpbGlhZF0KSSB3aWxsIG5vdyBvcGVuIHRoZSBHdWFyZGlhbidzIGdhdGUgYWZ0ZXIgeW91IGtpbGwgYWxsIG9mIHRoZSBndWFyZGlhbnMgYmVmb3JlIHRoZSBnYXRlIGNvbGxhcHNlcy4=,,,,,W1lnZ2RyYXNpbGlhZF0KQWdvcmEgdm91IGFicmlyIG8gcG9ydMOjbyBkbyBndWFyZGnDo28uIE1hdGUgb3MgZ3VhcmRhcy4gVm9jw6ogZGV2ZSBlbGltaW5hciB0b2RvcyBlbGVzIGVtIDMwIG1pbnV0b3Mu,,W1lnZ2RyYXNpbGlhZF0KQWJyaXLDqSBsYSBwdWVydGEgZGUgbGEgR3VhcmRpYW5hIGRlc3B1w6lzIGRlIHF1ZSBtYXRlcyBhIHRvZG9zIGxvcyBndWFyZGlhbmVzIGFudGVzIGRlIHF1ZSBsYSBwdWVydGEgY29sYXBzZS4=
oP2/CA,,W1lnZ2RyYXNpbGlhZF0KMzBtaW51dGVzLi4uIHRoYXQncyBhcyBsb25nIGFzIEkgY2FuIGtlZXAgdGhlIGdhdGUgb3BlbiBzbyB5b3Ugc2hvdWxkIGh1cnJ5Lg==,,,,,W1lnZ2RyYXNpbGlhZF0KMzAgbWludXRvcy4uLiBlc3NlIMOpIG8gbGltaXRlIHF1ZSB0ZW5obyBwYXJhIG1hbnRlciBvIHBvcnRhbCBhYmVydG8u,,W1lnZ2RyYXNpbGlhZF0KMzBtaW51dG9z4oCmIGVzbyBlcyB0b2RvIGVsIHRpZW1wbyBxdWUgcHVlZG8gbWFudGVuZXIgbGEgcHVlcnRhIGFiaWVydGEsIGFzw60gcXVlIGRlYmVyw61hcyBkYXJ0ZSBwcmlzYS4=
of2/CA,,W1lnZ2RyYXNpbGlhZF0KQmV3YXJlIG9mIHRoZSBzaGFkb3cncyBwb3dlci4uLg==,,,,,W1lnZ2RyYXNpbGlhZF0KRSB0b21lIGN1aWRhZG8gY29tIG8gcG9kZXIgZGEgc29tYnJhLg==,,W1lnZ2RyYXNpbGlhZF0KQ3VpZGFkbyBjb24gZWwgcG9kZXIgZGUgbGEgc29tYnJh4oCm
ov2/CA,,W1lnZ2RyYXNpbGlhZF0KSSdkIGxvdmUgdG8gaG9ub3IgeW91ciB3aWxsLiBTbywgSSB3aWxsIHNob3cgdGhlIHdheSB0byBnbyB0byB0aGUgR3VhcmQncyBuZXN0Lg==,,,,,W1lnZ2RyYXNpbGlhZF0KTyBjYW1pbmhvIGF0w6kgbyBuaW5obyBkbyBwcm90ZXRvciBwYXNzYSBwZWxhIGdyYW5kZSBjYWNob2VpcmEgZGUgWWdnZHJhc2lsLiBMb2dvIG8gZGlzcG9zaXRpdm8gZGUgcHJvdGXDp8OjbyBkbyBsb2NhbCBzYWdyYWRvIHZhaSBlbnRyYXIgZW0gb3BlcmHDp8Ojby4=,,W1lnZ2RyYXNpbGlhZF0KUG9yIGxvIHRhbnRvLCB2b3kgYSBtb3N0cmFyIGVsIGNhbWlubyBwYXJhIGlyIGFsIG5pZG8gZGUgbGEgR3VhcmRpYW5hLg==
o/2/CA,,W1lnZ2RyYXNpbGlhZF0KR28gdG8gdGhlIG5lc3QgdGhyb3VnaCB0aGUgd2F0ZXJmYWxsIGJ5IGtpbGxpbmcgYWxsIG9mIE5pZGhvZ2d1cidzIEd1YXJkaWFucy4uLiBUaGVuIHlvdSBjYW4gc3RvcCB0aGF0IHNoYWRvdy4=,,,,,W1lnZ2RyYXNpbGlhZF0KQWdvcmEgdm91IGFicmlyIG8gcG9ydMOjbyBkbyBndWFyZGnDo28uIE1hdGUgdG9kb3Mgb3MgZ3VhcmRhcy4=,,W1lnZ2RyYXNpbGlhZF0KVmUgYWwgbmlkbyBhIHRyYXbDqXMgZGUgbGEgY2FzY2FkYSBtYXRhbmRvIGEgdG9kb3MgbG9zIEd1YXJkaWFuZXMgZGUgTmlkaG9nZ+KApiBBc8OtIHBvZHLDoXMgZGV0ZW5lciBhIGVzYSBzb21icmEu
pP2/CA,,W1lnZ2RyYXNpbGlhZF0KSSB3aWxsIG5vdyBvcGVuIHRoZSBHdWFyZCdzIGdhdGUgb25jZSB5b3VyIHBhcnR5J3MgbGVhZGVyIGhhcyBzcG9rZW4gdG8gbWUu,,,,,W1lnZ2RyYXNpbGlhZF0KTyBjYW1pbmhvIGF0w6kgbyBuaW5obyBkbyBwcm90ZXRvciBwYXNzYSBwZWxhIGdyYW5kZSBjYWNob2VpcmEgZGUgWWdnZHJhc2lsLg==,,W1lnZ2RyYXNpbGlhZF0KQWhvcmEgYWJyaXLDqSBsYSBwdWVydGEgZGUgbGEgR3VhcmRpYW5hIHVuYSB2ZXogcXVlIGVsIGzDrWRlciBkZSB0dSBncnVwbyBoYXlhIGhhYmxhZG8gY29ubWlnby4=
pf2/CA,,W1lnZ2RyYXNpbGlhZF0KMzAgbWludXRlcy4uLiB0aGF0J3MgYXMgbG9uZyBhcyBJIGNhbiBrZWVwIHRoZSBnYXRlIG9wZW4gc28geW91IHNob3VsZCBodXJyeS4=,,,,,W1lnZ2RyYXNpbGlhZF0KMzAgbWludXRvcy4uLiBlc3NlIMOpIG8gbGltaXRlIHF1ZSB0ZW5obyBwYXJhIG1hbnRlciBvIHBvcnRhbCBhYmVydG8uIFZvY8OqIGRldmUgc2VyIGFwcmVzc2Fy,,W1lnZ2RyYXNpbGlhZF0KMzBtaW51dG9z4oCmIGVzbyBlcyB0b2RvIGVsIHRpZW1wbyBxdWUgcHVlZG8gbWFudGVuZXIgbGEgcHVlcnRhIGFiaWVydGEsIGFzw60gcXVlIGRlYmVyw61hcyBkYXJ0ZSBwcmlzYS4=
pv2/CA,,W1lnZ2RyYXNpbGlhZF0KQmUgY2FyZWZ1bCAgb2YgdGhlIFNoYWRvdydzIHBvd2VyLi4u,,,,,W1lnZ2RyYXNpbGlhZF0KQ29tIHNldSBwb2Rlci4uLiBkZXRlbmhhIGEgc29tYnJhIGFib21pbsOhdmVsLg==,,W1lnZ2RyYXNpbGlhZF0KVGVuIGN1aWRhZG8gY29uIGVsIHBvZGVyIGRlIGxhIFNvbWJyYeKApg==
p/2/CA,,W1lnZ2RyYXNpbGlhZF0KSSB3aWxsIG5vdyBvcGVuIHRoZSBHdWFyZCdzIGdhdGUuIEtpbGwgYWxsIG9mIHRoZSBHdWFyZGlhbnMgd2l0aGluIDMwIG1pbnV0ZXMu,,,,,W1lnZ2RyYXNpbGlhZF0KRXUgdm91IGFicmlyIG8gUG9ydGEuIERlcnJvdGUgb3MgR3VhcmRpw7VlcyBlbSBhdMOpIDMwIG1pbnV0b3M=,,W1lnZ2RyYXNpbGlhZF0KQWhvcmEgYWJyaXLDqSBsYSBwdWVydGEgZGUgbGEgR3VhcmRpYW5hLiBNYXRhIGEgdG9kb3MgbG9zIGd1YXJkaWFuZXMgZW4gMzBtaW51dG9zIG8gbWVub3Mu
qP2/CA,,W1lnZ2RyYXNpbGlhZF0KVGhlIHdheSB0byBnZXQgdG8gdGhlIEd1YXJkaWFuJ3MgbmVzdCBpcyB0aGVyZSB0aHJvdWdoIHRoZSBncmVhdCBZZ2dkcmFzaWwncyB3YXRlcmZhbGwu,,,,,W1lnZ2RyYXNpbGlhZF0KTyBjYW1pbmhvIHBhcmEgY2hlZ2FyIGFvIG5pbmhvIGRvIEd1YXJkacOjbyDDqSBhdHJhdsOpcyBkYSBncmFuZGUgY2FjaG9laXJhIGRlIFlnZ2RyYXNpbC4=,,W1lnZ2RyYXNpbGlhZF0KTGEgZm9ybWEgZGUgbGxlZ2FyIGFsIG5pZG8gZGUgbGEgR3VhcmRpYW5hIGVzIGEgdHJhdsOpcyBkZSBsYSBncmFuIGNhc2NhZGEgZGUgWWdnZHJhc2lsLg==
qf2/CA,,W1lnZ2RyYXNpbGlhZF0KUGxlYXNlIHByZXZlbnQgdGhlIGRhcmsgc2hhZG93IGZyb20gc3ByZWFkaW5nLg==,,,,,W1lnZ2RyYXNpbGlhZF0KSW1wZcOnYSBxdWUgYXMgc29tYnJhcyBzZSBlc3BhbGhlbS4=,,W1lnZ2RyYXNpbGlhZF0KUG9yIGZhdm9yLCBldml0YSBxdWUgbGEgc29tYnJhIG9zY3VyYSBzZSBleHRpZW5kYS4=
qv2/CA,,W1lnZ2RyYXNpbGlhZF0KTXkgam9iIGhlcmUgaXMgZG9uZS4gSSBhbSBub3cgZGVwZW5kaW5nIG9uIHlvdSB0byBkbyB0aGUgcmVzdC4=,,,,,W1lnZ2RyYXNpbGlhZF0KTWV1IHRyYWJhbGhvIGFxdWkgZXN0w6EgZmVpdG8uIEFnb3JhIGRlcGVuZG8gZGUgdm9jw6ogcGFyYSBmYXplciBvIHJlc3RvLg==,,W1lnZ2RyYXNpbGlhZF0KTWkgdHJhYmFqbyBhcXXDrSBoYSB0ZXJtaW5hZG8uIEFob3JhIGNvbmbDrW8gZW4gcXVlIGhhcsOhcyBlbCByZXN0by4=
q/2/CA,,W1lnZ2RyYXNpbGlhZF0KR28gYXdheX4hISBZb3UgYXJlIGRlZmlsaW5nIHRoaXMgc2FjcmVkIHBsYWNlLg==,,,,,W1lnZ2RyYXNpbGlhZF0KQWZhc3RlbS1zZSwgZXN0cmFuZ2Vpcm9zIHF1ZSBwb2x1ZW0gbyBsdWdhciBzYWdyYWRvIQ==,,W1lnZ2RyYXNpbGlhZF0KwqFWZXRlfiEgRXN0w6FzIHByb2ZhbmFuZG8gZXN0ZSBsdWdhciBzYWdyYWRvLg==
rP2/CA,,TmlkaG9nZ3VyJ3MgR3VhcmRpYW4gOiBEZXN0cm95IHRoZSBpbnZhZGVycy4=,,,,,R3VhcmRpw7VlcyBkZSBOaWRob2dnOiBQcm90ZWphbSBvIG5pbmhvIGRvIHByb3RldG9yLiBFeHB1bHNlbSBvcyBpbnZhc29yZXMh,,R3VhcmRpw6FuIGRlIE5pZGhvZ2c6IERlc3RydXllIGEgbG9zIGludmFzb3Jlcy4=
rf2/CA,,QWxsIG9mIE5pZGhvZ2d1cidzIEd1YXJkaWFucyBhcmUgZGVhZCE=,,,,,T3MgR3VhcmRpw7VlcyBkZSBOaWRob2dnIGVzdMOjbyB0b2RvcyBtb3J0b3Mh,,wqFUb2RvcyBsb3MgZ3VhcmRpYW5lcyBkZSBOaWRob2dnIGVzdMOhbiBtdWVydG9zIQ==
rv2/CA,,WWdnZHJhc2lsaWFkIDogV2UgZG9uJ3QgaGF2ZSBlbm91Z2ggdGltZS4gSHVycnkgdXAh,,,,,WWdnZHJhc2lsaWFkIDogVm9jZcOqIG7Do28gdGVtIG11aXRvIHRlbXBvLiBBcHJlc3NlLXNl,,WWdnZHJhc2lsaWFkOiAgwqFEYXRlIHByaXNhIQ==
r/2/CA,,WWdnZHJhc2lsaWFkIDogTXkgZW5lcmd5IGlzIGRpc2FwcGVhcmluZy4gSHVycnkgdXAu,,,,,WWdnZHJhc2lsaWFkOiBNaW5oYSBlbmVyZ2lhIGVzdMOhIHNlIGVzZ290YW5kby4gUsOhcGlkbyE=,,TWkgZW5lcmfDrWEgZXN0w6EgZGVzYXBhcmVjaWVuZG8uIERhdGUgcHJpc2Eu
sP2/CA,,WWdnZHJhc2lsaWFkIDogSSdtLi4gYWxtb3N0Li4gZmluaXNoZWQuLi4gbGl0dGxlLi4uYml0Li4gbW9yZS4uLg==,,,,,WWdnZHJhc2lsaWFkIDogRXN0b3UuLi4gcXVhc2UuLi4gdGVybWluYW5kby4uLiB1bSBwb3Vjby4uLiB1bSBwb3Vjby4uLiBtYWlzLi4u,,WWHigKYgY2FzaeKApiB0ZXJtaW5v4oCmIHVu4oCmIHBvY2/igKYgbcOhc+KApg==
sf2/CA,,WWdnZHJhc2lsaWFkIDogWW91IGZhaWxlZC4uLiBidXQuLi4gSSB3aWxsIHNlbmQgeW91IGF3YXkgZnJvbSBoZXJlIHdpdGggdGhlIHN0cmVuZ3RoIEkgaGF2ZSBsZWZ0Lg==,,,,,WWdnZHJhc2lsaWFkIDogVm9jw6ogZmFsaG91Li4uIG1hcy4uLiBFdSBvIG1hbmRhcmVpIGVtYm9yYSBkYXF1aSBjb20gYSBmb3LDp2EgcXVlIG1lIHJlc3RhLg==,,RmFsbGFzdGXigKYgcGVyb+KApiBUZSBlbnZpYXLDqSBsZWpvcyBkZSBhcXXDrSBjb24gbGEgZnVlcnphIHF1ZSBtZSBxdWVkYS4=
sv2/CA,,WW91IGZhaWxlZCB0byBjcmVhdGUgdGhlIEd1YXJkaWFuJ3MgZ2F0ZS4=,,,,,Vm9jw6ogbsOjbyBjb25zZWd1aXUgY3JpYXIgbyBwb3J0w6NvIGRvIEd1YXJkacOjby4=,,RmFsbGFzdGUgYWwgY3JlYXIgbGEgcHVlcnRhIGRlbCBndWFyZGnDoW4u
s/2/CA,,QW5jaWVudCBUcmVl,,,,,w4Fydm9yZSBBbmNpw6M=,,QW5jaWVudCBUcmVl
tP2/CA,,UnluY2hv,,,,,UnluY2hv,,UnluY2hv
tf2/CA,,UGh5bGxh,,,,,UGh5bGxh,,UGh5bGxh
tv2/CA,,QXF1YSBFbGVtZW50YWw=,,,,,RWxlbWVudGFsIGRhIMOBZ3Vh,,QXF1YSBFbGVtZW50YWw=
t/2/CA,,UGluZ3VpY3VsYQ==,,,,,UGluZ3VpY3VsYQ==,,UGluZ3VpY3VsYQ==
