gCgtBw,,c3dpdGNo,,,,,U3dpdGNo,,c3dpdGNo
gSgtBw,,UGxlYXNlIHRyeSBhZ2FpbiBhZnRlciBpbnN0YWxsaW5nIGEgc3BlY2lhbCBpdGVtLg==,,,,,TyBjb21hbmRvIGZvaSBjYW5jZWxhZG8u,,VnVlbHZlIGEgaW50ZW50YXJsbyBkZXNwdcOpcyBkZSBxdWUgaGF5YXMgaW5zdGFsYWRvIHVuIG9iamV0byBlc3BlY2lhbC4=
gigtBw,,Q2FuY2VsbGVkLg==,,,,,RW0gcXVlIHBvc3NvIGFqdWRhcj8=,,Q2FuY2VsYWRvLg==
gygtBw,,TWF5IEkgaGVscCB5b3U/,,,,,RmVjaGFyIENhbXBvIGRlIEJhdGFsaGE=,,wr9QdWVkbyBheXVkYXJ0ZT8=
hCgtBw,,UmVzZXQgVGllcnJhIEdvcmdl,,,,,QWJyaXIgQ2FtcG8gZGUgQmF0YWxoYQ==,,UmVzdGFibGVjZXIgQ2HDscOzbiBUaWVycmEu
hSgtBw,,UmVzZXQgRmxhdml1cw==,,,,,UmVzdGF1cmFyIGEwMQ==,,UmVzdGFibGVjZXIgRmxhdml1cy4=
higtBw,,Q2hlY2sgVGllcnJhIHVzZXIgY291bnQ=,,,,,UmVzdGF1cmFyIGIwMQ==,,Q29tcHJvYmFyIGVsIHJlY3VlbnRvIGRlIHVzdWFyaW9zIGRlIFRpZXJyYS4=
hygtBw,,Q2hlY2sgRmxhdml1cyB1c2VyIGNvdW50,,,,,UmVzdGF1cmFyIGEwMg==,,Q29tcHJvYmFyIGVsIHJlY3VlbnRvIGRlIHVzdWFyaW9zIGRlIEZsYXZpdXMu
iCgtBw,,Q2hlY2sgS1ZNODA=,,,,,UmVzdGF1cmFyIGIwMg==,,Q29tcHJvYmFyIEt2TTgwLg==
iSgtBw,,Q2hlY2sgS1ZNNTk=,,,,,UHJvbnRv,,Q29tcHJvYmFyIEt2TTU5Lg==
iigtBw,,Q2hlY2sgS1ZNNjA3OQ==,,,,,T2ZpY2lhbCBkbyBEZXNmaWxhZGVpcm8=,,Q29tcHJvYmFyIEt2TTYwNzku
iygtBw,,U3RvcCBCYXR0bGVncm91bmQ=,,,,,T2ZpY2lhbCBkZSBGbGF2aXVz,,RGV0ZW5lciBjYW1wbyBkZSBiYXRhbGxhLg==
jCgtBw,,Q29tcGxldGU=,,,,,UHLDrW5jaXBlIENyb2l4,,Q29tcGxldGFyLg==
jSgtBw,,Q29tcGxldGVk,,,,,W1Byw61uY2lwZSBDcm9peF0KU8OhYmlvIGF2ZW50dXJlaXJvLCBwb2RlIG5vcyBjZWRlciBzZXUgcG9kZXIgcGFyYSBhdGluZ2lybW9zIGEgdml0w7NyaWE/,,Q29tcGxldGFkby4=
jigtBw,,QkcgdXNlciBjb3VudHt9dXNlcnMKQ2hlY2sgcXVldWU6IHt9Ckdsb2JhbFZhcjoge30KTG9iYnlBOiB7fQpMb2JieUI6IHt9,,,,,UXVhbCDDqSBvIG1vdGl2byBkYSBiYXRhbGhhPw==,,UmVjdWVudG8gZGUgdXN1YXJpb3MgZGVsIGNhbXBvIGRlIGJhdGFsbGE6IHt9dXN1YXJpb3MKQ29tcHJvYmFyIGxhIGNvbGE6IHt9Ckdsb2JhbFZhcjoge30KU2FsYSBBOiB7fQpTYWxhIEI6IHt9
jygtBw,,UGFzc3dvcmQgZXJyb3Iu,,,,,RmFsZS1tZSBkbyBHZW5lcmFsIEd1aWxsYXVtZQ==,,RXJyb3IgZGUgY29udHJhc2XDsWEu
kCgtBw,,QmxvY2sgYmF0dGxlZ3JvdW5kLg==,,,,,W1Byw61uY2lwZSBDcm9peF0KTyBncmFuZGUgcmVpIGRlIE1hcm9sbCwgTWFyY2VsIE1hcm9sbG8gVklJLCBhbmRhIG11aXRvIGRvZW50ZS4KU3VhIE1hamVzdGFkZSBkZWNsYXJvdSBxdWUgZGVpeGFyw6EgbyBmdXR1cm8gZGUgTWFyb2xsIG5hcyBtaW5oYXMgbcOjb3Mgb3UgbmFzIGRvIDNvLiBwcsOtbmNpcGUsIG8gR2VuZXJhbCBHdWlsbGF1bWUu,,QmxvcXVlYXIgY2FtcG8gZGUgYmF0YWxsYS4=
kSgtBw,,VGllcnJhIEdvcmdl,,,,,W1Byw61uY2lwZSBDcm9peF0KTyBHZW5lcmFsIEd1aWxsYXVtZSBwb2RlIHRlciB2YW50YWdlbSBuZXN0YSBiYXRhbGhhLCBqw6EgcXVlIMOpIG8gZ3JhbmRlIGdlbmVyYWwgZGUgTWFyb2xsLCBtYXMgaXNzbyBuw6NvIHF1ZXIgZGl6ZXIgcXVlIGZhdGFsbWVudGUgZWxlIHbDoSB2ZW5jZXIuClF1ZXJvIHZlbmNlciBlc3RhIGJhdGFsaGEgcGFyYSBwb2RlciB0cmF6ZXIgcHJvc3BlcmlkYWRlIGFvIHBvdm8gZGUgTWFyb2xsLiBFbGVzIGrDoSBzb2ZyZXJhbSBkZW1haXMgY29tIGEgZ3VlcnJhLi4u,,Q2HDscOzbiBUaWVycmE=
kigtBw,,Rmxhdml1cw==,,,,,U2ltLCBxdWVybyBtZSBqdW50YXIgYSB2b2PDqi4=,,Rmxhdml1cw==
kygtBw,,a3ZtODA=,,,,,VGVybWluYXIgQ29udmVyc2E=,,S3ZNODA=
lCgtBw,,a3ZtNjA3OQ==,,,,,W1Byw61uY2lwZSBDcm9peF0KTXVpdG8gb2JyaWdhZG8uIFNpbnRvIHF1ZSBwb3NzbyB2ZW5jZXIgY29tIGEgYWp1ZGEgZGUgYXZlbnR1cmVpcm9zIGNvbW8gdm9jw6ouCkFnb3JhLCBwb3IgZmF2b3IgZGVzw6dhIGFzIGVzY2FkYXMgZSBzZSBqdW50ZSBhb3Mgc2V1cyBjYW1hcmFkYXMgcXVlIGVzdMOjbyBzZSBwcmVwYXJhbmRvIHBhcmEgbHV0YXIgY29udHJhIG8gaW5pbWlnby4=,,S3ZNNjA3OQ==
lSgtBw,,a3ZtNTk=,,,,,W1Byw61uY2lwZSBDcm9peF0KUG9yIE1hcm9sbCE=,,S3ZNNTk=
ligtBw,,b3RoZXI=,,,,,W1Byw61uY2lwZSBDcm9peF0KTyAzby4gcHLDrW5jaXBlLCBHdWlsbGF1bWUsIMOpIG8gZ3JhbmRlIGdlbmVyYWwgZGUgTWFyb2xsLgpOw6NvIHByZWNpc28gcGVyZGVyIHRlbXBvIGxoZSBleHBsaWNhbmRvIG8gcXVhbnRvIGVsZSDDqSB1bSBncmFuZGUgbMOtZGVyIGUgY2hlZmUgZGUgZ3VlcnJhLCBqw6EgcXVlIGVsZSBjb21hbmRhIG8gZ3JhbmRlIHBvZGVyIG1pbGl0YXIgZGUgTWFyb2xsLg==,,T3Rybw==
lygtBw,,QmxvY2sgVGllcnJhIEdvcmdl,,,,,W1Byw61uY2lwZSBDcm9peF0KSW5mZWxpem1lbnRlLCBow6EgYWxnbyBxdWUgZWxlIGUgc2V1cyBzZWd1aWRvcmVzIG7Do28gcGVyY2ViZW06Ck8gcG92byBkZSBNYXJvbGwgcXVlciBtZXNtbyBnYXN0YXIgdGFudG8gZGluaGVpcm8gZW0gcG9kZXIgbWlsaXRhcj8KSsOhIHNvZnJlbW9zIG11aXRvIGNvbSBhcyBndWVycmFzLgpOw6NvIGFjcmVkaXRvIHF1ZSBhcyBhcm1hcyBzZWphbSBhIG1lbGhvciBtYW5laXJhIGRlIHRyYXplciBwcm9zcGVyaWRhZGUgYSB1bWEgbmHDp8Ojby4=,,QmxvcXVlYXIgQ2HDscOzbiBUaWVycmEu
mCgtBw,,QWJvcnQ=,,,,,W1Byw61uY2lwZSBDcm9peF0KTsOjbyBxdWVybyBkZXJyYW1hciBzYW5ndWUsIG1hcyBuw6NvIHRlbmhvIGVzY29saGEgc2Vuw6NvIGx1dGFyIHBlbGEgY2hhbmNlIGRlIHBheiBlIHBlbG8gYmVtIGRvIG1ldSBwb3ZvLg==,,QWJvcnRhci4=
mSgtBw,,QmxvY2sgcGxheWVycyBmcm9tIGVudGVyaW5nIFRpZXJyYSBHb3JnZS4=,,,,,UGFqZW0gZGUgQ3JvaXg=,,SW1waWRlIHF1ZSBsb3MganVnYWRvcmVzIGVudHJlbiBlbiBDYcOxw7NuIFRpZXJyYS4=
migtBw,,QmxvY2sgRmxhdml1cw==,,,,,R2VuZXJhbCBHdWlsbGF1bWU=,,QmxvcXVlYXIgRmxhdml1cy4=
mygtBw,,QmxvY2sgcGxheWVycyBmcm9tIGVudGVyaW5nIEZsYXZpdXMu,,,,,W0dlbmVyYWwgR3VpbGxhdW1lXQpQcmVjaXNhbW9zIGRlIHN1YSBoYWJpbGlkYWRlLCDDsyBhdmVudHVyZWlybyB2YWxlbnRlLCBwYXJhIHZlbmNlciBlc3RhIGJhdGFsaGEu,,SW1waWRlIHF1ZSBsb3MganVnYWRvcmVzIGVudHJlbiBlbiBGbGF2aXVzLg==
nCgtBw,,QmxvY2sga3ZtODA=,,,,,RmFsZS1tZSBzb2JyZSBvIFByw61uY2lwZSBDcm9peA==,,QmxvcXVlYXIgS3ZNODAu
nSgtBw,,QmxvY2sga3ZtODAgZnJvbSBlbnRlcmluZy4=,,,,,W0dlbmVyYWwgR3VpbGxhdW1lXQpOb3NzbyBncmFuZGUgcmVpLCBNYXJjZWwgTWFyb2xsbyBWSUksIGFuZGEgbXVpdG8gZG9lbnRlLgpTdWEgTWFqZXN0YWRlIGRlY2xhcm91IHF1ZSwgZW50cmUgc2V1cyA5IGZpbGhvcywgZXNjb2xoZXLDoSBhIG1pbSBvdSBhbyBQcsOtbmNpcGUgQ3JvaXggY29tbyBvIHByw7N4aW1vIHJlaS4=,,SW1waWRlIGxhIGVudHJhZGEgYSBLdk04MCBvIGluZmVyaW9yZXMu
nigtBw,,QmxvY2sga3ZtNTkgb3IgYmVsb3c=,,,,,W0dlbmVyYWwgR3VpbGxhdW1lXQpEb2lzIHJlaXMgbsOjbyBwb2RlbSBjb21wYXJ0aWxoYXIgdW1hIG5hw6fDo28hIFNvbWVudGUgcXVlbSBzYWlyIHZpdG9yaW9zbyBkYSBiYXRhbGhhIGRldGVybWluYWRhIHBvciBTdWEgTWFqZXN0YWRlIHNlcsOhIGNvcm9hZG8u,,QmxvcXVlYXIgS3ZNNTkgbyBpbmZlcmlvci4=
nygtBw,,QmxvY2sga3ZtNTkgb3IgYmVsb3cgZnJvbSBlbnRlcmluZy4=,,,,,W0dlbmVyYWwgR3VpbGxhdW1lXQpObyBlbnRhbnRvLCBlc3NhIG7Do28gw6kgYXBlbmFzIHVtYSBiYXRhbGhhIGVudHJlIG7Ds3MgZG9pcy4gRXN0YSBiYXRhbGhhIHZhaSBkZXRlcm1pbmFyIG8gZnV0dXJvIGRlc3RlIHBhw61zLgpKdXJvIHBvciBtaW5oYSBob25yYSBxdWUgdm91IHByb3ZhciBzZXIgcXVlbSBwb2RlIHByb3RlZ2VyIE1hcm9sbCBkYXMgYW1lYcOnYXMgZXh0ZXJuYXMu,,SW1waWRlIGxhIGVudHJhZGEgYSBLdk01OSBvIGluZmVyaW9yZXMu
oCgtBw,,QmxvY2sga3ZtNjB+Nzk=,,,,,W0dlbmVyYWwgR3VpbGxhdW1lXQpCZW0tdmluZG8gYW8gbWV1IGV4w6lyY2l0bywgY2FtYXJhZGEuClNldXMgb2xob3MgbWUgZGl6ZW0gcXVlIHBvc3NvIGNvbmZpYXIgZW0gdm9jw6ogY29tbyBzb2xkYWRvLg==,,QmxvcXVlYXIgS3ZNNjB+Nzku
oSgtBw,,QmxvY2sga3ZtNjA3OSBmcm9tIGVudGVyaW5nLg==,,,,,W0dlbmVyYWwgR3VpbGxhdW1lXQpBZ29yYSwgc3ViYSBhcyBlc2NhZGFzIGUgcHJlcGFyZS1zZSBwYXJhIGEgYmF0YWxoYSBjb20gc2V1cyBjb21wYW5oZWlyb3MuClNlaSBxdWUgZWxlcyB2w6NvIGxoZSBkYXIgYXMgYm9hcyB2aW5kYXMgZGUgY29yYcOnw6NvIQ==,,SW1waWRlIGxhIGVudHJhZGEgYSBLdk02MH43OS4=
oigtBw,,V2hhdCBpcyB0aGUgc3RyIHZhbHVlIHlvdSB3aXNoIHRvIG1vZGlmeT8=,,,,,W0dlbmVyYWwgR3VpbGxhdW1lXQpTZXJlaSBldSBxdWVtIHZhaSBjYXB0dXJhciBhIGJhbmRlaXJhIQ==,,wr9DdcOhbCBlcyBlbCB2YWxvciBGVUUgcXVlIHF1aWVyZXMgbW9kaWZpY2FyPw==
oygtBw,,SXMge30gY29ycmVjdD8=,,,,,W0dlbmVyYWwgR3VpbGxhdW1lXQpPIDVvLiBQcsOtbmNpcGUgQ3JvaXggYXR1YWxtZW50ZSDDqSBvIFByaW1laXJvIE1pbmlzdHJvIGRlIE1hcm9sbC4KRWxlIGFjaGEgcXVlIHRvZG9zIG9zIGFzc3VudG9zIG5hY2lvbmFpcyBwb2RlbSBzZXIgZGlzY3V0aWRvcyBlIHJlc29sdmlkb3MgZW0gY2ltYSBkZSB1bWEgbWVzYSwKZSBhY3JlZGl0YSBuYSBjby1leGlzdMOqbmNpYSBwYWPDrWZpY2EgY29tIG91dHJvcyBwYcOtc2VzLg==,,wr9Fc3TDoSBiaWVuIHt9Pw==
pCgtBw,,WWVz,,,,,W0dlbmVyYWwgR3VpbGxhdW1lXQpFbGUgw6kgaWdub3JhbnRlIGRlbWFpcyBwYXJhIGFkbWl0aXIgcXVlIGVzc2EgdGFsIHBheiBzZSBjb25zdHLDs2kgY29tIGFzIGluY29udMOhdmVpcyB2aWRhcyBzYWNyaWZpY2FkYXMgbmFzIGd1ZXJyYXMsIGVucXVhbnRvIG9zIGNpZGFkw6NvcyBjb211bnMgZSBvcyBub2JyZXMgdml2ZW0gc2VtIHBlbnNhciBub3MgaG9ycm9yZXMgcXVlIHBlcm1pdGVtIHF1ZSBlbGVzIGNvbnRpbnVlbSB2aXZlbmRvLg==,,U8OtLg==
pSgtBw,,Tm8=,,,,,W0dlbmVyYWwgR3VpbGxhdW1lXQpFbGUgw6kgaW5nw6pudW8gZGVtYWlzIHBhcmEgZW50ZW5kZXIgYSByZWFsaWRhZGUuLi4KTsOjbyBwb3NzbyBkZWl4YXIgTWFyb2xsIG5hcyBtw6NvcyBkZSBhbGd1w6ltIGNvbW8gZWxlLCBxdWUgdml2ZSBlbSB1bSBzb25obyE=,,Tm8u
pigtBw,,V2hhdCBpcyB0aGUgbiB2YWx1ZSB5b3Ugd2lzaCB0byBtb2RpZnk/ClRvIGNhbmNlbCBpbnB1dCAwLg==,,,,,W0dlbmVyYWwgR3VpbGxhdW1lXQpTdWFzIGNyZW7Dp2FzIGlycmVhaXMgYWZ1bmRhcsOjbyBlc3RlIHBhw61zIG5hIHBvYnJlemEsIGUgZGVpeGFyw6NvIG8gcG92byBmcmFjby4gU2UgZWxlIHNlIHRvcm5hciByZWksIE1hcm9sbCBudW5jYSB2YWkgZGVzY2Fuc2FyIGRvcyBtYXNzYWNyZXMgY2F1c2Fkb3MgcG9yIG91dHJvcyBwYcOtc2VzLgpRdWVybyBlbnNpbmFyIGEgZWxlIG8gcXVlIGZheiBlc3RlIHBlcXVlbm8gcGHDrXMgdMOjbyBwb2Rlcm9zbyBlIHByw7NzcGVybzogbyBwb2RlciBtaWxpdGFyIQ==,,wr9DdcOhbCBlcyBlbCB2YWxvciBuIHF1ZSBxdWllcmVzIG1vZGlmaWNhcj8KUGFyYSBjYW5jZWxhciwgaW50cm9kdWNlIDAu
pygtBw,,Q2FuY2VsLg==,,,,,UXVlcm8gZW50cmFyIGVtIHNldSBleMOpcmNpdG8h,,Q2FuY2VsYXIu
qCgtBw,,Q2hhbmdlIHt9IHRvIHt9Pw==,,,,,UGFqZW0gZGUgR3VpbGxhdW1l,,wr9DYW1iaWFyIHt9IHBvciB7fT8=
qSgtBw,,VGllcnJhIEdvcmdlIE9mZmljZXI=,,,,,Q2F2YWxlaXJvIGRlIEd1aWxsYXVtZQ==,,VGllcnJhIEdvcmdlIE9mZmljZXI=
qigtBw,,Rmxhdml1cyBPZmZpY2Vy,,,,,W0NhdmFsZWlybyBkZSBHdWlsbGF1bWVdCk8gRGVzZmlsYWRlaXJvIGRlIFRpZXJyYSBjb25zaXN0ZSBkZSBkdWFzIGVuY29zdGFzIHZlcnRpY2FpcywgZSB0ZW0gYXJtYXrDqW5zIGRlIGNvbWlkYSBwYXJhIG9zIEV4w6lyY2l0b3MgZGUgR3VpbGxhdW1lIGUgZGUgQ3JvaXggYSBub3JvZXN0ZSBlIGEgc3Vkb2VzdGUu,,Rmxhdml1cyBPZmZpY2Vy
qygtBw,,UHJpbmNlIENyb2l4,,,,,W0NhdmFsZWlybyBkZSBHdWlsbGF1bWVdCkEgYmF0YWxoYSBjb21lw6dhIG5vIG5hdmlvIGRvIHNldSBleMOpcmNpdG8sIGUgbyBvYmpldGl2byDDqSBhdmFuw6dhciBlIGRlc3RydWlyIG9zIGFybWF6w6lucyBkZSBjb21pZGEgZG8gc2V1IGluaW1pZ28gYW50ZXMgcXVlIGVsZSBkZXN0cnVhIG9zIHNldXMu,,UHJpbmNlIENyb2l4
rCgtBw,,W1ByaW5jZSBDcm9peF0KV2lzZSBhZHZlbnR1cmVyLCB3aHkgZG9uJ3QgeW91IGxlbmQgdXMgeW91ciBwb3dlciBmb3IgdmljdG9yeT8=,,,,,W0NhdmFsZWlybyBkZSBHdWlsbGF1bWVdCk8gY3VyYW5kZWlybyBkbyBjYW1wbyBkZSBiYXRhbGhhIGlyw6EgcmVzc3VzY2l0YXIgc29sZGFkb3MgYSBjYWRhIDI1IHNlZ3VuZG9zLCBwYXJhIHF1ZSB2b2x0ZW0gw6AgYmF0YWxoYS4KTyBleMOpcmNpdG8gcXVlIGNhcHR1cmFyIGEgYmFuZGVpcmEgbmV1dHJhIG5vIGNlbnRybyBkbyBjYW1wbyBkZSBiYXRhbGhhIHNlcsOhIHJlY29tcGVuc2FkbyBjb20gcG9udG9zIGRlIHJlZ2VuZXJhw6fDo28gZXh0cmEsIG91IHNlamEsIGVsZSB0ZXLDoSBtYWlzIHNvbGRhZG9zIHJlc3N1c2NpdGFkb3MsIG8gcXVlIHNlcsOhIHVtYSB2YW50YWdlbS4=,,W1Byw61uY2lwZSBDcm9peF0KU2FiaW8gdHJvdGFtdW5kb3MsIMK/cG9yIHF1w6kgbm8gbm9zIHByZXN0YXMgdHUgcG9kZXIgcGFyYSBhbGNhbnphciBsYSB2aWN0b3JpYT8=
rSgtBw,,V2hhdCdzIHRoZSByZWFzb24gZm9yIHRoZSBCYXR0bGU/,,,,,W0NhdmFsZWlybyBkZSBHdWlsbGF1bWVdCk9zIGRvaXMgZGVww7NzaXRvcyBzw6NvIGNvbmVjdGFkb3MgZW50cmUgc2kgcG9yIGNhbWluaG9zIGN1cnRvcyBlIGVzdHJlaXRvcywgbWFzIG9zIHBvcnTDtWVzIHPDo28gYmxvcXVlYWRvcyBjb20gYmFycmljYWRhcy4KUGVuc2UgZSBtZXhhLXNlIG8gbWFpcyByw6FwaWRvIHF1ZSBwdWRlci4gQSB2aXTDs3JpYSBkbyBzZXUgZXjDqXJjaXRvIGRlcGVuZGUgZGEgc3VhIGNvbnRyaWJ1acOnw6NvLg==,,wr9DdcOhbCBlcyBlbCBtb3Rpdm8gZGUgbGEgYmF0YWxsYT8=
rigtBw,,VGVsbCBtZSBhYm91dCBHZW5lcmFsIEd1aWxsYXVtZQ==,,,,,W0NhdmFsZWlybyBkZSBHdWlsbGF1bWVdClBvciBmYXZvciwgbGVtYnJlLXNlOiBxdWFuZG8gdm9jw6ogZW50cmFyIG5hIGJhdGFsaGEsIHJlY2ViZXLDoSB1bSBzaW5hbCBxdWUgaW5kaWNhIG8gcGVyw61vZG8gbm8gcXVhbCB2b2PDqiBuw6NvIHBvZGUgcGFydGljaXBhciBkbyBtZXNtbyB0aXBvIGRlIGJhdGFsaGEuClZvY8OqIHBvZGUgdmVyaWZpY2FyIGEgZHVyYcOnw6NvIHByZXNzaW9uYW5kbyBBbHQrVS4=,,Q3XDqW50YW1lIGRlbCBnZW5lcmFsIEd1aWxsYXVtZS4=
rygtBw,,W1ByaW5jZSBDcm9peF0KTWFyb2xsJ3MgZ3JlYXQga2luZywgTWFyY2VsIE1hcm9sbG8gVklJLCBpcyB2ZXJ5IHNpY2sgbGF0ZWx5LgpIaXMgTWFqZXN0eSBoYXMgZGVjbGFyZWQgdGhhdCBoZSB3aWxsIGJlIGxlYXZpbmcgdGhlIGZ1dHVyZSBvZiBNYXJvbGwgdG8gbWUgb3IgdGhlIDNyZCBwcmluY2UsIEdlbmVyYWwgR3VpbGxhdW1lLg==,,,,,W0NhdmFsZWlybyBkZSBHdWlsbGF1bWVdCkVzdMOhIHByb250byBwYXJhIGEgYmF0YWxoYT8gRW50w6NvIGFsaXN0ZS1zZSBjb20gbyByZWNydXRhZG9yIGFvIG1ldSBsYWRvIQ==,,W1Byw61uY2lwZSBDcm9peF0KRWwgZ3JhbiByZXkgZGUgTWFyb2xsLCBNYXJjZWwgTWFyb2xsb1ZJSSwgaGEgZXN0YWRvIG11eSBlbmZlcm1vIMO6bHRpbWFtZW50ZS4KU3UgTWFqZXN0YWQgaGEgZGVjbGFyYWRvIHF1ZSBkZWphcsOhIGVsIGZ1dHVybyBkZSBNYXJvbGwgZW4gbWlzIG1hbm9zIG8gZW4gbGFzIGRlbCB0ZXJjZXIgcHLDrW5jaXBlLCBlbCBnZW5lcmFsIEd1aWxsYXVtZS4=
sCgtBw,,W1ByaW5jZSBDcm9peF0KR2VuZXJhbCBHdWlsbGF1bWUgbWF5IGhhdmUgYW4gYWR2YW50YWdlIGluIHRoaXMgYmF0dGxlIGFzIGhlIGlzIHRoZSBncmVhdCBnZW5lcmFsIG9mIE1hcm9sbCwgYnV0IHRoYXQgZG9lc24ndCBhdXRvbWF0aWNhbGx5IG1lYW4gaGUnbGwgd2luLgpJIHdhbnQgdG8gd2luIHRoaXMgYmF0dGxlIHNvIHRoYXQgSSBjYW4gYnJpbmcgcHJvc3Blcml0eSB0byB0aGUgcGVvcGxlIG9mIE1hcm9sbC4gVGhleSd2ZSBzdWZmZXJlZCBlbm91Z2ggZnJvbSB3YXIuLi4=,,,,,W0NhdmFsZWlybyBkZSBHdWlsbGF1bWVdCk8gb2JqZXRpdm8gZGEgQmF0YWxoYSBkZSBGbGF2aXVzIMOpIG1hcmNhciAyIHBvbnRvcyBhbnRlcyBkbyBzZXUgaW5pbWlnbywgZGVzdHJ1aW5kbyBzZXVzIGNyaXN0YWlzLg==,,W1Byw61uY2lwZSBDcm9peF0KRWwgZ2VuZXJhbCBHdWlsbGF1bWUgcHVlZGUgdGVuZXIgdmVudGFqYSBlbiBlc3RhIGJhdGFsbGEgcG9yIHNlciBlbCBncmFuIGdlbmVyYWwgZGUgTWFyb2xsLCBwZXJvIGVzbyBubyBxdWllcmUgZGVjaXIgcXVlIHRlbmdhIGxhIHZpY3RvcmlhIGFzZWd1cmFkYS4KUXVpZXJvIGdhbmFyIGVzdGEgYmF0YWxsYSBwYXJhIHBvZGVyIHRyYWVyIHByb3NwZXJpZGFkIGFsIHB1ZWJsbyBkZSBNYXJvbGwuIFlhIGhhbiBzdWZyaWRvIGJhc3RhbnRlIGNvbiBsYSBndWVycmHigKY=
sSgtBw,,W1ByaW5jZSBDcm9peF0KRm9yIE1hcm9sbCE=,,,,,W0NhdmFsZWlybyBkZSBHdWlsbGF1bWVdCk9zIGNyaXN0YWlzIGRlIGFtYm9zIG9zIGV4w6lyY2l0b3Mgc8OjbyBwcm90ZWdpZG9zIHBvciBiYXJyaWNhZGFzIGVzcGVjaWFpcyBxdWUgbsOjbyBwb2RlbSBzZXIgZGVzdHJ1w61kYXMgcG9yIGF0YXF1ZXMgZGlyZXRvcy4=,,W1Byw61uY2lwZSBDcm9peF0KwqFQb3IgTWFyb2xsIQ==
sigtBw,,W1ByaW5jZSBDcm9peF0KVGhlIDNyZCBQcmluY2UgR3VpbGxhdW1lIGlzIHRoZSBncmVhdCBnZW5lcmFsIG9mIE1hcm9sbC4KSXQncyBhIHdhc3RlIG9mIHRpbWUgdG8gZXhwbGFpbiB0byB5b3UgaG93IGdyZWF0IGEgbGVhZGVyIG9yIHdhcmxvcmQgaGUgaXMsIHNpbmNlIGhlIGNvbW1hbmRzIHRoZSBncmVhdCBtaWxpdGFyeSBwb3dlciBvZiBNYXJvbGwu,,,,,W0NhdmFsZWlybyBkZSBHdWlsbGF1bWVdCk1hcyBlbGFzIHBvZGVtIHNlciByZW1vdmlkYXMgc2Ugdm9jw6ogZGVzdHJ1aXIgb3MgR3VhcmRpw7VlcyBxdWUgcHJvdGVnZW0gYSBiYXNlIGRvIGV4w6lyY2l0byBpbmltaWdvLg==,,W1Byw61uY2lwZSBDcm9peF0KRWwgdGVyY2VyIFByw61uY2lwZSBHdWlsbGF1bWUgZXMgZWwgZ3JhbiBnZW5lcmFsIGRlIE1hcm9sbC4KRXMgdW5hIHDDqXJkaWRhIGRlIHRpZW1wbyBleHBsaWNhcnRlIGxvIGdyYW4gbMOtZGVyIHkgY29tYW5kYW50ZSBxdWUgZXMsIHlhIHF1ZSBkaXJpZ2UgYWwgZ3JhbiBwb2RlcsOtbyBtaWxpdGFyIGRlIE1hcm9sbC4=
sygtBw,,W1ByaW5jZSBDcm9peF0KVW5mb3J0dW5hdGVseSwgdGhlcmUncyBzb21ldGhpbmcgaGUgYW5kIGhpcyBmb2xsb3dlcnMgYXJlIHVuYXdhcmUgb2Y6CkRvIHRoZSBwZW9wbGUgb2YgTWFyb2xsIHJlYWxseSB3YW50IHRoZW0gdG8gc3BlbmQgc28gbXVjaCBtb25leSBvbiBtaWxpdGFyeSBwb3dlcj8KV2UgaGF2ZSBzdWZmZXJlZCBlbm91Z2ggZnJvbSB3YXJzLgpJIGJlbGlldmUgd2VhcG9ucyBhcmVuJ3QgdGhlIGJlc3Qgd2F5IHRvIGJyaW5nIHByb3NwZXJpdHkgdG8gYSBuYXRpb24u,,,,,W0NhdmFsZWlybyBkZSBHdWlsbGF1bWVdCk9zIGNyaXN0YWlzIHPDo28gaW11bmVzIGEgcXVhbHF1ZXIgdGlwbyBkZSBoYWJpbGlkYWRlOyBhdGFxdWVzIGbDrXNpY29zIHPDo28gYSDDum5pY2EgZXNjb2xoYSBwYXJhIGRlc3RydWlyIG9zIGNyaXN0YWlzIGRvIGluaW1pZ28u,,W1Byw61uY2lwZSBDcm9peF0KUG9yIGRlc2dyYWNpYSwgaGF5IGFsZ28gcXVlIMOpbCB5IHN1cyBzZWd1aWRvcmVzIGRlc2Nvbm9jZW46CsK/RGUgdmVyZGFkIHF1aWVyZW4gbG9zIGhhYml0YW50ZXMgZGUgTWFyb2xsIHF1ZSBnYXN0ZW4gdGFudG8gZGluZXJvIGVuIHBvZGVyIG1pbGl0YXI/CllhIGhlbW9zIHN1ZnJpZG8gYmFzdGFudGUgY29uIGxhcyBndWVycmFzLgpDcmVvIHF1ZSBsYXMgYXJtYXMgbm8gc29uIGxhIG1lam9yIG1hbmVyYSBkZSB0cmFlciBwcm9zcGVyaWRhZCBhIHVuYSBuYWNpw7NuLg==
tCgtBw,,W1ByaW5jZSBDcm9peF0KSSBkbyBub3Qgd2lzaCB0byBzaGVkIGJsb29kLCBidXQgSSBoYXZlIG5vIGNob2ljZSBidXQgdG8gZmlnaHQgZm9yIHRoZSBwb3NzaWJpbGl0eSBvZiBwZWFjZSBhbmQgZm9yIHRoZSBzYWtlIG9mIG15IHBlb3BsZS4=,,,,,Q2F2YWxlaXJvIGRlIENyb2l4,,W1Byw61uY2lwZSBDcm9peF0KTm8gcXVpZXJvIGRlcnJhbWFyIHNhbmdyZSwgcGVybyBubyB0ZW5nbyBtw6FzIHJlbWVkaW8gcXVlIGx1Y2hhciBwb3IgbGEgcG9zaWJpbGlkYWQgZGUgdHJhZXIgbGEgcGF6IHkgcG9yIGVsIGJpZW4gZGUgbWkgcHVlYmxvLg==
tSgtBw,,UHJpbmNlIENyb2l4J3MgQWlkZQ==,,,,,W0NhdmFsZWlybyBkZSBDcm9peF0KTyBEZXNmaWxhZGVpcm8gZGUgVGllcnJhIGNvbnNpc3RlIGRlIGR1YXMgZW5jb3N0YXMgdmVydGljYWlzLCBlIHRlbSBhcm1hesOpbnMgZGUgY29taWRhIHBhcmEgb3MgRXjDqXJjaXRvcyBkZSBHdWlsbGF1bWUgZSBkZSBDcm9peCBhIG5vcm9lc3RlIGUgYSBzdWRvZXN0ZS4=,,UHJpbmNlIENyb2l4J3MgQWlkZQ==
tigtBw,,R2VuZXJhbCBHdWlsbGF1bWU=,,,,,W0NhdmFsZWlybyBkZSBDcm9peF0KQSBiYXRhbGhhIGNvbWXDp2Egbm8gbmF2aW8gZG8gc2V1IGV4w6lyY2l0bywgZSBvIG9iamV0aXZvIMOpIGF2YW7Dp2FyIGUgZGVzdHJ1aXIgb3MgYXJtYXrDqW5zIGRlIGNvbWlkYSBkbyBzZXUgaW5pbWlnbyBhbnRlcyBxdWUgZWxlIGRlc3RydWEgb3Mgc2V1cy4=,,R2VuZXJhbCBHdWlsbGF1bWU=
tygtBw,,W0dlbmVyYWwgR3VpbGxhdW1lXQpIb3QtYmxvb2RlZCBhZHZlbnR1cmVyLCB3ZSBuZWVkIHlvdXIgYWJpbGl0eSB0byB3aW4gdGhpcyBiYXR0bGUu,,,,,W0NhdmFsZWlybyBkZSBDcm9peF0KTyBjdXJhbmRlaXJvIGRvIGNhbXBvIGRlIGJhdGFsaGEgaXLDoSByZXNzdXNjaXRhciBzb2xkYWRvcyBhIGNhZGEgMjUgc2VndW5kb3MsIHBhcmEgcXVlIHZvbHRlbSDDoCBiYXRhbGhhLgpPIGV4w6lyY2l0byBxdWUgY2FwdHVyYXIgYSBiYW5kZWlyYSBuZXV0cmEgbm8gY2VudHJvIGRvIGNhbXBvIGRlIGJhdGFsaGEgc2Vyw6EgcmVjb21wZW5zYWRvIGNvbSBwb250b3MgZGUgcmVnZW5lcmHDp8OjbyBleHRyYSwgb3Ugc2VqYSwgZWxlIHRlcsOhIG1haXMgc29sZGFkb3MgcmVzc3VzY2l0YWRvcywgbyBxdWUgc2Vyw6EgdW1hIHZhbnRhZ2VtLg==,,W0dlbmVyYWwgR3VpbGxhdW1lXQpUcm90YW11bmRvcyBkZSBzYW5ncmUgYXJkaWVudGUsIG5lY2VzaXRhbW9zIHR1IGhhYmlsaWRhZCBwYXJhIGdhbmFyIGVzdGEgYmF0YWxsYS4=
uCgtBw,,VGVsbCBtZSBhYm91dCBQcmluY2UgQ3JvaXg=,,,,,W0NhdmFsZWlybyBkZSBDcm9peF0KT3MgZG9pcyBkZXDDs3NpdG9zIHPDo28gY29uZWN0YWRvcyBlbnRyZSBzaSBwb3IgY2FtaW5ob3MgY3VydG9zIGUgZXN0cmVpdG9zLCBtYXMgb3MgcG9ydMO1ZXMgc8OjbyBibG9xdWVhZG9zIGNvbSBiYXJyaWNhZGFzLgpQZW5zZSBlIG1leGEtc2UgbyBtYWlzIHLDoXBpZG8gcXVlIHB1ZGVyLiBBIHZpdMOzcmlhIGRvIHNldSBleMOpcmNpdG8gZGVwZW5kZSBkYSBzdWEgY29udHJpYnVpw6fDo28u,,Q3XDqW50YW1lIHNvYnJlIGVsIFByw61uY2lwZSBDcm9peC4=
uSgtBw,,W0dlbmVyYWwgR3VpbGxhdW1lXQpPdXIgZ3JlYXQga2luZywgTWFyY2VsIE1hcm9sbG8gVklJLCBpcyB2ZXJ5IHNpY2sgbGF0ZWx5LgpIaXMgTWFqZXN0eSBoYXMgZGVjbGFyZWQgdGhhdCBoZSBoYXMgY2hvc2VuIGVpdGhlciBtZSBvciBQcmluY2UgQ3JvaXggYXMgdGhlIG5leHQga2luZyBhbW9uZ3N0IGhpcyA5IHNvbnMu,,,,,W0NhdmFsZWlybyBkZSBDcm9peF0KUG9yIGZhdm9yLCBsZW1icmUtc2U6IHF1YW5kbyB2b2PDqiBlbnRyYXIgbmEgYmF0YWxoYSwgcmVjZWJlcsOhIHVtIHNpbmFsIHF1ZSBpbmRpY2EgbyBwZXLDrW9kbyBubyBxdWFsIHZvY8OqIG7Do28gcG9kZSBwYXJ0aWNpcGFyIGRvIG1lc21vIHRpcG8gZGUgYmF0YWxoYS4KVm9jw6ogcG9kZSB2ZXJpZmljYXIgYSBkdXJhw6fDo28gcHJlc3Npb25hbmRvIEFsdCtVLg==,,W0dlbmVyYWwgR3VpbGxhdW1lXQpOdWVzdHJvIGdyYW4gcmV5LCBNYXJjZWwgTWFyb2xsb1ZJSSwgaGEgZXN0YWRvIG11eSBlbmZlcm1vIMO6bHRpbWFtZW50ZS4KU3UgTWFqZXN0YWQgZGVjbGFyw7MgcXVlIG1lIGVsaWdpw7MgYSBtw60gbyBhbCBQcsOtbmNpcGUgQ3JvaXggY29tbyBlbCBwcsOzeGltbyByZXkgZW50cmUgc3VzIDloaWpvcy4=
uigtBw,,W0dlbmVyYWwgR3VpbGxhdW1lXQpUd28ga2luZ3MgY2FuJ3Qgc2hhcmUgYSBuYXRpb24hIE9ubHkgdGhlIG9uZSB2aWN0b3Jpb3VzIGZyb20gSGlzIE1hamVzdHkncyBhcHBvaW50ZWQgYmF0dGxlIHdpbGwgYmUgZW50aHJvbmVkLg==,,,,,W0NhdmFsZWlybyBkZSBDcm9peF0KRXN0w6EgcHJvbnRvIHBhcmEgYSBiYXRhbGhhPyBFbnTDo28gYWxpc3RlLXNlIGNvbSBvIHJlY3J1dGFkb3IgYW8gbWV1IGxhZG8h,,W0dlbmVyYWwgR3VpbGxhdW1lXQrCoURvcyByZXllcyBubyBwdWVkZW4gY29tcGFydGlyIHVuYSBuYWNpw7NuISBTb2xvIHF1aWVuIHNhbGdhIHZpY3Rvcmlvc28gZGUgbGEgYmF0YWxsYSBkZXNpZ25hZGEgcG9yIFN1IE1hamVzdGFkIGxsZWdhcsOhIGFsIHRyb25vLg==
uygtBw,,W0dlbmVyYWwgR3VpbGxhdW1lXQpUaGlzIGlzLCBob3dldmVyLCBub3QganVzdCBhIGJhdHRsZSBiZXR3ZWVuIHVzLiBUaGlzIGJhdHRsZSB3aWxsIGRldGVybWluZSB0aGUgZnV0dXJlIG9mIHRoaXMgY291bnRyeS4KSSBwbGVkZ2Ugb24gbXkgaG9ub3IgdG8gcHJvdmUgdGhhdCBJJ20gdGhlIG9uZSB3aG8gY2FuIHByb3RlY3QgdGhpcyBNYXJvbGwgZnJvbSBvdXRzaWRlIHRocmVhdHMu,,,,,W0NhdmFsZWlybyBkZSBDcm9peF0KTyBvYmpldGl2byBkYSBCYXRhbGhhIGRlIEZsYXZpdXMgw6kgbWFyY2FyIDIgcG9udG9zIGFudGVzIGRvIHNldSBpbmltaWdvLCBkZXN0cnVpbmRvIHNldXMgY3Jpc3RhaXMu,,W0dlbmVyYWwgR3VpbGxhdW1lXQpTaW4gZW1iYXJnbywgbm8gc2UgdHJhdGEgc29sbyBkZSB1bmEgYmF0YWxsYSBlbnRyZSBub3NvdHJvcy4gRXN0YSBiYXRhbGxhIGRldGVybWluYXLDoSBlbCBmdXR1cm8gZGUgZXN0YSBuYWNpw7NuLgpNZSBjb21wcm9tZXRvIHBvciBtaSBob25vciBhIGRlbW9zdHJhciBxdWUgc295IHF1aWVuIHB1ZWRlIHByb3RlZ2VyIGEgTWFyb2xsIGRlIGxhcyBhbWVuYXphcyBkZWwgZXh0ZXJpb3Iu
vCgtBw,,W0dlbmVyYWwgR3VpbGxhdW1lXQpJJ2xsIGJlIHRoZSBvbmUgd2hvIHdpbGwgY2FwdHVyZSB0aGUgZmxhZyE=,,,,,W0NhdmFsZWlybyBkZSBDcm9peF0KT3MgY3Jpc3RhaXMgZGUgYW1ib3Mgb3MgZXjDqXJjaXRvcyBzw6NvIHByb3RlZ2lkb3MgcG9yIGJhcnJpY2FkYXMgZXNwZWNpYWlzIHF1ZSBuw6NvIHBvZGVtIHNlciBkZXN0cnXDrWRhcyBwb3IgYXRhcXVlcyBkaXJldG9zLg==,,W0dlbmVyYWwgR3VpbGxhdW1lXQrCoVNlcsOpIHlvIHF1aWVuIGNhcHR1cmUgbGEgYmFuZGVyYSE=
vSgtBw,,W0dlbmVyYWwgR3VpbGxhdW1lXQpUaGUgNXRoIFByaW5jZSBDcm9peCBpcyBjdXJyZW50bHkgdGl0bGVkIGFzIHRoZSBQcmltZSBNaW5pc3RlciBvZiBNYXJvbGwuCkhlIHRoaW5rcyBhbGwgbmF0aW9uYWwgbWF0dGVycyBvZiBhIG5hdGlvbiBjYW4gYmUgZGlzY3Vzc2VkIGFuZCBkZXRlcm1pbmVkIG9uIGEgZGVzaywKYW5kIGJlbGlldmVzIGluIHBlYWNlZnVsIGNvLWV4aXN0ZW5jZSB3aXRoIG90aGVyIGNvdW50cmllcy4=,,,,,W0NhdmFsZWlybyBkZSBDcm9peF0KTWFzIGVsYXMgcG9kZW0gc2VyIHJlbW92aWRhcyBzZSB2b2PDqiBkZXN0cnVpciBvcyBHdWFyZGnDtWVzIHF1ZSBwcm90ZWdlbSBhIGJhc2UgZG8gZXjDqXJjaXRvIGluaW1pZ28u,,W0dlbmVyYWwgR3VpbGxhdW1lXQpFbCBxdWludG8gUHLDrW5jaXBlIENyb2l4IG9jdXBhIGFjdHVhbG1lbnRlIGVsIGNhcmdvIGRlIFByaW1lciBNaW5pc3RybyBkZSBNYXJvbGwuCsOJbCBjcmVlIHF1ZSB0b2RvcyBsb3MgYXN1bnRvcyBuYWNpb25hbGVzIGRlIHVuYSBuYWNpw7NuIHB1ZWRlbiBkaXNjdXRpcnNlIHkgZGVjaWRpcnNlIGRldHLDoXMgZGUgdW4gZXNjcml0b3JpbywKeSB0YW1iacOpbiBjcmVlIGVuIGxhIGNvZXhpc3RlbmNpYSBwYWPDrWZpY2EgY29uIG90cm9zIHBhw61zZXMu
vigtBw,,W0dlbmVyYWwgR3VpbGxhdW1lXQpIZSdzIHRvbyBpZ25vcmFudCB0byBhZG1pdCB0aGF0IHNvLWNhbGxlZCBwZWFjZSBpcyBidWlsdCBvbiBjb3VudGxlc3MgbGl2ZXMgdGhhdCBhcmUgc2FjcmlmaWNlZCBpbiB3YXJzIHdoaWxlIG5vcm1hbCBjaXRpemVucyBhbmQgdXBwZXIgY2xhc3NlcyBjYW4gbGl2ZSwgb2JsaXZpb3VzIHRvIHRoZSBob3Jyb3JzIHRoYXQgYWxsb3cgdGhlbSB0byBsaXZlIHRoYXQgd2F5Lg==,,,,,W0NhdmFsZWlybyBkZSBDcm9peF0KT3MgY3Jpc3RhaXMgc8OjbyBpbXVuZXMgYSBxdWFscXVlciB0aXBvIGRlIGhhYmlsaWRhZGU7IGF0YXF1ZXMgZsOtc2ljb3Mgc8OjbyBhIMO6bmljYSBlc2NvbGhhIHBhcmEgZGVzdHJ1aXIgb3MgY3Jpc3RhaXMgZG8gaW5pbWlnby4=,,W0dlbmVyYWwgR3VpbGxhdW1lXQpFcyBkZW1hc2lhZG8gaWdub3JhbnRlIHBhcmEgYWRtaXRpciBxdWUgbGEgc3VwdWVzdGEgcGF6IHNlIGNvbnN0cnV5ZSBjb24gZWwgc2FjcmlmaWNpbyBkZSBpbm51bWVyYWJsZXMgdmlkYXMgZW4gbGFzIGd1ZXJyYXMgbWllbnRyYXMgbG9zIGNpdWRhZGFub3Mgbm9ybWFsZXMgeSBsYXMgY2xhc2VzIGFsdGFzIHB1ZWRlbiB2aXZpciB0cmFucXVpbG9zLCBhamVub3MgYSBsb3MgaG9ycm9yZXMgcXVlIGxlcyBwZXJtaXRlbiBsbGV2YXIgZXNlIGVzdGlsbyBkZSB2aWRhLg==
vygtBw,,W0dlbmVyYWwgR3VpbGxhdW1lXQpIZSdzIHRvbyBuYWl2ZSB0byB1bmRlcnN0YW5kIHRoZSByZWFsaXR5Li4uLgpJIGNhbid0IGxlYXZlIE1hcm9sbCB0byBzb21lb25lIGxpa2UgaGltIHdobyBsaXZlcyBpbiBhIGRyZWFtIQ==,,,,,VHJhbnNwb3J0YWRvcmE=,,W0dlbmVyYWwgR3VpbGxhdW1lXQpFcyBkZW1hc2lhZG8gaW5nZW51byBwYXJhIGVudGVuZGVyIGxhIHJlYWxpZGFk4oCmCsKhTm8gcHVlZG8gZGVqYXIgTWFyb2xsIGVuIG1hbm9zIGRlIGFsZ3VpZW4gcXVlIHZpdmUgZW4gdW4gbXVuZG8gZGUgZmFudGFzw61hIQ==
wCgtBw,,W0dlbmVyYWwgR3VpbGxhdW1lXQpIaXMgdW5yZWFsaXN0aWMgYmVsaWVmcyB3aWxsIGRyb3duIHRoaXMgY291bnRyeSBpbiBwb3ZlcnR5IGFuZCBtYWtlIHRoZSBwZW9wbGUgd2Vhay4gSWYgaGUgYmVjb21lcyB0aGUga2luZywgTWFyb2xsIHdpbGwgbmV2ZXIgcmVzdCBmcm9tIHRoZSBvbnNsYXVnaHRzIG9mIG90aGVyIGNvdW50cmllcy4KSSB3YW50IHRvIHRlYWNoIGhpbSB3aGF0IG1ha2VzIHRoaXMgc21hbGwgY291bnRyeSBzbyBwb3dlcmZ1bCBhbmQgcHJvc3Blcm91cy4gSXQncyBtaWxpdGFyeSBwb3dlciE=,,,,,W1RyYW5zcG9ydGFkb3JhXQpRdWVyIGRlaXhhciBvIGNhbXBvIGRlIGJhdGFsaGE/IFVzZSBtZXUgc2VydmnDp28gcGFyYSB2b2x0YXIgw6AgY2lkYWRlLg==,,W0dlbmVyYWwgR3VpbGxhdW1lXQpTdXMgY3JlZW5jaWFzIHBvY28gcmVhbGlzdGFzIHN1bWlyw6FuIGEgZXN0ZSBwYcOtcyBlbiBsYSBwb2JyZXphIHkgZGViaWxpdGFyw6FuIGEgbGEgcG9ibGFjacOzbi4gU2kgc2UgY29udmllcnRlIGVuIHJleSwgTWFyb2xsIG51bmNhIGRlc2NhbnNhcsOhIGRlIGxhcyBhcnJlbWV0aWRhcyBkZSBvdHJvcyBwYcOtc2VzLgpRdWllcm8gZW5zZcOxYXJsZSBsbyBxdWUgaGFjZSBxdWUgZXN0ZSBwZXF1ZcOxbyBwYcOtcyBzZWEgdGFuIHBvZGVyb3NvIHkgcHLDs3NwZXJvLiDCoUVzIGVsIHBvZGVyw61vIG1pbGl0YXIh
wSgtBw,,R2VuZXJhbCBHdWlsbGF1bWUncyBBaWRl,,,,,SXIgRW1ib3Jh,,R2VuZXJhbCBHdWlsbGF1bWUncyBBaWRl
wigtBw,,R3VpbGxhdW1lIEtuaWdodA==,,,,,TsOjbyBJciBFbWJvcmE=,,R3VpbGxhdW1lIEtuaWdodA==
wygtBw,,W0d1aWxsYXVtZSBLbmlnaHRdClRpZXJyYSBHb3JnZSBjb25zaXN0cyBvZiB0d28gc3RlZXAgc2lkZXMgcGxhY2VkIHZlcnRpY2FsbHksIGFuZCBoYXMgcmF0aW9uIGRlcG90cyBmb3IgdGhlIEd1aWxsYXVtZSBhbmQgQ3JvaXggQXJtaWVzIGF0IHRoZSAxMSBhbmQgNyBvJ2Nsb2NrIGRpcmVjdGlvbnMu,,,,,W1RyYW5zcG9ydGFkb3JhXQpWb3UgbWFuZGFyIHZvY8OqIGRlIHZvbHRhIHBhcmEgUHJvbnRlcmEu,,W0NhYmFsbGVybyBkZSBHdWlsbGF1bWVdCkVsIENhw7HDs24gVGllcnJhIGNvbnN0YSBkZSBkb3MgbGFkb3MgZW1waW5hZG9zIHF1ZSBzZSBhbHphbiB2ZXJ0aWNhbG1lbnRlIHkgY3VlbnRhIGNvbiBkZXDDs3NpdG9zIGRlIHJhY2lvbmVzIHBhcmEgbG9zIGVqw6lyY2l0b3MgZGUgR3VpbGxhdW1lIHkgZGUgQ3JvaXggZW4gbGFzIGRpcmVjY2lvbmVzIGRlIGxhcyAxMSB5IGxhcyA3IGVuIHB1bnRvLg==
xCgtBw,,W0d1aWxsYXVtZSBLbmlnaHRdClRoZSBiYXR0bGUgc3RhcnRzIGF0IHlvdXIgYXJteSdzIHNoaXAsIGFuZCB0aGUgZ29hbCBpcyB0byBhZHZhbmNlIGFuZCBkZXN0cm95IHlvdXIgZW5lbXkncyByYXRpb25zIGRlcG90IGZhc3RlciB0aGFuIHRoZXkgY2FuIGRlc3Ryb3kgeW91cnMu,,,,,W1RyYW5zcG9ydGFkb3JhXQpWb3UgbWFuZGFyIHZvY8OqIGRlIHZvbHRhIHBhcmEgTW9ycm9jLg==,,W0NhYmFsbGVybyBkZSBHdWlsbGF1bWVdCkxhIGJhdGFsbGEgY29taWVuemEgZW4gZWwgYmFyY28gZGUgdHUgZWrDqXJjaXRvLCB5IGVsIG9iamV0aXZvIGVzIGF2YW56YXIgeSBkZXN0cnVpciBlbCBkZXDDs3NpdG8gZGUgcmFjaW9uZXMgYW50ZXMgZGUgcXVlIHR1IGVuZW1pZ28gbG8gaGFnYS4=
xSgtBw,,W0d1aWxsYXVtZSBLbmlnaHRdClRoZSBoZWFsZXIgb2YgdGhlIGJhdHRsZWZpZWxkIHdpbGwgcmVzdXJyZWN0IHNvbGRpZXJzIG9uY2UgZXZlcnkgMjUgc2Vjb25kcyBzbyB0aGF0IHRoZXkgY2FuIHJlam9pbiB0aGUgYmF0dGxlLgpUaGUgYXJteSB0aGF0IGNhcHR1cmVzIHRoZSBuZXV0cmFsIGZsYWcgaW4gdGhlIGNlbnRlciBvZiB0aGUgYmF0dGxlZmllbGQgd2lsbCBiZSByZXdhcmRlZCB3aXRoIGV4dHJhIHJlZ2VuZXJhdGlvbiBwb2ludHMsIG1lYW5pbmcgdGhlaXIgc29sZGllcnMgd2lsbCByZXN1cnJlY3QgbW9yZSB0aGFuIHRoZSBvdGhlciBzaWRlLCBnaXZpbmcgdGhlbSBhbiBhZHZhbnRhZ2Uu,,,,,W1RyYW5zcG9ydGFkb3JhXQpWb3UgbWFuZGFyIHZvY8OqIGRlIHZvbHRhIHBhcmEgQWwgZGUgQmFyYW4u,,W0NhYmFsbGVybyBkZSBHdWlsbGF1bWVdCkVsIHNhbmFkb3IgZGVsIGNhbXBvIGRlIGJhdGFsbGEgcmVzdWNpdGFyw6EgYSBsb3Mgc29sZGFkb3MgdW5hIHZleiBjYWRhIDI1c2VndW5kb3MgcGFyYSBxdWUgcHVlZGFuIHJlaW5jb3Jwb3JhcnNlIGEgbGEgYmF0YWxsYS4KRWwgZWrDqXJjaXRvIHF1ZSBjYXB0dXJlIGxhIGJhbmRlcmEgbmV1dHJhbCBlbiBlbCBjZW50cm8gZGVsIGNhbXBvIGRlIGJhdGFsbGEgc2Vyw6EgcmVjb21wZW5zYWRvIGNvbiBwdW50b3MgZGUgcmVnZW5lcmFjacOzbiBhZGljaW9uYWxlcywgbG8gcXVlIHNpZ25pZmljYSBxdWUgc3VzIHNvbGRhZG9zIHJlc3VjaXRhcsOhbiBtw6FzIHF1ZSBsb3MgZGVsIG90cm8gYmFuZG8geSB0ZW5kcsOhbiB2ZW50YWphLg==
xigtBw,,W0d1aWxsYXVtZSBLbmlnaHRdClRob3NlIHR3byByYXRpb25zIGRlcG90cyBhcmUgY29ubmVjdGVkIHRvIGVhY2ggb3RoZXIgdGhyb3VnaCBzaG9ydCBhbmQgbmFycm93IHBhdGhzLCBidXQgdGhlIGdhdGVzIGFyZSBibG9ja2VkIHdpdGggYmFycmljYWRlcy4KVGhpbmsgYW5kIG1vdmUgYXMgcXVpY2tseSBhcyB5b3UgY2FuLiBUaGUgdmljdG9yeSBvZiB5b3VyIGFybXkgcmVsaWVzIG9uIHlvdXIgY29udHJpYnV0aW9uLg==,,,,,W1RyYW5zcG9ydGFkb3JhXQpWb3UgbWFuZGFyIHZvY8OqIGRlIHZvbHRhIHBhcmEgR2VmZmVuLg==,,W0NhYmFsbGVybyBkZSBHdWlsbGF1bWVdCkVzb3MgZG9zIGRlcMOzc2l0b3MgZGUgcmFjaW9uZXMgZXN0w6FuIGNvbmVjdGFkb3MgZW50cmUgc8OtIHBvciBjYW1pbm9zIGNvcnRvcyB5IGVzdHJlY2hvcywgcGVybyBsYXMgcHVlcnRhcyBlc3TDoW4gYmxvcXVlYWRhcyBjb24gYmFycmljYWRhcy4KUGllbnNhIHkgbXXDqXZldGUgdGFuIHLDoXBpZG8gY29tbyBwdWVkYXMuIExhIHZpY3RvcmlhIGRlIHR1IGVqw6lyY2l0byBkZXBlbmRlIGRlIHR1IGNvbnRyaWJ1Y2nDs24u
xygtBw,,W0d1aWxsYXVtZSBLbmlnaHRdClBsZWFzZSByZW1lbWJlcjogd2hlbiB5b3Ugam9pbiBhIGJhdHRsZSwgeW91IHdpbGwgcmVjZWl2ZSBhIHRva2VuIHdoaWNoIGluZGljYXRlcyB0aGUgc2V0IGR1cmF0aW9uIGZvciB3aGljaCB5b3UgY2Fubm90IHBhcnRpY2lwYXRlIGluIHRoZSBzYW1lIHR5cGUgb2YgYmF0dGxlLgpZb3UgbWF5IGNoZWNrIHRoZSBkdXJhdGlvbiBieSBwcmVzc2luZyB0aGUgQWx0K1Uga2V5cy4=,,,,,W1RyYW5zcG9ydGFkb3JhXQpWb3UgbWFuZGFyIHZvY8OqIGRlIHZvbHRhIHBhcmEgUGF5b24u,,W0NhYmFsbGVybyBkZSBHdWlsbGF1bWVdClJlY3VlcmRhOiBDdWFuZG8gdGUgdW5hcyBhIHVuYSBiYXRhbGxhLCByZWNpYmlyw6FzIHVuYSBmaWNoYSBxdWUgaW5kaWNhIHBvciBjdcOhbnRvIHRpZW1wbyBubyBwb2Ryw6FzIHBhcnRpY2lwYXIgZW4gZWwgbWlzbW8gdGlwbyBkZSBiYXRhbGxhLgpQYXJhIHJldmlzYXIgbGEgZHVyYWNpw7NuLCBwdWVkZXMgcHJlc2lvbmFyIGxhcyB0ZWNsYXMgQWx0K1Uu
yCgtBw,,W0d1aWxsYXVtZSBLbmlnaHRdCkFyZSB5b3UgcmVhZHkgdG8gYmF0dGxlPyBUaGVuIGFwcGx5IGJ5IGNsaWNraW5nIF4zMTMxRkZiYXR0bGUgYnV0dG9uIGZyb20gdGhlIGludGVyZmFjZV4wMDAwMDAh,,,,,W1RyYW5zcG9ydGFkb3JhXQpWb3UgbWFuZGFyIHZvY8OqIGRlIHZvbHRhIHBhcmEgTGlnaHRoYWx6ZW4u,,W0NhYmFsbGVybyBkZSBHdWlsbGF1bWVdCsK/UXVpZXJlcyBpciBhIGxhIGJhdGFsbGE/IMKhU29saWNpdGEgdW5pcnRlIGhhY2llbmRvIGNsaWMgZW4gZWwgXjk5MDAwMGJvdMOzbiBkZSBiYXRhbGxhIGRlIGxhIGludGVyZmF6XjAwMDAwMCE=
ySgtBw,,W0d1aWxsYXVtZSBLbmlnaHRdClBsZWFzZSBiZWFyIGluIG1pbmQgb25jZSB5b3UgY2FuY2VsLCBeMzEzMUZGcmVhcHBsaWNhdGlvbiBjYW5ub3QgYmUgbWFkZSBmb3IgMSBtaW51dGUuXjAwMDAwMCE=,,,,,W1RyYW5zcG9ydGFkb3JhXQpWb3UgbWFuZGFyIHZvY8OqIGRlIHZvbHRhIHBhcmEgUmFjaGVsLg==,,W0NhYmFsbGVybyBkZSBHdWlsbGF1bWVdCsKhVGVuIGVuIGN1ZW50YSBxdWUgdW5hIHZleiBxdWUgY2FuY2VsZXMsIF45OTAwMDBubyBwb2Ryw6FzIHZvbHZlciBhIHNvbGljaXRhciB1bmlydGUgZHVyYW50ZSAxbWludXRvXjAwMDAwMCE=
yigtBw,,W0d1aWxsYXVtZSBLbmlnaHRdClRoZSBvYmplY3RpdmUgb2YgdGhlIEZsYXZpdXMgQmF0dGxlIGlzIHRvIHNjb3JlIDIgcG9pbnRzIGJlZm9yZSB5b3VyIGVuZW15IGJ5IGRlc3Ryb3lpbmcgdGhlaXIgY3J5c3RhbC4=,,,,,W1RyYW5zcG9ydGFkb3JhXQpFc3RhcmVpIGFxdWkgc2Ugdm9jw6ogcHJlY2lzYXIgZGUgbWV1cyBzZXJ2acOnb3Mu,,W0NhYmFsbGVybyBkZSBHdWlsbGF1bWVdCkVsIG9iamV0aXZvIGRlIGxhIEJhdGFsbGEgRmxhdml1cyBlcyBkZXN0cnVpciBlbCBjcmlzdGFsIGRlIHR1IGVuZW1pZ28gcGFyYSBjb25zZWd1aXIgMnB1bnRvcyBhbnRlcyBxdWUgw6lsLg==
yygtBw,,W0d1aWxsYXVtZSBLbmlnaHRdClRoZSBjcnlzdGFscyBmb3IgYm90aCBhcm1pZXMgYXJlIHByb3RlY3RlZCBieSBzcGVjaWFsIGJhcnJpY2FkZXMgdGhhdCBjYW5ub3QgYmUgZGVzdHJveWVkIGJ5IGRpcmVjdCBhdHRhY2tzLg==,,,,,RW1pc3PDoXJpYSBkZSBNYXJvbGw=,,W0NhYmFsbGVybyBkZSBHdWlsbGF1bWVdCkxvcyBjcmlzdGFsZXMgZGUgYW1ib3MgZWrDqXJjaXRvcyBlc3TDoW4gcHJvdGVnaWRvcyBwb3IgYmFycmljYWRhcyBlc3BlY2lhbGVzIHF1ZSBubyBzZSBwdWVkZW4gZGVzdHJ1aXIgY29uIGF0YXF1ZXMgZGlyZWN0b3Mu
zCgtBw,,W0d1aWxsYXVtZSBLbmlnaHRdCkJ1dCB0aGV5IGNhbiBiZSByZW1vdmVkIGJ5IGRlc3Ryb3lpbmcgdGhlIEd1YXJkaWFucyB0aGF0IHByb3RlY3QgdGhlIGVuZW15IGFybXkgYmFzZS4=,,,,,W0VtaXNzw6FyaWEgZGUgTWFyb2xsXQpCb20gZGlhLCBhdmVudHVyZWlyby4KU291IHVtYSBhbWF6b25hIGRlIHVtIHBhw61zIGRpc3RhbnRlIGNoYW1hZG8gUmVpbm8gZGUgTWFyb2xsLg==,,W0NhYmFsbGVybyBkZSBHdWlsbGF1bWVdClBlcm8gcHVlZGVuIGVsaW1pbmFyc2UgZGVzdHJ1eWVuZG8gYSBsb3MgR3VhcmRpYW5lcyBxdWUgcHJvdGVnZW4gbGEgYmFzZSBtaWxpdGFyIGVuZW1pZ2Eu
zSgtBw,,W0d1aWxsYXVtZSBLbmlnaHRdClRoZSBjcnlzdGFscyBhcmUgaW1tdW5lIHRvIGV2ZXJ5IHR5cGUgb2Ygc2tpbGwsIHlvdXIgcGh5c2ljYWwgYXR0YWNrcyBhcmUgdGhlIG9ubHkgY2hvaWNlIGZvciBkZXN0cm95aW5nIHlvdXIgZW5lbXkncyBjcnlzdGFsLg==,,,,,W0VtaXNzw6FyaWEgZGUgTWFyb2xsXQpPcyBkb2lzIHByw61uY2lwZXMgZG8gcmVpbm8gZXN0w6NvIGJhdGFsaGFuZG8gcGVsbyB0cm9ubywgZSBwcmVjaXNhbSBkZSBzb2xkYWRvcyBleHBlcmllbnRlcyBjb21vIHZvY8OqLgpRdWVyIGNvbG9jYXIgc2V1IHBvZGVyIGEgc2VydmnDp28gZGUgdW0gZG9zIHByw61uY2lwZXMgZG8gUmVpbm8gZGUgTWFyb2xsPw==,,W0NhYmFsbGVybyBkZSBHdWlsbGF1bWVdCkxvcyBjcmlzdGFsZXMgc29uIGlubXVuZXMgYSB0b2RvIHRpcG8gZGUgaGFiaWxpZGFkLCB0dXMgYXRhcXVlcyBmw61zaWNvcyBzb24gbGEgw7puaWNhIG9wY2nDs24gcGFyYSBkZXN0cnVpciBlbCBjcmlzdGFsIGRlIHR1IGVuZW1pZ28u
zigtBw,,W0d1aWxsYXVtZSBLbmlnaHRdCklmIHlvdSBhcmUgcmVhZHksIHN0YXJ0IGJ5IGNsaWNraW5nIF4zMTMxRkZiYXR0bGUgYnV0dG9uIGZyb20gdGhlIGludGVyZmFjZV4wMDAwMDAh,,,,,UGFydGljaXBhcg==,,W0NhYmFsbGVybyBkZSBHdWlsbGF1bWVdCsKhUGFyYSB1bmlydGUsIGhheiBjbGljIGVuIGVsIF45OTAwMDBib3TDs24gZGUgYmF0YWxsYSBkZSBsYSBpbnRlcmZhel4wMDAwMDAh
zygtBw,,Q3JvaXggS25pZ2h0,,,,,TsOjbyBQYXJ0aWNpcGFy,,Q3JvaXggS25pZ2h0
0CgtBw,,W0Nyb2l4IEtuaWdodF0KVGllcnJhIEdvcmdlIGNvbnNpc3RzIG9mIHR3byBzdGVlcCBzaWRlcyBwbGFjZWQgdmVydGljYWxseSwgYW5kIGhhcyByYXRpb24gZGVwb3RzIGZvciB0aGUgR3VpbGxhdW1lIGFuZCBDcm9peCBBcm1pZXMgYXQgdGhlIDExIGFuZCA3IG8nY2xvY2sgZGlyZWN0aW9ucy4=,,,,,W0VtaXNzw6FyaWEgZGUgTWFyb2xsXQpRdWUgbyBkZXVzIGRhIGd1ZXJyYSBvIGFiZW7Dp29lLg==,,W0NhYmFsbGVybyBkZSBDcm9peF0KRWwgQ2HDscOzbiBUaWVycmEgY29uc3RhIGRlIGRvcyBsYWRvcyBlbXBpbmFkb3MgcXVlIHNlIGFsemFuIHZlcnRpY2FsbWVudGUgeSBjdWVudGEgY29uIGRlcMOzc2l0b3MgZGUgcmFjaW9uZXMgcGFyYSBsb3MgZWrDqXJjaXRvcyBkZSBHdWlsbGF1bWUgeSBkZSBDcm9peCBlbiBsYXMgZGlyZWNjaW9uZXMgZGUgbGFzIDExIHkgbGFzIDcgZW4gcHVudG8u
0SgtBw,,W0Nyb2l4IEtuaWdodF0KVGhlIGJhdHRsZSBzdGFydHMgYXQgeW91ciBhcm15J3Mgc2hpcCwgYW5kIHRoZSBnb2FsIGlzIHRvIGFkdmFuY2UgYW5kIGRlc3Ryb3kgeW91ciBlbmVteSdzIHJhdGlvbnMgZGVwb3QgZmFzdGVyIHRoYW4gdGhleSBjYW4gZGVzdHJveSB5b3Vycy4=,,,,,W0VtaXNzw6FyaWEgZGUgTWFyb2xsXQpTZW1wcmUgZXN0YXJlaSBhcXVpLCBlc3BlcmFuZG8gcG9yIG1haXMgc29sZGFkb3MuIEZpcXVlIMOgIHZvbnRhZGUgcGFyYSB2b2x0YXIsIHNlIHZvY8OqIHNlIGludGVyZXNzYXIu,,W0NhYmFsbGVybyBkZSBDcm9peF0KTGEgYmF0YWxsYSBjb21pZW56YSBlbiBlbCBiYXJjbyBkZSB0dSBlasOpcmNpdG8sIHkgZWwgb2JqZXRpdm8gZXMgYXZhbnphciB5IGRlc3RydWlyIGVsIGRlcMOzc2l0byBkZSByYWNpb25lcyBhbnRlcyBkZSBxdWUgdHUgZW5lbWlnbyBsbyBoYWdhLg==
0igtBw,,W0Nyb2l4IEtuaWdodF0KVGhlIGhlYWxlciBvZiB0aGUgYmF0dGxlZmllbGQgd2lsbCByZXN1cnJlY3Qgc29sZGllcnMgb25jZSBldmVyeSAyNSBzZWNvbmRzIHNvIHRoYXQgdGhleSBjYW4gcmVqb2luIHRoZSBiYXR0bGUuClRoZSBhcm15IHRoYXQgY2FwdHVyZXMgdGhlIG5ldXRyYWwgZmxhZyBpbiB0aGUgY2VudGVyIG9mIHRoZSBiYXR0bGVmaWVsZCB3aWxsIGJlIHJld2FyZGVkIHdpdGggZXh0cmEgcmVnZW5lcmF0aW9uIHBvaW50cywgbWVhbmluZyB0aGVpciBzb2xkaWVycyB3aWxsIHJlc3VycmVjdCBtb3JlIHRoYW4gdGhlIG90aGVyIHNpZGUsIGdpdmluZyB0aGVtIGFuIGFkdmFudGFnZS4=,,,,,RnVuY2lvbsOhcmlhIEthZnJh,,W0NhYmFsbGVybyBkZSBDcm9peF0KRWwgc2FuYWRvciBkZWwgY2FtcG8gZGUgYmF0YWxsYSByZXN1Y2l0YXLDoSBhIGxvcyBzb2xkYWRvcyB1bmEgdmV6IGNhZGEgMjVzZWd1bmRvcyBwYXJhIHF1ZSBwdWVkYW4gcmVpbmNvcnBvcmFyc2UgYSBsYSBiYXRhbGxhLgpFbCBlasOpcmNpdG8gcXVlIGNhcHR1cmUgbGEgYmFuZGVyYSBuZXV0cmFsIGVuIGVsIGNlbnRybyBkZWwgY2FtcG8gZGUgYmF0YWxsYSBzZXLDoSByZWNvbXBlbnNhZG8gY29uIHB1bnRvcyBkZSByZWdlbmVyYWNpw7NuIGFkaWNpb25hbGVzLCBsbyBxdWUgc2lnbmlmaWNhIHF1ZSBzdXMgc29sZGFkb3MgcmVzdWNpdGFyw6FuIG3DoXMgcXVlIGxvcyBkZWwgb3RybyBiYW5kbyB5IHRlbmRyw6FuIHZlbnRhamEu
0ygtBw,,W0Nyb2l4IEtuaWdodF0KVGhvc2UgdHdvIHJhdGlvbnMgZGVwb3RzIGFyZSBjb25uZWN0ZWQgdG8gZWFjaCBvdGhlciB0aHJvdWdoIHNob3J0IGFuZCBuYXJyb3cgcGF0aHMsIGJ1dCB0aGUgZ2F0ZXMgYXJlIGJsb2NrZWQgd2l0aCBiYXJyaWNhZGVzLgpUaGluayBhbmQgbW92ZSBhcyBxdWlja2x5IGFzIHlvdSBjYW4uIFRoZSB2aWN0b3J5IG9mIHlvdXIgYXJteSByZWxpZXMgb24geW91ciBjb250cmlidXRpb24u,,,,,W0Z1bmNpb27DoXJpYSBLYWZyYV0KU2V1cyBQb250b3MgZGUgUmVzZXJ2YSBFc3BlY2lhaXMKZXhjZWRlcmFtIG8gbcOheGltbwpwZXJtaXRpZG8uIFBvciBmYXZvciwgcmVzZ2F0ZQpvcyBwb250b3MgbmEgU2VkZSBkYSBDb3Jwb3Jhw6fDo28gS2FmcmEgZW0gQWwgRGUgQmFyYW4KYW50ZXMgZGUgdXNhciBvcyBTZXJ2acOnb3MgS2FmcmEu,,W0NhYmFsbGVybyBkZSBDcm9peF0KRXNvcyBkb3MgZGVww7NzaXRvcyBkZSByYWNpb25lcyBlc3TDoW4gY29uZWN0YWRvcyBlbnRyZSBzw60gcG9yIGNhbWlub3MgY29ydG9zIHkgZXN0cmVjaG9zLCBwZXJvIGxhcyBwdWVydGFzIGVzdMOhbiBibG9xdWVhZGFzIGNvbiBiYXJyaWNhZGFzLgpQaWVuc2EgeSBtdcOpdmV0ZSB0YW4gcsOhcGlkbyBjb21vIHB1ZWRhcy4gTGEgdmljdG9yaWEgZGUgdHUgZWrDqXJjaXRvIGRlcGVuZGUgZGUgdHUgY29udHJpYnVjacOzbi4=
1CgtBw,,W0Nyb2l4IEtuaWdodF0KVGhlIG9iamVjdGl2ZSBvZiB0aGUgRmxhdml1cyBCYXR0bGUgaXMgdG8gc2NvcmUgMiBwb2ludHMgYmVmb3JlIHlvdXIgZW5lbXkgYnkgZGVzdHJveWluZyB0aGVpciBjcnlzdGFsLg==,,,,,W0Z1bmNpb27DoXJpYSBLYWZyYV0KQmVtLXZpbmRvIMOgIApDb3Jwb3Jhw6fDo28gS2FmcmEuCk9zIFNlcnZpw6dvcyBLYWZyYQplc3TDo28gc2VtcHJlIGFvIHNldSBsYWRvLgpDb21vIHBvc3NvIGFqdWTDoS1sbz8=,,W0NhYmFsbGVybyBkZSBDcm9peF0KRWwgb2JqZXRpdm8gZGUgbGEgQmF0YWxsYSBGbGF2aXVzIGVzIGRlc3RydWlyIGVsIGNyaXN0YWwgZGUgdHUgZW5lbWlnbyBwYXJhIGNvbnNlZ3VpciAycHVudG9zIGFudGVzIHF1ZSDDqWwu
1SgtBw,,W0Nyb2l4IEtuaWdodF0KVGhlIGNyeXN0YWxzIGZvciBib3RoIGFybWllcyBhcmUgcHJvdGVjdGVkIGJ5IHNwZWNpYWwgYmFycmljYWRlcyB0aGF0IGNhbm5vdCBiZSBkZXN0cm95ZWQgYnkgZGlyZWN0IGF0dGFja3Mu,,,,,VXNhciBBcm1hesOpbQ==,,W0NhYmFsbGVybyBkZSBDcm9peF0KTG9zIGNyaXN0YWxlcyBkZSBhbWJvcyBlasOpcmNpdG9zIGVzdMOhbiBwcm90ZWdpZG9zIHBvciBiYXJyaWNhZGFzIGVzcGVjaWFsZXMgcXVlIG5vIHNlIHB1ZWRlbiBkZXN0cnVpciBjb24gYXRhcXVlcyBkaXJlY3Rvcy4=
1igtBw,,W0Nyb2l4IEtuaWdodF0KQnV0IHRoZXkgY2FuIGJlIHJlbW92ZWQgYnkgZGVzdHJveWluZyB0aGUgR3VhcmRpYW5zIHRoYXQgcHJvdGVjdCB0aGUgZW5lbXkgYXJteSBiYXNlLg==,,,,,QWx1Z2FyIHVtIENhcnJpbmhv,,W0NhYmFsbGVybyBkZSBDcm9peF0KUGVybyBwdWVkZW4gZWxpbWluYXJzZSBkZXN0cnV5ZW5kbyBhIGxvcyBHdWFyZGlhbmVzIHF1ZSBwcm90ZWdlbiBsYSBiYXNlIG1pbGl0YXIgZW5lbWlnYS4=
1ygtBw,,W0Nyb2l4IEtuaWdodF0KVGhlIGNyeXN0YWxzIGFyZSBpbW11bmUgdG8gZXZlcnkgdHlwZSBvZiBza2lsbCwgeW91ciBwaHlzaWNhbCBhdHRhY2tzIGFyZSB0aGUgb25seSBjaG9pY2UgZm9yIGRlc3Ryb3lpbmcgeW91ciBlbmVteSdzIGNyeXN0YWwu,,,,,Q2FuY2VsYXI=,,W0NhYmFsbGVybyBkZSBDcm9peF0KTG9zIGNyaXN0YWxlcyBzb24gaW5tdW5lcyBhIHRvZG8gdGlwbyBkZSBoYWJpbGlkYWQsIHR1cyBhdGFxdWVzIGbDrXNpY29zIHNvbiBsYSDDum5pY2Egb3BjacOzbiBwYXJhIGRlc3RydWlyIGVsIGNyaXN0YWwgZGUgdHUgZW5lbWlnby4=
2CgtBw,,W0Nyb2l4IEtuaWdodF0KSWYgeW91IGFyZSByZWFkeSwgc3RhcnQgYnkgY2xpY2tpbmcgXjMxMzFGRmJhdHRsZSBidXR0b24gZnJvbSB0aGUgaW50ZXJmYWNlXjAwMDAwMCE=,,,,,W0Z1bmNpb27DoXJpYSBLYWZyYV0KRXUgc2ludG8gbXVpdG8uClZvY8OqIHByZWNpc2EgZGUgcGVsbyBtZW5vcwpOw612ZWwgZGUgQ2xhc3NlIDYgY29tbyBBcHJlbmRpegpvdSBJbnN0aW50b3MgQsOhc2ljb3MgTsOtdmVsIDEgZGUgSW52b2NhZG9yCnBhcmEgdXRpbGl6YXIgbyBBcm1hesOpbS4=,,W0NhYmFsbGVybyBkZSBDcm9peF0KwqFQYXJhIHVuaXJ0ZSwgaGF6IGNsaWMgZW4gZWwgXjk5MDAwMGJvdMOzbiBkZSBiYXRhbGxhIGRlIGxhIGludGVyZmF6XjAwMDAwMCE=
2SgtBw,,W0Nyb2l4IEtuaWdodF0KUGxlYXNlIGJlYXIgaW4gbWluZCBvbmNlIHlvdSBjYW5jZWwsIF4zMTMxRkZyZWFwcGxpY2F0aW9uIGNhbm5vdCBiZSBtYWRlIGZvciAxIG1pbnV0ZS5eMDAwMDAwIQ==,,,,,W0thZnJhIFN0YWZmXQpPYnJpZ2FkYSBwb3IgdXRpbGl6YXIKb3MgU2VydmnDp29zIEthZnJhLg==,,W0NhYmFsbGVybyBkZSBDcm9peF0KwqFUZW4gZW4gY3VlbnRhIHF1ZSB1bmEgdmV6IHF1ZSBjYW5jZWxlcywgXjk5MDAwMG5vIHBvZHLDoXMgdm9sdmVyIGEgc29saWNpdGFyIHVuaXJ0ZSBkdXJhbnRlIDFtaW51dG9eMDAwMDAwIQ==
2igtBw,,VGVsZXBvcnRlcg==,,,,,W0thZnJhIFN0YWZmXQpEZXNjdWxwZSwgbWFzIHZvY8OqIG7Do28KcG9zc3VpIHplbnlzIHN1ZmljaWVudGVzIHBhcmEgdXNhcgpvIFNlcnZpw6dvIGRlIEFybWF6ZW5hbWVudG8uIE5vc3NhCnRheGEgZGUgYXJtYXplbmFtZW50byDDqSBkZSA0MCB6ZW55cy4=,,VGVsZXBvcnRlcg==
2ygtBw,,W1RlbGVwb3J0ZXJdCkRvIHlvdSB3aXNoIHRvIGxlYXZlIHRoZSBiYXR0bGVmaWVsZD8gVXNlIG15IHNlcnZpY2UgdG8gcmV0dXJuIHRvIHRvd24u,,,,,W0Z1bmNpb27DoXJpYSBLYWZyYV0KRGVzY3VscGUsIG1hcyBvCnNlcnZpw6dvIGRlIGFsdWd1ZWwgZG8gQ2FycmluaG8KZXN0w6EgZGlzcG9uw612ZWwgYXBlbmFzIHBhcmEgTWVyY2Fkb3JlcywKRmVycmVpcm9zLCBBbHF1aW1pc3RhcywgTWVzdHJlcwpGZXJyZWlyb3MgZSBCaW9xdcOtbWljb3Mu,,W1RlbGV0cmFuc3BvcnRhZG9yXQrCv1F1aWVyZXMgYWJhbmRvbmFyIGVsIGNhbXBvIGRlIGJhdGFsbGE/IFVzYXIgbWkgc2VydmljaW8gcGFyYSB2b2x2ZXIgYSBsYSBjaXVkYWQu
3CgtBw,,TGVhdmU=,,,,,W0Z1bmNpb27DoXJpYSBLYWZyYV0KVm9jw6ogasOhIAp0ZW0gdW0gQ2FycmluaG8uIApJbmZlbGl6bWVudGUsIG7Do28gcG9kZW1vcwphbHVnYXIgbWFpcyBkZSB1bQpwYXJhIGNhZGEgY2xpZW50ZSBhbyBtZXNtbyB0ZW1wby4=,,QWJhbmRvbmFyLg==
3SgtBw,,RG9uJ3QgTGVhdmU=,,,,,W0Z1bmNpb27DoXJpYSBLYWZyYV0KVm9jw6ogcHJlY2lzYSBhcHJlbmRlciBhIGhhYmlsaWRhZGUgJ1VzYXIgQ2FycmluaG8nIHBhcmEgZXN0ZSBzZXJ2acOnby4=,,Tm8gYWJhbmRvbmFyLg==
3igtBw,,W1RlbGVwb3J0ZXJdCllvdSB3aWxsIGJlIHNlbnQgYmFjayB0byBQcm9udGVyYS4=,,,,,W0Z1bmNpb27DoXJpYSBLYWZyYV0KQSB0YXhhIMOpIGRlIDgwMCB6ZW55cy4gVm9jw6ogCmRlc2VqYSBhbHVnYXIgdW0gQ2FycmluaG8/,,W1RlbGV0cmFuc3BvcnRhZG9yXQpUZSBlbnZpYXLDoW4gZGUgdnVlbHRhIGEgUHJvbnRlcmEu
3ygtBw,,W1RlbGVwb3J0ZXJdCllvdSB3aWxsIGJlIHNlbnQgYmFjayB0byBNb3JvY2Mu,,,,,W0Z1bmNpb27DoXJpYSBLYWZyYV0KU2ludG8gbXVpdG8sIG1hcyB2b2PDqiAKbsOjbyB0ZW0KemVueXMgc3VmaWNpZW50ZXMgcGFyYSBwYWdhcgphIHRheGEgZGUgYWx1Z3VlbCBkZSA4MDAgemVueXMu,,W1RlbGV0cmFuc3BvcnRhZG9yXQpUZSBlbnZpYXLDoW4gZGUgdnVlbHRhIGEgTW9ycm9jLg==
4CgtBw,,W1RlbGVwb3J0ZXJdCllvdSB3aWxsIGJlIHNlbnQgYmFjayB0byBBbGRlYmFyYW4u,,,,,W0Z1bmNpb27DoXJpYSBLYWZyYV0KTsOzcywgZGEgQ29ycG9yYcOnw6NvIEthZnJhLApmYXplbW9zIG8gbWVsaG9yIHBhcmEgcXVlIHZvY8OqIHBvc3NhIHJlY2ViZXIgdW0gc2VydmnDp28gZGUgbcOheGltYSBxdWFsaWRhZGUuIEVzcGVyYW1vcyBwb2RlciBhdGVuZGVyIMOgcyBzdWFzIG5lY2Vzc2lkYWRlcyBlIGV4aWfDqm5jaWFzLg==,,W1RlbGV0cmFuc3BvcnRhZG9yXQpUZSBlbnZpYXLDoW4gZGUgdnVlbHRhIGEgQWxkZWJhcmFuLg==
4SgtBw,,W1RlbGVwb3J0ZXJdCllvdSB3aWxsIGJlIHNlbnQgYmFjayB0byBHZWZmZW4u,,,,,,,W1RlbGV0cmFuc3BvcnRhZG9yXQpUZSBlbnZpYXLDoW4gZGUgdnVlbHRhIGEgR2VmZmVuLg==
4igtBw,,W1RlbGVwb3J0ZXJdCllvdSB3aWxsIGJlIHNlbnQgYmFjayB0byBQYXlvbi4=,,,,,,,W1RlbGV0cmFuc3BvcnRhZG9yXQpUZSBlbnZpYXLDoW4gZGUgdnVlbHRhIGEgUGF5b24u
4ygtBw,,W1RlbGVwb3J0ZXJdCllvdSB3aWxsIGJlIHNlbnQgYmFjayB0byBMaWdodGhhbHplbi4=,,,,,,,W1RlbGV0cmFuc3BvcnRhZG9yXQpUZSBlbnZpYXLDoW4gZGUgdnVlbHRhIGEgTGlnaHRoYWx6ZW4u
5CgtBw,,W1RlbGVwb3J0ZXJdCllvdSB3aWxsIGJlIHNlbnQgYmFjayB0byBSYWNoZWwu,,,,,,,W1RlbGV0cmFuc3BvcnRhZG9yXQpUZSBlbnZpYXLDoW4gZGUgdnVlbHRhIGEgUmFjaGVsLg==
5SgtBw,,W1RlbGVwb3J0ZXJdCkknbGwgYmUgaGVyZSB3aGVuZXZlciB5b3UncmUgaW4gbmVlZCBvZiBteSBzZXJ2aWNlLg==,,,,,,,W1RlbGV0cmFuc3BvcnRhZG9yXQpFc3RhcsOpIGFxdcOtIHNpZW1wcmUgcXVlIG5lY2VzaXRlcyBtaXMgc2VydmljaW9zLg==
5igtBw,,TWFyb2xsIEJhdHRsZSBSZWNydWl0ZXI=,,,,,,,TWFyb2xsIEJhdHRsZSBSZWNydWl0ZXI=
5ygtBw,,W01hcm9sbCBCYXR0bGUgUmVjcnVpdGVyXQpHb29kIGRheSwgYWR2ZW50dXJlci4KSSdtIGEga25pZ2h0IGZyb20gYSBmYXIgY291bnRyeSBjYWxsZWQgTWFyb2xsIEtpbmdkb20u,,,,,,,W1JlY2x1dGFkb3JhIGRlIE1hcm9sbF0KQnVlbm9zIGTDrWFzLCB0cm90YW11bmRvcy4KU295IHVuYSBjYWJhbGxlcmEgZGUgdW4gcGHDrXMgbGVqYW5vIGxsYW1hZG8gcmVpbm8gZGUgTWFyb2xsLg==
6CgtBw,,W01hcm9sbCBCYXR0bGUgUmVjcnVpdGVyXQpUaGUgdHdvIHByaW5jZXMgb2YgdGhlIGtpbmdkb20gYXJlIG5vdyBiYXR0bGluZyBmb3IgdGhlIHRocm9uZSBvZiBNYXJvbGwsIGFuZCBhcmUgaW4gbmVlZCBvZiBleHBlcmllbmNlZCBzb2xkaWVycyBsaWtlIHlvdS4KSG93IHdvdWxkIHlvdSBsaWtlIHRvIGxlbmQgeW91ciBwb3dlciB0byBvbmUgb2YgdGhlIHByaW5jZXMgaW4gdGhlIE1hcm9sbCBLaW5nZG9tPw==,,,,,,,W1JlY2x1dGFkb3JhIGRlIE1hcm9sbF0KTG9zIGRvcyBwcsOtbmNpcGVzIGRlbCByZWlubyBsdWNoYW4gYWhvcmEgcG9yIGVsIHRyb25vIGRlIE1hcm9sbCB5IG5lY2VzaXRhbiBzb2xkYWRvcyBleHBlcmltZW50YWRvcyBjb21vIHTDui4Kwr9UZSBndXN0YXLDrWEgcHJlc3RhciB0dSBwb2RlciBhIHVubyBkZSBsb3MgcHLDrW5jaXBlcyBkZWwgcmVpbm8gZGUgTWFyb2xsPw==
6SgtBw,,Sm9pbg==,,,,,,,VW5pcnNlLg==
6igtBw,,RG9uJ3QgSm9pbg==,,,,,,,Tm8gdW5pcnNlLg==
6ygtBw,,W01hcm9sbCBSZWNydWl0ZXJdCk1heSB0aGUgd2FyIGdvZCBibGVzcyB5b3Uu,,,,,,,W1JlY2x1dGFkb3JhIGRlIE1hcm9sbF0KUXVlIGVsIGRpb3MgZGUgbGEgZ3VlcnJhIHRlIGJlbmRpZ2Eu
7CgtBw,,W01hcm9sbCBCYXR0bGUgUmVjcnVpdGVyXQpJJ2xsIGFsd2F5cyBiZSBzdGF0aW9uZWQgaGVyZSBmb3IgbW9yZSBzb2xkaWVycy4gRmVlbCBmcmVlIHRvIGNvbWUgYmFjayB3aGVuZXZlciB5b3UncmUgaW50ZXJlc3RlZC4=,,,,,,,W1JlY2x1dGFkb3JhIGRlIE1hcm9sbF0KU2llbXByZSBlc3RhcsOpIGFxdcOtIHBhcmEgbcOhcyBzb2xkYWRvcy4gTm8gZHVkZXMgZW4gdm9sdmVyIGN1YW5kbyBxdWllcmFzLg==
7SgtBw,,W01hcm9sbCBCYXR0bGUgUmVjcnVpdGVyXQpNYXkgdGhlIHdhciBnb2QgYmxlc3MgeW91Lg==,,,,,,,W1JlY2x1dGFkb3JhIGRlIE1hcm9sbF0KUXVlIGVsIGRpb3MgZGUgbGEgZ3VlcnJhIHRlIGJlbmRpZ2Eu
7igtBw,,UmVwYWlybWFu,,,,,,,UmVwYWlybWFu
7ygtBw,,W1JlcGFpcm1hbl0KSGV5IHRyYXZlbGVyIQpEbyB5b3Ugd2FudCBtZQp0byByZXBhaXIgYW55IGl0ZW1zPwpZb3UgY2FuIGNvdW50IG9uIG1lCmZvciBpdGVtIHJlcGFpcnMh,,,,,,,W1JlcGFyYWRvcl0KwqFIb2xhLCB2aWFqYW50ZSEKwr9RdWllcmVzIHF1ZQpyZXBhcmUgYWxnw7puIG9iamV0bz8KwqFQdWVkZXMgY29udGFyIGNvbm1pZ28KcGFyYSByZXBhcmFyIGN1YWxxdWllciBvYmpldG8h
8CgtBw,,QWN0dWFsbHksIEkgZG8gaGF2ZSBzb21lIGl0ZW1zLi4u,,,,,,,U8OtLCB0ZW5nbyBhbGd1bm9zIG9iamV0b3PigKY=
8SgtBw,,Tm9uZSBhdCB0aGUgbW9tZW50Lg==,,,,,,,Tm8gdGVuZ28gbmluZ3VubyBwb3IgZWwgbW9tZW50by4=
8igtBw,,W1JlcGFpcm1hbl0KT2gsIHdvdy4gVGhpcyBpcyBpbmNyZWRpYmxlIQpZb3UgbXVzdCB0YWtlIHZlcnkgZ29vZCBjYXJlCm9mIHlvdXIgdGhpbmdzLiBOb3RoaW5nIGxvb2tzCmRhbWFnZWQgdG8gbWUh,,,,,,,W1JlcGFyYWRvcl0KT2gsIHZheWEuIMKhRXN0byBlcyBpbmNyZcOtYmxlIQpEZWJlcyBjdWlkYXIgbXVjaG8KdHVzIGNvc2FzLiDCoU5vIHZlbyBuYWRhCmRhw7FhZG8h
8ygtBw,,W1JlcGFpcm1hbl0KSWYgZXZlcnlvbmUgaXMgbGlrZSB5b3UsIEknbSBnb2luZyB0byBiZSB1bmVtcGxveWVkIHNvb24hIQpIYWhhaGFoYWhhfiE=,,,,,,,W1JlcGFyYWRvcl0KU2kgdG9kb3Mgc29uIGNvbW8gdMO6LCDCoW1lIHF1ZWRhcsOpIHNpbiB0cmFiYWpvIHByb250byEKwqFKYSwgamEsIGphLCBqYSE=
9CgtBw,,W1JlcGFpcm1hbl0KSG1tLi4uCkxldCdzIHNlZS4uLgpPdXQgb2YgYWxsIHlvdXIgaXRlbXMsCnt9IGFyZSBkYW1hZ2VkLg==,,,,,,,W1JlcGFyYWRvcl0KTW1t4oCmClZlYW1vc+KApgpEZSB0b2RvcyB0dXMgYXJ0w61jdWxvcywKe30gZXN0w6FuIGRhw7FhZG9zLg==
9SgtBw,,W1JlcGFpcm1hbl0KTm93IGVhY2ggcmVwYWlyIGNvc3RzIDUwMDAgWmVueSwgc28gdG8gcmVwYWlyIGV2ZXJ5dGhpbmcgd291bGQgY29zdCB7fSBaZW55LiBXb3VsZCB5b3UgbGlrZSB0byByZXBhaXIgdGhlc2UgaXRlbXM/,,,,,,,W1JlcGFyYWRvcl0KQWhvcmEgY2FkYSByZXBhcmFjacOzbiBjdWVzdGEgNTAwMHplbnksIGFzw60gcXVlIHJlcGFyYXIgdG9kbyBjb3N0YXLDrWEge316ZW55LiDCv1RlIGd1c3RhcsOtYSByZXBhcmFyIGVzdG9zIGFydMOtY3Vsb3M/
9igtBw,,W1JlcGFpcm1hbl0KSG1tbS4uLgpZb3UgbmVlZCB0byBjaGVjawp5b3VyIHdhbGxldCBtb3JlCm9mdGVuLiBJIGNhbid0IHJlcGFpcgphbnl0aGluZyBpZiB5b3UgY2FuJ3QKcGF5IG1lIGZvciBteSBzZXJ2aWNlIQ==,,,,,,,W1JlcGFyYWRvcl0KTW1tbeKApgpEZWJlcyByZXZpc2FyCnR1IGJpbGxldGVyYQptw6FzIGEgbWVudWRvLiDCoU5vIHB1ZWRvIHJlcGFyYXIKbmFkYSBzaSBubyBwdWVkZXMKcGFnYXIgbWkgc2VydmljaW8h
9ygtBw,,W1JlcGFpcm1hbl0KT2shIEFsbCBkb25lLgpCZSBhIGxpdHRsZSBtb3JlIGNhcmVmdWwuCkl0ZW1zIGhhdmUgbGl2ZXMgdG9vIHlvdSBrbm93Li4=,,,,,,,W1JlcGFyYWRvcl0KwqFFc3TDoSBiaWVuISBUb2RvIGxpc3RvLgpUZW4gdW4gcG9jbyBtw6FzIGRlIGN1aWRhZG8uCkxvcyBvYmpldG9zIHRhbWJpw6luIHRpZW5lbiB2aWRhLCDCv3NhYmVzPw==
+CgtBw,,W1JlcGFpcm1hbl0KTW1tLi4uPwpTb21ldGhpbmcncyB3cm9uZy4KRXF1aXAgdGhlIGl0ZW1zIHlvdQpuZWVkIHJlcGFpcmVkIGFuZApjb21lIGJhY2su,,,,,,,W1JlcGFyYWRvcl0Kwr9NbW0uLi4/CkFsZ28gZXN0w6EgbWFsLgpFcXVpcGEgbG9zIG9iamV0b3MKcXVlIG5lY2VzaXRhcyByZXBhcmFyCnkgdnVlbHZlLg==
+SgtBw,,W1JlcGFpcm1hbl0KSG1tLi4uCkl0IGRvZXNuJ3QgbWF0dGVyIHRvIG1lLCBidXQgaXQncyBub3QgZ29vZCB0byBsZWF2ZSBpdGVtcyBkYW1hZ2VkLiBZb3Ugc2hvdWxkIGdldCB0aGVtIHJlcGFpcmVkIGFzIHNvb24gYXMgcG9zc2libGUh,,,,,,,W1JlcGFyYWRvcl0KTW1t4oCmCkEgbcOtIG5vIG1lIGltcG9ydGEsIHBlcm8gbm8gZXN0w6EgYmllbiBkZWphciBsb3Mgb2JqZXRvcyByb3Rvcy4gwqFEZWJlcyByZXBhcmFybG9zIGxvIGFudGVzIHBvc2libGUh
+igtBw,,W1JlcGFpcm1hbl0KSG9ob2hvLi4uCllvdSBkb24ndCBoYXZlIGFueQpidXNpbmVzcyB3aXRoIG1lCmlmIHlvdSd2ZSBubyBpdGVtcwp0aGF0IG5lZWQgcmVwYWlyLg==,,,,,,,W1JlcGFyYWRvcl0KSm8sIGpvLCBqbywgam/igKYKTm8gcG9kZW1vcyBoYWNlcgpuZWdvY2lvcwpzaSBubyB0aWVuZXMgb2JqZXRvcwpwYXJhIHJlcGFyYXIu
