gA7YBw,,Um9va2ll,,,,,THVraWU=,,Um9va2ll
gQ7YBw,,W1Jvb2tpZV0KRXJtLCB3ZSdyZSBzdGlsbCBpbnZlc3RpZ2F0aW5nIHRoaXMgc2lkZSwgQWR2ZW50dXJlci4KV2UgZG9uJ3Qga25vdyB3aGF0IGtpbmQgb2YgZGFuZ2VyIGx1cmtzIGhlcmUuIFNvIHBsZWFzZSBkb24ndCBjb21lIGFueSBjbG9zZXIu,,,,,W0x1a2llXQpFciwgYWluZGEgZXN0YW1vcyBpbnZlc3RpZ2FuZG8gZXN0ZSBsYWRvLCB2aWFqYW50ZS4KTsOjbyBzYWJlbW9zIHF1ZSB0aXBvcyBkZSBwZXJpZ28gZXNwcmVpdGFtIHBvciBhcXVpLiBFbnTDo28sIG7Do28gY2hlZ3VlIG1haXMgcGVydG8u,,W1ByaW5jaXBpYW50ZV0KRWhtLCB0b2RhdsOtYSBlc3RhbW9zIGludmVzdGlnYW5kbyBlc3RlIGxhZG8sIFRyb3RhbXVuZG9zLgpObyBzYWJlbW9zIHF1w6kgcGVsaWdyb3Mgbm9zIGVzcGVyYW4gYXF1w60uIEFzw60gcXVlLCBwb3IgZmF2b3IsIG5vIHRlIGFjZXJxdWVzIG3DoXMu
gg7YBw,,W1Jvb2tpZV0KVGhlIHdhdGVyIGluIHRoaXMgd2F0ZXJ3YXkgbG9va3MgY2xlYW4sIGJ1dCB3ZSB3YW50IHRvIHNlbmQgaXQgZm9yIGFuIGFuYWx5c2lzLg==,,,,,W0x1a2llXQpBIMOhZ3VhIGRlc3NlIGN1cnNvIGQnw6FndWEgcGFyZWNlIGxpbXBhLCBtYXMgcXVlcmVtb3MgZW52aWFyIHBhcmEgYW7DoWxpc2Uu,,W1ByaW5jaXBpYW50ZV0KRWwgYWd1YSBkZSBlc3RlIGNhdWNlIHBhcmVjZSBsaW1waWEsIHBlcm8gcXVlcmVtb3MgZW52aWFybGEgYSBhbmFsaXphci4=
gw7YBw,,W1Jvb2tpZV0KVGhpcyBwbGFjZSBpcyBmaWxsZWQgd2l0aCBzbyBtYW55IHVucGxlYXNhbnQgc3VycHJpc2VzIHRoYXQgSSdtIGNvbnN0YW50bHkgcmVtaW5kaW5nIG15c2VsZiB0byBiZSB3YXJ5IG9mIGV2ZXJ5dGhpbmcgSSBzZWUu,,,,,W0x1a2llXQpFc3RlIGx1Z2FyIGVzdMOhIHJlcGxldG8gZGUgc3VycHJlc2FzIGRlc2FncmFkw6F2ZWlzLCBkZSBtb2RvIHF1ZSBlc3RvdSBzZW1wcmUgbWUgbGVtYnJhbmRvIGRlIHRlciBjdWlkYWRvIGNvbSB0dWRvIG8gcXVlIHZlam8u,,W1ByaW5jaXBpYW50ZV0KRXN0ZSBsdWdhciB0aWVuZSB0YW50YXMgc29ycHJlc2FzIGRlc2FncmFkYWJsZXMgcXVlIG1lIHJlY3VlcmRvIGNvbnN0YW50ZW1lbnRlIHF1ZSBkZWJvIGRlc2NvbmZpYXIgZGUgdG9kbyBsbyBxdWUgdmVvLg==
hA7YBw,,W05vdGljZV0KLSBZb3VyIGJhZyBpcyBmdWxsLiBQbGVhc2UgY2hlY2sgeW91ciB3ZWlnaHQgYW5kIGNhcnJ5aW5nIGl0ZW0gcXVhbnRpdHksIGFuZCB0aGVuIHRhbGsgdG8gbWUgYWdhaW4uIC0=,,,,,W0F2aXNvXQotIFN1YSBib2xzYSBlc3TDoSBsb3RhZGEuIFZlcmlmaXF1ZSBvIHBlc28gZSBhIHF1YW50aWRhZGUgZGUgaXRlbnMgcXVlIHZvY8OqIGVzdMOhIGxldmFuZG8gZSBmYWxlIGNvbWlnbyBkZXBvaXMuIC0=,,W0F2aXNvXQotVHUgYm9sc2EgZXN0w6EgbGxlbmEuIFBvciBmYXZvciwgY29tcHJ1ZWJhIHR1IHBlc28geSBsYSBjYW50aWRhZCBkZSBhcnTDrWN1bG9zIHF1ZSBsbGV2YXMsIHkgbHVlZ28gdnVlbHZlIGEgaGFibGFyIGNvbm1pZ28uLQ==
hQ7YBw,,W1Jvb2tpZV0KQWgsIG1hbi4gSSB0aGluayB0aGlzIGlzIGl0LCBidXQgSSBjYW4ndCBvcGVuIGl0LiBJcyBpdCB0b28gcnVzdHkgb3Igd2hhdD8=,,,,,W0x1a2llXQpBaCwgY2FyYS4gQWNobyBxdWUgw6kgaXNzbywgbWFzIG7Do28gY29uc2lnbyBhYnJpci4gRXN0w6EgZW5mZXJydWphZG8gb3UgYWxnbyBhc3NpbT8=,,W1ByaW5jaXBpYW50ZV0KQWgsIHZheWEuIENyZW8gcXVlIGVzIGFxdcOtLCBwZXJvIG5vIHB1ZWRvIGFicmlybGEuIMK/RXN0w6EgbXV5IG94aWRhZG8gbyBxdcOpPw==
hg7YBw,,W0dvbmldCi4uLi4uLg==,,,,,W0dvbmldCi4uLi4uLg==,,W0dvbmldCuKApg==
hw7YBw,,W1Jvb2tpZV0KQWgsIHlvdSB3YW50IHRvIHRyeT8gVGhhbmsgeW91LCBHb25pLg==,,,,,W0x1a2llXQpBaCwgdm9jw6ogcXVlciB0ZW50YXI/IFZhbGV1LCBHb25pLg==,,W1ByaW5jaXBpYW50ZV0KQWgsIMK/cXVpZXJlcyBpbnRlbnRhcmxvPyBHcmFjaWFzLCBHb25pLg==
iA7YBw,,W0dvbmldCi4uLi4uLgouLi4uLi4uLi4uLi4=,,,,,W0dvbmldCi4uLi4uLgrCocKmwqHCpsKhwqbCocKm,,W0dvbmldCuKApgrigKY=
iQ7YBw,,W0dvbmldCi4uLi4uLgouLi4uLi4uLi4uLi4KLi4uLi4uLi4uLi4uLi4uLi4u,,,,,W0dvbmldCi4uLi4uLgrCocKmwqHCpsKhwqbCocKmCsKhwqbCocKmwqHCpsKhwqbCocKmwqHCpg==,,W0dvbmldCuKApgrigKYK4oCm
ig7YBw,,W1Jvb2tpZV0KR29uaSwgYXJlIHlvdSBzZXJpb3VzPyBPb2gsIEkgc2VlLiBJbnRlcmVzdGluZy4uLg==,,,,,W0x1a2llXQpHb25pLCBlc3TDoSBmYWxhbmRvIHPDqXJpbz8gQWgsIGVudGVuZG8uIEludGVyZXNzYW50ZS4uLg==,,W1ByaW5jaXBpYW50ZV0KR29uaSwgwr9oYWJsYXMgZW4gc2VyaW8/IFlhIHZlby4gSW50ZXJlc2FudGXigKY=
iw7YBw,,W0VsaXVtaW5hXQpXaHkgYXJlIHlvdSBsb29raW5nIGF0IG1lIGxpa2UgdGhhdD8gSSB0b2xkIHlvdSBub3RoaW5nIGJ1dCB0aGUgdHJ1dGguIFRoYXQgcmVhbGx5IGlzIHRoZSBlbnRyYW5jZS4KV2h5IHdvdWxkIEkgbGllIGluIGEgc2l0dWF0aW9uIGxpa2UgdGhhdD8gSSdtIG5vdCB0aGF0IHN0dXBpZCwgeW91IGtub3cu,,,,,W0VseXVtaW5hXQpQb3IgcXVlIHZvY8OqIGVzdMOhIG1lIG9saGFuZG8gZGVzc2UgamVpdG8/IEV1IHPDsyBkaXNzZSBhIHZlcmRhZGUuIEFxdWVsYSDDqSBtZXNtbyBhIGVudHJhZGEuClBvciBxdWUgZXUgbWVudGlyaWEgbnVtYSBzaXR1YcOnw6NvIGNvbW8gZXNzYT8gTsOjbyBzb3UgdMOjbyBpZGlvdGEu,,W0VsaXVtaW5hXQrCv1BvciBxdcOpIG1lIG1pcmFzIGFzw60/IE5vIHRlIGhlIGRpY2hvIG3DoXMgcXVlIGxhIHZlcmRhZC4gRXNhIGVzIHJlYWxtZW50ZSBsYSBlbnRyYWRhLgrCv1BvciBxdcOpIG1lbnRpcsOtYSBlbiB1bmEgc2l0dWFjacOzbiBhc8OtPyBObyBzb3kgdGFuIGVzdMO6cGlkYSwgwr95YT8u
jA7YBw,,W1Jvb2tpZV0KV2hvIHNheXMgeW91IGFyZT8gV2UndmUgZm91bmQgdGhlIGVudHJhbmNlLgpCdXQgaXQncyBsb2NrZWQgZnJvbSB0aGUgaW5zaWRlLiBFdmVuIEdvbmkgY291bGRuJ3Qgb3BlbiBpdCwgYW5kIGhlJ3MgdGhlIHN0cm9uZ2VzdCBvZiB1cyBhbGwuIFRoYXQncyB3aGF0IEkgZmluZCBpbnRlcmVzdGluZy4=,,,,,W0x1a2llXQpFIHF1ZW0gZGlzc2UgcXVlIHZvY8OqIMOpPyBFbmNvbnRyYW1vcyBhIGVudHJhZGEuCk1hcyBlc3TDoSB0cmFuY2FkYSBwb3IgZGVudHJvLiBOZW0gbyBHb25pIGNvbnNlZ3VpdSBhYnJpciwgZSBlbGUgw6kgbyBtYWlzIGZvcnRlIGVudHJlIG7Ds3MuIMOJIGlzc28gcXVlIGV1IGFjaG8gaW50ZXJlc3NhbnRlLg==,,W1ByaW5jaXBpYW50ZV0Kwr9RdWnDqW4gZGljZSBxdWUgbG8gZXJlcz8gRW5jb250cmFtb3MgbGEgZW50cmFkYS4KUGVybyBlc3TDoSBjZXJyYWRvIGRlc2RlIGFkZW50cm8uIE5pIHNpcXVpZXJhIEdvbmkgcHVkbyBhYnJpcmxhLCB5IMOpbCBlcyBlbCBtw6FzIGZ1ZXJ0ZSBkZSB0b2Rvcy4gRXNvIGVzIGxvIHF1ZSBtZSBwYXJlY2UgaW50ZXJlc2FudGUu
jQ7YBw,,W1Jvb2tpZV0KSSBzaG91bGQgaGF2ZSBjaGVja2VkIGlmIHlvdSB0YWxrZWQgdG8gdGhlIG90aGVycyBiZWZvcmUgeW91IHRhbGtlZCB0byB1cy4gTm93LCBpdCdzIHRvbyBsYXRlLgpZb3UncmUgbW9yZSBsb3lhbCB0aGFuIEkgdGhvdWdodC4gTm90IHN0dXBpZCwgZWl0aGVyLg==,,,,,W0x1a2llXQpFdSBkZXZlcmlhIHRlciB2ZXJpZmljYWRvIHNlIHZvY8OqIGNvbnZlcnNvdSBjb20gb3Mgb3V0cm9zIGFudGVzIGRlIGZhbGFyIGNvbSBhIGdlbnRlLiBBZ29yYSDDqSB0YXJkZSBkZW1haXMuClZvY8OqIMOpIG1haXMgbGVhbCBkbyBxdWUgZXUgaW1hZ2luZWkuIFRhbWLDqW0gbsOjbyBzb3UgaWRpb3RhLg==,,W1ByaW5jaXBpYW50ZV0KRGViZXLDrWEgaGFiZXIgY29tcHJvYmFkbyBzaSBoYWJsYXN0ZSBjb24gbG9zIGRlbcOhcyBhbnRlcyBkZSBoYWJsYXIgY29uIG5vc290cm9zLiBBaG9yYSBlcyBkZW1hc2lhZG8gdGFyZGUuCkVyZXMgbcOhcyBsZWFsIGRlIGxvIHF1ZSBwZW5zYWJhLiBUYW1wb2NvIGVyZXMgZXN0w7pwaWRhLg==
jg7YBw,,RWxpdW1pbmE6IC4uLkRvbid0IG1ha2UgZnVuIG9mIG1lISBBcnJnaCE=,,,,,RWx5dW1pbmE6IE7Do28gYnJpbnF1ZSBjb21pZ28hIEFycmdoIQ==,,RWxpdW1pbmE6IMKhTm8gdGUgYnVybGVzIGRlIG3DrSEgwqFHcnJyIQ==
jw7YBw,,W1Jvb2tpZV0KQWR2ZW50dXJlciwgdGhlIFJlYmVsbGlvbiB3aWxsIGtlZXAgdGhpcyBwbGFjZSBzdXJyb3VuZGVkIGFuZCBpbnZlc3RpZ2F0ZSB0aGUgcGVyaW1ldGVyLgpOb3cgdGhhdCB3ZSBrbm93IHdoYXQgdGhhdCBwbGFjZSBpcywgd2UgY2FuJ3QgbGVhdmUgaXQgYWxvbmUu,,,,,W0x1a2llXQpWaWFqYW50ZSwgUmViZWxpw6NvIHZhaSBtYW50ZXIgZXNzZSBsdWdhciBjZXJjYWRvIGUgaW52ZXN0aWdhciBvIHBlcsOtbWV0cm8uCkFnb3JhIHF1ZSBuw7NzIHNhYmVtb3MgcXVlIGx1Z2FyIMOpIGVzc2UsIG7Do28gcG9kZW1vcyBkZWl4YXIgcGFyYSBsw6Eu,,W1ByaW5jaXBpYW50ZV0KVHJvdGFtdW5kb3MsIFJlYmVsacOzbiBtYW50ZW5kcsOhIGVzdGUgbHVnYXIgcm9kZWFkbyBlIGludmVzdGlnYXLDoSBlbCBwZXLDrW1ldHJvLgpBaG9yYSBxdWUgc2FiZW1vcyBjdcOhbCBlcyBlc2UgbHVnYXIsIG5vIHBvZGVtb3MgZGVqYXJsbyBzb2xvLg==
kA7YBw,,W1Jvb2tpZV0KV2UgaGF2ZSBhIGxvbmcgbG92ZS1hbmQtaGF0ZSByZWxhdGlvbnNoaXAgd2l0aCBib3RoIHRoZSBnb3Zlcm5tZW50IGFuZCB0aGUgY29tcGFueS4gRXZlbiBpZiBJbGx1c2lvbiBpc24ndCByZWxhdGVkIHRvIGVpdGhlciBvZiB0aGVtLCB3ZSBtdXN0IHJldHJpZXZlIEJhcm11bmQncyBsZWdhY3kgZnJvbSBpdC4=,,,,,W0x1a2llXQpUZW1vcyB1bWEgbG9uZ2EgcmVsYcOnw6NvIGRlIGFtb3IgZSDDs2RpbyBjb20gbyBnb3Zlcm5vIGUgYSBjb21wYW5oaWEuIE1lc21vIHF1ZSBhIElsdXPDo28gbsOjbyBlc3RlamEgcmVsYWNpb25hZGEgYSBuZW5odW0gZGVsZXMsIHByZWNpc2Ftb3MgcmVjdXBlcmFyIG8gbGVnYWRvIGRlIFZhcm11bnQu,,W1ByaW5jaXBpYW50ZV0KVGVuZW1vcyB1bmEgbGFyZ2EgcmVsYWNpw7NuIGRlIGFtb3IgeSBvZGlvIHRhbnRvIGNvbiBlbCBnb2JpZXJubyBjb21vIGNvbiBsYSBlbXByZXNhLiBBdW5xdWUgSWx1c2nDs24gbm8gc2UgcmVsYWNpb25lIGNvbiBuaW5ndW5vIGRlIGVsbG9zLCBkZWJlbW9zIHJlY3VwZXJhciBzdSBsZWdhZG8gZGUgVmFybXVuZHQu
kQ7YBw,,W1Jvb2tpZV0KQnV0IGZvciBub3csIHdlIGNhbid0IGdldCBpbiBiZWNhdXNlIHRoZSBnYXRlIGlzIHNodXQuCkknbGwgbGV0IHlvdSBrbm93IGlmIHdlIGNvbWUgYWNyb3NzIG1vcmUgaW5mb3JtYXRpb24uIFVudGlsIHRoZW4sIHBsZWFzZSBnZXQgc29tZSByZXN0Lg==,,,,,W0x1a2llXQpNYXMsIHBvciBlbnF1YW50bywgbsOjbyBwb2RlbW9zIGVudHJhciBwb3JxdWUgbyBwb3J0w6NvIGVzdMOhIGZlY2hhZG8uCkV1IGF2aXNvIHF1YW5kbyBlbmNvbnRyYXJtb3MgbWFpcyBpbmZvcm1hw6fDtWVzLiBBdMOpIGzDoSwgZGVzY2Fuc2UsIHBvciBmYXZvci4=,,W1ByaW5jaXBpYW50ZV0KUGVybyBwb3IgYWhvcmEsIG5vIHBvZGVtb3MgZW50cmFyIHBvcnF1ZSBsYSBwdWVydGEgZXN0w6EgY2VycmFkYS4KVGUgYXZpc2Fyw6kgc2kgZW5jb250cmFtb3MgbcOhcyBpbmZvcm1hY2nDs24uIEhhc3RhIGVudG9uY2VzLCBxdWUgZGVzY2Fuc2VzLg==
kg7YBw,,W0VsZW5hIFZvbGtvdmFdCkFoLCByaWdodC4gRWxpdW1pbmEgd2lsbCBhbHNvIGJlIGtlcHQgaGVyZSBmb3IgYSB3aGlsZS4KSGUga25vd3MgSWxsdXNpb24gYmV0dGVyIHRoYW4gd2UgZG8uIFdlIGNhbid0IGFmZm9yZCB0byBsb3NlIGhpbS4=,,,,,W0VsZW5hIFZvbGtvdmFdCkFoLCBjZXJ0by4gRWx5dW1pbmEgdmFpIGZpY2FyIGFxdWkgcG9yIGVucXVhbnRvLgpFbGUgY29uaGVjZSBhIElsdXPDo28gbWVsaG9yIGRvIHF1ZSBhIGdlbnRlLiBOw6NvIHBvZGVtb3MgcGVyZMOqLWxvLg==,,W0VsZW5hIFZvbGtvdmFdCkFoLCBzw60uIEVsaXVtaW5hIHRhbWJpw6luIHNlIHF1ZWRhcsOhIGFxdcOtIHVuIHRpZW1wby4KQ29ub2NlIGEgSWx1c2nDs24gbWVqb3IgcXVlIG5vc290cm9zLiBObyBwb2RlbW9zIHBlcm1pdGlybm9zIHBlcmRlcmxvLg==
kw7YBw,,W0VsZW5hIFZvbGtvdmFdCldoaWxlIGhlJ3Mgd2l0aCB1cywgd2UnbGwgYWxzbyBzZWUgaWYgaGUgY2FuIG1vZGlmeSB0aGUgZGFtYWdlZCB3ZWFwb25zIGZvdW5kIGhlcmUgZm9yIHVzLg==,,,,,W0VsZW5hIFZvbGtvdmFdCkVucXVhbnRvIGVsZSBlc3TDoSBhcXVpIGNvbSBhIGdlbnRlLCB2YW1vcyB2ZXIgc2UgZWxlIHBvZGUgbW9kaWZpY2FyIGFzIGFybWFzIGRhbmlmaWNhZGFzIHF1ZSBlbmNvbnRyYW1vcyBhcXVpLg==,,W0VsZW5hIFZvbGtvdmFdCk1pZW50cmFzIGVzdMOpIGNvbiBub3NvdHJvcywgdGFtYmnDqW4gdmVyZW1vcyBzaSBwdWVkZSBtb2RpZmljYXIgbGFzIGFybWFzIGRhw7FhZGFzIHF1ZSB0ZW5lbW9zIGFxdcOt
lA7YBw,,W0VsZW5hIFZvbGtvdmFdCklmIHlvdSdyZSBpbnRlcmVzdGVkIGluIHRoYXQsIHlvdSBjYW4gYXNrIG15IHNtYXJ0IDxOQVZJPltzdWJvcmRpbmF0ZXNdPElORk8+c3BfY29yLDEwOCwxMzAsMCwxMDEsMDwvSU5GTz48L05BVkk+IGZvciBtb3JlIGRldGFpbHMu,,,,,W0VsZW5hIFZvbGtvdmFdClNlIHRpdmVyIGludGVyZXNzZSwgcG9kZSBwZWRpciBtYWlzIGRldGFsaGVzIHBhcmEgbWV1cyA8TkFWST5bc3Vib3JkaW5hZG9zXTxJTkZPPnNwX2NvciwxMDgsMTMwLDAsMTAxLDA8L0lORk8+PC9OQVZJPiBpbnRlbGlnZW50ZXMu,,W0VsZW5hIFZvbGtvdmFdClNpIHRlIGludGVyZXNhLCBwdWVkZXMgcHJlZ3VudGFyIGEgbWlzIGludGVsaWdlbnRlcyA8TkFWST5bc3Vib3JkaW5hZG9zXTxJTkZPPnNwX2NvciwxMDgsMTMwLDAsMTAxLDA8L0lORk8+PC9OQVZJPiBwYXJhIHNhYmVyIG3DoXMgZGV0YWxsZXMu
lQ7YBw,,W1Jvb2tpZV0KVGhlcmUgYXJlIHN0aWxsIG1hbnkgdGhpbmdzIHRvIGRvIGFyb3VuZCBoZXJlLiBJZiB5b3UncmUgbm90IGJ1c3ksIG1heWJlIHlvdSBjYW4gc3RheSBhbmQgaGVscCB1cy4KTm93LCBnb29kIGx1Y2ssIEFkdmVudHVyZXIhIFdlJ2xsIGNvbnRhY3QgeW91IGlmIHdlIGNvbWUgYWNyb3NzIG5ldyBpbmZvcm1hdGlvbiE=,,,,,W0x1a2llXQpBaW5kYSBow6EgbXVpdGFzIGNvaXNhcyBwYXJhIGZhemVyIHBvciBhcXVpLiBTZSB2b2PDqiBuw6NvIGVzdGl2ZXIgZmF6ZW5kbyBuYWRhLCB0YWx2ZXogcG9zc2EgZmljYXIgZSBub3MgYWp1ZGFyLgpCb2Egc29ydGUsIHZpYWphbnRlISBFbnRyYXJlbW9zIGVtIGNvbnRhdG8gY29tIHZvY8OqIHNlIGVuY29udHJhcm1vcyBub3ZhcyBpbmZvcm1hw6fDtWVzIQ==,,W1ByaW5jaXBpYW50ZV0KVG9kYXbDrWEgaGF5IG11Y2hvIHF1ZSBoYWNlciBwb3IgYXF1w60uIFNpIHRpZW5lcyB0aWVtcG8sIHF1aXrDoSBwdWVkYXMgcXVlZGFydGUgeSBheXVkYXJub3MuCsKhQnVlbmEgc3VlcnRlLCBUcm90YW11bmRvcyEgTm9zIGNvbXVuaWNhcmVtb3MgY29udGlnbyBzaSB0ZW5lbW9zIGluZm9ybWFjacOzbiBudWV2YS4=
lg7YBw,,W1Jvb2tpZV0KSSdsbCBsZXQgeW91IGtub3cgaWYgd2UgY29tZSBhY3Jvc3MgbW9yZSBpbmZvcm1hdGlvbi4gVW50aWwgdGhlbiwgcGxlYXNlIGdldCBzb21lIHJlc3QuCkFsc28sIEVsaXVtaW5hIHdpbGwgYmUga2VwdCBoZXJlIHdpdGggdXMgZm9yIHRoZSB0aW1lIGJlaW5nLg==,,,,,W0x1a2llXQpFdSBhdmlzbyBxdWFuZG8gZW5jb250cmFybW9zIG1haXMgaW5mb3JtYcOnw7Vlcy4gQXTDqSBsw6EsIGRlc2NhbnNlLCBwb3IgZmF2b3IuCkFsw6ltIGRpc3NvLCBFbHl1bWluYSBzZXLDoSBtYW50aWRvIGFxdWkgY29ub3NjbyBwb3IgZW5xdWFudG8u,,W1ByaW5jaXBpYW50ZV0KVGUgYXZpc2Fyw6kgc2kgZW5jb250cmFtb3MgbcOhcyBpbmZvcm1hY2nDs24uIEhhc3RhIGVudG9uY2VzLCBxdWUgZGVzY2Fuc2VzLgpBZGVtw6FzLCBFbGl1bWluYSBzZSBxdWVkYXLDoSBhcXXDrSBjb24gbm9zb3Ryb3MgcG9yIGVsIG1vbWVudG8u
lw7YBw,,W1Jvb2tpZV0KV2hpbGUgaGUncyB3aXRoIHVzLCB3ZSdsbCBhbHNvIHNlZSBpZiBoZSBjYW4gbW9kaWZ5IHRoZSBkYW1hZ2VkIHdlYXBvbnMgZm91bmQgaGVyZSBmb3IgdXMu,,,,,W0x1a2llXQpFbnF1YW50byBlbGUgZXN0w6EgYXF1aSBjb20gYSBnZW50ZSwgdmFtb3MgdmVyIHNlIGVsZSBwb2RlIG1vZGlmaWNhciBhcyBhcm1hcyBkYW5pZmljYWRhcyBxdWUgZW5jb250cmFtb3MgYXF1aS4=,,W1ByaW5jaXBpYW50ZV0KTWllbnRyYXMgZXN0w6kgY29uIG5vc290cm9zLCB0YW1iacOpbiB2ZXJlbW9zIHNpIHB1ZWRlIG1vZGlmaWNhciBsYXMgYXJtYXMgZGHDsWFkYXMgcXVlIHRlbmVtb3MgYXF1w60=
mA7YBw,,W1Jvb2tpZV0KSWYgeW91J3JlIGludGVyZXN0ZWQgaW4gdGhhdCwgeW91IHNob3VsZCBhc2sgQ2FwdGFpbiBWb2xrb3ZhJ3MgPE5BVkk+W3N1Ym9yZGluYXRlc108SU5GTz5zcF9jb3IsMTA4LDEzMCwwLDEwMSwwPC9JTkZPPjwvTkFWST4gZm9yIG1vcmUgZGV0YWlscy4=,,,,,W0x1a2llXQpTZSB0aXZlciBpbnRlcmVzc2Ugbmlzc28sIHBlcmd1bnRlIGFvcyA8TkFWST5bc3Vib3JkaW5hZG9zXTxJTkZPPnNwX2NvciwxMDgsMTMwLDAsMTAxLDA8L0lORk8+PC9OQVZJPiBkYSBDYXBpdMOjIFZvbGtvdmEgcGFyYSBvYnRlciBtYWlzIGRldGFsaGVzLg==,,W1ByaW5jaXBpYW50ZV0KU2kgZXNvIHRlIGludGVyZXNhLCBkZWJlcsOtYXMgcHJlZ3VudGFyIGEgbG9zIDxOQVZJPltzdWJvcmRpbmFkb3NdPElORk8+c3BfY29yLDEwOCwxMzAsMCwxMDEsMDwvSU5GTz48L05BVkk+IHBhcmEgc2FiZXIgbcOhcyBkZXRhbGxlcy4=
mQ7YBw,,XjRENERGRlRoaXMgcXVlc3QgcmVxdWlyZXMgYXQgbGVhc3QgTGV2ZWwgMTMwLl4wMDAwMDA=,,,,,XjMxMzFGRkVzdGEgbWlzc8OjbyByZXF1ZXIgcGVsbyBtZW5vcyBuw612ZWwgMTMwLl4wMDAwMDA=,,XjRENERGRkVzdGEgbWlzacOzbiByZXF1aWVyZSBhbCBtZW5vcyBuaXZlbCAxMzAuXjAwMDAwMA==
mg7YBw,,W1Jvb2tpZV0KQWgsIHlvdSBjYW1lIGF0IHRoZSByaWdodCB0aW1lLgpXZSB0b3JlIHRoZSBlbnRyeSBoZXJlIG9mZiBsYXN0IG5pZ2h0LiBBY2NvcmRpbmcgdG8gRWxpdW1pbmEsIGl0IHNlZW1zIGEgcmVwdWxzaXZlIGRldmljZSBvciBzb21ldGhpbmcgaW4gdGhlcmUgaXMgYnJva2VuLg==,,,,,W0x1a2llXQpBaCwgdm9jw6ogY2hlZ291IG5hIGhvcmEgY2VydGEuCkFycmFuY2Ftb3MgYSBlbnRyYWRhIGFxdWkgb250ZW0gw6Agbm9pdGUuIERlIGFjb3JkbyBjb20gRWx5dW1pbmEsIHBhcmVjZSBxdWUgdW0gZGlzcG9zaXRpdm8gcmVwdWxzb3Igb3UgYWxnbyBkbyBnw6puZXJvIGVzdMOhIHF1ZWJyYWRvLg==,,W1ByaW5jaXBpYW50ZV0KQWgsIGxsZWdhc3RlIGVuIGVsIG1vbWVudG8ganVzdG8uCkFub2NoZSBhcnJhbmNhbW9zIGxhIGVudHJhZGEgZGUgYXF1w60uIFNlZ8O6biBFbGl1bWluYSwgcGFyZWNlIHF1ZSB1biBkaXNwb3NpdGl2byBkZSByZXB1bHNpw7NuIG8gYWxnbyBhaMOtIGRlbnRybyBlc3TDoSByb3RvLg==
mw7YBw,,W1Jvb2tpZV0KSXQncyBzdXBwb3NlZCB0byBiZSBvbmUgb2YgdGhlIGRldmljZXMgdGhhdCBJbGx1c2lvbiBhbmQgSGVhcnQgSHVudGVycyB1c2VkIHRvIGJsb2NrIHRoZSBlbnRyeXdheSBmcm9tIHRoZSBpbnNpZGUuCkl0J3MgYSBnb29kIHRoaW5nIHdlIHdlcmUgYWJsZSB0byByZW1vdmUgaXQu,,,,,W0x1a2llXQpTdXDDtWUtc2UgcXVlIHNlamEgdW0gZG9zIGRpc3Bvc2l0aXZvcyBxdWUgb3MgQ2HDp2EtQ29yYcOnw7VlcyBkYSBJbHVzw6NvIHVzYXJhbSBwYXJhIGJsb3F1ZWFyIGEgZW50cmFkYSBwb3IgZGVudHJvLgpBaW5kYSBiZW0gcXVlIGNvbnNlZ3VpbW9zIHJlbW92w6otbG8u,,W1ByaW5jaXBpYW50ZV0KU2Ugc3Vwb25lIHF1ZSBlcyB1bm8gZGUgbG9zIGRpc3Bvc2l0aXZvcyBxdWUgSWx1c2nDs24geSBsb3MgQ2F6YWRvcmVzIGRlIGNvcmF6b25lcyB1c2FiYW4gcGFyYSBibG9xdWVhciBsYSBlbnRyYWRhIGRlc2RlIGFkZW50cm8uCk1lbm9zIG1hbCBxdWUgcHVkaW1vcyBxdWl0YXJsby4=
nA7YBw,,W1Jvb2tpZV0KU29tZSBvZiB0aGUgUmViZWxsaW9uIGFscmVhZHkgd2VudCBpbi4KSXQncyBmdWxsIG9mIG11dGF0ZWQgdGVzdCBzdWJqZWN0cyBpbnNpZGUgdGhlcmUuIEkgZ3Vlc3MgSWxsdXNpb24gd2FzIHZlcnkgZGV0ZXJtaW5lZC4=,,,,,W0x1a2llXQpBbGd1bnMgbWVtYnJvcyBkZSBSZWJlbGnDo28gasOhIGVudHJhcmFtLgpFc3TDoSBjaGVpbyBkZSBjb2JhaWFzIG11dGFudGVzIGzDoSBkZW50cm8uIEFjaG8gcXVlIGEgSWx1c8OjbyBlc3RhdmEgbXVpdG8gZGV0ZXJtaW5hZGEu,,W1ByaW5jaXBpYW50ZV0KQWxndW5vcyBkZSBsb3MgbWllbWJyb3MgZGUgUmViZWxpw7NuIHlhIGVudHJhcm9uLgpBZGVudHJvIGVzdMOhIGxsZW5vIGRlIHN1amV0b3MgZGUgcHJ1ZWJhIG11dGFkb3MuIFN1cG9uZ28gcXVlIElsdXNpw7NuIHRlbsOtYSB1bmEgZ3JhbiBjb252aWNjacOzbi4=
nQ7YBw,,W1Jvb2tpZV0KU3RpbGwsIG91ciBndXlzIHNob3VsZCd2ZSB0YWtlbiBjYXJlIG9mIHNvbWUgb2YgdGhlbSBieSBub3cuIFlvdSBjYW4gZ28gaW4gd2hlbmV2ZXIgeW91J3JlIHJlYWR5Lg==,,,,,W0x1a2llXQpNZXNtbyBhc3NpbSwgbm9zc28gcGVzc29hbCBqw6EgZGV2ZSB0ZXIgZGFkbyBjb250YSBkZSBhbGd1bnMgZGVsZXMuIFZvY8OqcyBwb2RlbSBlbnRyYXIgcXVhbmRvIGVzdGl2ZXJlbSBwcm9udG9zLg==,,W1ByaW5jaXBpYW50ZV0KQXVuIGFzw60sIGxvcyBudWVzdHJvcyB5YSBkZWJlcsOtYW4gaGFiZXJzZSBlbmNhcmdhZG8gZGUgYWxndW5vcyBkZSBlbGxvcy4gUHVlZGVzIGVudHJhciBjdWFuZG8gcXVpZXJhcy4=
ng7YBw,,W1Jvb2tpZV0KV2Ugd2VyZSB3b3JyaWVkIGFib3V0IHRoZSBtdXRhbnRzIGluc2lkZSwgc28gd2UgZGVjaWRlZCB0byBsZWF2ZSBpdCBjbG9zZWQgdW50aWwgeW91IGNhbWUu,,,,,W0x1a2llXQpFc3TDoXZhbW9zIHByZW9jdXBhZG9zIGNvbSBvcyBtdXRhbnRlcyBsw6EgZGVudHJvLCBwb3IgaXNzbyBkZWNpZGltb3MgZGVpeGFyIHR1ZG8gZmVjaGFkbyBhdMOpIHZvY8OqIGNoZWdhci4=,,W1ByaW5jaXBpYW50ZV0KTm9zIHByZW9jdXBhYmFuIGxvcyBtdXRhbnRlcyBxdWUgaGFiw61hIGRlbnRybywgYXPDrSBxdWUgbGEgZGVqYW1vcyBjZXJyYWRhIGhhc3RhIHF1ZSBsbGVnYXJhcy4=
nw7YBw,,W1Jvb2tpZV0KSSBmZWVsIGxpa2UgSSdtIG1vcmUgb2YgYSBnYXRla2VlcGVyIHRoZXNlIGRheXMuCkEgZ2F0ZWtlZXBlciBvbmx5IGZvciB5b3UuIEJ1dCB0aGF0J3MganVzdCBtZSwgcmlnaHQ/IEhhaCBoYWgu,,,,,W0x1a2llXQpTaW50byBxdWUgaG9qZSBlbSBkaWEgc291IG1haXMgdW0gcG9ydGVpcm8uClVtIHBvcnRlaXJvIHPDsyBwYXJhIHZvY8OqLiBNYXMgw6kgaW1wcmVzc8OjbyBtaW5oYSwgbsOjbyDDqT8gSGFoYS4=,,W1ByaW5jaXBpYW50ZV0Kw5psdGltYW1lbnRlIG1lIHNpZW50byBtw6FzIGNvbW8gdW4gZ3VhcmRpw6FuLgpVbiBndWFyZGnDoW4gc29sbyBwYXJhIHRpLiBQZXJvIGFzw60gc295LCDCv25vPyBKYSwgamEu
oA7YBw,,W1Jvb2tpZV0KSSdsbCBtYWtlIHN1cmUgeW91IGNhbiBnZXQgaW4gYW5kIG91dCBhbnl0aW1lIHlvdSB3YW50LCBzbyB0ZWxsIG1lIHdoZW5ldmVyLg==,,,,,W0x1a2llXQpWb3UgZ2FyYW50aXIgcXVlIHZvY8OqIHBvc3NhIGVudHJhciBlIHNhaXIgc2VtcHJlIHF1ZSBxdWlzZXIsIMOpIHPDsyBmYWxhciBjb21pZ28u,,W1ByaW5jaXBpYW50ZV0KTWUgYXNlZ3VyYXLDqSBkZSBxdWUgcHVlZGFzIGVudHJhciB5IHNhbGlyIGN1YW5kbyBxdWllcmFzLCBhc8OtIHF1ZSBhdsOtc2FtZSBjdWFuZG8gZGVzZWVzIGhhY2VybG8u
oQ7YBw,,W1Jvb2tpZV0KU2hhbGwgd2UgZ28sIHRoZW4/ClRvIHRoZSBncmFuZCBtYW5zaW9uIGxlZnQgYnkgdGhlIGdyZWF0IHNhZ2Uh,,,,,W0x1a2llXQpWYW1vcyBsw6EsIGVudMOjbz8KUGFyYSBhIGdyYW5kZSBtYW5zw6NvIGRlaXhhZGEgcGVsbyBncmFuZGUgc8OhYmlvIQ==,,W1ByaW5jaXBpYW50ZV0Kwr9Ob3MgdmFtb3M/CsKhQSBsYSBncmFuIG1hbnNpw7NuIHF1ZSBkZWrDsyBlbCBncmFuIHNhYmlvIQ==
og7YBw,,TGV0J3MgZ28h,,,,,VmFtb3MgbMOhIQ==,,wqFWYW1vcyE=
ow7YBw,,Tm90IG5vdy4=,,,,,QWdvcmEgbsOjby4=,,QWhvcmEgbm8u
pA7YBw,,W1Jvb2tpZV0KVGhlIGFkdmFuY2VkIHBhcnR5IGNsZWFuZWQgdXAgdGhlIGluc2lkZSwgYnV0IHdlIG9jY2FzaW9uYWxseSBzYXcgc29tZSB0aGluZ3MgdHJ5aW5nIHRvIGp1bXAgb3V0LCB3aGljaCBnYXZlIHVzIHNvbWUgdHJvdWJsZS4KRmlyc3QsIGxldCBtZSB0ZWxsIHlvdSBhYm91dCB0aGUgZW50cmFuY2Uu,,,,,W0x1a2llXQpPIGdydXBvIGF2YW7Dp2FkbyBsaW1wb3UgbyBpbnRlcmlvciwgbWFzIMOgcyB2ZXplcyB2w61hbW9zIGFsZ3VtYXMgY29pc2FzIHRlbnRhbmRvIHB1bGFyIHBhcmEgZm9yYSwgbyBxdWUgbm9zIGNhdXNvdSBhbGd1bnMgcHJvYmxlbWFzLgpQcmltZWlybywgZGVpeGUtbWUgZmFsYXIgc29icmUgYSBlbnRyYWRhLg==,,W1ByaW5jaXBpYW50ZV0KRWwgZ3J1cG8gZGUgYXZhbnphZGEgbGltcGnDsyBlbCBpbnRlcmlvciwgcGVybyB2aW1vcyBjb3NhcyBxdWUgaW50ZW50YWJhbiBzYWx0YXIgYWZ1ZXJhLCBsbyBxdWUgbm9zIGdlbmVyw7MgYWxndW5vcyBwcm9ibGVtYXMuClByaW1lcm8sIHRlIGNvbnRhcsOpIHNvYnJlIGxhIGVudHJhZGEu
pQ7YBw,,W1Jvb2tpZV0KVGhpcyBob2xlIHlvdSdsbCBnZXQgaW50by4uLiBXZSBjYWxsIGl0IHRoZSBlbnRyYW5jZSwgYnV0IGl0J3MgbW9yZSBvZiBhbiBleGl0LgpJdCdzIGEgc2V3ZXIgcGlwZS4KSWYgeW91IGZvbGxvdyB0aGlzIHNld2VyIHBpcGUsIHlvdSdsbCBhcnJpdmUgYXQgYSBnaWFudCBTZXdhZ2UgVHJlYXRtZW50IFBsYW50Lg==,,,,,W0x1a2llXQpFc3NlIGJ1cmFjbyBvbmRlIHZvY8OqIGVudHJhcsOhLi4uIE7Ds3MgbyBjaGFtYW1vcyBkZSBlbnRyYWRhLCBtYXMgw6kgbWFpcyB1bWEgc2HDrWRhLgrDiSB1bSBjYW5vIGRlIGVzZ290by4KU2Ugdm9jw6ogc2VndWlyIGVzc2UgY2FubyBkZSBlc2dvdG8sIGNoZWdhcsOhIGEgdW1hIHBsYW50YSBkZSB0cmF0YW1lbnRvIGRlIGVzZ290byBnaWdhbnRlLg==,,W1ByaW5jaXBpYW50ZV0KRXN0ZSBob3lvIGVuIGVsIHF1ZSB0ZSBtZXRlcsOhc+KApiBMbyBsbGFtYW1vcyBlbnRyYWRhLCBwZXJvIGVzIG3DoXMgYmllbiB1bmEgc2FsaWRhLgpFcyB1bmEgdHViZXLDrWEgZGUgYWxjYW50YXJpbGxhZG8uClNpIGxhIHNpZ3VlcywgbGxlZ2Fyw6FzIGEgdW5hIGdpZ2FudGVzY2EgcGxhbnRhIGRlIHRyYXRhbWllbnRvIGRlIGFndWFzIHJlc2lkdWFsZXMu
pg7YBw,,W1Jvb2tpZV0KUGFzdCB0aGUgU2V3YWdlIFRyZWF0bWVudCBQbGFudCBpcyB0aGUgTWFnaWMgUG93ZXIgUGxhbnQgb2YgTGFib3JhdG9yeSAxLgpJdCBzZWVtZWQgdG8gYmUgYSBodWdlIHBvd2VyIHBsYW50IHN1cHBseWluZyB0aGUgZW50aXJlIG1hbnNpb24u,,,,,W0x1a2llXQpEZXBvaXMgZGEgUGxhbnRhIGRlIFRyYXRhbWVudG8gZGUgRXNnb3RvIGVzdMOhIGEgVXNpbmEgTcOhZ2ljYSBkbyBMYWJvcmF0w7NyaW8gMS4KUGFyZWNpYSBzZXIgdW1hIGVub3JtZSB1c2luYSBkZSBlbmVyZ2lhIHF1ZSBhYmFzdGVjaWEgdG9kYSBhIG1hbnPDo28u,,W1ByaW5jaXBpYW50ZV0KRGVzcHXDqXMgZGUgbGEgUGxhbnRhIGRlIHRyYXRhbWllbnRvIGRlIGFndWFzIHJlc2lkdWFsZXMsIGVzdMOhIGxhIENlbnRyYWwgZWzDqWN0cmljYSBtw6FnaWNhIGRlbCBMYWJvcmF0b3JpbyAxLgpQYXJlY8OtYSBzZXIgdW5hIGVub3JtZSBjZW50cmFsIGVsw6ljdHJpY2EgcXVlIGFiYXN0ZWPDrWEgYSB0b2RhIGxhIG1hbnNpw7NuLg==
pw7YBw,,W1Jvb2tpZV0KVGhlcmUncyBhIGRvb3IgdG8gdGhlIG1hbnNpb24ncyBnYXJkZW4gaW4gdGhlIE1hZ2ljIFBvd2VyIFBsYW50LgpUaGUgbWFuc2lvbiBtYW5hZ2VycyBzaG91bGQgYmUgbmVhcmJ5LiBXZSBoYXZlIHRvIG1lZXQgdGhlbSBmaXJzdCBhbmQgZm9yZW1vc3Qu,,,,,W0x1a2llXQpIw6EgdW1hIHBvcnRhIHBhcmEgbyBqYXJkaW0gZGEgbWFuc8OjbyBuYSBVc2luYSBNw6FnaWNhLgpPcyBnZXN0b3JlcyBkYSBtYW5zw6NvIGRldmVtIGVzdGFyIHBvciBwZXJ0by4gVGVtb3MgcXVlIGVuY29udHLDoS1sb3MgYW50ZXMgZGUgbWFpcyBuYWRhLg==,,W1ByaW5jaXBpYW50ZV0KRW4gbGEgQ2VudHJhbCBlbMOpY3RyaWNhIG3DoWdpY2EsIGhheSB1bmEgcHVlcnRhIHF1ZSBjb25kdWNlIGFsIGphcmTDrW4gZGUgbGEgbWFuc2nDs24uCkxvcyBhZG1pbmlzdHJhZG9yZXMgZGUgbGEgbWFuc2nDs24gZGViZW4gZXN0YXIgY2VyY2EuIEFudGVzIHF1ZSBuYWRhLCBkZWJlbW9zIGVuY29udHJhcmxvcy4=
qA7YBw,,TWFuYWdlcnM/,,,,,R2VzdG9yZXM/,,wr9Mb3MgYWRtaW5pc3RyYWRvcmVzPw==
qQ7YBw,,W1Jvb2tpZV0KWW91J2xsIGtub3cgaXQgd2hlbiB5b3Ugc2VlIHRoZW0uIEl0IHNlZW1zIHRoZXkncmUgaGF2aW5nIHRyb3VibGUsIHRvbywgYmVjYXVzZSBvZiBJbGx1c2lvbiBpbnRydWRlcnMu,,,,,W0x1a2llXQpWb2PDqiBzYWJlcsOhIHF1YW5kbyBvcyB2aXIuIFBhcmVjZSBxdWUgZWxlcyB0YW1iw6ltIGVzdMOjbyB0ZW5kbyBwcm9ibGVtYXMgcG9yIGNhdXNhIGRvcyBpbnRydXNvcyBkYSBJbHVzw6NvLg==,,W1ByaW5jaXBpYW50ZV0KTG9zIHJlY29ub2NlcsOhcyBjdWFuZG8gbG9zIHZlYXMuIFBhcmVjZSBxdWUgdGFtYmnDqW4gdGllbmVuIHByb2JsZW1hcyBwb3IgY3VscGEgZGUgbG9zIGludHJ1c29zIGRlIElsdXNpw7NuLg==
qg7YBw,,W1Jvb2tpZV0KTWFueSBvdGhlciBhZHZlbnR1cmVycyB3ZW50IGluIGJlZm9yZSB1cy4KVGhlIFNld2FnZSBUcmVhdG1lbnQgUGxhbnQgaXMgcHJldHR5IGNvbXBsZXgsIHNvIHlvdSBtaWdodCBnZXQgbG9zdCBpZiB5b3UncmUgbm90IGNhcmVmdWwu,,,,,W0x1a2llXQpWw6FyaW9zIGdydXBvcyBkZSB2aWFqYW50ZXMgasOhIGVudHJhcmFtIGFudGVzIGRhIGdlbnRlLgpBIFBsYW50YSBkZSBUcmF0YW1lbnRvIGRlIEVzZ290byDDqSBiYXN0YW50ZSBjb21wbGV4YSwgZW50w6NvIHZvY8OqIHBvZGUgc2UgcGVyZGVyIHNlIG7Do28gdG9tYXIgY3VpZGFkby4=,,W1ByaW5jaXBpYW50ZV0KTXVjaG9zIG90cm9zIGF2ZW50dXJlcm9zIGVudHJhcm9uIGFudGVzIHF1ZSBub3NvdHJvcy4KTGEgUGxhbnRhIGRlIHRyYXRhbWllbnRvIGRlIGFndWFzIHJlc2lkdWFsZXMgZXMgYmFzdGFudGUgY29tcGxlamEsIGFzw60gcXVlIHBvZHLDrWFzIHBlcmRlcnRlIHNpIG5vIHRpZW5lcyBjdWlkYWRvLg==
qw7YBw,,W1Jvb2tpZV0KXjRENERGRklmIHRoZXJlJ3MgYSBzdHJhZ2dsZXIsIG1vdmUgd2l0aCB0aGVtXjAwMDAwMC4KU2FmZXR5IGNvbWVzIGZpcnN0LCBhdCBsZWFzdCB1bnRpbCB3ZSByZWdpc3RlciBhcyB0aGUgbWFuc2lvbidzIGd1ZXN0cy4=,,,,,W0x1a2llXQpeMzEzMUZGU2UgYWxndW1hIHBlc3NvYSBmaWNhciBwYXJhIHRyw6FzLCBhY29tcGFuaGUtYV4wMDAwMDAuCkEgc2VndXJhbsOnYSB2ZW0gZW0gcHJpbWVpcm8gbHVnYXIsIHBlbG8gbWVub3MgYXTDqSBub3MgcmVnaXN0cmFybW9zIGNvbW8gaMOzc3BlZGVzIGRhIG1hbnPDo28u,,W1ByaW5jaXBpYW50ZV0KXjRENERGRlNpIGFsZ3VpZW4gc2UgcXVlZGEgcmV6YWdhZG8sIGFjb21ww6HDsWVubG8uXjAwMDAwMC4KTGEgc2VndXJpZGFkIGVzIGxvIHByaW1lcm8sIGFsIG1lbm9zIGhhc3RhIHF1ZSBub3MgcmVnaXN0cmVtb3MgY29tbyBodcOpc3BlZGVzIGVuIGxhIG1hbnNpw7NuLg==
rA7YBw,,W1Jvb2tpZV0KTm93LCBwbGVhc2UgY29tZSB0aGlzIHdheS4=,,,,,W0x1a2llXQpBZ29yYSwgcG9yIGZhdm9yLCB2ZW5oYW0gcG9yIGFxdWku,,W1ByaW5jaXBpYW50ZV0KQWhvcmEsIHZlbiBwb3IgYXF1w60u
rQ7YBw,,W1Jvb2tpZV0KUGxlYXNlIGxldCBtZSBrbm93IGFueXRpbWUgd2hlbiB5b3UncmUgcmVhZHku,,,,,W0x1a2llXQpBdmlzZS1tZSBhIHF1YWxxdWVyIG1vbWVudG8gcXVhbmRvIGVzdGl2ZXIgY29tIHR1ZG8gcHJvbnRvLg==,,W1ByaW5jaXBpYW50ZV0KQXbDrXNhbWUgY3VhbmRvIHRlbmdhcyB0b2RvIGxpc3RvLg==
rg7YBw,,W1Jvb2tpZV0KR2V0IGludG8gdGhlIG1hbnNpb24gdGhyb3VnaCB0aGlzIHNld2VyIHBpcGUuCk91ciBndXlzIGhhdmUgdGFrZW4gY2FyZSBvZiB0aGUgdGhpbmdzIGluIHRoZXJlIGZvciB5b3Uu,,,,,W0x1a2llXQpFbnRyZSBuYSBtYW5zw6NvIHBvciBlc3RlIGNhbm8gZGUgZXNnb3RvLgpOb3Nzb3MgZnVuY2lvbsOhcmlvcyBjdWlkYXJhbSBkYXMgY29pc2FzIGzDoSBkZW50cm8gcGFyYSB2b2PDqi4=,,W1ByaW5jaXBpYW50ZV0KSW5ncmVzYSBhIGxhIG1hbnNpw7NuIHBvciBlc3RhIHR1YmVyw61hIGRlIGFsY2FudGFyaWxsYWRvLgpOdWVzdHJhIGdlbnRlIHlhIHNlIG9jdXDDsyBkZSBsbyBxdWUgZW5jb250cmFyw6FzIGFsbMOtLg==
rw7YBw,,W1Jvb2tpZV0KSSBmZWVsIGxpa2UgSSdtIHBhdmluZyBhIG5ldyBwYXRoIHdoZW4gSSdtIHdpdGggeW91LgpGb3IgcmVhbCwgSSBmZWVsIGFsaXZlIHRoZXNlIGRheXMu,,,,,W0x1a2llXQpTaW50byBxdWUgZXN0b3UgYWJyaW5kbyB1bSBub3ZvIGNhbWluaG8gcXVhbmRvIGVzdG91IGNvbSB2b2PDqi4KRGUgdmVyZGFkZSwgbWUgc2ludG8gdml2byBob2plIGVtIGRpYS4=,,W1ByaW5jaXBpYW50ZV0KU2llbnRvIHF1ZSBlc3RveSBhYnJpZW5kbyB1biBudWV2byBjYW1pbm8gY3VhbmRvIGVzdG95IGNvbnRpZ28uCkRlIHZlcmRhZCwgw7psdGltYW1lbnRlIHNpZW50byBxdWUgY2FkYSBkw61hIGN1ZW50YS4=
