IJ4WCA,,VGhpcyBmbG93ZXJwb3QgaXMgZHJ5aW5nIHVwLiBTZWVtcyBubyBvbmUgaGFzIHRha2VuIGNhcmUgb2YgaXQgZm9yIHF1aXRlIGEgYml0Lg==,,,,,w4kgYXBlbmFzIHVtIHZhc28gZGUgZmxvci4=,,RXN0YSBtYWNldGEgc2UgZXN0w6Egc2VjYW5kby4gUGFyZWNlIHF1ZSBoYWNlIGJhc3RhbnRlIHF1ZSBuYWRpZSBsYSByaWVnYS4=
IZ4WCA,,U3VzYW4gR3JheQ==,,,,,U3VzYW4gR3JheQ==,,U3VzYW4gR3JheQ==
Ip4WCA,,PERpdmluZSBQb3dlciBSZXNlYXJjaGVyPg==,,,,,W1Rlw7Nsb2dhXQ==,,PERpdmluZSBQb3dlciBSZXNlYXJjaGVyPg==
I54WCA,,WW91J3JlIG92ZXJ3ZWlnaHQsIG9yIGNhcnJ5aW5nIHRvbyBtYW55IGl0ZW1zLiBQbGVhc2UgbGlnaHRlbiB5b3VyIGludmVudG9yeSBmaXJzdC4=,,,,,UG9yIGZhdm9yLCByZW9yZ2FuaXplIHNldSBpbnZlbnTDoXJpbyBlIHRlbnRlIG5vdmFtZW50ZS4=,,TGxldmFzIG11Y2hvIHBlc28gbyBkZW1hc2lhZG9zIG9iamV0b3MuIFByaW1lcm8gYWxpZ2VyYSBlbCBpbnZlbnRhcmlvLg==
JJ4WCA,,XjAwMDBGRkFkbWluIENoYW5jZSBDaGVjayBNb2RlXjAwMDAwMA==,,,,,XjAwMDBDREFkbWluaXN0cmF0b3IgcHJvYmFiaWxpdHkgY2hlY2sgbW9kZV4wMDAwMDA=,,XkZGMDAwME1vZG8gZGUgYWRtaW5pc3RyYWNpw7NuIGRlIHBydWViYSBkZSBhbGVhdG9yaWVkYWReMDAwMDAw
JZ4WCA,,XjAwMDBGRi1BZG1pbiBNb2RlLV4wMDAwMDAKMTkwNzAyOSB1cGRhdGVkLiBSZXNldCBjaGFuY2UgcmVhZGp1c3RlZA==,,,,,XjAwMDBDRC1BZG1pbmlzdHJhdG9yIG1vZGUtXjAwMDAwMAoxOTA3MDI5IFVwZGF0ZS4gUmVzZXQgaW5pdGlhbGl6YXRpb24gcHJvYmFiaWxpdHk=,,XkZGMDAwMC1Nb2RvIGFkbWluaXN0cmFkb3ItXjAwMDAwMApTZSBhY3R1YWxpesOzIDE5MDcwMjkuIFNlIHJlYWp1c3TDsyBsYSBwb3NpYmlsaWRhZCBkZSByZWluaWNpby4=
Jp4WCA,,W1N1c2FuIEdyYXldCk15IG5hbWUgaXMgU3VzYW4gR3JheSwgYW5kIEkgYW0gcmVzZWFyY2hpbmcgT2RpbidzIHJlbGljcy4gRG8geW91IHJlcXVpcmUgbXkgYXNzaXN0YW5jZT8=,,,,,W1N1c2FuIEdyYXldCk1ldSBub21lIMOpIFN1c2FuIEdyYXkgZSBlc3RvdSBwZXNxdWlzYW5kbyBhcyBSZWzDrXF1aWFzIGRlIE9kaW4uIFZvY8OqIHByZWNpc2EgZGEgbWluaGEgYWp1ZGE/,,W1N1c2FuIEdyYXldCk1lIGxsYW1vIFN1c2FuIEdyYXkgZSBpbnZlc3RpZ28gbGFzIHJlbGlxdWlhcyBkZSBPZMOtbi4gwr9OZWNlc2l0YXMgYXl1ZGE/
J54WCA,,V2hhdCBraW5kIG9mIHBsYWNlIGlzIHRoaXM/,,,,,TyBxdWUgdm9jw6ogZmF6Pw==,,wr9RdcOpIHRpcG8gZGUgbHVnYXIgZXMgZXN0ZT8=
KJ4WCA,,RW5jaGFudCBFcXVpcG1lbnQ=,,,,,RW5jYW50YXIgZXF1aXBhbWVudG8=,,RW5jYW50YXIgZXF1aXBhbWllbnRvLg==
KZ4WCA,,UmVzZXQgRW5jaGFudA==,,,,,UmVzZXRhciBlbmNhbnRv,,UmVzdGFibGVjZXIgZW5jYW50YW1pZW50by4=
Kp4WCA,,W1N1c2FuIEdyYXldCkknbSBzdXJlIHlvdSBrbm93IHRoYXQgYSBsb3Qgb2YgYWR2ZW50dXJlcnMgd2hvIGNvbWUgaGVyZSB2aXNpdCBPZGluJ3MgVGVtcGxlLg==,,,,,W1N1c2FuIEdyYXldCkVudHJlIG9zIGF2ZW50dXJlaXJvcyBxdWUgdmlzaXRhbSBlc3RlIGx1Z2FyLCB2b2PDqiBwcm92YXZlbG1lbnRlIHNhYmUgcXVlIGjDoSBhbGd1bnMgcXVlIGZyZXF1ZW50YW0gbyBUZW1wbG8gZGUgT2Rpbi4=,,W1N1c2FuIEdyYXldClNlZ3VybyBzYWJlcyBxdWUgcG9yIGFxdcOtIHBhc2FuIG11Y2hvcyB0cm90YW11bmRvcyBwYXJhIHZpc2l0YXIgZWwgdGVtcGxvIGRlIE9kw61uLg==
K54WCA,,W1N1c2FuIEdyYXldClNvbWV0aW1lcyB0aGV5IGJyaW5nIHRoaXMuCls8SVRFTT5PZGluJ3MgUmVsaWM8SU5GTz4yMzk4NjwvSU5GTz48L0lURU0+XQ==,,,,,W1N1c2FuIEdyYXldCkFsZ3VucyBkb3MgaXRlbnMgcXVlIGVsZXMgdHJhemVtIGluY2x1ZW0gZXN0ZQpbPElURU0+UmVsaWPDoXJpbyBkZSBPZGluPElORk8+MjM5ODY8L0lORk8+PC9JVEVNPl0=,,W1N1c2FuIEdyYXldCkEgdmVjZXMgbWUgdHJhZW4gZXN0by4KWzxJVEVNPlJlbGlxdWlhIGRlIE9kw61uPElORk8+MjM5ODY8L0lORk8+PC9JVEVNPl0=
LJ4WCA,,W1N1c2FuIEdyYXldCkFzIHlvdSBoYXZlIHJlY29nbml6ZWQsIHZhcmlvdXMga2luZHMgb2YgZXF1aXBtZW50IGFyZSBjb250YWluZWQgaW4gdGhlc2UgcmVsaWNzIHRocm91Z2ggZGl2aW5lIHBvd2VyLiBJJ20gcmVzZWFyY2hpbmcgdGhlbSBhcyBhIHNjaG9sYXIu,,,,,W1N1c2FuIEdyYXldCkNvbW8gdm9jw6ogZGV2ZSB0ZXIgbm90YWRvLCBlc3RlIHJlbGljw6FyaW8gY29udMOpbSB2w6FyaW9zIGVxdWlwYW1lbnRvcyBjb20gcG9kZXIgZGl2aW5vLiBTb3UgdW1hIHBlc3F1aXNhZG9yYSBxdWUgbyBlc3R1ZGEu,,W1N1c2FuIEdyYXldCkNvbW8gdGUgaGFicsOhcyBkYWRvIGN1ZW50YSwgZXN0YXMgcmVsaXF1aWFzIGNvbnRpZW5lbiB2YXJpb3MgdGlwb3MgZGUgZXF1aXBhbWllbnRvcyBtZWRpYW50ZSBlbCBQb2RlciBkaXZpbm8uIENvbW8gZXJ1ZGl0YSwgbGFzIGVzdG95IGludmVzdGlnYW5kby4=
LZ4WCA,,W1N1c2FuIEdyYXldCkkgY2FuIGV2ZW4gdXBncmFkZSBzb21lIG9mIHRoZSBlcXVpcG1lbnQgc2luY2UgSSd2ZSBiZWNvbWUgYWNjdXN0b21lZCB0byB0aGVtLg==,,,,,W1N1c2FuIEdyYXldClNlIHZvY8OqIGRlc2VqYXIsIHBvc3NvIGZvcnRhbGVjZXIgb3MgdGVzb3Vyb3MgZGVzc2UgcmVsaWPDoXJpby4=,,W1N1c2FuIEdyYXldCkluY2x1c28gcHVlZG8gbWVqb3JhciBhbGd1bm9zIGRlIGxvcyBlcXVpcGFtaWVudG9zLCB5YSBxdWUgbWUgYWNvc3R1bWJyw6kgYSBlbGxvcy4=
Lp4WCA,,U2hvdyBtZSB0aGUgbGlzdCBvZiBpdGVtcyB5b3UgY2FuIGhhbmRsZS4=,,,,,TWUgbWVzdHJlIGEgbGlzdGEgZGUgaXRlbnM=,,TXXDqXN0cmFtZSBsYSBsaXN0YSBkZSBvYmpldG9zIHF1ZSBwdWVkZXMgbWFuZWphci4=
L54WCA,,W1N1c2FuIEdyYXldCls8SVRFTT5Tb3V0YW5lIG9mIFN0cmVuZ3RoPElORk8+MTUzOTc8L0lORk8+PC9JVEVNPl0KWzxJVEVNPlNvdXRhbmUgb2YgQWdpbGl0eTxJTkZPPjE1Mzk4PC9JTkZPPjwvSVRFTT5dCls8SVRFTT5Tb3V0YW5lIG9mIFZpdGFsaXR5PElORk8+MTUzOTk8L0lORk8+PC9JVEVNPl0KWzxJVEVNPlNvdXRhbmUgb2YgRGV4dGVyaXR5PElORk8+MTU0MDA8L0lORk8+PC9JVEVNPl0KWzxJVEVNPlNvdXRhbmUgb2YgaW50ZWxsaWdlbmNlPElORk8+MTU0MDE8L0lORk8+PC9JVEVNPl0KWzxJVEVNPlNvdXRhbmUgb2YgTHVjazxJTkZPPjE1NDAyPC9JTkZPPjwvSVRFTT5dCls8SVRFTT5DbGVyZ3kncyBCb290czxJTkZPPjIyMjA5PC9JTkZPPjwvSVRFTT5dCls8SVRFTT5DbGVyZ3kncyBNYW50ZWF1PElORk8+MjA5NDc8L0lORk8+PC9JVEVNPl0=,,,,,W1N1c2FuIEdyYXldCls8SVRFTT5CYXRpbmEgZGUgRk9SPElORk8+MTUzOTc8L0lORk8+PC9JVEVNPl0KWzxJVEVNPkJhdGluYSBkZSBBR0k8SU5GTz4xNTM5ODwvSU5GTz48L0lURU0+XQpbPElURU0+QmF0aW5hIGRlIFZJVDxJTkZPPjE1Mzk5PC9JTkZPPjwvSVRFTT5dCls8SVRFTT5CYXRpbmEgZGUgREVTPElORk8+MTU0MDA8L0lORk8+PC9JVEVNPl0KWzxJVEVNPkJhdGluYSBkZSBJTlQ8SU5GTz4xNTQwMTwvSU5GTz48L0lURU0+XQpbPElURU0+QmF0aW5hIGRlIFNPUjxJTkZPPjE1NDAyPC9JTkZPPjwvSVRFTT5dCls8SVRFTT5TYXBhdG8gQ2xlcmljYWw8SU5GTz4yMjIwOTwvSU5GTz48L0lURU0+XQpbPElURU0+TWFudG8gQ2xlcmljYWw8SU5GTz4yMDk0NzwvSU5GTz48L0lURU0+XQ==,,W1N1c2FuIEdyYXldCls8SVRFTT5Tb3RhbmEgZGUgbGEgZnVlcnphPElORk8+MTUzOTc8L0lORk8+PC9JVEVNPl0KWzxJVEVNPlNvdGFuYSBkZSBsYSBhZ2lsaWRhZDxJTkZPPjE1Mzk4PC9JTkZPPjwvSVRFTT5dCls8SVRFTT5Tb3RhbmEgZGUgbGEgdml0YWxpZGFkPElORk8+MTUzOTk8L0lORk8+PC9JVEVNPl0KWzxJVEVNPlNvdGFuYSBkZSBsYSBkZXN0cmV6YTxJTkZPPjE1NDAwPC9JTkZPPjwvSVRFTT5dCls8SVRFTT5Tb3RhbmEgZGUgbGEgaW50ZWxpZ2VuY2lhPElORk8+MTU0MDE8L0lORk8+PC9JVEVNPl0KWzxJVEVNPlNvdGFuYSBkZSBsYSBzdWVydGU8SU5GTz4xNTQwMjwvSU5GTz48L0lURU0+XQpbPElURU0+Qm90YXMgZGUgY2zDqXJpZ288SU5GTz4yMjIwOTwvSU5GTz48L0lURU0+XQpbPElURU0+TWFudG8gZGUgY2zDqXJpZ288SU5GTz4yMDk0NzwvSU5GTz48L0lURU0+XQ==
MJ4WCA,,W1N1c2FuIEdyYXldClRoZXNlIGFyZSB0aGUgaXRlbXMgSSBjYW4gaGFuZGxlLg==,,,,,W1N1c2FuIEdyYXldClPDo28gdG9kb3Mgb3MgaXRlbnMgcXVlIHBvc3NvIGxpZGFyLg==,,W1N1c2FuIEdyYXldCkVzdG9zIHNvbiBsb3Mgb2JqZXRvcyBxdWUgcHVlZG8gbWFuZWphci4=
MZ4WCA,,W1N1c2FuIEdyYXldCk5vcm1hbGx5LCB5b3UgbmVlZAozIFs8SVRFTT5BbmdlbCdzIERyZWFtczxJTkZPPjI1NzY3PC9JTkZPPjwvSVRFTT5dCmFuZCA1MDAsMDAwIFplbnkKdG8gdXBncmFkZSBhbiBpdGVtLg==,,,,,W1N1c2FuIEdyYXldCk8gcHJlw6dvIMOpIGRlCjMgWzxJVEVNPlNvbmhvIEFuZ2VsaWNhbDxJTkZPPjI1NzY3PC9JTkZPPjwvSVRFTT5dCmUgNTAwLjAwMCB6ZW55CnBhcmEgYSBtaW5oYSBwZXNxdWlzYQ==,,W1N1c2FuIEdyYXldCk5vcm1hbG1lbnRlLCBzZSBuZWNlc2l0YW4KM1s8SVRFTT5TdWXDsW9zIGRlbCDDoW5nZWw8SU5GTz4yNTc2NzwvSU5GTz48L0lURU0+XQp5IDUwMDAwMHplbnkKcGFyYSBtZWpvcmFyIHVuIG9iamV0by4=
Mp4WCA,,W1N1c2FuIEdyYXldCkJ1dCBpZiBpdHMgdXBncmFkZSBsZXZlbCBpcyA5IG9yIGhpZ2hlciwKeW91IG5lZWQgMyBbPElURU0+Tnlhbmd2aW5lczxJTkZPPjY5MDk8L0lORk8+PC9JVEVNPl0gdG8gdXBncmFkZSBpdCBmdXJ0aGVyLiBZb3UgY2FuIGV4cGVjdCBhIGJldHRlciBvcHRpb24sIG9mIGNvdXJzZS4=,,,,,W1N1c2FuIEdyYXldCk1hcyBzZSBvIGVxdWlwYW1lbnRvIGVzdGl2ZXIgcmVmaW5hZG8gbm8gKzkgb3UgbWFpcwp2b2PDqiBwb2RlIHVzYXIgMyBbPElURU0+RnJ1dGEgZG9zIEdhdG9zPElORk8+NjQxNzwvSU5GTz48L0lURU0+XSBlIHRlciBhY2Vzc28gYSBtZWxob3JlcyBlbmNhbnRvcy4=,,W1N1c2FuIEdyYXldClBlcm8gc2kgZWwgbml2ZWwgZGUgbWVqb3JhIGVzIGRlIDkgbyBzdXBlcmlvciwKbmVjZXNpdGFzIDNbPElURU0+bWlhdWZydXRvczxJTkZPPjY5MDk8L0lORk8+PC9JVEVNPl0gcGFyYSBtZWpvcmFybG8gYcO6biBtw6FzLiBQb3Igc3VwdWVzdG8sIHB1ZWRlcyBlc3BlcmFyIHBvciB1bmEgbWVqb3Igb3BjacOzbi4=
M54WCA,,W1N1c2FuIEdyYXldClRvIHJlc2V0LCB5b3UgbmVlZCA1MDAsMDAwIFplbnkgb3IKMSBbPElURU0+Tnlhbmd2aW5lPElORk8+NjkwOTwvSU5GTz48L0lURU0+XS4gWW91IHNob3VsZCBub3RlIHRoYXQgdGhlcmUgaXMgYSAzMCUgY2hhbmNlIG9mIGZhaWx1cmUgaWYgeW91IHRyeSBpdCB3aXRoIFplbnku,,,,,W1N1c2FuIEdyYXldClBhcmEgcmVzZXRhciBvIGVuY2FudG8sIDUwMC4wMDAgemVueSBvdQoxIFs8SVRFTT5GcnV0YSBkb3MgR2F0b3M8SU5GTz42NDE3PC9JTkZPPjwvSVRFTT5dLiBFbnRyZXRhbnRvLCBow6EgMzAlIGRlIGZhbGhhIGUgcGVyZGEgdG90YWwgc2UgcmVzZXRhciB1c2FuZG8gemVueS4=,,W1N1c2FuIEdyYXldClBhcmEgcmVzdGFibGVjZXIsIG5lY2VzaXRhcyA1MDAwMDB6ZW55IG8KMVs8SVRFTT5taWF1ZnJ1dG88SU5GTz42OTA5PC9JTkZPPjwvSVRFTT5dLiBUZW4gZW4gY3VlbnRhIHF1ZSBzaSBpbnRlbnRhcyBoYWNlcmxvIGNvbiB6ZW55LCBleGlzdGUgdW4gMzAlIGRlIHByb2JhYmlsaWRhZGVzIGRlIGZyYWNhc2FyLg==
NJ4WCA,,W1N1c2FuIEdyYXldCldoaWNoIHBhcnQgZG8geW91IHdhbnQgdG8gd29yayBvbj8=,,,,,W1N1c2FuIEdyYXldClF1ZSBlcXVpcGFtZW50byB2b2PDqiBxdWVyIGVuY2FudGFyPw==,,W1N1c2FuIEdyYXldCsK/UXXDqSBwaWV6YSBxdWllcmVzIHJldmlzYXI/
NZ4WCA,,Q2FuY2Vs,,,,,Q2FuY2VsYXI=,,Q2FuY2VsYXIu
Np4WCA,,QXJtb3I=,,,,,QXJtYWR1cmE=,,QXJtYWR1cmE=
N54WCA,,R2FybWVudA==,,,,,Q2FwYQ==,,UHJlbmRh
OJ4WCA,,U2hvZXM=,,,,,Q2Fsw6dhZG8=,,Q2FsemFkbw==
OZ4WCA,,W1N1c2FuIEdyYXldCkNvbWUgYmFjayB3aGVuIHlvdSB3YW50IGl0Lg==,,,,,W1N1c2FuIEdyYXldCkZpcXVlIMOgIHZvbnRhZGUu,,W1N1c2FuIEdyYXldClZ1ZWx2ZSBjdWFuZG8gcXVpZXJhcy4=
Op4WCA,,W1N1c2FuIEdyYXldCkFyZSB5b3Ugc3VyZSB5b3UncmUgZXF1aXBwZWQgd2l0aCB0aGUgaXRlbT8=,,,,,W1N1c2FuIEdyYXldClZvY8OqIHJldGlyb3Ugc2V1IGVxdWlwYW1lbnRvPw==,,W1N1c2FuIEdyYXldCsK/UmVhbG1lbnRlIHRpZW5lcyBlbCBvYmpldG8/
O54WCA,,XkZGMDAwMFJhbmRvbSBvcHRpb25zIGRldGVjdGVkLiBUaGlzIGVxdWlwbWVudCBjYW4ndCBiZSB1c2VkLl4wMDAwMDA=,,,,,XkZGMDAwME7Do28gcG9zc28gZW5jYW50YXIgZXNzZSBpdGVtLCBlbGUgcG9zc3VpIELDtG51cyBBbGVhdMOzcmlvcy5eMDAwMDAw,,XjY2MDAwMFNlIGRldGVjdGFyb24gb3BjaW9uZXMgYWxlYXRvcmlhcy4gTm8gc2UgcHVlZGUgdXNhciBlc3RlIGVxdWlwYW1pZW50by5eMDAwMDAw
PJ4WCA,,U291dGFuZSBvZiBTdHJlbmd0aA==,,,,,QmF0aW5hIGRlIEZPUg==,,U290YW5hIGRlIGxhIGZvcnRhbGV6YQ==
PZ4WCA,,U291dGFuZSBvZiBBZ2lsaXR5,,,,,QmF0aW5hIGRlIEFHSQ==,,U290YW5hIGRlIGxhIGFnaWxpZGFk
Pp4WCA,,U291dGFuZSBvZiBWaXRhbGl0eQ==,,,,,QmF0aW5hIGRlIFZJVA==,,U290YW5hIGRlIGxhIHZpdGFsaWRhZA==
P54WCA,,U291dGFuZSBvZiBEZXh0ZXJpdHk=,,,,,QmF0aW5hIGRlIERFUw==,,U290YW5hIGRlIGxhIGRlc3RyZXph
QJ4WCA,,U291dGFuZSBvZiBpbnRlbGxpZ2VuY2U=,,,,,QmF0aW5hIGRlIElOVA==,,U290YW5hIGRlIGxhIGludGVsaWdlbmNpYQ==
QZ4WCA,,U291dGFuZSBvZiBMdWNr,,,,,QmF0aW5hIGRlIFNPUg==,,U290YW5hIGRlIGxhIHN1ZXJ0ZQ==
Qp4WCA,,Q2xlcmd5J3MgQm9vdHM=,,,,,U2FwYXRvIENsZXJpY2Fs,,Qm90YXMgZGUgY2zDqXJpZ28=
Q54WCA,,Q2xlcmd5J3MgTWFudGVhdQ==,,,,,TWFudG8gQ2xlcmljYWw=,,TWFudG8gZGVsIGNsw6lyaWdv
RJ4WCA,,W1N1c2FuIEdyYXldCk91ciBicmFuY2ggY2Fubm90IHByb2Nlc3MgdGhpcyBlcXVpcG1lbnQu,,,,,W1N1c2FuIEdyYXldCkVzc2UgaXRlbSBuw6NvIGVzdMOhIGRpc3BvbsOtdmVsIHBhcmEgc2VyIGVuY2FudGFkbyBwb3IgbWltLg==,,W1N1c2FuIEdyYXldCk51ZXN0cmEgc3VjdXJzYWwgbm8gcHVlZGUgcHJvY2VzYXIgZXN0ZSBlcXVpcGFtaWVudG8u
RZ4WCA,,XkZGMDAwMFVzZSAzIE55YW5ndmluZXMgaW5zdGVhZC5eMDAwMDAw,,,,,XkZGMDAwMFVzYXIgMyBGcnV0YSBkb3MgR2F0b3MgYW8gaW52w6lzIGRvcyBtYXRlcmlhaXNeMDAwMDAw,,XjY2MDAwMERlYmVzIHVzYXIgM21pYXVmcnV0b3MgZW4gc3UgbHVnYXIuXjAwMDAwMA==
Rp4WCA,,W1N1c2FuIEdyYXldCls8SVRFTT57fTxJTkZPPnt9PC9JTkZPPjwvSVRFTT5dCj09PT09PT09PT09PT09PT09CjMgWzxJVEVNPkFuZ2VsJ3MgRHJlYW1zPElORk8+MjU3Njc8L0lORk8+PC9JVEVNPl0KNTAwLDAwMCBaZW55CkFyZSB5b3Ugc3VyZSB5b3Ugd2FudCB0byB1cGdyYWRlIHRoaXMgZXF1aXBtZW50Pw==,,,,,W1N1c2FuIEdyYXldCls8SVRFTT57fTxJTkZPPnt9PC9JTkZPPjwvSVRFTT5dCj09PT09PT09PT09PT09PT09CjN4IFs8SVRFTT5Tb25obyBBbmdlbGljYWw8SU5GTz4yNTc2NzwvSU5GTz48L0lURU0+XQo1MDAuMDAwIHplbnkKRGVzZWphIGVuY2FudGFyIGVzc2UgZXF1aXBhbWVudG8/,,W1N1c2FuIEdyYXldCls8SVRFTT57fTxJTkZPPnt9PC9JTkZPPjwvSVRFTT5dCj09PT09PT09PT09PT09PT09CjNbPElURU0+U3Vlw7FvcyBkZWwgw6FuZ2VsPElORk8+MjU3Njc8L0lORk8+PC9JVEVNPl0KNTAwMDAwemVueS4Kwr9EZSB2ZXJkYWQgcXVpZXJlcyBtZWpvcmFyIGVzdGUgZXF1aXBhbWllbnRvPw==
R54WCA,,VXBncmFkZQ==,,,,,RW5jYW50YXIgY29tIG9zIG1hdGVyaWFpcw==,,TWVqb3Jhci4=
SJ4WCA,,W1N1c2FuIEdyYXldCkNvbWUgYmFjayB3aGVuIHlvdSB3YW50IHRvIHVwZ3JhZGUgeW91ciBlcXVpcG1lbnQu,,,,,W1N1c2FuIEdyYXldClZvbHRlIHF1YW5kbyBxdWlzZXIu,,W1N1c2FuIEdyYXldClZ1ZWx2ZSBjdWFuZG8gcXVpZXJhcyBtZWpvcmFyIGVsIGVxdWlwYW1pZW50by4=
SZ4WCA,,W1N1c2FuIEdyYXldClRoaXMgZXF1aXBtZW50IGlzIG5vdCBlbGlnaWJsZSBmb3IgYW4gdXBncmFkZS4gUGxlYXNlIGNoZWNrIGl0IGFnYWluLg==,,,,,W1N1c2FuIEdyYXldCkVzdGUgaXRlbSBuw6NvIHBvZGUgc2VyIGVuY2FudGFkby4gUG9yIGZhdm9yLCBlc2NvbGhhIG91dHJvLg==,,W1N1c2FuIEdyYXldCk5vIHNlIHB1ZWRlIG1lam9yYXIgZXN0ZSBlcXVpcGFtaWVudG8uIFZ1ZWx2ZSBhIHJldmlzYXJsby4=
Sp4WCA,,QWRtaW4gTW9kZSwgMSwwMDAtdGltZSByZXBldGl0aW9uIGNoYW5jZSBjaGVjaw==,,,,,QWRtaW5pc3RyYXRvciBtb2RlLCAxMDAwIHJlcGV0aXRpb24gcHJvYmFiaWxpdHkgY2hlY2s=,,TW9kbyBhZG1pbmlzdHJhZG9yLCBwcnVlYmEgZGUgYWxlYXRvcmllZGFkIGRlIDEwMDByZXBldGljaW9uZXMu
S54WCA,,R2VuZXJhbCBlZmZlY3QgZm9yIHNsb3QgNC4zLjIKKFNsb3QgMi1leGNsdXNpdmUgZWZmZWN0IGlzIGV4Y2x1ZGVkKQ==,,,,,NC4zLjIgU2xvdCBDb21tb24gRWZmaWNhY3kKKGV4Y2x1ZGluZyAyIHNsb3QgZXhjbHVzaXZlIGVmZmVjdHMp,,RWZlY3RvIGdlbmVyYWwgcGFyYSBsYSByYW51cmEgNC4zLjIuCihTZSBleGNsdXllIGVsIGVmZWN0byBleGNsdXNpdm8gZGUgbGEgcmFudXJhMiku
TJ4WCA,,KzkgQm9vdHMtR2FybWVudCBTbG90IDItZXhjbHVzaXZlIF5GRjAwMDBHZW5lcmFsIEVmZmVjdF4wMDAwMDA=,,,,,UmVmaW5vICs5IENhcGEgMiBzbG90cyBeRkYwMDAwTm9ybWFsXjAwMDAwMA==,,XjY2MDAwMEVmZWN0byBnZW5lcmFsXjAwMDAwMCBwYXJhIHJhbnVyYSAyZXhjbHVzaXZhIHBhcmEgYm90YXM6ICs5Lg==
TZ4WCA,,KzkgQXJtb3IgU2xvdCAyLWV4Y2x1c2l2ZSBeRkYwMDAwR2VuZXJhbCBFZmZlY3ReMDAwMDAw,,,,,UmVmaW5vICs5IEFybWFkdXJhIDIgc2xvdHMgXkZGMDAwME5vcm1hbF4wMDAwMDA=,,XjY2MDAwMEVmZWN0byBnZW5lcmFsXjAwMDAwMCBwYXJhIHJhbnVyYSAyZXhjbHVzaXZhIHBhcmEgYXJtYWR1cmE6ICs5Lg==
Tp4WCA,,KzkgQm9vdHMtR2FybWVudCBTbG90IDItZXhjbHVzaXZlIF4wMDAwRkZOeWFuZ3ZpbmUgRWZmZWN0XjAwMDAwMA==,,,,,UmVmaW5vICs5IENhcGEgMiBzbG90cyBeMDAwMENERnJ1dGEgZG9zIEdhdG9zXjAwMDAwMA==,,XkZGMDAwMEVmZWN0byBkZSBtaWF1ZnJ1dG9zXjAwMDAwMCBwYXJhIHJhbnVyYSAyZXhjbHVzaXZhIHBhcmEgYm90YXM6ICs5Lg==
T54WCA,,KzkgQXJtb3IgU2xvdCAyLWV4Y2x1c2l2ZSBeMDAwMEZGTnlhbmd2aW5lIEVmZmVjdF4wMDAwMDA=,,,,,UmVmaW5vICs5IEFybWFkdXJhIDIgc2xvdHMgXjAwMDBDREZydXRhIGRvcyBHYXRvc14wMDAwMDA=,,XkZGMDAwMEVmZWN0byBkZSBtaWF1ZnJ1dG9zXjAwMDAwMCBwYXJhIHJhbnVyYSAyZXhjbHVzaXZhIHBhcmEgYXJtYWR1cmE6ICs5Lg==
UJ4WCA,,R2VuZXJhbCBFbmNoYW50IGZvciB1cGdyYWRlIGxldmVsICsxIHRvICs5,,,,,MSAtIEVuY2FudG9zIGNvbXVucyBwYXJhIG9zIHJlZmlub3MgMSBhIDg=,,RW5jYW50YW1pZW50byBnZW5lcmFsIHBhcmEgbWVqb3JhIGRlIG5pdmVsIGRlICsxIGEgKzku
UZ4WCA,,KzIgdG8gKzkgQm9vdHM=,,,,,MiAtIEJvdGEgKzk=,,Qm90YXMgZGUgKzIgYSArOS4=
Up4WCA,,KzMgdG8gKzkgQXJtb3IgRW5jaGFudA==,,,,,MyAtIEFybWFkdXJhICs5,,RW5jYW50YW1pZW50byBkZSBhcm1hZHVyYSBkZSArMyBhICs5Lg==
U54WCA,,KzQgdG8gQ2FzaCArOSBCb290cw==,,,,,NCAtIEZydXRhIGRvcyBHYXRvcyBCb3RhICs5,,RWZlY3Rpdm8gKzQgeSBib3RhcyArOS4=
VJ4WCA,,KzUgdG8gQ2FzaCArOSBBcm1vciBFbmNoYW50,,,,,NSAtIEZydXRhIGRvcyBHYXRvcyBBcm1hZHVyYSArOQ==,,RWZlY3Rpdm8gKzUgeSBlbmNhbnRhbWllbnRvIGRlIGFybWFkdXJhICs5Lg==
VZ4WCA,,W1N1c2FuIEdyYXldCkFuIGVycm9yIGhhcyBvY2N1cnJlZC4gV2UgY2FuJ3QgZ28gb24gd2l0aCB0aGlzLg==,,,,,W1N1c2FuIEdyYXldClVtIGVycm8gZXJyb3Uu,,W1N1c2FuIEdyYXldClNlIGhhIHByb2R1Y2lkbyB1biBlcnJvci4gTm8gcG9kZW1vcyBzZWd1aXIgY29uIGVsIHByb2Nlc28u
Vp4WCA,,XjAwMDBGRltBZG1pbiBNb2RlXQp7fV4wMDAwMDA=,,,,,XjAwMDBDRFtBZG1pbmlzdHJhdG9yIG1vZGVdCnt9XjAwMDAwMA==,,XkZGMDAwMFtNb2RvIGFkbWluaXN0cmFkb3JdCnt9XjAwMDAwMA==
V54WCA,,W1N1c2FuIEdyYXldClRoaXMgZXF1aXBtZW50IGhhcyBiZWVuIHVwZ3JhZGVkIHRvIGl0cyBtYXggbGltaXQuIFlvdSBjYW4ndCB1cGdyYWRlIGl0IGFueW1vcmUu,,,,,W1N1c2FuIEdyYXldCkVzc2UgZXF1aXBhbWVudG8gasOhIGZvaSBlbmNhbnRhZG8gYW8gbcOheGltby4=,,W1N1c2FuIEdyYXldCkVzdGUgZXF1aXBhbWllbnRvIHNlIG1lam9yw7MgaGFzdGEgc3UgbcOheGltbyBuaXZlbC4gWWEgbm8gc2UgcHVlZGUgbWVqb3JhciBtw6FzLg==
WJ4WCA,,W1N1c2FuIEdyYXldCkFyZSB5b3Ugc3VyZSB5b3Ugd2FudCB0byB1c2UgMyBbPElURU0+Tnlhbmd2aW5lczxJTkZPPjY5MDk8L0lORk8+PC9JVEVNPl0KdG8gdXBncmFkZSB0aGlzIGVxdWlwbWVudD8=,,,,,W1N1c2FuIEdyYXldCjN4IFs8SVRFTT5GcnV0YSBkb3MgR2F0b3M8SU5GTz42NDE3PC9JTkZPPjwvSVRFTT5dCkRlc2VqYSBjb250aW51YXIgdXNhbmRvIGVzc2UgbWF0ZXJpYWw/,,W1N1c2FuIEdyYXldCsK/RGUgdmVyZGFkIHF1aWVyZXMgdXNhciAzWzxJVEVNPm1pYXVmcnV0b3M8SU5GTz42OTA5PC9JTkZPPjwvSVRFTT5dCnBhcmEgbWVqb3JhciBlbCBlcXVpcGFtaWVudG8/
WZ4WCA,,SSdtIHN1cmUu,,,,,UXVlcm8gY29udGludWFy,,RGUgdmVyZGFkLg==
Wp4WCA,,W1N1c2FuIEdyYXldCllvdSBkb24ndCBoYXZlIGVub3VnaCBtYXRlcmlhbHMu,,,,,W1N1c2FuIEdyYXldClZvY8OqIG7Do28gdGVtIG1hdGVyaWFpcyBzdWZpY2llbnRlcy4g,,W1N1c2FuIEdyYXldCk5vIHRpZW5lcyBzdWZpY2llbnRlcyBtYXRlcmlhbGVz
W54WCA,,MyBbPElURU0+QW5nZWwncyBEcmVhbXM8SU5GTz4yNTc2NzwvSU5GTz48L0lURU0+XQo1MDAsMDAwIFplbnk=,,,,,M3ggWzxJVEVNPlNvbmhvIEFuZ2VsaWNhbDxJTkZPPjI1NzY3PC9JTkZPPjwvSVRFTT5dCjUwMC4wMDAgemVueQ==,,M1s8SVRFTT5TdWXDsW9zIGRlbCDDoW5nZWw8SU5GTz4yNTc2NzwvSU5GTz48L0lURU0+XQo1MDAwMDB6ZW55Lg==
XJ4WCA,,QXJlIHlvdSBzdXJlIHlvdSB3YW50IHRvIHVzZSAzIFs8SVRFTT5OeWFuZ3ZpbmVzPElORk8+NjkwOTwvSU5GTz48L0lURU0+XQ==,,,,,M3ggWzxJVEVNPkZydXRhIGRvcyBHYXRvczxJTkZPPjY0MTc8L0lORk8+PC9JVEVNPl0=,,wr9EZSB2ZXJkYWQgcXVpZXJlcyB1c2FyIDNbPElURU0+bWlhdWZydXRvczxJTkZPPjY5MDk8L0lORk8+PC9JVEVNPl0=
XZ4WCA,,dG8gdXBncmFkZSB0aGUgZXF1aXBtZW50Lg==,,,,,U2VtIGlzc28sIG7Do28gY29uc2lnbyBlbmNhbnRhci4=,,cGFyYSBtZWpvcmFyIGVsIGVxdWlwYW1pZW50by4=
Xp4WCA,,W1N1c2FuIEdyYXld,,,,,W1N1c2FuIEdyYXld,,W1N1c2FuIEdyYXld
X54WCA,,XkZGMDAwMFs8SVRFTT57fTxJTkZPPnt9PC9JTkZPPjwvSVRFTT5dIHVwZ3JhZGUgZmFpbGVkLl4wMDAwMDA=,,,,,XkZGMDAwMEZhbGhhIGFvIGVuY2FudGFyIFs8SVRFTT57fTxJTkZPPnt9PC9JTkZPPjwvSVRFTT5dLl4wMDAwMDA=,,XjY2MDAwMEZhbGzDsyBsYSBtZWpvcmEgZGUgWzxJVEVNPnt9PElORk8+e308L0lORk8+PC9JVEVNPl0uXjAwMDAwMA==
YJ4WCA,,WzxJVEVNPnt9PElORk8+e308L0lORk8+PC9JVEVNPl0gdXBncmFkZSBjb21wbGV0ZS4=,,,,,U3VjZXNzbyBhbyBlbmNhbnRhciBbPElURU0+e308SU5GTz57fTwvSU5GTz48L0lURU0+XS4=,,U2UgY29tcGxldMOzIGxhIG1lam9yYSBkZSBbPElURU0+e308SU5GTz57fTwvSU5GTz48L0lURU0+XS4=
YZ4WCA,,W1N1c2FuIEdyYXldClRoaXMgZXF1aXBtZW50IGhhcyBub3QgYmVlbiB1cGdyYWRlZCBlbm91Z2ggdG8gZ2V0IHJlc2V0Lg==,,,,,W1N1c2FuIEdyYXldCkVzc2UgZXF1aXBhbWVudG8gbsOjbyBlc3TDoSB0b3RhbG1lbnRlIGVuY2FudGFkbyBwYXJhIHNlciByZXNldGFkby4=,,W1N1c2FuIEdyYXldCkVzdGUgZXF1aXBhbWllbnRvIG5vIHNlIG1lam9yw7MgbG8gc3VmaWNpZW50ZSBjb21vIHBhcmEgcmVzdGFibGVjZXJsby4=
Yp4WCA,,W1N1c2FuIEdyYXldCkhvdyB3b3VsZCB5b3UgbGlrZSB0byBwYXkgZm9yIHRoZSByZXNldD8=,,,,,W1N1c2FuIEdyYXldCkNvbW8gdm9jw6ogZGVzZWphIHBhZ2FyIHBlbG8gcmVzZXQgZG9zIGVuY2FudG9zPw==,,W1N1c2FuIEdyYXldCsK/Q8OzbW8gcXVpc2llcmFzIHBhZ2FyIHBvciBlbCByZXN0YWJsZWNpbWllbnRvPw==
Y54WCA,,NTAwLDAwMCBaZW55,,,,,NTAwLjAwMCB6ZW55,,NTAwMDAwemVueS4=
ZJ4WCA,,MSBOeWFuZ3ZpbmU=,,,,,MXggRnJ1dGEgZG9zIEdhdG9z,,MW1pYXVmcnV0by4=
ZZ4WCA,,W1N1c2FuIEdyYXldClBsZWFzZSBjb21lIGJhY2sgd2hlbiB5b3Ugd2FudCBpdC4=,,,,,W1N1c2FuIEdyYXldClZvbHRlIHF1YW5kbyBwZW5zYXIgbWVsaG9yLg==,,W1N1c2FuIEdyYXldClZ1ZWx2ZSBjdWFuZG8gcXVpZXJhcy4=
Zp4WCA,,U3VjY2VzcyBjaGFuY2UgaXMge30lIHdoZW4gdXNpbmcgWmVueS4gSWYgeW91IGZhaWwsIHRoZSBlcXVpcG1lbnQgd2lsbCBub3QgYmUgZGVzdHJveWVkLCBidXQgdGhlIG1hdGVyaWFscyB3aWxsIGJlIHNwZW50LiBBcmUgeW91IHN1cmUgeW91IHdhbnQgdG8gZ28gd2l0aCBpdD8=,,,,,QSBjaGFuY2UgZGUgc3VjZXNzbyDDqSBkZSB7fSUgIGUgZW0gY2FzbyBkZSBmYWxoYSwgdm9jw6ogcGVyZGVyw6Egb3MgbWF0ZXJpYWlzLCBtYXMgbsOjbyBvIGVxdWlwYW1lbnRvLiBEZXNlamEgY29udGludWFyPw==,,TGEgcHJvYmFiaWxpZGFkIGRlIMOpeGl0byBlcyBkZSB7fSUgY3VhbmRvIHVzYXMgemVueS4gU2kgZmFsbGEsIG5vIHNlIGRlc3RydWlyw6EgZWwgZXF1aXBhbWllbnRvLCBwZXJvIG5vIHJlY3VwZXJhcsOhcyBsb3MgbWF0ZXJpYWxlcy4gwr9EZSB2ZXJkYWQgcXVpZXJlcyBoYWNlcmxvPw==
Z54WCA,,VXNpbmcgYSBbPElURU0+Tnlhbmd2aW5lPElORk8+NjkwOTwvSU5GTz48L0lURU0+XSBndWFyYW50ZWVzIHN1Y2Nlc3MuIERvIHlvdSB3YW50IHRvIGdvIHdpdGggdGhpcz8=,,,,,VXNhciBbPElURU0+RnJ1dGEgZG9zIEdhdG9zPElORk8+NjQxNzwvSU5GTz48L0lURU0+XSB0ZW0gMTAwJSBkZSBjaGFuY2UgZGUgc3VjZXNzbywgZGVzZWphIGNvbnRpbnVhcj8=,,U2kgdXNhcyB1bls8SVRFTT5taWF1ZnJ1dG88SU5GTz42OTA5PC9JTkZPPjwvSVRFTT5dLCBzZSBnYXJhbnRpemEgZWwgw6l4aXRvLiDCv1F1aWVyZXMgZWxlZ2lyIGVzdGEgb3BjacOzbj8=
aJ4WCA,,R28gd2l0aCBpdA==,,,,,Q29udGludWFy,,QWNlcHRhci4=
aZ4WCA,,W1N1c2FuIEdyYXldCllvdSBkb24ndCBoYXZlIDUwMCwwMDAgWmVueS4gUGxlYXNlIGNoZWNrIHlvdXIgYmFsYW5jZSBhZ2Fpbi4=,,,,,W1N1c2FuIEdyYXldClZvY8OqIG7Do28gdGVtIDUwMC4wMDAgemVueS4gVm9sdGUgcXVhbmRvIHRpdmVyIG1haXMgZGluaGVpcm8u,,W1N1c2FuIEdyYXldCk5vIHRpZW5lcyA1MDAwMDB6ZW55LiBWdWVsdmUgYSByZXZpc2FyIHR1IHNhbGRvLg==
ap4WCA,,W1N1c2FuIEdyYXldCllvdSBuZWVkIDEgWzxJVEVNPk55YW5ndmluZTxJTkZPPjY5MDk8L0lORk8+PC9JVEVNPl0gdG8gcmVzZXQuIFBsZWFzZSBjaGVjayB5b3VyIGludmVudG9yeSBhZ2Fpbi4=,,,,,W1N1c2FuIEdyYXldClZvY8OqIG7Do28gdGVtIDEgWzxJVEVNPkZydXRhIGRvcyBHYXRvczxJTkZPPjY0MTc8L0lORk8+PC9JVEVNPl0uIFZvbHRlIHF1YW5kbyB0aXZlciB1bWEgdW5pZGFkZS4=,,W1N1c2FuIEdyYXldCk5lY2VzaXRhcyAxWzxJVEVNPm1pYXVmcnV0bzxJTkZPPjY5MDk8L0lORk8+PC9JVEVNPl0gcGFyYSByZXN0YWJsZWNlci4gVnVlbHZlIGEgcmV2aXNhciBlbCBpbnZlbnRhcmlvLg==
a54WCA,,W0FkbWluIE1vZGVdCnN1Y2Nlc3MgcmF0ZXt9JQpkZWNpc2lvbnt9,,,,,W0FkbWluaXN0cmF0b3IgbW9kZV0KU3VjZXNzbyB7fSUKRmFsaGEge30=,,W01vZG8gYWRtaW5pc3RyYWRvcl0KUG9yY2VudGFqZSBkZSDDqXhpdG8gZGUge30lLgpEZWNpc2nDs24ge30u
bJ4WCA,,XkZGMDAwMFs8SVRFTT57fTxJTkZPPnt9PC9JTkZPPjwvSVRFTT5dIHJlc2V0IGZhaWxlZC5eMDAwMDAw,,,,,XkZGMDAwMEZhbGggYW8gZW5jYW50YXIgWzxJVEVNPnt9PElORk8+e308L0lORk8+PC9JVEVNPl0uXjAwMDAwMA==,,XjY2MDAwMEZhbGzDsyBlbCByZXN0YWJsZWNpbWllbnRvIGRlIFs8SVRFTT57fTxJTkZPPnt9PC9JTkZPPjwvSVRFTT5dLl4wMDAwMDA=
bZ4WCA,,WzxJVEVNPnt9PElORk8+e308L0lORk8+PC9JVEVNPl0gcmVzZXQgY29tcGxldGUu,,,,,W1N1c2FuIEdyYXldCk9pPyBOw6NvIHNlaSBkbyBxdcOqIHZvY8OqIGVzdMOhIGZhbGFuZG8u,,UmVzdGFibGVjaW1pZW50byBkZSBbPElURU0+e308SU5GTz57fTwvSU5GTz48L0lURU0+XSBjb21wbGV0YWRvLg==
bp4WCA,,W1N1c2FuIEdyYXldCkV4Y3VzZSBtZT8gSSBkb24ndCB1bmRlcnN0YW5kIHdoYXQgeW91J3JlIHRhbGtpbmcgYWJvdXQu,,,,,,,W1N1c2FuIEdyYXldCsK/RGlzY3VscGE/IE5vIGVudGllbmRvIGRlIHF1w6kgaGFibGFzLg==
