AB7dBA,,RHJhZ29uIEh1bnRlcg==,,,,,RHJhZ29uIEh1bnRlcg==,,
AR7dBA,,W0RyYWdvbiBIdW50ZXJdCkhtbSwgYXJlIHlvdSBzdXJlIHlvdSBzaG91bGQgYmUgZmlnaHRpbmcgaGVyZT8KVGhlc2UgbW9uc3RlcnMgc2VlbSB0b3VnaCBmb3Igc29tZW9uZSBvZiB5b3VyIGxldmVsLg==,,,,,W0RyYWdvbiBIdW50ZXJdCkhtbSwgYXJlIHlvdSBzdXJlIHlvdSBzaG91bGQgYmUgZmlnaHRpbmcgaGVyZT8KVGhlc2UgbW9uc3RlcnMgc2VlbSB0b3VnaCBmb3Igc29tZW9uZSBvZiB5b3VyIGxldmVsLg==,,
Ah7dBA,,W0RyYWdvbiBIdW50ZXJdCk9oIGdyZWF0IQpZb3UgYXJlIGhlcmUgdG8gaGVscCBtZSByaWdodD8=,,,,,W0RyYWdvbiBIdW50ZXJdCk9oIGdyZWF0IQpZb3UgYXJlIGhlcmUgdG8gaGVscCBtZSByaWdodD8=,,
Ax7dBA,,U3VyZQ==,,,,,U3VyZQ==,,
BB7dBA,,Tm8=,,,,,Tm8=,,
BR7dBA,,W0RyYWdvbiBIdW50ZXJdCkknbSBodW50aW5nIERhbmNpbmcgRHJhZ29ucyBidXQgaXQgaXMgcHJvdmluZyB0byBiZSBtb3JlIGRpZmZpY3VsdCB0aGFuIEkgb3JpZ2luYWxseSB0aG91Z2h0LgpDYW4geW91IGRvIHdoYXQgeW91IGNhbiB0byBoZWxwIG1lIG91dD8=,,,,,W0RyYWdvbiBIdW50ZXJdCkknbSBodW50aW5nIERhbmNpbmcgRHJhZ29ucyBidXQgaXQgaXMgcHJvdmluZyB0byBiZSBtb3JlIGRpZmZpY3VsdCB0aGFuIEkgb3JpZ2luYWxseSB0aG91Z2h0LgpDYW4geW91IGRvIHdoYXQgeW91IGNhbiB0byBoZWxwIG1lIG91dD8=,,
Bh7dBA,,U3VyZS4=,,,,,U3VyZS4=,,
Bx7dBA,,Tm8gdGhhbmtzLg==,,,,,Tm8gdGhhbmtzLg==,,
CB7dBA,,W0RyYWdvbiBIdW50ZXJdClRoYW5rIHlvdS4KSG93IG1hbnkgRGFuY2luZyBEcmFnb25zIGNhbiB5b3UgbGF5IHRvIHJlc3Q/,,,,,W0RyYWdvbiBIdW50ZXJdClRoYW5rIHlvdS4KSG93IG1hbnkgRGFuY2luZyBEcmFnb25zIGNhbiB5b3UgbGF5IHRvIHJlc3Q/,,
CR7dBA,,NTAgRGFuY2luZyBEcmFnb25z,,,,,NTAgRGFuY2luZyBEcmFnb25z,,
Ch7dBA,,MTAwIERhbmNpbmcgRHJhZ29ucw==,,,,,MTAwIERhbmNpbmcgRHJhZ29ucw==,,
Cx7dBA,,MTUwIERhbmNpbmcgRHJhZ29ucw==,,,,,MTUwIERhbmNpbmcgRHJhZ29ucw==,,
DB7dBA,,W0RyYWdvbiBIdW50ZXJdCktpbGwgNTAgb2YgdGhvc2UgRGFuY2luZyBEcmFnb25zIGFuZCBsZXQgbWUga25vdyB3aGVuIHlvdSdyZSBkb25lLiBJIHdpbGwgcmV3YXJkIHlvdSBmb3IgeW91ciBlZmZvcnRzLg==,,,,,W0RyYWdvbiBIdW50ZXJdCktpbGwgNTAgb2YgdGhvc2UgRGFuY2luZyBEcmFnb25zIGFuZCBsZXQgbWUga25vdyB3aGVuIHlvdSdyZSBkb25lLiBJIHdpbGwgcmV3YXJkIHlvdSBmb3IgeW91ciBlZmZvcnRzLg==,,
DR7dBA,,W0RyYWdvbiBIdW50ZXJdCktpbGwgMTAwIG9mIHRob3NlIERhbmNpbmcgRHJhZ29ucyBhbmQgbGV0IG1lIGtub3cgd2hlbiB5b3UncmUgZG9uZS4gSSB3aWxsIHJld2FyZCB5b3UgZm9yIHlvdXIgZWZmb3J0cy4=,,,,,W0RyYWdvbiBIdW50ZXJdCktpbGwgMTAwIG9mIHRob3NlIERhbmNpbmcgRHJhZ29ucyBhbmQgbGV0IG1lIGtub3cgd2hlbiB5b3UncmUgZG9uZS4gSSB3aWxsIHJld2FyZCB5b3UgZm9yIHlvdXIgZWZmb3J0cy4=,,
Dh7dBA,,W0RyYWdvbiBIdW50ZXJdCktpbGwgMTUwIG9mIHRob3NlIERhbmNpbmcgRHJhZ29ucyBhbmQgbGV0IG1lIGtub3cgd2hlbiB5b3UncmUgZG9uZS4gSSB3aWxsIHJld2FyZCB5b3UgZm9yIHlvdXIgZWZmb3J0cy4=,,,,,W0RyYWdvbiBIdW50ZXJdCktpbGwgMTUwIG9mIHRob3NlIERhbmNpbmcgRHJhZ29ucyBhbmQgbGV0IG1lIGtub3cgd2hlbiB5b3UncmUgZG9uZS4gSSB3aWxsIHJld2FyZCB5b3UgZm9yIHlvdXIgZWZmb3J0cy4=,,
Dx7dBA,,W0RyYWdvbiBIdW50ZXJdCklmIHlvdSBjaGFuZ2UgeW91ciBtaW5kLCBwbGVhc2UgY29tZSBiYWNrLg==,,,,,W0RyYWdvbiBIdW50ZXJdCklmIHlvdSBjaGFuZ2UgeW91ciBtaW5kLCBwbGVhc2UgY29tZSBiYWNrLg==,,
EB7dBA,,W0RyYWdvbiBIdW50ZXJdCldvdywgeW91J3JlIHN0cm9uZy4gTWF5YmUgdG9vIHN0cm9uZyB0byBoZWxwIG1lIHdpdGggbXkgc2ltcGxlIHRhc2su,,,,,W0RyYWdvbiBIdW50ZXJdCldvdywgeW91J3JlIHN0cm9uZy4gTWF5YmUgdG9vIHN0cm9uZyB0byBoZWxwIG1lIHdpdGggbXkgc2ltcGxlIHRhc2su,,
ER7dBA,,W0RyYWdvbiBIdW50ZXJdCkhhdmUgeW91IGZpbmlzaGVkIGh1bnRpbmcgdGhlIDUwIERhbmNpbmcgRHJhZ29ucz8=,,,,,W0RyYWdvbiBIdW50ZXJdCkhhdmUgeW91IGZpbmlzaGVkIGh1bnRpbmcgdGhlIDUwIERhbmNpbmcgRHJhZ29ucz8=,,
Eh7dBA,,WWVz,,,,,WWVz,,
Ex7dBA,,SSB3YW50IHRvIHF1aXQ=,,,,,SSB3YW50IHRvIHF1aXQ=,,
FB7dBA,,W0RyYWdvbiBIdW50ZXJdCkhtbSwgSSBkb24ndCB0aGluayB5b3UndmUgaHVudGVkIDUwIHlldC4uLg==,,,,,W0RyYWdvbiBIdW50ZXJdCkhtbSwgSSBkb24ndCB0aGluayB5b3UndmUgaHVudGVkIDUwIHlldC4uLg==,,
FR7dBA,,W0RyYWdvbiBIdW50ZXJdClBsZWFzZSBoZWxwIG1lIGh1bnQgNTAgRGFuY2luZyBEcmFnb25zLg==,,,,,W0RyYWdvbiBIdW50ZXJdClBsZWFzZSBoZWxwIG1lIGh1bnQgNTAgRGFuY2luZyBEcmFnb25zLg==,,
Fh7dBA,,W0RyYWdvbiBIdW50ZXJdCkFyZSB5b3Ugc3VyZSB0aGF0IHlvdSB3YW50IHRvIHN0b3AgaHVudGluZz8KQW55IHByb2dyZXNzIHRoYXQgeW91J3ZlIG1hZGUgd2lsbCBiZSBlcmFzZWQu,,,,,W0RyYWdvbiBIdW50ZXJdCkFyZSB5b3Ugc3VyZSB0aGF0IHlvdSB3YW50IHRvIHN0b3AgaHVudGluZz8KQW55IHByb2dyZXNzIHRoYXQgeW91J3ZlIG1hZGUgd2lsbCBiZSBlcmFzZWQu,,
Fx7dBA,,W0RyYWdvbiBIdW50ZXJdCk9rIHRoZW4sIHdlbGwgY29tZSBiYWNrIGhlcmUgaWYgeW91IGNoYW5nZSB5b3VyIG1pbmQu,,,,,W0RyYWdvbiBIdW50ZXJdCk9rIHRoZW4sIHdlbGwgY29tZSBiYWNrIGhlcmUgaWYgeW91IGNoYW5nZSB5b3VyIG1pbmQu,,
GB7dBA,,W0RyYWdvbiBIdW50ZXJdCk9oIHRoYW5rIHlvdSB2ZXJ5IG11Y2guCkhlcmUgaXMgeW91ciByZXdhcmQu,,,,,W0RyYWdvbiBIdW50ZXJdCk9oIHRoYW5rIHlvdSB2ZXJ5IG11Y2guCkhlcmUgaXMgeW91ciByZXdhcmQu,,
GR7dBA,,W0RyYWdvbiBIdW50ZXJdCkhhdmUgeW91IGZpbmlzaGVkIGh1bnRpbmcgdGhlIDEwMCBEYW5jaW5nIERyYWdvbnM/,,,,,W0RyYWdvbiBIdW50ZXJdCkhhdmUgeW91IGZpbmlzaGVkIGh1bnRpbmcgdGhlIDEwMCBEYW5jaW5nIERyYWdvbnM/,,
Gh7dBA,,W0RyYWdvbiBIdW50ZXJdCkhtbSwgSSBkb24ndCB0aGluayB5b3UndmUgaHVudGVkIDEwMCB5ZXQuLi4=,,,,,W0RyYWdvbiBIdW50ZXJdCkhtbSwgSSBkb24ndCB0aGluayB5b3UndmUgaHVudGVkIDEwMCB5ZXQuLi4=,,
Gx7dBA,,W0RyYWdvbiBIdW50ZXJdClBsZWFzZSBoZWxwIG1lIGh1bnQgMTAwIERhbmNpbmcgRHJhZ29ucy4=,,,,,W0RyYWdvbiBIdW50ZXJdClBsZWFzZSBoZWxwIG1lIGh1bnQgMTAwIERhbmNpbmcgRHJhZ29ucy4=,,
HB7dBA,,W0RyYWdvbiBIdW50ZXJdCkhhdmUgeW91IGZpbmlzaGVkIGh1bnRpbmcgdGhlIDE1MCBEYW5jaW5nIERyYWdvbnM/,,,,,W0RyYWdvbiBIdW50ZXJdCkhhdmUgeW91IGZpbmlzaGVkIGh1bnRpbmcgdGhlIDE1MCBEYW5jaW5nIERyYWdvbnM/,,
HR7dBA,,W0RyYWdvbiBIdW50ZXJdCkhtbSwgSSBkb24ndCB0aGluayB5b3UndmUgaHVudGVkIDE1MCB5ZXQuLi4=,,,,,W0RyYWdvbiBIdW50ZXJdCkhtbSwgSSBkb24ndCB0aGluayB5b3UndmUgaHVudGVkIDE1MCB5ZXQuLi4=,,
Hh7dBA,,W0RyYWdvbiBIdW50ZXJdClBsZWFzZSBoZWxwIG1lIGh1bnQgMTUwIERhbmNpbmcgRHJhZ29ucy4=,,,,,W0RyYWdvbiBIdW50ZXJdClBsZWFzZSBoZWxwIG1lIGh1bnQgMTUwIERhbmNpbmcgRHJhZ29ucy4=,,
Hx7dBA,,RGFuY2luZyBEcmFnb24gQWRtaW4=,,,,,RGFuY2luZyBEcmFnb24gQWRtaW4=,,
IB7dBA,,W0RhbmNpbmcgRHJhZ29uIEFkbWluXQpQbGVhc2UgZW50ZXIgdGhlIHBhc3N3b3Jk,,,,,W0RhbmNpbmcgRHJhZ29uIEFkbWluXQpQbGVhc2UgZW50ZXIgdGhlIHBhc3N3b3Jk,,
IR7dBA,,RGFuY2luZyBEcmFnb24gSHVudCBPTg==,,,,,RGFuY2luZyBEcmFnb24gSHVudCBPTg==,,
Ih7dBA,,RGFuY2luZyBEcmFnb24gSHVudCBPRkY=,,,,,RGFuY2luZyBEcmFnb24gSHVudCBPRkY=,,
Ix7dBA,,Q2FuY2Vs,,,,,Q2FuY2Vs,,
JB7dBA,,W0RhbmNpbmcgRHJhZ29uIEFkbWluXQpUaGUgRGFuY2luZyBEcmFnb24gSHVudCB3aWxsIG5vdyBiZSB0dXJuZWQgT04u,,,,,W0RhbmNpbmcgRHJhZ29uIEFkbWluXQpUaGUgRGFuY2luZyBEcmFnb24gSHVudCB3aWxsIG5vdyBiZSB0dXJuZWQgT04u,,
JR7dBA,,W0RhbmNpbmcgRHJhZ29uIEFkbWluXQpUaGUgRGFuY2luZyBEcmFnb24gSHVudCB3aWxsIG5vdyBiZSB0dXJuZWQgT0ZGLg==,,,,,W0RhbmNpbmcgRHJhZ29uIEFkbWluXQpUaGUgRGFuY2luZyBEcmFnb24gSHVudCB3aWxsIG5vdyBiZSB0dXJuZWQgT0ZGLg==,,
Jh7dBA,,W0RhbmNpbmcgRHJhZ29uIEFkbWluXQpJbmNvcnJlY3QgUGFzc3dvcmQu,,,,,W0RhbmNpbmcgRHJhZ29uIEFkbWluXQpJbmNvcnJlY3QgUGFzc3dvcmQu,,
