oNuuBw,,SnVsaWFu,,,,,SnVsaWFu,,SnVsaWFu
oduuBw,,W0p1bGlhbl0Ke31JcyB0aGlzIHlvdXIgZmlyc3QgdmlzaXQgaGVyZT8=,,,,,W0p1bGlhbl0Ke30sIMOpIGEgcHJpbWVpcmEgdmV6IHF1ZSB2b2PDqiB2ZW0gYXF1aT8=,,W0p1bGlhbl0Ke33Cv0VzIGxhIHByaW1lcmEgdmV6IHF1ZSB2aWVuZXMgYXF1w60/
otuuBw,,WWVzLCBpdCBpcy4=,,,,,U2ltLCBhIHByaW1laXJhLg==,,U8OtLCBhc8OtIGVzLg==
o9uuBw,,Tm8sIEkndmUgYmVlbiBoZXJlIGJlZm9yZS4=,,,,,TsOjbywgZXUgasOhIGVzdGl2ZSBhcXVpIGFudGVzLg==,,Tm8sIHlhIGVzdHV2ZSBhcXXDrSBhbnRlcy4=
pNuuBw,,W0p1bGlhbl0KSSBhbSB0YWxraW5nIHRvIHlvdXIgbGVhZGVyIG5vdy57fQ==,,,,,W0p1bGlhbl0KVm91IGZhbGFyIGNvbSBzZXUgbMOtZGVyIGFnb3JhLCB7fS4=,,W0p1bGlhbl0KRXN0b3kgaGFibGFuZG8gY29uIHR1IGzDrWRlciBhaG9yYS57fQ==
pduuBw,,SnVsaWFuOiBZb3UgbWlnaHQgZmluZCB0aGlzIHBsYWNlIHVuZmFtaWxpYXIu,,,,,SnVsaWFuOiBWb2PDqiBwb2RlIGFjaGFyIGVzc2UgbHVnYXIgZXN0cmFuaG8u,,SnVsaWFuOiBQdWVkZSBxdWUgZXN0ZSBsdWdhciBubyB0ZSByZXN1bHRlIGZhbWlsaWFyLg==
ptuuBw,,SnVsaWFuOiBUaGVyZSB3YXMgYSBwcmV0dHkgbGFyZ2Ugc3BhY2UgYmVoaW5kIHRoZSB6b25lIHRoYXQgd2UgaGFkIG9jY3VwaWVkLg==,,,,,SnVsaWFuOiBIYXZpYSB1bSBlc3Bhw6dvIGJlbSBncmFuZGUgYXRyw6FzIGRhIHpvbmEgcXVlIG7Ds3Mgb2N1cGFtb3Mu,,SnVsaWFuOiBIYWLDrWEgdW4gZXNwYWNpbyBiYXN0YW50ZSBncmFuZGUgZGV0csOhcyBkZSBsYSB6b25hIHF1ZSBoYWLDrWFtb3Mgb2N1cGFkby4=
p9uuBw,,SnVsaWFuOiBBbHRob3VnaCB3ZSBjYW5ub3QgdXNlIGl0IHRvIG1vdmUgb3VyIHRyb29wcywgaXQgaXMgYSBwZXJmZWN0IGxvY2F0aW9uIHRvIGV4cGVyaWVuY2UgYSBtb2NrIGNvbWJhdC4=,,,,,SnVsaWFuOiBBcGVzYXIgZGUgbsOjbyBwb2Rlcm1vcyB1c8OhLWxvIHBhcmEgbW92ZXIgbm9zc2FzIHRyb3Bhcywgw6kgdW0gbG9jYWwgcGVyZmVpdG8gcGFyYSBhIHByw6F0aWNhIGRlIHNpbXVsYcOnw6NvIGRlIGNvbWJhdGUu,,SnVsaWFuOiBBdW5xdWUgbm8gcG9kZW1vcyB1c2FybG8gcGFyYSBkZXNwbGF6YXIgYSBudWVzdHJhcyB0cm9wYXMsIGVzIHVuIGx1Z2FyIHBlcmZlY3RvIHBhcmEgZXhwZXJpbWVudGFyIHVuIHNpbXVsYWNybyBkZSBjb21iYXRlLg==
qNuuBw,,SnVsaWFuOiBTbyB3ZSByZW1vZGVsZWQgaXQgYXMgYSB0cmFpbmluZyBncm91bmQgdG8gaGF2ZSBhIG1vY2sgY29tYmF0IHNpbWlsYXIgdG8gdGhlIHByZXZpb3VzIGNvbWJhdC4=,,,,,SnVsaWFuOiBFbnTDo28gbsOzcyBvIHRyYW5zZm9ybWFtb3MgZW0gdW0gY2FtcG8gZGUgdHJlaW5hbWVudG8gcGFyYSBzaW11bGFyIHVtIGNvbWJhdGUgcGFyZWNpZG8gY29tIG8gYW50ZXJpb3Iu,,SnVsaWFuOiBBc8OtIHF1ZSBsbyByZW1vZGVsYW1vcyBjb21vIGNhbXBvIGRlIGVudHJlbmFtaWVudG8gcGFyYSBoYWNlciB1biBzaW11bGFjcm8gZGUgY29tYmF0ZSBzaW1pbGFyIGFsIGFudGVyaW9yLg==
qduuBw,,SnVsaWFuOiBZb3Ugd2lsbCBwbGF5IHRoZSByb2xlIG9mIHRoZSBpbnZhZGVycy4gT3VyIHRyb29wcyB3aWxsIGRpc2d1aXNlIGFzIEhlYXJ0IEh1bnRlcnMgYW5kIGRlZmVuZC4=,,,,,SnVsaWFuOiBWb2PDqiBmYXLDoSBvIHBhcGVsIGRvcyBpbnZhc29yZXMuIE5vc3NhcyB0cm9wYXMgdsOjbyBmaW5naXIgc2VyIENhw6dhLUNvcmHDp8O1ZXMgZSBkZWZlbmRlci4=,,SnVsaWFuOiBUb21hcsOhcyBlbCBwYXBlbCBkZSBsb3MgaW52YXNvcmVzLiBOdWVzdHJhcyB0cm9wYXMgc2UgZGlzZnJhemFyw6FuIGRlIENhemFkb3JlcyBkZSBjb3Jhem9uZXMgeSBkZWZlbmRlcsOhbi4=
qtuuBw,,SnVsaWFuOiBJdCdzIGEgc29ydCBvZiBkZWZlbnNlIHRyYWluaW5nLiBJdCBpcyB0byB1bmRlcnN0YW5kIGhvdyBtdWNoIGZvcmNlIHdlIHJlcXVpcmUgdG8gZGVmZW5kIHRoaXMgYXJlYS4=,,,,,SnVsaWFuOiDDiSB1bSB0aXBvIGRlIHRyZWluYW1lbnRvIGRlIGRlZmVzYS4gU2VydmUgcGFyYSBzYWJlciBxdWFudGEgZm9yw6dhIHByZWNpc2Ftb3MgcGFyYSBkZWZlbmRlciBlc3NhIMOhcmVhLg==,,SnVsaWFuOiBFcyB1bmEgZXNwZWNpZSBkZSBlbnRyZW5hbWllbnRvIGRlZmVuc2l2by4gU2UgdHJhdGEgZGUgY29tcHJlbmRlciBjdcOhbnRhIGZ1ZXJ6YSBuZWNlc2l0YW1vcyBwYXJhIGRlZmVuZGVyIGVzdGEgem9uYS4=
q9uuBw,,SnVsaWFuOiBOb3csIHBsZWFzZSBhdHRhY2sgd2l0aG91dCBtZXJjeSwganVzdCBsaWtlIGluIGEgcmVhbCBiYXR0bGUu,,,,,SnVsaWFuOiBBZ29yYSwgYXRhcXVlIHNlbSBtaXNlcmljw7NyZGlhLCBjb21vIHNlIGZvc3NlIHVtYSBiYXRhbGhhIHJlYWwu,,SnVsaWFuOiBBaG9yYSwgYXRhY2Egc2luIHBpZWRhZCwgY29tbyBlbiB1bmEgYmF0YWxsYSByZWFsLg==
rNuuBw,,QXR0YWNrIHRvIHRoZSBiYXNlIGRldGVjdGVkLiBFdmVyeW9uZSwgc3RhcnQgYSBkZWZlbnNlIHRhY3RpYy4=,,,,,QXRhcXVlIMOgIGJhc2UgZGV0ZWN0YWRvLiBJbmljaWVtIHRvZG9zIHVtYSB0w6F0aWNhIGRlIGRlZmVzYS4=,,QXRhcXVlIGEgbGEgYmFzZSBkZXRlY3RhZG8uIFF1ZSB0b2RvIGVsIG11bmRvIGluaWNpZSB1bmEgdMOhY3RpY2EgZGUgZGVmZW5zYS4=
rduuBw,,SnVsaWFuOiBPaCwgaG93IG1hbnkgdHJhaW5pbmdzIGhhdmUgd2UgaGFkIHNvIGZhcj8=,,,,,SnVsaWFuOiBBaCwgcXVhbnRvcyB0cmVpbmFtZW50b3MgdGl2ZW1vcyBhdMOpIGFnb3JhPw==,,SnVsaWFuOiDCv0N1w6FudG9zIGVudHJlbmFtaWVudG9zIHR1dmltb3MgaGFzdGEgYWhvcmE/
rtuuBw,,SnVsaWFuOiBBcyBiZWZvcmUsIHBsZWFzZSBhdHRhY2sgd2l0aG91dCBtZXJjeSwganVzdCBsaWtlIGluIGEgcmVhbCBjb21iYXQu,,,,,SnVsaWFuOiBOb3ZhbWVudGUsIGF0YXF1ZSBzZW0gbWlzZXJpY8OzcmRpYSwgY29tbyBzZSBmb3NzZSB1bWEgYmF0YWxoYSByZWFsLg==,,SnVsaWFuOiBDb21vIGFudGVzLCBhdGFjYSBzaW4gcGllZGFkLCBjb21vIGVuIHVuIGNvbWJhdGUgcmVhbC4=
r9uuBw,,RW5lbWllcyByZWFjaGVkIHRoZSAxc3Qgc2VjdXJpdHkgc3lzdGVtLiBTZWN1cml0eSBzeXN0ZW0gaXMgZGlzYWJsZWQu,,,,,T3MgaW5pbWlnb3MgYWxjYW7Dp2FyYW0gbyAxwrogc2lzdGVtYSBkZSBzZWd1cmFuw6dhLiBTaXN0ZW1hIGRlIHNlZ3VyYW7Dp2EgZGVzYXRpdmFkby4=,,TG9zIGVuZW1pZ29zIGFsY2FuemFyb24gZWwgcHJpbWVyIHNpc3RlbWEgZGUgc2VndXJpZGFkLiBFbCBzaXN0ZW1hIGRlIHNlZ3VyaWRhZCBlc3TDoSBkZXNhY3RpdmFkby4=
sNuuBw,,W0p1bGlhbl0KWW91IHNhZmVseSBwYXNzZWQgU2VjdGlvbiAxLiBOb3cgaGVscCB1cyB3aXRoIHRoZSBkZWZlbnNlIHRyYWluaW5nIGZvciBTZWN0aW9uIDIu,,,,,W0p1bGlhbl0KVm9jw6ogcGFzc291IGNvbSBzZWd1cmFuw6dhIHBlbGEgWm9uYSAxLiBBZ29yYSwgYWp1ZGUtbm9zIGNvbSBvIHRyZWluYW1lbnRvIGRlIGRlZmVzYSBwYXJhIGEgWm9uYSAyLg==,,W0p1bGlhbl0KU3VwZXJhc3RlIGNvbiDDqXhpdG8gbGEgc2VjY2nDs24xLiBBaG9yYSBhecO6ZGFub3MgY29uIGVsIGVudHJlbmFtaWVudG8gZGUgZGVmZW5zYSBwYXJhIGxhIHNlY2Npw7NuMi4=
sduuBw,,SnVsaWFuOiBXYXMgaXQgdG9vIGVhc3k/IEluIFNlY3Rpb24gMiwgd2UgYWxzbyBoYXZlIGEgdHJhaW5pbmcgZm9yIHRoZSBhbm5paGlsYXRpb24gb3BlcmF0aW9uLg==,,,,,SnVsaWFuOiBGb2kgbXVpdG8gZsOhY2lsPyBOYSBab25hIDIsIHRhbWLDqW0gdGVtb3MgdW0gdHJlaW5hbWVudG8gcGFyYSBhIG9wZXJhw6fDo28gZGUgYW5pcXVpbGFtZW50by4=,,SnVsaWFuOiDCv0Z1ZSBkZW1hc2lhZG8gZsOhY2lsPyBFbiBsYSBzZWNjacOzbjIsIHRhbWJpw6luIHRlbmVtb3MgdW4gZW50cmVuYW1pZW50byBwYXJhIGxhIG9wZXJhY2nDs24gZGUgYW5pcXVpbGFjacOzbi4=
stuuBw,,SnVsaWFuOiBUaGlzIHRpbWUsIHRoZSBkZWZlbnNpdmUgZm9yY2UgYW5kIGdyZWF0IG51bWJlciBvZiBmb3JjZSB1cGdyYWRlZCBkdXJpbmcgdGhlIGJhdHRsZSB3aWxsIGJlIGlucHV0Lg==,,,,,SnVsaWFuOiBEZXNzYSB2ZXosIGEgZm9yw6dhIGRlIGRlZmVzYSBlIHVtYSBncmFuZGUgcGFydGUgZGEgZm9yw6dhIGFwcmltb3JhZGEgc2Vyw6NvIHV0aWxpemFkYXMgbmEgYmF0YWxoYS4=,,SnVsaWFuOiBFc3RhIHZleiwgZW50cmFyw6FuIGVuIGJhdGFsbGEgbGEgZnVlcnphIGRlZmVuc2l2YSB5IGVsIGdyYW4gbsO6bWVybyBkZSBmdWVyemFzIG1lam9yYWRhcy4=
s9uuBw,,SnVsaWFuOiBQbGVhc2UgaGVscCB1cyBpbiB0aGUgcmVtYWluaW5nIHRyYWluaW5nLg==,,,,,SnVsaWFuOiBQb3IgZmF2b3IsIGFqdWRlLW5vcyBubyB0cmVpbmFtZW50byByZXN0YW50ZS4=,,SnVsaWFuOiBQb3IgZmF2b3IsIGF5w7pkYW5vcyBjb24gZWwgZW50cmVuYW1pZW50byBxdWUgcXVlZGEu
tNuuBw,,RW5lbWllcyBhcmUgYXBwcm9hY2hpbmcgdGhlIDJuZCBkZWZlbnNpdmUgYmFzZS4gUGhhc2UgMiBpcyBhbm5vdW5jZWQu,,,,,SW5pbWlnb3MgZXN0w6NvIHNlIGFwcm94aW1hbmRvIGRhIDLCqiBiYXNlIGRlIGRlZmVzYS4gRmFzZSAyIMOpIGFudW5jaWFkYS4=,,TG9zIGVuZW1pZ29zIHNlIGFjZXJjYW4gYSBsYSBzZWd1bmRhIGJhc2UgZGVmZW5zaXZhLiBTZSBhbnVuY2lhIGxhIGZhc2UyLg==
tduuBw,,W0p1bGlhbl0KVGhpcyBzZWN1cml0eSBzeXN0ZW0gaGVyZSBjb250cm9scyBwbGVudHkgb2Ygc3lzdGVtIGRldmljZXMgb3ZlciB0aGVyZS4=,,,,,W0p1bGlhbl0KRXN0ZSBzaXN0ZW1hIGRlIHNlZ3VyYW7Dp2EgY29udHJvbGEgbXVpdG9zIGRpc3Bvc2l0aXZvcyBkbyBzaXN0ZW1hIGFsaS4=,,W0p1bGlhbl0KRWwgc2lzdGVtYSBkZSBzZWd1cmlkYWQgZGUgYXF1w60gY29udHJvbGEgbXVjaG9zIGRpc3Bvc2l0aXZvcyBkZWwgc2lzdGVtYSBkZSBhbGzDoS4=
ttuuBw,,W0p1bGlhbl0KSWYgeW91IGFjdGl2YXRlIHRoZSBkZXZpY2UsIHRoZXkgd2lsbCBvcGVuIGEgbmFycm93IHBhc3NhZ2UgeW91IGNhbiBiYXJlbHkgZ28gdGhyb3VnaC4=,,,,,W0p1bGlhbl0KU2Ugdm9jw6ogYXRpdmFyIG8gZGlzcG9zaXRpdm8sIGVsZXMgdsOjbyBhYnJpciB1bWEgcGFzc2FnZW0gZXN0cmVpdGEsIHBlbGEgcXVhbCBtYWwgY29uc2VndWlyw6EgcGFzc2FyLg==,,W0p1bGlhbl0KU2kgYWN0aXZhcyBlbCBkaXNwb3NpdGl2bywgc2UgYWJyaXLDoSB1biBwYXNhZGl6byBlc3RyZWNobyBwb3IgZWwgcXVlIGFwZW5hcyBwb2Ryw6FzIHBhc2FyLg==
t9uuBw,,W0p1bGlhbl0KVW5sZXNzIHlvdSBhY3RpdmF0ZSB0aGUgZGV2aWNlLCB0aGUgZGVmZW5zaXZlIHRyYWluaW5nIGRvZXMgbm90IHN0YXJ0LiBBY3RpdmF0ZSBpdCB3aGVuIHlvdSBhcmUgcmVhZHku,,,,,W0p1bGlhbl0KQSBuw6NvIHNlciBxdWUgdm9jw6ogYXRpdmUgbyBkaXNwb3NpdGl2bywgbyB0cmVpbmFtZW50byBkZSBkZWZlc2EgbsOjbyB2YWkgY29tZcOnYXIuIEF0aXZlLW8gcXVhbmRvIGVzdGl2ZXIgcHJvbnRvLg==,,W0p1bGlhbl0KQSBtZW5vcyBxdWUgYWN0aXZlcyBlbCBkaXNwb3NpdGl2bywgZWwgZW50cmVuYW1pZW50byBkZWZlbnNpdm8gbm8gc2UgaW5pY2lhcsOhLiBBY3TDrXZhbG8gY3VhbmRvIHRlbmdhcyB0b2RvIGxpc3RvLg==
uNuuBw,,SnVsaWFuOiBZb3UgaGF2ZSBlYXNpbHkgYW5uaWhpbGF0ZWQgdGhlIHVwZ3JhZGVkIGZvcmNlIGluIFNlY3Rpb24gMi4gSSdkIGJldHRlciBjaGFuZ2Ugb3VyIGRlZmVuc2l2ZSB0YWN0aWMu,,,,,SnVsaWFuOiBWb2PDqiBhbmlxdWlsb3UgZmFjaWxtZW50ZSBhIGZvcsOnYSBhcHJpbW9yYWRhIG5hIFpvbmEgMi4gTWVsaG9yIGV1IG11ZGFyIG5vc3NhIHTDoXRpY2EgZGUgZGVmZXNhLg==,,SnVsaWFuOiBBbmlxdWlsYXN0ZSBmw6FjaWxtZW50ZSBsYSBmdWVyemEgbWVqb3JhZGEgZGUgbGEgc2VjY2nDs24yLiBTZXLDoSBtZWpvciBxdWUgY2FtYmllIG51ZXN0cmEgdMOhY3RpY2EgZGVmZW5zaXZhLg==
uduuBw,,SnVsaWFuOiBCeSB0aGUgd2F5LCB0aGUgZGVmZW5zaXZlIGRldmljZSBsZWZ0IGluIGZyb250IG9mIHlvdSB3aWxsIGJlIHF1aXRlIGRpZmZlcmVudCBmcm9tIHRob3NlIHlvdSBoYXZlIGZhY2VkIHNvIGZhci4=,,,,,SnVsaWFuOiBBbGnDoXMsIG8gZGlzcG9zaXRpdm8gZGUgZGVmZXNhIGRlaXhhZG8gbmEgc3VhIGZyZW50ZSBzZXLDoSBiZW0gZGlmZXJlbnRlIGRvcyBxdWUgdm9jw6ogZW5mcmVudG91IGF0w6kgYWdvcmEu,,SnVsaWFuOiBQb3IgY2llcnRvLCBlbCBkaXNwb3NpdGl2byBkZWZlbnNpdm8gcXVlIHRlIGVzcGVyYSBzZXLDoSBtdXkgZGlmZXJlbnRlIGRlIGxvcyBxdWUgZW5mcmVudGFzdGUgaGFzdGEgYWhvcmEu
utuuBw,,SnVsaWFuOiBJIGhhdmUgY29uc3RydWN0ZWQgYW4gYXV0b21hdGljIGRlZmVuc2Ugc3lzdGVtIGJ5IGV4dGVuc2l2ZWx5IGluc3RhbGxpbmcgdGhlIHNlY3VyaXR5IHN5c3RlbSBvZiBIZWFydCBIdW50ZXIgZ3V5cy4=,,,,,SnVsaWFuOiBFdSBjb25zdHJ1w60gdW0gc2lzdGVtYSBkZSBzZWd1cmFuw6dhIGF1dG9tw6F0aWNvIGFvIGluc3RhbGFyIGFtcGxhbWVudGUgbyBzaXN0ZW1hIGRvcyBDYcOnYS1Db3Jhw6fDtWVzLg==,,SnVsaWFuOiBDb25zdHJ1w60gdW4gc2lzdGVtYSBkZSBkZWZlbnNhIGF1dG9tw6F0aWNvIGluc3RhbGFuZG8gZWwgc2lzdGVtYSBkZSBzZWd1cmlkYWQgZGUgbG9zIENhemFkb3JlcyBkZSBjb3Jhem9uZXMu
u9uuBw,,SnVsaWFuOiBUaGUgZ29hbCBpcyB0byBjaGVjayBob3cgd2UgY2FuIGJsb2NrIGVuZW1pZXMgd2hlbiB3ZSB1c2UgdGhlIGF1dG9tYXRpYyBkZXZpY2VzIGFuZCBmb3JjZXMgdG9nZXRoZXIgaW4gb3VyIGRlZmVuc2UgdGFjdGljLg==,,,,,SnVsaWFuOiBPIG9iamV0aXZvIMOpIHZlcmlmaWNhciBjb21vIHBvZGVtb3MgYmxvcXVlYXIgb3MgaW5pbWlnb3MgcXVhbmRvIHVzYW1vcyBvcyBkaXNwb3NpdGl2b3MgYXV0b23DoXRpY29zIGUgYXMgZm9yw6dhcyBhbyBtZXNtbyB0ZW1wbyBuYSBub3NzYSB0w6F0aWNhIGRlIGRlZmVzYS4=,,SnVsaWFuOiBFbCBvYmpldGl2byBlcyBjb21wcm9iYXIgY8OzbW8gcG9kZW1vcyBibG9xdWVhciBhIGxvcyBlbmVtaWdvcyBjdWFuZG8gdXNhbW9zIGp1bnRvcyBsb3MgZGlzcG9zaXRpdm9zIGF1dG9tw6F0aWNvcyB5IGxhcyBmdWVyemFzIGVuIG51ZXN0cmEgdMOhY3RpY2EgZGUgZGVmZW5zYS4=
vNuuBw,,SnVsaWFuOiBJZiB5b3Ugb3BlcmF0ZSB0aGUgY29udHJvbGxlciBpbiBmcm9udCBvZiBtZSwgdGhlIDNyZCBjb3Vyc2UgYmVnaW5zLg==,,,,,SnVsaWFuOiBTZSB2b2PDqiB1c2FyIG8gY29udHJvbGFkb3IgbmEgbWluaGEgZnJlbnRlLCBvIDPCuiBjaXJjdWl0byBjb21lw6dhLg==,,SnVsaWFuOiBTaSBhY2Npb25hcyBlbCBjb250cm9sIHF1ZSB0ZW5nbyBlbmZyZW50ZSwgZW1wZXphcsOhIGVsIHRlcmNlciBjdXJzby4=
vduuBw,,SnVsaWFuOiBJZiB5b3UgY29tZSB0aHJvdWdoIHRoZSBuYXJyb3cgcGFzc2FnZSBhbmQgYW5uaWhpbGF0ZSBoYWxmIG9mIHRoZSBmb3JjZSwgSSB3aWxsIGp1ZGdlIHRoYXQgdGhlIGRlZmVuc2UgaGFzIGZhaWxlZC4=,,,,,SnVsaWFuOiBTZSB2b2PDqiBhdHJhdmVzc2FyIGEgcGFzc2FnZW0gZXN0cmVpdGEgZSBhbmlxdWlsYXIgbWV0YWRlIGRhIGZvcsOnYSwgdm91IGNvbnNpZGVyYXIgcXVlIGEgZGVmZXNhIGZhbGhvdS4=,,SnVsaWFuOiBTaSBhdHJhdmllc2FzIGVsIHBhc2FqZSBlc3RyZWNobyB5IGFuaXF1aWxhcyBhIGxhIG1pdGFkIGRlIGxhIGZ1ZXJ6YSwganV6Z2Fyw6kgcXVlIGxhIGRlZmVuc2EgZnJhY2Fzw7Mu
vtuuBw,,W0p1bGlhbl0KV2UgaGF2ZSBzb21ldGhpbmcgYXMgdGhlIGxhc3QgcmVzb3J0LCBpbiBjYXNlIHdlIGZhaWwgdG8gZGVmZW5kIHRoZSBiYXNlLiBJdCdzIHRpbWUgdG8gdGVzdCBpdCBub3cu,,,,,W0p1bGlhbl0KVGVtb3MgdW0gw7psdGltbyByZWN1cnNvLCBjYXNvIG7Ds3MgZnJhY2Fzc2FybW9zIGVtIGRlZmVuZGVyIGEgYmFzZS4gw4kgaG9yYSBkZSB0ZXN0w6EtbG8gYWdvcmEu,,W0p1bGlhbl0KVGVuZW1vcyBhbGdvIGNvbW8gw7psdGltbyByZWN1cnNvLCBlbiBjYXNvIGRlIHF1ZSBubyBwb2RhbW9zIGRlZmVuZGVyIGxhIGJhc2UuIEFob3JhIGVzIGVsIG1vbWVudG8gZGUgcHJvYmFybG8u
v9uuBw,,W0p1bGlhbl0KRW50ZXIgdGhlIGRvb3IgaW4gZnJvbnQgb2YgeW91Lg==,,,,,W0p1bGlhbl0KRW50cmUgbmEgcG9ydGEgw6Agc3VhIGZyZW50ZS4=,,W0p1bGlhbl0KRW50cmEgcG9yIGxhIHB1ZXJ0YSBxdWUgdGllbmVzIGRlbGFudGUu
wNuuBw,,W0p1bGlhbl0KSG1tLiBHb29kIGpvYi4gTGV0IHVzIGxlYXZlIHRoZSB0cmFpbmluZyBncm91bmQuIFRoZSBnYXRld2F5IGlzIHVwc3RhaXJzLiBHbyB1cCB0aGUgc3RhaXJzIGJlaGluZCBtZS4=,,,,,W0p1bGlhbl0KSHVtLiBCb20gdHJhYmFsaG8uIFZhbW9zIHNhaXIgZG8gY2FtcG8gZGUgdHJlaW5hbWVudG8uIEEgZW50cmFkYSDDqSBsw6EgZW0gY2ltYS4gU3ViYSBhcyBlc2NhZGFzIGF0csOhcyBkZSBtaW0u,,W0p1bGlhbl0KTW1tLiBCaWVuIGhlY2hvLiBTYWxnYW1vcyBkZWwgY2FtcG8gZGUgZW50cmVuYW1pZW50by4gTGEgcHVlcnRhIGVzdMOhIGFycmliYS4gU3ViZSBsYXMgZXNjYWxlcmFzIHF1ZSBoYXkgZGV0csOhcyBkZSBtw60u
wduuBw,,U2VjdXJpdHkgc3lzdGVtOiBFbWVyZ2VuY3kgc2l0dWF0aW9uIGlzIGRpc2NoYXJnZWQuIFRlcm1pbmF0aW5nIHRoZSBhdXRvbWF0aWMgZGVmZW5zZSBkZXZpY2Uu,,,,,U2lzdGVtYSBkZSBzZWd1cmFuw6dhOiBTaXR1YcOnw6NvIGRlIGVtZXJnw6puY2lhIGVuY2VycmFkYS4gRGVzYXRpdmFuZG8gbyBkaXNwb3NpdGl2byBhdXRvbcOhdGljbyBkZSBkZWZlc2Eu,,U2lzdGVtYSBkZSBzZWd1cmlkYWQ6IFNlIGRhIGRlIGFsdGEgbGEgc2l0dWFjacOzbiBkZSBlbWVyZ2VuY2lhLiBGaW5hbGl6YSBlbCB1c28gZGVsIGRpc3Bvc2l0aXZvIGRlIGRlZmVuc2EgYXV0b23DoXRpY2Eu
wtuuBw,,SnVsaWFuOiBJIGFtIG5vdCB0cnlpbmcgdG8gdW5kZXJlc3RpbWF0ZSB5b3VyIGNvbWJhdCBhYmlsaXR5,,,,,SnVsaWFuOiBOw6NvIGVzdG91IHRlbnRhbmRvIHN1YmVzdGltYXIgc3VhIGhhYmlsaWRhZGUgZGUgY29tYmF0ZSw=,,SnVsaWFuOiBObyBwcmV0ZW5kbyBzdWJlc3RpbWFyIHR1IGhhYmlsaWRhZCBwYXJhIGVsIGNvbWJhdGUu
w9uuBw,,SnVsaWFuOiBCdXQgSSBkb24ndCB0aGluayBFYmVsIGlzIHVzaW5nIDEwMCUgb2YgaGVyIHBvd2VyLg==,,,,,SnVsaWFuOiBtYXMgZXUgbsOjbyBhY2hvIHF1ZSBhIE1hbMOtY2lhIGVzdMOhIHVzYW5kbyAxMDAlIGRlIHNldSBwb2Rlci4=,,SnVsaWFuOiBQZXJvIG5vIGNyZW8gcXVlIEViZWwgZXN0w6kgdXNhbmRvIHRvZG8gc3UgcG9kZXIu
xNuuBw,,SnVsaWFuIFdlIGhhdmUgdG8gY2hlY2sgaGltIGEgbGl0dGxlIGxvbmdlci4uLg==,,,,,SnVsaWFuOiBUZW1vcyBxdWUgdGVzdMOhLWxhIG1haXMgdW0gcG91Y28uLi4=,,SnVsaWFuOiBUZW5lbW9zIHF1ZSByZXZpc2FybG8gdW4gcG9jbyBtw6Fz4oCm
xduuBw,,RWJlbDogQW0gSS4uLiBiZWluZyBkaXNwb3NlZD8=,,,,,TWFsw61jaWE6IEVzdG91Li4uIHNlbmRvIGRlc2NhcnRhZGE/,,RWJlbDogwr9RdWllcmVu4oCmZGVzaGFjZXJzZSBkZSBtw60/
xtuuBw,,SnVsaWFuOiBXaGF0IGFyZSB5b3UgdGFsa2luZyBhYm91dD8gRGlzcG9zaW5nIGlzIG9ubHkgZm9yIG1hY2hpbmVzLg==,,,,,SnVsaWFuOiBEbyBxdWUgZXN0w6EgZmFsYW5kbz8gRGVzY2FydGUgw6kgc8OzIHBhcmEgYXMgbcOhcXVpbmFzLg==,,SnVsaWFuOiDCv0RlIHF1w6kgZXN0w6FzIGhhYmxhbmRvPyBTb2xvIGxhcyBtw6FxdWluYXMgcHVlZGVuIGRlc2VjaGFyc2Uu
x9uuBw,,RWJlbDogVGhlbiB5b3UgYXJlIG5vdCBkaXNwb3NpbmcgbWU/,,,,,TWFsw61jaWE6IEVudMOjbyB2b2PDqiBuw6NvIGVzdMOhIG1lIGRlc2NhcnRhbmRvPw==,,RWJlbDogwr9FbnRvbmNlcyBubyB0ZSBkZXNoYXLDoXMgZGUgbcOtPw==
yNuuBw,,SnVsaWFuOiBTdG9wIG5hZ2dpbmcuIFRoZSB0cmFpbmluZyBpcyBvdmVyLCBnZXQgcmVhZHkgZm9yIHRoZSBtZWFsLiBJdCdzIHRpbWUgdG8gZWF0Lg==,,,,,SnVsaWFuOiBQYXJlIGRlIHJlc211bmdhci4gTyB0cmVpbmFtZW50byBhY2Fib3UsIHByZXBhcmUtc2UgcGFyYSBhIHJlZmVpw6fDo28uIMOJIGhvcmEgZGUgY29tZXIu,,SnVsaWFuOiBEZWphIGRlIG1vbGVzdGFyLiBFbCBlbnRyZW5hbWllbnRvIHRlcm1pbsOzLCBwcmVww6FyYXRlIHBhcmEgbGEgY29taWRhLiBFcyBob3JhIGRlIGNvbWVyLg==
yduuBw,,RWJlbDogTWVhbC4uLg==,,,,,TWFsw61jaWE6IFJlZmVpw6fDo28uLi4=,,RWJlbDogQ29taWRh4oCm
ytuuBw,,SnVsaWFuOiBZZXMuIEdvIGFuZCBjaGFuZ2UgaW50byBjYXN1YWwgY2xvdGhlcy4=,,,,,SnVsaWFuOiBTaW0uIFbDoSBlIGNvbG9xdWUgcm91cGFzIGNhc3VhaXMu,,SnVsaWFuOiBTw60uIFZlIGEgcG9uZXJ0ZSByb3BhIGPDs21vZGEu
y9uuBw,,RWJlbDogRWJlbCBmb2xsb3dzIEp1bGlhbidzIGluc3RydWN0aW9uLg==,,,,,TWFsw61jaWE6IE1hbMOtY2lhIHNlZ3VlIGFzIGluc3RydcOnw7VlcyBkZSBKdWxpYW4u,,RWJlbDogRWJlbCBzaWd1ZSBsYXMgaW5zdHJ1Y2Npb25lcyBkZSBKdWxpYW4u
zNuuBw,,SnVsaWFuOiBIbW0uIEdvb2Qgam9iLiBMZXQgdXMgbGVhdmUgdGhlIHRyYWluaW5nIGdyb3VuZC4gVGhlIGdhdGV3YXkgaXMgdXBzdGFpcnMuIEdvIHVwIHRoZSBzdGFpcnMgYmVoaW5kIG1lLg==,,,,,SnVsaWFuOiBIdW0uIEJvbSB0cmFiYWxoby4gVmFtb3Mgc2FpciBkbyBjYW1wbyBkZSB0cmVpbmFtZW50by4gQSBlbnRyYWRhIMOpIGzDoSBlbSBjaW1hLiBTdWJhIGFzIGVzY2FkYXMgYXRyw6FzIGRlIG1pbS4=,,SnVsaWFuOiBNbW0uIEJpZW4gaGVjaG8uIFNhbGdhbW9zIGRlbCBjYW1wbyBkZSBlbnRyZW5hbWllbnRvLiBMYSBwdWVydGEgZXN0w6EgYXJyaWJhLiBTdWJlIGxhcyBlc2NhbGVyYXMgcXVlIGhheSBkZXRyw6FzIGRlIG3DrS4=
zduuBw,,RWJlbA==,,,,,TWFsw61jaWE=,,RWJlbA==
ztuuBw,,W0ViZWxdCllvdS4uLiBZb3UncmUgc3Ryb25nZXIgdGhhbiBtZS4gSSBoYXZlIG5ldmVyIGV4cGVyaWVuY2VkIHRoaXMgYmVmb3JlLi4u,,,,,W01hbMOtY2lhXQpWb2PDqi4uLiBWb2PDqiDDqSBtYWlzIGZvcnRlIGRvIHF1ZSBldS4gRXUgbnVuY2Egc2VudGkgaXNzbyBhbnRlcy4uLg==,,W0ViZWxdClTDuuKApiBFcmVzIG3DoXMgZnVlcnRlIHF1ZSB5by4gTnVuY2EgbWUgaGFiw61hIHBhc2FkbyBhbGdvIGFzw60gYW50ZXPigKY=
z9uuBw,,W0ViZWxdCi4uLg==,,,,,W01hbMOtY2lhXQouLi4=,,W0ViZWxdCuKApg==
0NuuBw,,W0ViZWxdCldoZXJlIGRpZCB5b3UgbGVhcm4gdGhlIHRlY2huaXF1ZSB5b3UgaGF2ZSB1c2VkIGEgbW9tZW50IGFnbz8=,,,,,W01hbMOtY2lhXQpPbmRlIHZvY8OqIGFwcmVuZGV1IGEgdMOpY25pY2EgcXVlIHVzb3UgYWdvcmEgaMOhIHBvdWNvPw==,,W0ViZWxdCsK/RMOzbmRlIGFwcmVuZGlzdGUgbGEgdMOpY25pY2EgcXVlIHVzYXN0ZSBoYWNlIHVuIG1vbWVudG8/
0duuBw,,W0p1bGlhbl0KV2FpdCBmb3IgYSB3aGlsZXt9V2Ugd2lsbCBwcm9jZWVkIG9uY2UgeW91ciB1bml0IGxlYWRlciBjb21lcyw=,,,,,W0p1bGlhbl0KRXNwZXJlIHVtIHBvdWNvLCB7fSwgcHJvc3NlZ3VpcmVtb3MgYXNzaW0gcXVlIG8gbMOtZGVyIGRhIHN1YSB1bmlkYWRlIGNoZWdhci4=,,W0p1bGlhbl0KRXNwZXJhIHVuIG1vbWVudG8sIHt9LiBQcm9jZWRlcmVtb3MgY3VhbmRvIGxsZWd1ZSBlbCBsw61kZXIgZGUgdHUgdW5pZGFkLg==
0tuuBw,,W0p1bGlhbl0KSXQgdG9vayBtZSBtb3JlIHRoYW4gYSB3ZWVrIHVudGlsIEkgd2FzIGFibGUgdG8gdGFsayB0byBoZXIuIE5vdyBzaGUgc3BlYWtzIHdlbGwu,,,,,W0p1bGlhbl0KRGVtb3JvdSBtYWlzIGRlIHVtYSBzZW1hbmEgcGFyYSBldSBjb25zZWd1aXIgZmFsYXIgY29tIGEgTWFsw61jaWEu,,W0p1bGlhbl0KVGFyZMOpIG3DoXMgZGUgdW5hIHNlbWFuYSBlbiBwb2RlciBoYWJsYXIgY29uIGVsbGEuIEFob3JhIGhhYmxhIGJpZW4u
09uuBw,,QXJlIHlvdSBjbG9zZSBlbm91Z2ggdG8gY2FsbCBoZXIgYnkgdGhlIGZpcnN0IG5hbWU/,,,,,SsOhIHTDoSDDrW50aW1vIGRlbGEgYXNzaW0/,,wr9UaWVuZXMgdGFudGEgY29uZmlhbnphIGNvbW8gcGFyYSBsbGFtYXJsYSBwb3Igc3Ugbm9tYnJlIGRlIHBpbGE/
1NuuBw,,SSBrbm93LiBMZXQncyBzdGFydCByaWdodCBub3cu,,,,,VmFtb3MgY29tZcOnYXIgYWdvcmEu,,TG8gc8OpLiBFbXBlY2Vtb3MgYWhvcmEgbWlzbW8u
1duuBw,,W0p1bGlhbl0KTm8sIGRvbid0IGxvb2sgYXQgbWUgbGlrZSB0aGF0LiBUaGlzIGdpcmwgd291bGQgbmV2ZXIgdGFsayB0byBvdGhlciBndXlzLiBTbyBJIGJlY2FtZSBpbiBjaGFyZ2Ugb2YgaGltLg==,,,,,W0p1bGlhbl0KTsOjbywgbsOjbyBtZSBvbGhlIGFzc2ltLiBFc3NhIGdhcm90YSBudW5jYSBjb252ZXJzYXJpYSBjb20gb3V0cm9zIGNhcmFzLiBQb3IgaXNzbyBldSBtZSB0b3JuZWkgcmVzcG9uc8OhdmVsIHBvciBlbGEu,,W0p1bGlhbl0KTm8sIG5vIG1lIG1pcmVzIGFzw60uIEVzdGEgY2hpY2EgbnVuY2EgaGFibGFyw61hIGNvbiBvdHJvcyBjaGljb3MuIEFzw60gcXVlIHlvIG1lIGhpY2UgY2FyZ28u
1tuuBw,,W0p1bGlhbl0KLi4uIEl0J3MgcmVhbC4=,,,,,W0p1bGlhbl0KLi4uIMOJIHPDqXJpby4=,,W0p1bGlhbl0K4oCmIEVzIHZlcmRhZC4=
19uuBw,,W0p1bGlhbl0KSG1tLiBHcmVhdC4gTGV0J3Mgc3RhcnQgcmlnaHQgYXdheS4=,,,,,W0p1bGlhbl0KSHVtLiDDk3RpbW8uIFZhbW9zIGNvbWXDp2FyIGFnb3JhIG1lc21vLg==,,W0p1bGlhbl0KTW1tLiBHZW5pYWwuIEVtcGVjZW1vcyBkZSB1bmEgdmV6Lg==
2NuuBw,,SnVsaWFuOiBHcmVhdC4gV2VsbCBkb25lLCBFYmVsLiBObywgZG9uJ3Qga2ljayB0aGUgZG9nLi4uIEhlJ3Mgbm90IGFuIGVuZW15Lg==,,,,,SnVsaWFuOiBNdWl0byBiZW0sIE1hbMOtY2lhLiBOw6NvLCBuw6NvIGNodXRhIG8gY2FjaG9ycm8uLi4gRWxlIG7Do28gw6kgdW0gaW5pbWlnby4=,,SnVsaWFuOiBHZW5pYWwuIEJpZW4gaGVjaG8sIEViZWwuIE5vLCBubyBwYXRlZXMgYWwgcGVycm/igKYgTm8gZXMgdW4gZW5lbWlnby4=
2duuBw,,SnVsaWFuOiBFYmVsfiBZb3UgY29uZnJvbnRlZCB0aGlzIGZlbGxvdyBsYXN0IHRpbWUuIERvIHlvdSByZW1lbWJlcj8=,,,,,SnVsaWFuOiBNYWzDrWNpYSwgdm9jw6ogZW5mcmVudG91IGVzc2EgcGVzc29hIGRhIMO6bHRpbWEgdmV6LiBMZW1icmE/,,SnVsaWFuOiBFYmVsfiwgdGUgZW5mcmVudGFzdGUgYSBlc3RhIHBlcnNvbmEgbGEgw7psdGltYSB2ZXouIMK/VGUgYWN1ZXJkYXM/
2tuuBw,,RWJlbDogSSBkb24ndCByZW1lbWJlci4gSGFzIGhlIGNvbWUgdG8gZGVzdHJveSB0aGlzIHBsYWNlPw==,,,,,TWFsw61jaWE6IEV1IG7Do28gbWUgbGVtYnJvIGRpcmVpdG8uIEVsZSB2ZWlvIHBhcmEgZGVzdHJ1aXIgZXN0ZSBsdWdhcj8=,,RWJlbDogTm8gbWUgYWN1ZXJkby4gwr9WaW5vIGEgZGVzdHJ1aXIgZXN0ZSBsdWdhcj8=
29uuBw,,SnVsaWFuOiBXZWxsLi4uIFNvcnQgb2Yu,,,,,SnVsaWFuOiBCb20uLi4gTWFpcyBvdSBtZW5vcy4=,,SnVsaWFuOiBCdWVub+KApiBBbGdvIGFzw60u
3NuuBw,,RWJlbDogVGhlbi4uLg==,,,,,TWFsw61jaWE6IEVudMOjby4uLg==,,RWJlbDogRW50b25jZXPigKY=
3duuBw,,RWJlbDogSSB3aWxsIHN0b3AgaGltLg==,,,,,TWFsw61jaWE6IEV1IHZvdSBpbXBlZGktbG8u,,RWJlbDogTG8gZGV0ZW5kcsOpLg==
3tuuBw,,U2VjdXJpdHkgc3lzdGVtOiBQaGFzZSAyIG9mIHRoZSBlbWVyZ2VuY3kgc2l0dWF0aW9uIGlzIGFubm91bmNlZC4gQXV0b21hdGljIGRlZmVuc2l2ZSBkZXZpY2UgaXMgYWN0aXZhdGVkLg==,,,,,U2lzdGVtYSBkZSBzZWd1cmFuw6dhOiBGYXNlIDIgZGEgc2l0dWHDp8OjbyBkZSBlbWVyZ8OqbmNpYSBhbnVuY2lhZGEuIERpc3Bvc2l0aXZvIGF1dG9tw6F0aWNvIGRlIGRlZmVzYSBhdGl2YWRvLg==,,U2lzdGVtYSBkZSBzZWd1cmlkYWQ6IFNlIGFudW5jaWEgbGEgZmFzZTIgZGUgbGEgc2l0dWFjacOzbiBkZSBlbWVyZ2VuY2lhLiBTZSBhY3RpdmEgZWwgZGlzcG9zaXRpdm8gZGVmZW5zaXZvIGF1dG9tw6F0aWNvLg==
39uuBw,,SGVhcnRfSHVudGVyIEViZWw=,,,,,Q2HDp2EtQ29yYcOnw6NvIE1hbMOtY2lh,,SGVhcnRfSHVudGVyIEViZWw=
4NuuBw,,SnVsaWFuOiBUaGlzIGlzIHRoZSBnaXJsIHdlIGNhcHR1cmVkIGxhc3QgdGltZS4=,,,,,SnVsaWFuOiBFc3RhIMOpIGEgZ2Fyb3RhIHF1ZSBjYXB0dXJhbW9zIGRhIMO6bHRpbWEgdmV6Lg==,,SnVsaWFuOiBFc3RhIGVzIGxhIGNoaWNhIHF1ZSBjYXB0dXJhbW9zIGxhIMO6bHRpbWEgdmV6Lg==
4duuBw,,SnVsaWFuOiBXZSBkb24ndCBrbm93IHdobyBzaGUgaXMgYW5kIHdoZXJlIHNoZSBpcyBmcm9tLiBBbGwgd2Uga25vdyBpcyBoZXIgbmFtZSwgRWJlbC4uLg==,,,,,SnVsaWFuOiBOw6NvIHNhYmVtb3MgcXVlbSBlbGEgw6kgZSBuZW0gZGUgb25kZSB2ZWlvLiBUdWRvIG8gcXVlIHNhYmVtb3Mgw6kgbyBzZXUgbm9tZSwgTWFsw61jaWEuLi4=,,SnVsaWFuOiBObyBzYWJlbW9zIHF1acOpbiBlcyBuaSBkZSBkw7NuZGUgdmllbmUuIExvIMO6bmljbyBxdWUgc2FiZW1vcyBlcyBzdSBub21icmUsIEViZWzigKY=
4tuuBw,,SnVsaWFuOiBXaXRob3V0IGFueSBwcmV2aW91cyBtZW1vcnkgb3IgcmF0aW9uYWxpdHksIG9ubHkgdGhlIGludGVudGlvbiB0byBwcm90ZWN0IHRoZSBiYXNlIGlzIGxlZnQgaW4gaGVyLg==,,,,,SnVsaWFuOiBTZW0gcXVhbHF1ZXIgbWVtw7NyaWEgYW50ZXJpb3Igb3UgcmFjaW9uYWxpZGFkZSwgYSDDum5pY2EgY29pc2EgcXVlIHJlc3RvdSBuZWxhIMOpIGEgaW50ZW7Dp8OjbyBkZSBwcm90ZWdlciBhIGJhc2Uu,,SnVsaWFuOiBObyB0aWVuZSByZWN1ZXJkb3MgbmkgcmFjaW9uYWxpZGFkLCBzb2xvIHF1ZWRhIGVuIGVsbGEgbGEgaW50ZW5jacOzbiBkZSBwcm90ZWdlciBsYSBiYXNlLg==
49uuBw,,SnVsaWFuOiBTaGUgaXMgaW4gc3VjaCBhIG1lY2hhbmljYWwgc3RhdHVzIHRoYXQgaXQgaXMgZGlmZmljdWx0IHRvIHNlZSBhIGh1bWFuIGluIGhlci4gQnV0IHNoZSBkb2Vzbid0IGF0dGFjayBhbnlvbmUsIHVubGVzcyBqdWRnZWQgYXMgYW4gZW5lbXku,,,,,SnVsaWFuOiBFbGEgZXN0w6EgZW0gdW0gbW9kbyB0w6NvIGF1dG9tw6F0aWNvIHF1ZSDDqSBkaWbDrWNpbCBkZSB2ZXIgdHJhw6dvcyBodW1hbm9zIG5lbGEuIE1hcyBlbGEgbsOjbyBhdGFjYSBuaW5ndcOpbSwgYSBuw6NvIHNlciBxdWUgc2VqYSBjb25zaWRlcmFkbyB1bSBpbmltaWdvLg==,,SnVsaWFuOiBTZSBjb21wb3J0YSBkZSBmb3JtYSB0YW4gbWVjw6FuaWNhIHF1ZSBlcyBkaWbDrWNpbCB2ZXIgZW4gZWxsYSBhIHVuIHNlciBodW1hbm8uIFBlcm8gbm8gYXRhY2EgYSBuYWRpZSwgYSBtZW5vcyBxdWUgc2UgY29uc2lkZXJlIGVuZW1pZ28u
5NuuBw,,SnVsaWFuOiBZb3UgaGF2ZSB0byBoZWxwIG1lIGluIGZpbmRpbmcgb3V0IGhlciBwb3RlbnRpYWwgYWJpbGl0eS4=,,,,,SnVsaWFuOiBWb2PDqiBwcmVjaXNhIG1lIGFqdWRhciBhIGVuY29udHJhciBhIGhhYmlsaWRhZGUgcG90ZW5jaWFsIGRlbGEu,,SnVsaWFuOiBUaWVuZXMgcXVlIGF5dWRhcm1lIGEgZGVzY3VicmlyIHN1IHBvdGVuY2lhbC4=
5duuBw,,RWJlbDogSnVsaWFuLCBpcyB0aGF0IGFuIGVuZW15Pw==,,,,,TWFsw61jaWE6IEp1bGlhbiwgaXN0byDDqSB1bSBpbmltaWdvPw==,,RWJlbDogSnVsaWFuLCDCv2VzbyBlcyB1biBlbmVtaWdvPw==
5tuuBw,,SnVsaWFuOiBPaCwgdGhlIHBlcnNvbiBpbiBmcm9udCBvZiB5b3UgaXMgeW91ciBlbmVteSBvbmx5IGZvciBhIHdoaWxlLg==,,,,,SnVsaWFuOiBBaCwgYSBwZXNzb2EgbmEgc3VhIGZyZW50ZSDDqSBzZXUgaW5pbWlnbyBhcGVuYXMgcG9yIHVtIHRlbXBvLg==,,SnVsaWFuOiBMYSBwZXJzb25hIHF1ZSB0aWVuZXMgZGVsYW50ZSBlcyB0dSBlbmVtaWdhIHNvbG8gcG9yIHVuIHRpZW1wby4=
59uuBw,,RWJlbDogSGFzIGhlIGNvbWUgdG8gZGVzdHJveSB0aGlzIHBsYWNlPw==,,,,,TWFsw61jaWE6IEVsZSB2ZWlvIHBhcmEgZGVzdHJ1aXIgZXN0ZSBsdWdhcj8=,,RWJlbDogwr9WaW5vIGEgZGVzdHJ1aXIgZXN0ZSBsdWdhcj8=
6NuuBw,,W0ViZWxdCkFyZSB5b3UgbXkgY29tcGFuaW9uPyBPciBhbiBlbmVteT8gV2hpY2ggc2lkZSBhcmUgeW91IG9uPw==,,,,,W01hbMOtY2lhXQpWb2PDqiDDqSBtZXUgY29tcGFuaGVpcm8/IE91IHVtIGluaW1pZ28/IERlIHF1ZSBsYWRvIHZvY8OqIGVzdMOhPw==,,W0ViZWxdCsK/RXN0w6FzIGRlIG1pIGxhZG8/IMK/TyBjb250cmEgbcOtPyDCv0VuIHF1w6kgYmFuZG8gZXN0w6FzPw==
6duuBw,,U1dUXzgzMDk=,,,,,U1dUXzgzMDk=,,U1dUXzgzMDk=
6tuuBw,,WW91IGNhbiBzZWUgYW4gdW51c3VhbGx5IGF0dHJhY3RpdmUKcmVkIGJ1dHRvbi4KLS0tLS0tLS0tLS0tLS0tLS0tLS0tCl5GRjAwMDBbRG8gbm90IHB1c2hdXjAwMDAwMA==,,,,,Vm9jw6ogY29uc2VndWUgdmVyIHVtIGJvdMOjbyB2ZXJtZWxobwplc3RyYW5oYW1lbnRlIGNvbnZpZGF0aXZvLgotLS0tLS0tLS0tLS0tLS0tLS0tLS0KXkZGMDAwMFtOw6NvIGFwZXJ0YXJdXjAwMDAwMA==,,U2UgcHVlZGUgdmVyIHVuIApib3TDs24gcm9qbyBleHRyYcOxYW1lbnRlIGF0cmFjdGl2by4KLS0tLS0tLS0tLS0tLS0tLS0tLS0tCl5GRjAwMDBbTm8gYXByZXRhcl1eMDAwMDAw
69uuBw,,SWdub3JlIGl0,,,,,SWdub3Jhcg==,,Tm8gcHVsc2FyIGVsIGJvdMOzbi4=
7NuuBw,,UHVzaCBpdA==,,,,,QXBlcnRhcg==,,UHVsc2FyIGVsIGJvdMOzbi4=
7duuBw,,WW91IGlnbm9yZWQgdGhlIGJ1dHRvbiBhbmQgc3RlcHBlZCBiYWNrLiBOb3RoaW5nIGhhcHBlbmVkLg==,,,,,Vm9jw6ogaWdub3JvdSBvIGJvdMOjbyBlIHNlIGFmYXN0b3UuIE5hZGEgYWNvbnRlY2V1Lg==,,Tm8gcHVsc2FzdGUgZWwgYm90w7NuIHkgZGlzdGUgdW4gcGFzbyBoYWNpYSBhdHLDoXMuIE5vIHBhc8OzIG5hZGEu
7tuuBw,,VGhlcmUgaXMgYW4gaW50cnVkZXIgaW4gdGhlIHJlc3RyaWN0ZWQgYXJlYS4gQWxsIHVuaXQgbWVtYmVycyBhc3NlbWJsZS4=,,,,,SMOhIHVtIGludHJ1c28gbmEgw6FyZWEgcmVzdHJpdGEuIFRvZG9zIG9zIGludGVncmFudGVzIGRhIHVuaWRhZGUgc2UgcmXDum5hbS4=,,SGF5IHVuIGludHJ1c28gZW4gbGEgem9uYSByZXN0cmluZ2lkYS4gVG9kb3MgbG9zIG1pZW1icm9zIGRlIGxhIHVuaWRhZCBkZWJlbiBhZ3J1cGFyc2Uu
79uuBw,,U2VjdXJpdHkgY29udHJvbGxlcjI=,,,,,U2VjdXJpdHkgY29udHJvbGxlcjI=,,U2VjdXJpdHkgY29udHJvbGxlcjI=
8NuuBw,,UGlsZSBvZiBndW5wb3dkZXI=,,,,,UGlsaGEgZGUgUMOzbHZvcmE=,,UGlsZSBvZiBndW5wb3dkZXI=
