QBZA,,RnJlZGU=,,,,,RnJlZGU=,,RnJlZGU=
QRZA,,W0ZyZWRlXQpNb2FuLi4uIG1vYW4uLi4=,,,,,W0ZyZWRlXQpHZW1pZG8uLi4gZ2VtaWRvLi4u,,W0ZyZWRlXQpBeeKApiBBeXl54oCm
QhZA,,W3t9XQpBcmUgeW91IGFscmlnaHQ/CllvdSBkb24ndCBsb29rIHdlbGwuIERvIHlvdSBuZWVkIGhlbHA/,,,,,W3t9XQpWb2PDqiBlc3TDoSBiZW0/ClZvY8OqIG7Do28gcGFyZWNlIGVzdGFyIGJlbS4gUHJlY2lzYSBkZSBhanVkYT8=,,W3t9XQrCv0VzdMOhcyBiaWVuPwpObyB0aWVuZXMgYnVlbiBhc3BlY3RvLiDCv05lY2VzaXRhcyBheXVkYT8=
QxZA,,W0ZyZWRlXQpBaC4uLiB0aGFuayB5b3UuCk15IGxlZyBpcyBpbmp1cmVkLi4u,,,,,W0ZyZWRlXQpBaC4uLiBvYnJpZ2Fkby4KTWFjaHVxdWVpIGEgcGVybmEuLi4=,,W0ZyZWRlXQpBaOKApiBHcmFjaWFzLgpUZW5nbyBsYSBwaWVybmEgbGFzdGltYWRh4oCm
RBZA,,W0ZyZWRlXQpEbyB5b3UgbWluZCBoZWxwaW5nIG1lIGdldCB0byB0aGUgYnVpbGRpbmcgb3ZlciB0aGVyZT8KSSB3aWxsIGZlZWwgYmV0dGVyIGlmIEkgcmVzdCBhIGxpdHRsZS4=,,,,,W0ZyZWRlXQpWb2PDqiBzZSBpbXBvcnRhIGRlIG1lIGFqdWRhciBhIGNoZWdhciBhbyBwcsOpZGlvIGFsaT8KVm91IG1lIHNlbnRpciBtZWxob3Igc2UgZGVzY2Fuc2FyIHVtIHBvdWNvLg==,,W0ZyZWRlXQrCv1RlIGltcG9ydGFyw61hIGF5dWRhcm1lIGEgbGxlZ2FyIGFsIGVkaWZpY2lvIGRlIGFsbMOhPwpNZSBzZW50aXLDqSBtZWpvciBzaSBkZXNjYW5zbyB1biBwb2NvLg==
RRZA,,W0ZyZWRlXQpJJ20gZ2V0dGluZyB0aXJlZC4gQ2FuIHdlIGNvbnRpbnVlIHRhbGtpbmcgaW5zaWRlLg==,,,,,W0ZyZWRlXQpFc3RvdSBmaWNhbmRvIGNhbnNhZG8uIFBvZGVtb3MgY29udGludWFyIGNvbnZlcnNhbmRvIGzDoSBkZW50cm8/,,W0ZyZWRlXQpNZSBlc3RveSBjYW5zYW5kby4gwr9Qb2RlbW9zIHNlZ3VpciBoYWJsYW5kbyBkZW50cm8/
RhZA,,W0ZyZWRlXQpIb3cgaXMgbXkgbGl0dGxlIGZhdm9yIGdvaW5nPwpXZSBjYW4gaGF2ZSBhIGNoYXQgYWZ0ZXIgeW91IGFyZSBkb25lIHdpdGggaXQu,,,,,W0ZyZWRlXQpDb21vIGVzdMOhIGluZG8gbWV1IHBlcXVlbm8gZmF2b3I/ClBvZGVtb3MgY29udmVyc2FyIGRlcG9pcyBxdWUgdm9jw6ogdGVybWluYXIu,,W0ZyZWRlXQrCv0PDs21vIHZhIG1pIHBlcXVlw7FvIGZhdm9yPwpIYWJsZW1vcyBkZXNwdcOpcyBkZSBxdWUgaGF5YXMgdGVybWluYWRvLg==
RxZA,,W0ZyZWRlXQp7fSwgdGhlIGd1eXMgc2FpZCB0aGV5IHdhbnRlZCB0byBtZWV0IHVwIHRvZ2V0aGVyIHNvbWV0aW1lLgpNYWtlIHN1cmUgeW91IGNsZWFyIHlvdXIgc2NoZWR1bGUu,,,,,W0ZyZWRlXQp7fSwgb3MgcmFwYXplcyBkaXNzZXJhbSBxdWUgZ29zdGFyaWFtIGRlIHNlIGVuY29udHJhciBhbGd1bSBkaWEuCkNlcnRpZmlxdWUtc2UgZGUgbGliZXJhciBzdWEgYWdlbmRhLg==,,W0ZyZWRlXQpPeWUsIHt9LCBsb3MgY2hpY29zIGRpamVyb24gcXVlIHF1ZXLDrWFuIHJldW5pcnNlIGFsZ3VuYSB2ZXouCkFzZWfDunJhdGUgZGUgaGFjZXIgZXNwYWNpbyBlbiB0dSBhZ2VuZGEu
SBZA,,W0ZyZWRlXQpYWFhYWFhYClhYWFhYWFhYWA==,,,,,W0ZyZWRlXQpYWFhYWFhYClhYWFhYWFhYWA==,,W0ZyZWRlXQpYWFhYWFhYClhYWFhYWFhYWA==
SRZA,,W0ZyZWRlXQpaenouLi5aenouLi4=,,,,,W0ZyZWRlXQpaenouLi5aenouLi4=,,W0ZyZWRlXQpaenrigKYgWnp64oCm
ShZA,,W0ZyZWRlXQpQaGV3Li4uClRoYW5rIHlvdSBzbyBtdWNoLgpJJ20gZ2xhZCBJIGdvdCBhIHNob3Qgb2YgXkY1N0Q3REJyYWRpdW1eMDAwMDAwIGJlZm9yZSBpdCB3YXMgdG9vIGxhdGUu,,,,,W0ZyZWRlXQpVZmEuLi4KTXVpdG8gb2JyaWdhZG8uCkVzdG91IGZlbGl6IHBvciB0ZXIgY29uc2VndWlkbyB1bWEgZG9zZSBkZSBeRjU3RDdEQnJhZGl1bV4wMDAwMDAgYW50ZXMgcXVlIGZvc3NlIHRhcmRlIGRlbWFpcy4=,,W0ZyZWRlXQpGaXXigKYKTXVjaGFzIGdyYWNpYXMuCk1lIGFsZWdybyBkZSBoYWJlciByZWNpYmlkbyB1bmEgaW55ZWNjacOzbiBkZSBeOTUyNDIwQnJhZGl1bV4wMDAwMDAgYW50ZXMgZGUgcXVlIGZ1ZXJhIGRlbWFzaWFkbyB0YXJkZS4=
SxZA,,W3t9XQpIdWZmLi4uSHVmZi4uLgpJJ20gZ2xhZCB0aGF0IHlvdSBmZWVsIGJldHRlci4=,,,,,W3t9XQpIdWZmLi4uIEh1ZmYuLi4KRmljbyBmZWxpeiBxdWUgZXN0ZWphIHNlIHNlbnRpbmRvIG1lbGhvci4=,,W3t9XQpVZuKApiBVZuKApgpNZSBhbGVncm8gZGUgcXVlIHRlIHNpZW50YXMgbWVqb3Iu
TBZA,,W0ZyZWRlXQpPaCBteSEhIFdoeSBhcmUgeW91IHN3ZWF0aW5nIHNvIG11Y2ghCllvdSBsb29rIGEgbGl0dGxlIHBhbGUgdG9vLi4uLi4u,,,,,W0ZyZWRlXQpPaCwgbWV1IERldXMhISEgUG9yIHF1ZSBlc3TDoSBzdWFuZG8gdGFudG8/ClZvY8OqIHRhbWLDqW0gZXN0w6EgbWVpbyBww6FsaWRvLi4uLi4u,,W0ZyZWRlXQrCoVNhbnRvIGNpZWxvISDCv1BvciBxdcOpIGVzdMOhcyBzdWRhbmRvIHRhbnRvPwpZIHR1IGFzcGVjdG8gZXMgdW4gcG9jbyBww6FsaWRv4oCm
TRZA,,W3t9XQpObywgaXQncyBub3RoaW5nLgpJJ20gb25seSBhIGxpdHRsZSB0aXJlZCwgdGhhdCdzIGFsbC4=,,,,,W3t9XQpOw6NvLCBuw6NvIMOpIG5hZGEuClPDsyBlc3RvdSB1bSBwb3VjbyBjYW5zYWRvLCBzw7MgaXNzby4=,,W3t9XQpObywgbm8gZXMgbmFkYS4KU29sbyBlcyBlbCBjYW5zYW5jaW8u
ThZA,,W0ZyZWRlXQpIZXJlLCBzaXQgYW5kIGVhdCB0aGlzLgpUaGUgY2F0cyBvdXRzaWRlIGdhdmUgaXQgdG8gbWUuIEl0IGRvZXNuJ3QgZG8gbXVjaCBnb29kIGZvciBTYXBoYXMgYnV0IEkgaGVhcmQgaXQncyBzdXBwb3NlIHRvIGhlbHAgeW91IGh1bWFucy4=,,,,,W0ZyZWRlXQpBcXVpLCBzZW50ZS1zZSBlIGNvbWEgaXN0by4KT3MgZ2F0b3MgbMOhIGZvcmEgcXVlIG1lIGRlcmFtLiBOw6NvIGZheiBtdWl0byBiZW0gcGFyYSBvcyBTYXBoYXMsIG1hcyBvdXZpIGRpemVyIHF1ZSBkZXZlIGFqdWRhciBvcyBodW1hbm9zLg==,,W0ZyZWRlXQpWZW4sIHNpw6ludGF0ZSB5IGNvbWUgZXN0by4KTWUgbG8gZGllcm9uIGxvcyBnYXRvcyBkZSBhZnVlcmEuIE5vIGxlcyBzaXJ2ZSBtdWNobyBhIGxvcyBzYXBoYXMsIHBlcm8gZGljZW4gcXVlIHRpZW5lIGJlbmVmaWNpb3MgcGFyYSBsb3MgaHVtYW5vcy4=
TxZA,,W3t9XQpCdXQgdGhlIGluanVyeSBvbiB5b3VyIGxlZyBkb2Vzbid0IGxvb2sgbmV3LiBXaHkgZGlkIHlvdSBjb21lIG91dCB3aXRoIGEgd291bmRlZCBsZWc/,,,,,W3t9XQpNYXMgbyBmZXJpbWVudG8gZW0gc3VhIHBlcm5hIG7Do28gcGFyZWNlIHNlciBub3ZvLiBQb3IgcXVlIHZvY8OqIHNhaXUgY29tIHVtYSBwZXJuYSBmZXJpZGE/,,W3t9XQpMYSBoZXJpZGEgcXVlIHRpZW5lcyBlbiBsYSBwaWVybmEgbm8gcGFyZWNlIHJlY2llbnRlLiDCv1BvciBxdcOpIHNhbGlzdGUgY29uIHVuYSBwaWVybmEgaGVyaWRhPw==
UBZA,,W0ZyZWRlXQpJIGNhbiBzdGlsbCBtb3ZlIGFyb3VuZCB3aXRoIHRoaXMgbGVnIGFuZCBJIHdhbnRlZCB0byBoZWxwIHRoZSB2aWxsYWdlLg==,,,,,W0ZyZWRlXQpBaW5kYSBjb25zaWdvIG1lIGxvY29tb3ZlciBjb20gZXN0YSBwZXJuYSBlIHF1ZXJpYSBhanVkYXIgYSBhbGRlaWEu,,W0ZyZWRlXQpUb2RhdsOtYSBwdWVkbyBtb3Zlcm1lIGNvbiBlc3RhIHBpZXJuYSB5IHF1ZXLDrWEgYXl1ZGFyIGEgbGEgYWxkZWEu
URZA,,W3t9XQpCdXQgeW91IHNob3VsZCBzdGF5IGhvbWUgYW5kIHJlY292ZXIu,,,,,W3t9XQpNYXMgdm9jw6ogZGV2ZSBmaWNhciBlbSBjYXNhIGUgc2UgcmVjdXBlcmFyLg==,,W3t9XQpQZXJvIHF1aXrDoXMgZGViZXLDrWFzIHF1ZWRhcnRlIGVuIGNhc2EgeSByZWN1cGVyYXJ0ZS4=
UhZA,,W0ZyZWRlXQpUaGUgZmFjdCBpcywgbXkgbGVnIHdpbGwgbmV2ZXIgcmVjb3Zlci4KSSBjYW4gb25seSBrZWVwIG15IGluanVyeSBmcm9tIGdldHRpbmcgd29yc2Uu,,,,,W0ZyZWRlXQpPIGZhdG8gw6kgcXVlIG1pbmhhIHBlcm5hIG51bmNhIHNlIHJlY3VwZXJhcsOhLgpTw7MgcG9zc28gZXZpdGFyIHF1ZSBtaW5oYSBsZXPDo28gcGlvcmUu,,W0ZyZWRlXQpMYSB2ZXJkYWQgZXMgcXVlIG1pIHBpZXJuYSBqYW3DoXMgc2UgcmVjdXBlcmFyw6EuClNvbG8gcHVlZG8gZXZpdGFyIHF1ZSBsYSBoZXJpZGEgZW1wZW9yZS4=
UxZA,,W0ZyZWRlXQpCdXQgSSdtIGdyYXRlZnVsIHRoYXQgSSBjYW4gc3RpbGwgbW92ZSBhcm91bmQuCkhhLi4uLi4uCldoZW4gZGlkIHdlIHN0YXJ0IHRvIGJlIGFmcmFpZCBvZiAnZGVhdGgnPw==,,,,,W0ZyZWRlXQpNYXMgc291IGdyYXRvIHBvciBhaW5kYSBwb2RlciBtZSBtb3ZpbWVudGFyLgpIYS4uLi4uLgpRdWFuZG8gY29tZcOnYW1vcyBhIHRlciBtZWRvIGRhICcnbW9ydGUnJz8=,,W0ZyZWRlXQpQZXJvIGFncmFkZXpjbyBwb2RlciBzZWd1aXIgbW92acOpbmRvbWUuCkph4oCmCsK/Q3XDoW5kbyBlbXBlemFtb3MgYSB0ZW5lcmxlIG1pZWRvIGEgbGEg4oCcbXVlcnRl4oCdPw==
VBZA,,W0ZyZWRlXQpTYXBoYXMgaGF2ZSBuZXZlciBoYWQgYW55ICdzaWNrbmVzc2VzJyBhbmQgd2UgZG9uJ3QgZGllIHVubGVzcyB0aGVyZSBpcyBhIHRlcnJpYmxlIGFjY2lkZW50Lg==,,,,,W0ZyZWRlXQpPcyBTYXBoYXMgbnVuY2EgdGl2ZXJhbSBuZW5odW1hICcnZG9lbsOnYScnIGUgbsOjbyBtb3JyZW1vcyBhIG1lbm9zIHF1ZSBvY29ycmEgdW0gYWNpZGVudGUgdGVycsOtdmVsLg==,,W0ZyZWRlXQpMb3Mgc2FwaGFzIG51bmNhIGhlbW9zIHRlbmlkbyBlbmZlcm1lZGFkZXMgeSBubyBwb2RlbW9zIG1vcmlyIGEgbWVub3MgcXVlIG5vcyBvY3VycmEgdW4gYWNjaWRlbnRlIG11eSBncmF2ZS4=
VRZA,,W0ZyZWRlXQpUaGlzIGlzIGFsc28gdGhlIHJlYXNvbiB3aHkgd2UgU2FwaGFzIGNhbiBtYWludGFpbiBhIHBlcmZlY3QgY29tbXVuaXR5LgpXZSBkaWRuJ3QgaGF2ZSB0byBiZSBncmVlZHku,,,,,W0ZyZWRlXQpFc3NhIHRhbWLDqW0gw6kgYSByYXrDo28gcGVsYSBxdWFsIG7Ds3MsIFNhcGhhcywgcG9kZW1vcyBtYW50ZXIgdW1hIGNvbXVuaWRhZGUgcGVyZmVpdGEuCk7Do28gcHJlY2lzYW1vcyBzZXIgZ2FuYW5jaW9zb3Mu,,W0ZyZWRlXQpFc2EgZXMgdGFtYmnDqW4gbGEgcmF6w7NuIHBvciBsYSBxdWUgbG9zIHNhcGhhcyBwb2RlbW9zIG1hbnRlbmVyIGNvbXVuaWRhZGVzIHBlcmZlY3Rhcy4KTm8gbmVjZXNpdMOhYmFtb3MgcmVjdXJyaXIgYSBsYSBhdmFyaWNpYS4=
VhZA,,W0ZyZWRlXQpCdXQgc3VkZGVubHkgd2UgYXJlIGhpdCB3aXRoIHRoaXMgZXBpZGVtaWMgYW5kIG1hbnkgU2FwaGFzIGhhdmUgbG9zdCB0aGVpciBsb3ZlZCBvbmVzIGV2ZXIgc2luY2Uu,,,,,W0ZyZWRlXQpNYXMsIGRlIHJlcGVudGUsIGZvbW9zIGF0aW5naWRvcyBwb3IgZXNzYSBlcGlkZW1pYSBlIG11aXRvcyBTYXBoYXMgcGVyZGVyYW0gc2V1cyBlbnRlcyBxdWVyaWRvcyBkZXNkZSBlbnTDo28u,,W0ZyZWRlXQpEZSBwcm9udG8sIHVuYSBlcGlkZW1pYSBub3MgYXpvdMOzIHkgbXVjaG9zIHNhcGhhcyBoYW4gcGVyZGlkbyBhIHN1cyBzZXJlcyBhbWFkb3MgZGVzZGUgZW50b25jZXMu
VxZA,,W0ZyZWRlXQpXZSB3ZXJlbid0IHByZXBhcmVkIGZvciBzdWNoIGEgZGlzYXN0ZXIuCkl0IHdhcyBjaGFvcy4gTm9ib2R5IGtuZXcgd2hhdCB0byBkbyBidXQgd2F0Y2ggdGhlbSBkaWUu,,,,,W0ZyZWRlXQpOw6NvIGVzdMOhdmFtb3MgcHJlcGFyYWRvcyBwYXJhIHVtIGRlc2FzdHJlIGNvbW8gZXNzZS4KRm9pIHVtIGNhb3MuIE5pbmd1w6ltIHNhYmlhIG8gcXVlIGZhemVyIGEgbsOjbyBzZXIgdsOqLWxvcyBtb3JyZXIu,,W0ZyZWRlXQpObyBlc3TDoWJhbW9zIHByZXBhcmFkb3MgcGFyYSBzZW1lamFudGUgZGVzYXN0cmUuCkZ1ZSB1biBjYW9zIHRvdGFsLiBOYWRpZSBzYWLDrWEgcXXDqSBoYWNlciBzYWx2byB2ZXIgYSBsb3MgbnVlc3Ryb3MgbW9yaXIu
WBZA,,W0ZyZWRlXQpJdCB3YXMgd29yc2UgZm9yIHVzIGJlY2F1c2Ugd2UgbmV2ZXIgZXhwZXJpZW5jZWQgZGVhdGggZnJvbSBnZXR0aW5nIG9sZC4KSSBhbHNvIHRob3VnaHQgbXkgXkY1N0Q3RFN0aWxsIEZyaWVuZHNeMDAwMDAwIHdvdWxkIHdha2UgdXAgb25lIGRheS4=,,,,,W0ZyZWRlXQpGb2kgcGlvciBwYXJhIG7Ds3MgcG9ycXVlIG51bmNhIGV4cGVyaW1lbnRhbW9zIGEgbW9ydGUgcG9yIGVudmVsaGVjaW1lbnRvLgpFdSB0YW1iw6ltIGFjaGF2YSBxdWUgbWV1cyBeRjU3RDdEU3RpbGwgRnJpZW5kc14wMDAwMDAgYWNvcmRhcmlhbSB1bSBkaWEu,,W0ZyZWRlXQpGdWUgcGVvciBwYXJhIG5vc290cm9zIHBvcnF1ZSBubyBjb25vY8OtYW1vcyBsYSBtdWVydGUgcG9yIGVudmVqZWNpbWllbnRvLgpUYW1iacOpbiBwZW5zYWJhIHF1ZSBtaXMgXkY1N0Q3RGFtaWdvcyBpbm3Ds3ZpbGVzXjAwMDAwMCBkZXNwZXJ0YXLDrWFuIGFsZ8O6biBkw61hLg==
WRZA,,W0ZyZWRlXQpCdXQgYWZ0ZXIgYSB3aGlsZSwgd2UgcmVhbGl6ZWQgaXQgd2FzIGEgc2lja25lc3MgdGhhdCBsZWQgdG8gZGVhdGggYW5kIHN0YXJ0ZWQgdG8gc2VhcmNoIGZvciBhIGN1cmUsIGJ1dCB0aGUgc2l0dWF0aW9uIHdhcyBvdXQgb2YgY29udHJvbC4=,,,,,W0ZyZWRlXQpNYXMsIGRlcG9pcyBkZSB1bSB0ZW1wbywgcGVyY2ViZW1vcyBxdWUgZXJhIHVtYSBkb2Vuw6dhIHF1ZSBsZXZhdmEgw6AgbW9ydGUgZSBjb21lw6dhbW9zIGEgcHJvY3VyYXIgdW1hIGN1cmEsIG1hcyBhIHNpdHVhw6fDo28gZXN0YXZhIGZvcmEgZGUgY29udHJvbGUu,,W0ZyZWRlXQpBbCBjYWJvIGRlIHVuIHRpZW1wbywgZGVzY3Vicmltb3MgcXVlIGxhIGVuZmVybWVkYWQgcHJvdm9jYWJhIGxhIG11ZXJ0ZSwgYXPDrSBxdWUgY29tZW56YW1vcyBhIGJ1c2NhciB1bmEgY3VyYSwgcGVybyBsYSBzaXR1YWNpw7NuIHlhIHNlIG5vcyBoYWLDrWEgc2FsaWRvIGRlIGxhcyBtYW5vcy4=
WhZA,,W0ZyZWRlXQpXZSBhcmUgdmVyeSBhZHZhbmNlZCBpbiBzY2llbmNlIHRlY2hub2xvZ3kgYnV0IHdlIGxhY2sga25vd2xlZGdlIGluIHRoZSBtZWRpY2FsIGZpZWxkLg==,,,,,W0ZyZWRlXQpFc3RhbW9zIG11aXRvIGF2YW7Dp2Fkb3MgZW0gdGVjbm9sb2dpYSBjaWVudMOtZmljYSwgbWFzIG5vcyBmYWx0YSBjb25oZWNpbWVudG8gbmEgw6FyZWEgbcOpZGljYS4=,,W0ZyZWRlXQpFc3RhbW9zIG11eSBhdmFuemFkb3MgZW4gY2llbmNpYSB5IHRlY25vbG9nw61hLCBwZXJvIG5vcyBmYWx0YW4gY29ub2NpbWllbnRvcyBlbiBlbCBjYW1wbyBtw6lkaWNvLg==
WxZA,,W0ZyZWRlXQpBIG1lZGljaW5lIHdhcyBjb21wbGV0ZWQgb25seSBhZnRlciB3ZSBsb3N0IG1hbnkgbGl2ZXMgYnV0IGl0IGlzbid0IGVub3VnaCB0byBjb21wbGV0ZWx5IGN1cmUgdGhlIHNpY2tuZXNzLg==,,,,,W0ZyZWRlXQpVbSBtZWRpY2FtZW50byBzw7MgZm9pIGNvbmNsdcOtZG8gZGVwb2lzIHF1ZSBwZXJkZW1vcyBtdWl0YXMgdmlkYXMsIG1hcyBuw6NvIMOpIHN1ZmljaWVudGUgcGFyYSBjdXJhciBjb21wbGV0YW1lbnRlIGEgZG9lbsOnYS4=,,W0ZyZWRlXQpTZSBsb2dyw7MgZmFicmljYXIgdW4gbWVkaWNhbWVudG8sIHBlcm8geWEgaGFiw61hbW9zIHBlcmRpZG8gYSBtdWNob3MgZGUgbG9zIG51ZXN0cm9zLCB5IGVsIG1lZGljYW1lbnRvIG5vIGVycmFkaWNhIGxhIGVuZmVybWVkYWQgcG9yIGNvbXBsZXRvLg==
XBZA,,W0ZyZWRlXQpBcyBsb25nIGFzIEkgZG9uJ3QgZm9yZ2V0IHRvIHRha2UgbXkgQnJhZGl1bSwgSSBjYW4ga2VlcCBmcm9tIGdldHRpbmcgYW55IHdvcnNlLg==,,,,,W0ZyZWRlXQpDb250YW50byBxdWUgZXUgbsOjbyBtZSBlc3F1ZcOnYSBkZSB0b21hciBtZXUgQnJhZGl1bSwgcG9zc28gZXZpdGFyIHVtYSBwaW9yYS4=,,W0ZyZWRlXQpNaWVudHJhcyBubyBvbHZpZGUgdG9tYXIgbWkgQnJhZGl1bSwgcHVlZG8gZXZpdGFyIHF1ZSBlbXBlb3JlLg==
XRZA,,W0ZyZWRlXQpJIHJlY2VudGx5IGRpZCBzb21lIF5GNTdEN0RyZXBhaXIgd29yayBpbiB0aGUgY2F2ZSBuZXh0IHRvIHRoZSB2aWxsYWdlXjAwMDAwMCwgYnV0IEkgZm9yZ290IHRvIHRha2UgQnJhZGl1bSB3aGlsZSBJIHdhcyB3b3JraW5nLg==,,,,,W0ZyZWRlXQpSZWNlbnRlbWVudGUsIGZpeiB1bSBeRjU3RDdEdHJhYmFsaG8gZGUgcmVwYXJvIG5hIGNhdmVybmEgcHLDs3hpbWEgw6AgdmlsYV4wMDAwMDAsIG1hcyBlc3F1ZWNpIGRlIHBlZ2FyIG8gQnJhZGl1bSBlbnF1YW50byB0cmFiYWxoYXZhLg==,,W0ZyZWRlXQpIYWNlIHBvY28sIGVzdHV2ZSB0cmFiYWphbmRvIHBhcmEgXkY1N0Q3RGF5dWRhciBhIHJlcGFyYXIgbGEgY3VldmEgcXVlIGVzdMOhIGp1bnRvIGEgbGEgYWxkZWFeMDAwMDAwLCBwZXJvIG9sdmlkw6kgdG9tYXIgbWkgQnJhZGl1bSBtaWVudHJhcyB0cmFiYWphYmEu
XhZA,,W0ZyZWRlXQpJIHVzdWFsbHkgY2FycnkgZXh0cmEgQnJhZGl1bSB3aXRoIG1lIHdoZW4gSSBnbyBvdXRzaWRlIG9mIHRvd24gZm9yIHdvcmsgYnV0IHlvdSBjYW4gZWFzaWx5IGxvc2Ugc2Vuc2Ugb2YgdGltZSBpbiBhIGNhdmUu,,,,,W0ZyZWRlXQpOb3JtYWxtZW50ZSBsZXZvIGNvbWlnbyB1bSBCcmFkaXVtIGV4dHJhIHF1YW5kbyBzYWlvIGRhIGNpZGFkZSBhIHRyYWJhbGhvLCBtYXMgw6kgZsOhY2lsIHBlcmRlciBhIG5vw6fDo28gZG8gdGVtcG8gZW0gdW1hIGNhdmVybmEu,,W0ZyZWRlXQpTdWVsbyBsbGV2YXIgY29ubWlnbyBCcmFkaXVtIGRlIHNvYnJhIGN1YW5kbyBzYWxnbyBkZSBsYSBjaXVkYWQgcG9yIHRyYWJham8sIHBlcm8gZXMgZsOhY2lsIHBlcmRlciBsYSBub2Npw7NuIGRlbCB0aWVtcG8gZW4gbGFzIGN1ZXZhcy4=
XxZA,,W0ZyZWRlXQouLi4uLi51bW0uLi4uLi4KLi4uLi4uLi4uLi4uLi4=,,,,,W0ZyZWRlXQouLi4uLi51bW0uLi4uLi4KLi4uLi4uLi4uLi4uLi4=,,W0ZyZWRlXQpVbeKApgouLi4uLi4uLi4uLi4uLg==
YBZA,,W0ZyZWRlXQpPaCBubyEhISEhISEhISEhISEhISEKQ29tZS4uLiB0byB0aGluayBvZiBpdC4uLi4KTXkgZnJpZW5kcyEhISEhISEhISE=,,,,,W0ZyZWRlXQpPaCwgbsOjbyEhISEhISEhISEhISEhISEKVmVuaGEuLi4gcGFyYSBwZW5zYXIgbmlzc28uLi4uCk1ldXMgYW1pZ29zISEhISEhISEhIQ==,,W0ZyZWRlXQrCoUF5LCBubyEKQWhvcmEgcXVlIGxvIHBpZW5zb+KApgrCoU1pcyBhbWlnb3Mh
YRZA,,W0ZyZWRlXQpJIGhhdmVuJ3Qgc2VlbiBteSBmcmllbmRzIHdobyBJIHdvcmtlZCB3aXRoIGluIHRoZSBjYXZlLg==,,,,,W0ZyZWRlXQpOw6NvIHRlbmhvIHZpc3RvIG1ldXMgYW1pZ29zIGNvbSBxdWVtIHRyYWJhbGhlaSBuYSBjYXZlcm5hLg==,,W0ZyZWRlXQpObyBoZSB2aXN0byBhIG1pcyBhbWlnb3MgY29uIHF1aWVuZXMgdHJhYmFqw6kgZW4gbGEgY3VldmEu
YhZA,,W0ZyZWRlXQpUaGV5IGhhdmUgdG8gcmV0dXJuIHRvIHRoZSB2aWxsYWdlIG9uY2UgZXZlcnkgZmV3IGRheXMgdG8gcmVwbGVuaXNoIHRoZWlyIEJyYWRpdW0uCk1heWJlLi4uLi4udGhleSBmb3Jnb3Q/,,,,,W0ZyZWRlXQpFbGVzIHByZWNpc2FtIHJldG9ybmFyIMOgIGFsZGVpYSBhIGNhZGEgcG91Y29zIGRpYXMgcGFyYSByZWFiYXN0ZWNlciBvIEJyYWRpdW0uClNlcsOhLi4uLi4uIHF1ZSBzZSBlc3F1ZWNlcmFtPw==,,W0ZyZWRlXQpUaWVuZW4gcXVlIHZvbHZlciBhIGxhIGFsZGVhIGNhZGEgdW4gcGFyIGRlIGTDrWFzIHBhcmEgcmVhYmFzdGVjZXIgc3VzIGZ1ZW50ZXMgZGUgQnJhZGl1bS4Kwr9RdWl6w6Fz4oCmIHNlIGxlcyBvbHZpZMOzPw==
YxZA,,W0ZyZWRlXQpPaC4uIHdoYXQgc2hvdWxkIEkgZG8uLi4/Ckkgd291bGQgcnVuIHRoZXJlIG15c2VsZiBpZiBvbmx5IG15IGxlZ3Mgd291bGQgbW92ZSBub3JtYWxseS4=,,,,,W0ZyZWRlXQpPaC4uLiBvIHF1ZSBkZXZvIGZhemVyLi4uPwpFdSBtZXNtbyBjb3JyZXJpYSBwYXJhIGzDoSBzZSBtaW5oYXMgcGVybmFzIHNlIG1vdmVzc2VtIG5vcm1hbG1lbnRlLg==,,W0ZyZWRlXQpBeSwgbm8sIMK/cXXDqSBkZWJvIGhhY2VyPwpTaSBtaXMgcGllcm5hcyBmdW5jaW9uYXJhbiBiaWVuLCBjb3JyZXLDrWEgeW8gbWlzbW8gaGFzdGEgYWxsw6Eu
ZBZA,,W0ZyZWRlXQpXb3VsZCB5b3UgbWluZCB2aXNpdGluZyB0aGUgY2F2ZSB0byBzZWUgaWYgbXkgZnJpZW5kcyBhcmUgYWxyaWdodD8=,,,,,W0ZyZWRlXQpWb2PDqiBzZSBpbXBvcnRhcmlhIGRlIHZpc2l0YXIgYSBjYXZlcm5hIHBhcmEgdmVyIHNlIG1ldXMgYW1pZ29zIGVzdMOjbyBiZW0/,,W0ZyZWRlXQrCv1RlIHB1ZWRvIHBlZGlyIHF1ZSB2aXNpdGVzIGxhIGN1ZXZhIHkgY29tcHJ1ZWJlcyBxdWUgbWlzIGFtaWdvcyBlc3TDoW4gYmllbj8=
ZRZA,,V2lsbCBkby4=,,,,,w4kgcG9zc8OtdmVsLg==,,TG8gaGFyw6ku
ZhZA,,Tm8gY2FuIGRvLg==,,,,,TsOjbyDDqSBwb3Nzw612ZWwu,,Tm8gcHVlZG8gaGFjZXJsby4=
ZxZA,,W0ZyZWRlXQpUaGFuayB5b3Ugc28gbXVjaC4KTXkgbWVtb3J5IGlzIGEgYml0IGZ1enp5IHNpbmNlIGl0cyBiZWVuIGEgd2hpbGUgc2luY2UgSSBjYW1lIGJhY2sgdG8gdGhlIHZpbGxhZ2UsCmJ1dCB5b3Ugd2lsbCBmaW5kIGEgXkY1N0Q3RGNhdmUgbmVhcmJ5IHRoZSB2aWxsYWdlIHdpdGggcmVwYWlyIHdvcmsgZ29pbmcgb25eMDAwMDAwLg==,,,,,W0ZyZWRlXQpNdWl0byBvYnJpZ2Fkby4KTWluaGEgbWVtw7NyaWEgZXN0w6EgdW0gcG91Y28gY29uZnVzYSwgcG9pcyBqw6EgZmF6IHVtIHRlbXBvIHF1ZSBuw6NvIHZvbHRvIMOgIGFsZGVpYSwKbWFzIHZvY8OqIGVuY29udHJhcsOhIHVtYSBeRjU3RDdEY2F2ZXJuYSBwcsOzeGltYSDDoCB2aWxhIGNvbSB0cmFiYWxob3MgZGUgcmVwYXJvIGVtIGFuZGFtZW50b14wMDAwMDAu,,W0ZyZWRlXQpNdWNoYXMgZ3JhY2lhcy4KWWEgcGFzw7MgdW4gdGllbXBvIGRlc2RlIHF1ZSB2b2x2w60gYSBsYSBhbGRlYSwgYXPDrSBxdWUgbWlzIHJlY3VlcmRvcyBzb24gdW4gcG9jbyBib3Jyb3NvcywKcGVybyBzw6kgcXVlIGVuY29udHJhcsOhcyBeOTUyNDIwdW5hIGN1ZXZhIGNlcmNhIGRlIGxhIGFsZGVhIGRvbmRlIHNlIGVzdMOhbiBoYWNpZW5kbyByZXBhcmFjaW9uZXNeMDAwMDAwLg==
aBZA,,W0ZyZWRlXQpJIHNhdyBmcmllbmRzIGxlYXZpbmcgdGhlIHZpbGxhZ2UgYWZ0ZXIgcmV0dXJuaW5nIGZvciBtb3JlIEJyYWRpdW0gYSBmZXcgZGF5cyBhZ28uCkkgb25seSBob3BlIHRoZXkgYXJlIGFsbCBoZWFsdGh5IGFuZCB3ZWxsLg==,,,,,W0ZyZWRlXQpWaSBhbWlnb3MgZGVpeGFuZG8gYSBhbGRlaWEgZGVwb2lzIGRlIHZvbHRhciBwYXJhIGJ1c2NhciBtYWlzIEJyYWRpdW0gaMOhIGFsZ3VucyBkaWFzLgpTw7MgZXNwZXJvIHF1ZSBlc3RlamFtIHRvZG9zIHNhdWTDoXZlaXMgZSBiZW0u,,W0ZyZWRlXQpIYWNlIHVub3MgZMOtYXMsIHZpIGEgYWxndW5vcyBhbWlnb3Mgc2FsaWVuZG8gZGUgbGEgYWxkZWEgdHJhcyB2b2x2ZXIgcG9yIG3DoXMgQnJhZGl1bS4KU29sbyBlc3Blcm8gcXVlIHRvZG9zIGVzdMOpbiBzYW5vcyB5IHNhbHZvcy4=
aRZA,,W0ZyZWRlXQpJIGd1ZXNzIEkgY2FuJ3QgZG8gYW55dGhpbmcgYWJvdXQgaXQuCkJ1dCBkcmFnIG15c2VsZiB0aGVyZS4=,,,,,W0ZyZWRlXQpBY2hvIHF1ZSBuw6NvIHBvc3NvIGZhemVyIG5hZGEgYSByZXNwZWl0by4KU8OzIG1lIGFycmFzdGFyIGF0w6kgbMOhLg==,,W0ZyZWRlXQpTdXBvbmdvIHF1ZSBubyBwdWVkbyBoYWNlciBuYWRhIGFsIHJlc3BlY3Rv4oCmCkV4Y2VwdG8gYXJyYXN0cmFybWUgaGFzdGEgYWxsw6Eu
ahZA,,VGhhbmsgeW91IHNvIG11Y2guCk15IG1lbW9yeSBpcyBhIGJpdCBmdXp6eSBzaW5jZSBpdHMgYmVlbiBhIHdoaWxlIHNpbmNlIEkgY2FtZSBiYWNrIHRvIHRoZSB2aWxsYWdlLApidXQgeW91IHdpbGwgZmluZCBhIF5GNTdEN0RjYXZlIG5lYXJieSB0aGUgdmlsbGFnZSB3aXRoIHJlcGFpciB3b3JrIGdvaW5nIG9uXjAwMDAwMC4=,,,,,TXVpdG8gb2JyaWdhZG8uCk1pbmhhIG1lbcOzcmlhIGVzdMOhIHVtIHBvdWNvIGNvbmZ1c2EsIHBvaXMgasOhIGZheiB1bSB0ZW1wbyBxdWUgbsOjbyB2b2x0byDDoCBhbGRlaWEsCm1hcyB2b2PDqiBlbmNvbnRyYXLDoSB1bWEgXkY1N0Q3RGNhdmVybmEgcHLDs3hpbWEgw6AgdmlsYSBjb20gdHJhYmFsaG9zIGRlIHJlcGFybyBlbSBhbmRhbWVudG9eMDAwMDAwLg==,,TXVjaGFzIGdyYWNpYXMuCllhIHBhc8OzIHVuIHRpZW1wbyBkZXNkZSBxdWUgdm9sdsOtIGEgbGEgYWxkZWEsIGFzw60gcXVlIG1pcyByZWN1ZXJkb3Mgc29uIHVuIHBvY28gYm9ycm9zb3MsCnBlcm8gc8OpIHF1ZSBlbmNvbnRyYXLDoXMgXjk1MjQyMHVuYSBjdWV2YSBjZXJjYSBkZSBsYSBhbGRlYSBkb25kZSBzZSBlc3TDoW4gaGFjaWVuZG8gcmVwYXJhY2lvbmVzXjAwMDAwMC4=
axZA,,W0ZyZWRlXQpJIGtuZXcgdGhleSB3ZXJlIHdvcmtpbmcgYWxsIGFsb25nIGFuZCBmb3Jnb3QgdG8gcmV0dXJuIGJhY2sgdG8gdGhlIHZpbGxhZ2UuClRoZXkgbXVzdCBoYXZlIGJlZW4gc2hvcnQgb24gQnJhZGl1bS4=,,,,,W0ZyZWRlXQpFdSBzYWJpYSBxdWUgZWxlcyBlc3RhdmFtIHRyYWJhbGhhbmRvIG8gdGVtcG8gdG9kbyBlIHNlIGVzcXVlY2VyYW0gZGUgdm9sdGFyIHBhcmEgYSBhbGRlaWEuCkRldmlhbSBlc3RhciBjb20gcG91Y28gQnJhZGl1bS4=,,W0ZyZWRlXQpTYWLDrWEgcXVlIGVzdGFiYW4gdHJhYmFqYW5kbyBzaW4gZGVzY2Fuc28geSBvbHZpZGFyb24gdm9sdmVyIGEgbGEgYWxkZWEuCkRlYmVuIGhhYmVyIGVzdGFkbyBlc2Nhc29zIGRlIEJyYWRpdW0u
bBZA,,W0ZyZWRlXQpIbW1tLi4=,,,,,W0ZyZWRlXQpIbW1tLi4u,,W0ZyZWRlXQpNbW3igKY=
bRZA,,W0ZyZWRlXQpJJ20gc29ycnkgdG8gYXNrIGFnYWluIGJ1dCBjYW4geW91IHRha2Ugc29tZSBCcmFkaXVtIHRvIG15IGZyaWVuZHM/,,,,,W0ZyZWRlXQpEZXNjdWxwZS1tZSBwb3IgcGVkaXIgbm92YW1lbnRlLCBtYXMgdm9jw6ogcG9kZSBsZXZhciB1bSBwb3VjbyBkZSBCcmFkaXVtIHBhcmEgbWV1cyBhbWlnb3M/,,W0ZyZWRlXQpTaWVudG8gcGVkw61ydGVsbyBvdHJhIHZleiwgcGVybyDCv3B1ZWRlcyBsbGV2YXJsZXMgdW4gcG9jbyBkZSBCcmFkaXVtIGEgbWlzIGFtaWdvcz8=
bhZA,,W0ZyZWRlXQpUaGV5IG1heSBiZSBzYWZlIG5vdywgYnV0IHRoZXkgbWlnaHQgZm9yZ2V0IGFuZCBmYWxsIGlsbCBzdWRkZW5seS4=,,,,,W0ZyZWRlXQpFbGVzIHBvZGVtIGF0w6kgZXN0YXIgc2VndXJvcyBhZ29yYSwgbWFzIHBvZGVtIHNlIGVzcXVlY2VyIGUgZmljYXIgZG9lbnRlcyBkZSByZXBlbnRlLg==,,W0ZyZWRlXQpUYWwgdmV6IGFob3JhIGVzdMOpbiBiaWVuLCBwZXJvIHBvZHLDrWFuIG9sdmlkYXJsbyB5IGVuZmVybWFyc2UgZGUgcmVwZW50ZS4=
bxZA,,W0ZyZWRlXQpBc2sgXkY1N0Q3REJvdXkgYXQgdGhlIGJ1aWxkaW5nIGxvY2F0ZWQgbm9ydGh3ZXN0IG9mIHRoZSB2aWxsYWdlXjAwMDAwMCBhbmQgaGUgd2lsbCBnaXZlIHlvdSBzb21lIHJlZmluZWQgQnJhZGl1bS4KSSBjYW4ndCB0aGFuayB5b3UgZW5vdWdoLg==,,,,,W0ZyZWRlXQpQZXJndW50ZSBhIF5GNTdEN0RCb3V5IG5vIHByw6lkaW8gbG9jYWxpemFkbyBhIG5vcm9lc3RlIGRhIHZpbGFeMDAwMDAwIGUgZWxlIGxoZSBkYXLDoSB1bSBwb3VjbyBkZSBCcmFkaXVtIHJlZmluYWRvLgpOw6NvIHRlbmhvIHBhbGF2cmFzIHBhcmEgbGhlIGFncmFkZWNlci4=,,W0ZyZWRlXQpIYWJsYSBeOTUyNDIwY29uIEJvdXkgZW4gZWwgZWRpZmljaW8gc2l0dWFkbyBhbCBub3JvZXN0ZSBkZSBsYSBhbGRlYV4wMDAwMDAgeSDDqWwgdGUgZGFyw6EgQnJhZGl1bSByZWZpbmFkby4KTm8gdGVuZ28gcGFsYWJyYXMgcGFyYSBleHByZXNhciBtaSBhZ3JhZGVjaW1pZW50by4=
cBZA,,W0ZyZWRlXQpUaGFuayB5b3Ugc28gbXVjaC4KTXkgbWVtb3J5IGlzIGEgYml0IGZ1enp5IHNpbmNlIGl0cyBiZWVuIGEgd2hpbGUgc2luY2UgSSBjYW1lIGJhY2sgdG8gdGhlIHZpbGxhZ2Us,,,,,W0ZyZWRlXQpNdWl0byBvYnJpZ2Fkby4KTWluaGEgbWVtw7NyaWEgZXN0w6EgdW0gcG91Y28gY29uZnVzYSwgcG9pcyBqw6EgZmF6IGFsZ3VtIHRlbXBvIHF1ZSB2b2x0ZWkgcGFyYSBhIGFsZGVpYSw=,,W0ZyZWRlXQpNdWNoYXMgZ3JhY2lhcy4KWWEgcGFzw7MgdW4gdGllbXBvIGRlc2RlIHF1ZSB2b2x2w60gYSBsYSBhbGRlYSwgYXPDrSBxdWUgbWlzIHJlY3VlcmRvcyBzb24gdW4gcG9jbyBib3Jyb3Nvcyw=
cRZA,,W0ZyZWRlXQpZb3UgY2FuIGZpbmQgdGhlbSBpbiB0aGUgY2F2ZSBuZWFyYnkgdGhlIHZpbGxhZ2Ugd2l0aCByZXBhaXIgd29yayBnb2luZyBvbi4=,,,,,W0ZyZWRlXQpWb2PDqiBwb2RlIGVuY29udHLDoS1sb3MgbmEgY2F2ZXJuYSBwcsOzeGltYSDDoCB2aWxhIGNvbSB0cmFiYWxob3MgZGUgcmVwYXJvIGVtIGFuZGFtZW50by4=,,W0ZyZWRlXQpMb3MgZW5jb250cmFyw6FzIGVuIGxhIGN1ZXZhIGNlcmNhbmEgYSBsYSBhbGRlYSBkb25kZSBzZSBlc3TDoW4gbGxldmFuZG8gYSBjYWJvIHRyYWJham9zIGRlIHJlcGFyYWNpw7NuLg==
chZA,,W0ZyZWRlXQpJIHNhdyBmcmllbmRzIGxlYXZpbmcgdGhlIHZpbGxhZ2UgYWZ0ZXIgcmV0dXJuaW5nIGZvciBtb3JlIEJyYWRpdW0gYSBmZXcgZGF5cyBhZ28u,,,,,W0ZyZWRlXQpWaSBhbWlnb3MgZGVpeGFuZG8gYSBhbGRlaWEgZGVwb2lzIGRlIHZvbHRhcmVtIHBhcmEgYnVzY2FyIG1haXMgQnJhZGl1bSBow6EgYWxndW5zIGRpYXMu,,W0ZyZWRlXQpIYWNlIHVub3MgZMOtYXMsIHZpIGEgYWxndW5vcyBhbWlnb3Mgc2FsaWVuZG8gZGUgbGEgYWxkZWEgdHJhcyB2b2x2ZXIgcG9yIG3DoXMgQnJhZGl1bS4=
cxZA,,W0ZyZWRlXQpJIGhvcGUgdGhleSBhcmUgYWxsIGRvaW5nIHdlbGwuClBsZWFzZSBnZXQgYmFjayB0byBtZSBvbmNlIHlvdSBtZWV0IG15IGZyaWVuZHMu,,,,,W0ZyZWRlXQpFc3Blcm8gcXVlIHRvZG9zIGVzdGVqYW0gaW5kbyBiZW0uCkVudHJlIGVtIGNvbnRhdG8gY29taWdvIHF1YW5kbyBjb25oZWNlciBtZXVzIGFtaWdvcy4=,,W0ZyZWRlXQpFc3Blcm8gcXVlIHRvZG9zIHNlIGVuY3VlbnRyZW4gYmllbi4KVGUgcGlkbyBxdWUgdnVlbHZhcyBjb25taWdvIGRlc3B1w6lzIGRlIGhhYmxhciBjb24gbWlzIGFtaWdvcy4=
dBZA,,W0ZyZWRlXQpBc2sgdGhlIF5GNTdEN0RCb3V5IGF0IHRoZSBidWlsZGluZyBsb2NhdGVkIG5vcnRod2VzdCBvZiB0aGUgdmlsbGFnZV4wMDAwMDAgYW5kIGhlIHdpbGwgZ2l2ZSB5b3Ugc29tZSByZWZpbmVkIEJyYWRpdW0uCkkgY2FuJ3QgdGhhbmsgeW91IGVub3VnaC4=,,,,,W0ZyZWRlXQpQZcOnYSBhbyBeRjU3RDdEQm91eSBubyBwcsOpZGlvIGxvY2FsaXphZG8gYSBub3JvZXN0ZSBkYSB2aWxhXjAwMDAwMCBlIGVsZSBsaGUgZGFyw6EgdW0gcG91Y28gZGUgQnJhZGl1bSByZWZpbmFkby4KTsOjbyB0ZW5obyBwYWxhdnJhcyBwYXJhIGxoZSBhZ3JhZGVjZXIu,,W0ZyZWRlXQpIYWJsYSBjb24gXjk1MjQyMEJvdXkgZW4gZWwgZWRpZmljaW8gc2l0dWFkbyBhbCBub3JvZXN0ZSBkZSBsYSBhbGRlYV4wMDAwMDAgeSDDqWwgdGUgZGFyw6EgQnJhZGl1bSByZWZpbmFkby4KTm8gdGVuZ28gcGFsYWJyYXMgcGFyYSBleHByZXNhciBtaSBhZ3JhZGVjaW1pZW50by4=
dRZA,,W0ZyZWRlXQpTbyB0aGV5IGFyZSBvdXQgb2YgQnJhaWR1bS4KV2lsbCB0aGV5IG5lZWQgdG8gd2FpdCB0aWxsIG90aGVyIFBpb20gb3IgR2FsdGVucyByZXR1cm4/,,,,,W0ZyZWRlXQpFbnTDo28gZXN0w6NvIHNlbSBCcmFkaXVtLgpFbGVzIHByZWNpc2Fyw6NvIGVzcGVyYXIgYXTDqSBxdWUgb3V0cm9zIFBpb20gb3UgR2FsdGVucyByZXRvcm5lbT8=,,W0ZyZWRlXQpBc8OtIHF1ZSBzZSBsZXMgYWNhYsOzIGVsIEJyYWRpdW3igKYKTWUgcHJlZ3VudG8gc2kgdGVuZHLDoW4gcXVlIGVzcGVyYXIgaGFzdGEgcXVlIG90cm9zIHBpb21zIG8gZ2FsdGVucyB2dWVsdmFu4oCm
dhZA,,W0ZyZWRlXQpTbyB0aGV5IGFyZSBvdXQgb2YgQnJhaWR1bS4KV2lsbCB0aGV5IG5lZWQgdG8gd2FpdCB0aWxsIG90aGVyIFBpb20gb3IgR2FsdGVucyByZXR1cm4/Lg==,,,,,W0ZyZWRlXQpFbnTDo28gZXN0w6NvIHNlbSBCcmFkaXVtLgpFbGVzIHByZWNpc2Fyw6NvIGVzcGVyYXIgYXTDqSBxdWUgb3V0cm9zIFBpb20gb3UgR2FsdGVucyByZXRvcm5lbT8=,,W0ZyZWRlXQpBc8OtIHF1ZSBzZSBsZXMgYWNhYsOzIGVsIEJyYWRpdW3igKYKTWUgcHJlZ3VudG8gc2kgdGVuZHLDoW4gcXVlIGVzcGVyYXIgaGFzdGEgcXVlIG90cm9zIHBpb21zIG8gZ2FsdGVucyB2dWVsdmFu4oCm
dxZA,,W0ZyZWRlXQpZb3UgaGF2ZSB0b28gbWFueSBraW5kcyBvZiBpdGVtcy4KUGxlYXNlIHJldHVybiBhZnRlciByZWR1Y2luZyB0aGUgbnVtYmVyIG9mIGl0ZW1zLg==,,,,,W0ZyZWRlXQpWb2PDqiB0ZW0gbXVpdG9zIHRpcG9zIGRlIGl0ZW5zLgpQb3IgZmF2b3IsIHJldG9ybmUgZGVwb2lzIGRlIHJlZHV6aXIgbyBuw7ptZXJvIGRlIGl0ZW5zLg==,,W0ZyZWRlXQpUaWVuZXMgZGVtYXNpYWRvcyB0aXBvcyBkZSBvYmpldG9zLgpWdWVsdmUgY3VhbmRvIGxsZXZlcyBtZW5vcyBvYmpldG9zIGNvbnRpZ28u
eBZA,,W0ZyZWRlXQpZb3UgaGF2ZSB0b28gbWFueSBpdGVtcy4KUGxlYXNlIHJldHVybiBhZnRlciByZWR1Y2luZyB0aGUgd2VpZ2h0IG9mIHlvdXIgaXRlbXMu,,,,,W0ZyZWRlXQpWb2PDqiB0ZW0gaXRlbnMgZGVtYWlzLgpQb3IgZmF2b3IsIHJldG9ybmUgYXDDs3MgcmVkdXppciBvIHBlc28gZGUgc2V1cyBpdGVucy4=,,W0ZyZWRlXQpUaWVuZXMgZGVtYXNpYWRvcyBvYmpldG9zLgpWdWVsdmUgZGVzcHXDqXMgZGUgcmVkdWNpciB1biBwb2NvIGVsIHBlc28gcXVlIGxsZXZhcy4=
eRZA,,W0ZyZWRlXQp7fSBJJ20gZm9yZXZlciBpbiB5b3VyIGRlYnQhCkkganVzdCBjYW1lIGJhY2sgYWZ0ZXIgbWVldGluZyBteSBmcmllbmRzIQpUeWxlciBuZWVkcyBzb21lIG1lZGljYWwgdHJlYXRtZW50IGJ1dCBldmVyeW9uZSBlbHNlIGlzIHNhZmUu,,,,,W0ZyZWRlXQp7fSBFc3RvdSBldGVybmFtZW50ZSBlbSBkw612aWRhIGNvbSB2b2PDqiEKQWNhYmVpIGRlIHZvbHRhciBkZXBvaXMgZGUgZW5jb250cmFyIG1ldXMgYW1pZ29zIQpUeWxlciBwcmVjaXNhIGRlIHRyYXRhbWVudG8gbcOpZGljbywgbWFzIHRvZG9zIG9zIG91dHJvcyBlc3TDo28gYmVtLg==,,W0ZyZWRlXQpFc3RhcsOpIHNpZW1wcmUgZW4gZGV1ZGEgY29udGlnbywge30uCsKhQWNhYm8gZGUgdm9sdmVyIGRlIHJldW5pcm1lIGNvbiBtaXMgYW1pZ29zIQpUeWxlciBuZWNlc2l0YSB0cmF0YW1pZW50byBtw6lkaWNvLCBwZXJvIHRvZG9zIGxvcyBkZW3DoXMgZXN0w6FuIGEgc2Fsdm8u
ehZA,,W0ZyZWRlXQpJIGRvbid0IGV2ZW4gd2FudCB0byBpbWFnaW5lIHdoYXQgY291bGQgaGF2ZSBoYXBwZW5lZCBpZiB5b3UsIHt9LCB3ZXJlbid0IGhlcmUgdG8gaGVscC4KSSBkb24ndCB3YW50IHRvIGxvc2UgYW55IG1vcmUgZnJpZW5kcy4=,,,,,W0ZyZWRlXQpOw6NvIHF1ZXJvIG5lbSBpbWFnaW5hciBvIHF1ZSBwb2RlcmlhIHRlciBhY29udGVjaWRvIHNlIHZvY8OqLCB7fSwgbsOjbyBlc3RpdmVzc2UgYXF1aSBwYXJhIGFqdWRhci4KTsOjbyBxdWVybyBwZXJkZXIgbWFpcyBuZW5odW0gYW1pZ28u,,W0ZyZWRlXQpObyBxdWllcm8gbmkgaW1hZ2luYXIgbG8gcXVlIHB1ZG8gaGFiZXIgc3VjZWRpZG8gc2kgbm8gaHViaWVyYXMgZXN0YWRvIGFxdcOtIHBhcmEgYXl1ZGFybm9zLCB7fS4KTm8gcXVpZXJvIHBlcmRlciBtw6FzIGFtaWdvcy4=
exZA,,W0ZyZWRlXQpQbGVhc2UgdGFrZSB0aGlzIGFzIGEgdG9rZW4gb2YgbXkgZ3JhdGl0dWRlIGFuZCBmcmllbmRzaGlwLgpJdCdzIG5vdGhpbmcgbXVjaCBidXQgSSB3YW50IHlvdSB0byBoYXZlIGl0LgpXZSBtYXkgYmUgZnJvbSBkaWZmZXJlbnQgcmFjZXMgYnV0IHdlIGNhbiBiZSBncmVhdCBmcmllbmRzLg==,,,,,W0ZyZWRlXQpQb3IgZmF2b3IsIGFjZWl0ZSBpc3NvIGNvbW8gdW0gc8OtbWJvbG8gZGUgbWluaGEgZ3JhdGlkw6NvIGUgYW1pemFkZS4KTsOjbyDDqSBuYWRhIGRlIG1haXMsIG1hcyBxdWVybyBxdWUgZmlxdWUgY29tIGVsZS4KUG9kZW1vcyBzZXIgZGUgcmHDp2FzIGRpZmVyZW50ZXMsIG1hcyBwb2RlbW9zIHNlciBncmFuZGVzIGFtaWdvcy4=,,W0ZyZWRlXQpBcXXDrSB0aWVuZXMgYWxnbyBjb21vIG11ZXN0cmEgZGUgbWkgYWdyYWRlY2ltaWVudG8geSBhbWlzdGFkLgpObyBlcyBtdWNobywgcGVybyBxdWllcm8gcmVnYWzDoXJ0ZWxvLgpBdW5xdWUgc2VhbW9zIGRlIHJhemFzIGRpZmVyZW50ZXMsIHPDqSBxdWUgcG9kZW1vcyBzZXIgZ3JhbmRlcyBhbWlnb3Mu
fBZA,,W0ZyZWRlXQpQbGVhc2UgZ2l2ZSB0aGlzIEJyYWRpdW0gdG8gbXkgZnJpZW5kcy4KVGhleSBtdXN0IHRha2UgdGhpcyBvciBlbHNlIHRoZXkgbWF5IGdldCBzaWNrLg==,,,,,W0ZyZWRlXQpQb3IgZmF2b3IsIGTDqiBlc3RlIEJyYWRpdW0gYW9zIG1ldXMgYW1pZ29zLgpFbGVzIHByZWNpc2FtIHRvbWFyIGlzc28gb3UgcG9kZW0gZmljYXIgZG9lbnRlcy4=,,W0ZyZWRlXQpMbMOpdmFsZSBlc3RlIEJyYWRpdW0gYSBtaXMgYW1pZ29zLCBwb3IgZmF2b3IuClNpIG5vIGxvIHRvbWFuLCBwb2Ryw61hbiBlbmZlcm1hcnNlLg==
fRZA,,QnJpYW4=,,,,,QnJpYW4=,,QnJpYW4=
fhZA,,W0JyaWFuXQpZb3UgbmV2ZXIga25vdyB3aGF0IGtpbmQgb2YgYWNjaWRlbnQgbWlnaHQgaGFwcGVuIGlmIHdlIGRvbid0IGRvIGEgdGhvcm91Z2ggam9iLg==,,,,,W0JyaWFuXQpOdW5jYSBzZSBzYWJlIHF1ZSB0aXBvIGRlIGFjaWRlbnRlIHBvZGUgYWNvbnRlY2VyIHNlIG7Do28gZml6ZXJtb3MgdW0gdHJhYmFsaG8gbWludWNpb3NvLg==,,W0JyaWFuXQpOdW5jYSBzZSBzYWJlIHF1w6kgdGlwbyBkZSBhY2NpZGVudGVzIHB1ZWRlbiBvY3VycmlyIHNpIG5vIGhhY2Vtb3MgdW4gdHJhYmFqbyBtaW51Y2lvc28u
fxZA,,W0JyaWFuXQpOb3Qgb25seSBpcyBjcmVhdGluZyB0aGluZ3MgaW1wb3J0YW50LCBidXQgcmVndWxhciBtYWludGVuYW5jZSBpcyBhbHNvIHZlcnkgaW1wb3J0YW50Lg==,,,,,W0JyaWFuXQpOw6NvIGFwZW5hcyBhIGNyaWHDp8OjbyBkZSBjb2lzYXMgw6kgaW1wb3J0YW50ZSwgbWFzIGEgbWFudXRlbsOnw6NvIHJlZ3VsYXIgdGFtYsOpbSDDqSBtdWl0byBpbXBvcnRhbnRlLg==,,W0JyaWFuXQpObyBzb2xvIGVzIGltcG9ydGFudGUgY3JlYXIgY29zYXMsIHNpbm8gdGFtYmnDqW4gZGFybGVzIG1hbnRlbmltaWVudG8gcmVndWxhci4=
gBZA,,W0JyaWFuXQpPaC4uLiB0aGF0IHJlbWluZHMgbWUsIGhvdyBtYW55IGRheXMgcGFzc2VkIHNpbmNlIEkgY2FtZSBoZXJlLi4uCkRvIHlvdSBoYXBwZW4gdG8ga25vdyB3aGF0IGRheSBpdCBpcyB0b2RheT8=,,,,,W0JyaWFuXQpBaC4uLiBpc3NvIG1lIGZheiBsZW1icmFyIHF1YW50b3MgZGlhcyBzZSBwYXNzYXJhbSBkZXNkZSBxdWUgY2hlZ3VlaSBhcXVpLi4uClBvciBhY2FzbyB2b2PDqiBzYWJlIHF1ZSBkaWEgw6kgaG9qZT8=,,W0JyaWFuXQpIYWJsYW5kbyBkZSBlc2/igKYgwr9oYWNlIGN1w6FudG9zIGTDrWFzIHF1ZSBlc3RveSBhcXXDrT8Kwr9EZSBjYXN1YWxpZGFkIHNhYmVzIHF1w6kgZMOtYSBlcyBob3k/
gRZA,,W0JyaWFuXQpIbW0uIEJ1dCB3aGF0IGJyaW5ncyBhbiBvdXRzaWRlciBoZXJlPw==,,,,,W0JyaWFuXQpIbW0uIE1hcyBvIHF1ZSB0cmF6IHVtIGZvcmFzdGVpcm8gYXF1aT8=,,W0JyaWFuXQpNbW0uIE5vIGVyZXMgZGUgcG9yIGFxdcOtLiAKwr9RdcOpIHRlIHRyYWUgcG9yIGVzdG9zIHJ1bWJvcz8g
ghZA,,W0JyaWFuXQpPaCwgeW91IGFyZSBoZXJlIGZvciBGcmVkZT8KSG93IGlzIGhlIGRvaW5nPw==,,,,,W0JyaWFuXQpBaCwgdm9jw6ogZXN0w6EgYXF1aSBwb3IgY2F1c2EgZG8gRnJlZGU/CkNvbW8gZWxlIGVzdMOhIHNlIHNhaW5kbz8=,,W0JyaWFuXQpPaCwgwr92aWVuZXMgZW4gbm9tYnJlIGRlIEZyZWRlPwrCv0PDs21vIGVzdMOhPw==
gxZA,,W0JyaWFuXQpJIHNhdyBoaW0gYSBmZXcgZGF5cyBhZ28gYnV0IEknbSBhbHdheXMgd29ycmllZCBhYm91dCBteSBvbGQgZnJpZW5kLg==,,,,,W0JyaWFuXQpFdSBvIHZpIGjDoSBhbGd1bnMgZGlhcywgbWFzIGVzdG91IHNlbXByZSBwcmVvY3VwYWRvIGNvbSBtZXUgdmVsaG8gYW1pZ28u,,W0JyaWFuXQpIYWNlIHlhIGTDrWFzIHF1ZSBsbyB2aSwgcGVybyBzaWVtcHJlIGVzdG95IHByZW9jdXBhZG8gcG9yIG1pIHZpZWpvIGFtaWdvLg==
hBZA,,W0JyaWFuXQpJIGhvcGUgaGUgaXMgZ2V0dGluZyB1c2VkIHRvIGhpcyBuZXcgd29yay4KSSBzaG91bGRuJ3QgYmUgd29ycmllZCBiZWNhdXNlIGhlIGlzIHZlcnkgaGFyZHdvcmtpbmcgYnV0Li4u,,,,,W0JyaWFuXQpFc3Blcm8gcXVlIGVsZSBlc3RlamEgc2UgYWNvc3R1bWFuZG8gY29tIG8gbm92byB0cmFiYWxoby4KRXUgbsOjbyBkZXZlcmlhIGVzdGFyIHByZW9jdXBhZG8gcG9ycXVlIGVsZSDDqSBtdWl0byB0cmFiYWxoYWRvciwgbWFzLi4u,,W0JyaWFuXQpFc3Blcm8gcXVlIHNlIGVzdMOpIGFjb3N0dW1icmFuZG8gYSBzdSBudWV2byB0cmFiYWpvLgpObyBkZWJlcsOtYSBwcmVvY3VwYXJtZSBwb3JxdWUgZXMgbXV5IHRyYWJhamFkb3IsIHBlcm/igKY=
hRZA,,W0JyaWFuXQpIZSBnb3Qgc2ljayBieSBvdmVyd29ya2luZyBoaW1zZWxmIGFscmVhZHkuIEJ1dCB5b3UgZG9uJ3QgaGF2ZSB0byB0ZWxsIGhpbSBJIHNhaWQgdGhpcy4=,,,,,W0JyaWFuXQpKw6EgZmljb3UgZG9lbnRlIHBvciB0cmFiYWxoYXIgZGVtYWlzLiBNYXMgbsOjbyBwcmVjaXNhIGRpemVyIGEgZWxlIHF1ZSBldSBkaXNzZSBpc3NvLg==,,W0JyaWFuXQpZYSBlbmZlcm3DsyB1bmEgdmV6IHBvciB0cmFiYWphciBkZW1hc2lhZG8uIE5vIGxlIGRpZ2FzIHF1ZSB0ZSBjb250w6kgZXN0bywgwr9iaWVuPw==
hhZA,,W0JyaWFuXQpJIGp1c3QgaG9wZSBoaXMgY29uZGl0aW9uIGRvZXNuJ3QgZ2V0IHdvcnNlLg==,,,,,W0JyaWFuXQpTw7MgZXNwZXJvIHF1ZSBzdWEgY29uZGnDp8OjbyBuw6NvIHBpb3JlLg==,,W0JyaWFuXQpTb2xvIGVzcGVybyBxdWUgc3UgZXN0YWRvIG5vIGVtcGVvcmUu
hxZA,,W0JyaWFuXQpJJ20gb3V0IG9mIEJyYWRpdW0gYWxyZWFkeS4KRnJlZGUgaGFzIGJlZW4gbmFnZ2luZyBtZSBhYm91dCB0aGlzIGFsbCB0aGUgdGltZSBidXQgbm93IEkgc2VlIHdoeS4KaGFoYS4=,,,,,W0JyaWFuXQpKw6EgZXN0b3Ugc2VtIEJyYWRpdW0uCk8gRnJlZGUgdGVtIG1lIGluY29tb2RhZG8gY29tIGlzc28gbyB0ZW1wbyB0b2RvLCBtYXMgYWdvcmEgdmVqbyBwb3IgcXXDqi4KSGFoYS4=,,W0JyaWFuXQpNaXMgcHJvdmlzaW9uZXMgZGUgQnJhZGl1bSB5YSBzZSBhY2FiYXJvbi4KRnJlZGUgbWUgaGEgaW5zaXN0aWRvIGluY2Fuc2FibGVtZW50ZSBzb2JyZSBlbGxvLCB5IGFob3JhIGVudGllbmRvIGVsIHBvcnF1w6kuCkphLCBqYS4=
iBZA,,W0JyaWFuXQpQbGVhc2UgdGVsbCBGcmVkZSB0aGF0IEkgd2lsbCByZXR1cm4gdG8gdGhlIHZpbGxhZ2UgYWZ0ZXIgSSByZWNvdmVyLg==,,,,,W0JyaWFuXQpQb3IgZmF2b3IsIGRpZ2EgYW8gRnJlZGUgcXVlIHZvbHRhcmVpIMOgIGFsZGVpYSBkZXBvaXMgZGUgbWUgcmVjdXBlcmFyLg==,,W0JyaWFuXQpEaWxlIGEgRnJlZGUgcXVlIHZvbHZlcsOpIGEgbGEgYWxkZWEgY3VhbmRvIG1lIHJlY3VwZXJlLg==
iRZA,,W0JyaWFuXQpJIHJlbWVtYmVyIHlvdS4KV2hhdCBicmluZ3MgeW91IGhlcmUgdGhpcyB0aW1lPw==,,,,,W0JyaWFuXQpFdSBtZSBsZW1icm8gZGUgdm9jw6ouCk8gcXVlIHRlIHRyYXogYXF1aSBkZXN0YSB2ZXo/,,W0JyaWFuXQpNZSBhY3VlcmRvIGRlIHRpLgrCv1F1w6kgdGUgdHJhZSBwb3IgYXF1w60gZXN0YSB2ZXo/
ihZA,,R2l2ZSBCcmFkaXVtIHRvIEJyaWFuLg==,,,,,RMOqIG8gQnJhZGl1bSBwYXJhIG8gQnJpYW4u,,RGFybGUgZWwgQnJhZGl1bSBhIEJyaWFuLg==
ixZA,,W3t9XQpGcmVkZSBhc2tlZCBtZSB0byBnaXZlIHlvdSB0aGlzLg==,,,,,W3t9XQpGcmVkZSBtZSBwZWRpdSBwYXJhIGxoZSBlbnRyZWdhciBpc3NvLg==,,W3t9XQpGcmVkZSBtZSBwaWRpw7MgcXVlIHRlIGRpZXJhIGVzdG8u
jBZA,,W0JyaWFuXQpDb21lIHRvIHRoaW5rIG9mIGl0LCBJIGRvIGZlZWwgYSBiaXQgaGVhdnkuCkkndmUgYmVlbiBzdGFuZGluZyBoZXJlIGFsbCBkYXkgYW5kIEkgY291bGQgaGF2ZSBzdGlmZmVuZWQgdXAgd2l0aG91dCBrbm93aW5nIGl0Lg==,,,,,W0JyaWFuXQpQZW5zYW5kbyBiZW0sIGVzdG91IG1lIHNlbnRpbmRvIHVtIHBvdWNvIHBlc2Fkby4KRmlxdWVpIHBhcmFkbyBhcXVpIG8gZGlhIHRvZG8gZSBwb3NzbyB0ZXIgbWUgZW5yaWplY2lkbyBzZW0gc2FiZXIu,,W0JyaWFuXQpBaG9yYSBxdWUgbG8gcGllbnNvLCBzw60gbWUgc2llbnRvIHVuIHBvY28gcGVzYWRvLgpMbGV2byBwYXJhZG8gYXF1w60gdG9kbyBlbCBkw61hIHkgcG9kcsOtYSBoYWJlcm1lIHB1ZXN0byByw61naWRvIHNpbiBzaXF1aWVyYSBub3RhcmxvLg==
jRZA,,W0JyaWFuXQpJJ20gb3V0IG9mIEJyYWRpdW0gYWxyZWFkeS4KRnJlZGUgaGFzIGJlZW4gbmFnZ2luZyBtZSBhYm91dCB0aGlzIGFsbCB0aGUgdGltZSBidXQgbm93IEkgc2VlIHdoeS4KSGEgaGEuLg==,,,,,W0JyaWFuXQpKw6EgZXN0b3Ugc2VtIEJyYWRpdW0uCkZyZWRlIHRlbSBtZSBpbmNvbW9kYWRvIGNvbSBpc3NvIG8gdGVtcG8gdG9kbywgbWFzIGFnb3JhIHZlam8gcG9yIHF1w6ouCkhhIGhhLi4u,,W0JyaWFuXQpNaXMgcHJvdmlzaW9uZXMgZGUgQnJhZGl1bSB5YSBzZSBhY2FiYXJvbi4KRnJlZGUgbWUgaGEgaW5zaXN0aWRvIGluY2Fuc2FibGVtZW50ZSBzb2JyZSBlbGxvLCB5IGFob3JhIGVudGllbmRvIGVsIHBvcnF1w6kuCkphLCBqYeKApg==
jhZA,,W0JyaWFuXQpZb3Ugc2F2ZWQgbWUgZnJvbSB0aGUgaW5ldml0YWJsZS4KSWYgSSBkaWRuJ3QgdGFrZSBCcmFkaXVtIHRoZW4sIEkgd291bGQgaGF2ZSBiZWVuIGZyb3plbiBhbmQgZ3JhZHVhbGx5IGRpZWQu,,,,,W0JyaWFuXQpWb2PDqiBtZSBzYWx2b3UgZG8gaW5ldml0w6F2ZWwuClNlIGV1IG7Do28gdGl2ZXNzZSB0b21hZG8gbyBCcmFkaXVtIG5hcXVlbGEgw6lwb2NhLCB0ZXJpYSBzaWRvIGNvbmdlbGFkbyBlIG1vcnJpZG8gYW9zIHBvdWNvcy4=,,W0JyaWFuXQpNZSBzYWx2YXN0ZSBkZSB1biBkZXN0aW5vIGluZXZpdGFibGUuClNpIG5vIGh1Ymllc2UgdG9tYWRvIEJyYWRpdW0sIG1lIGhhYnLDrWEgdnVlbHRvIHLDrWdpZG8geSwgZmluYWxtZW50ZSwgaGFicsOtYSBtdWVydG8u
jxZA,,W0JyaWFuXQpJIGFtIGFibGUgdG8gd29yayBub3cgYWZ0ZXIgSSByZWNvdmVyZWQgd2hpbGUgSSB3YXMgaW4gdGhlIHZpbGxhZ2UuClRoYW5rIHlvdSBzbyBtdWNoLg==,,,,,W0JyaWFuXQpFc3RvdSBjb25zZWd1aW5kbyB0cmFiYWxoYXIgYWdvcmEsIGRlcG9pcyBkZSB0ZXIgbWUgcmVjdXBlcmFkbyBlbnF1YW50byBlc3RhdmEgbmEgYWxkZWlhLgpNdWl0byBvYnJpZ2FkbyE=,,W0JyaWFuXQpEZXNwdcOpcyBkZSByZWN1cGVyYXJtZSBlbiBsYSBhbGRlYSwgbWUgc2llbnRvIGxpc3RvIHBhcmEgc2VndWlyIHRyYWJhamFuZG8uCk11Y2hhcyBncmFjaWFzLg==
kBZA,,W0JyaWFuXQpYWFhYWFhYWFhYWFhYClhYWFhYWFhYWFhYWFggClhYWFhYWFhY,,,,,W0JyaWFuXQpYWFhYWFhYWFhYWFhYClhYWFhYWFhYWFhYWFggClhYWFhYWFhY,,W0JyaWFuXQpYWFhYWFhYWFhYWFhYClhYWFhYWFhYWFhYWFggClhYWFhYWFhY
kRZA,,Sm9obg==,,,,,Sm9obg==,,Sm9obg==
khZA,,W0pvaG5dCi1tdWZmbGluZy0KLXRhcCB0YXAt,,,,,KEpvaG4pCi1tdWZmbGluZy0KLXRhcCB0YXAt,,W0pvaG5dCipSdWlkb3MgYXBhZ2Fkb3MqCipUb2MsIHRvYyo=
kxZA,,W0pvaG5dCi1jcnVuY2gtCi1ibG9iLQ==,,,,,W0pvaG5dCi1jcnVuY2gtCi1ibG9iLQ==,,W0pvaG5dCipDcmFjKgoqUGxvcCo=
lBZA,,W0pvaG5dCi1zbGlkZS0KLXRodWQt,,,,,W0pvaG5dCi1zbGlkZS0KLXRodWQt,,W0pvaG5dCipSdWlkbyBkZSBkZXNsaXphbWllbnRvKgoqUGFmKg==
lRZA,,W0pvaG5dCk9oIHdlbGwuLi4KVGhlcmUuLi4gaXMgbm90aGluZyB0byB3b3JyeSBhYm91dC4=,,,,,W0pvaG5dCk9oLCBiZW0uLi4KTsOjbyBow6EgbmFkYSBjb20gcXVlIHNlIHByZW9jdXBhci4=,,W0pvaG5dCkFoLCBidWVub+KApgpObyBoYXkgbmFkYSBkZSBxdcOp4oCmIHByZW9jdXBhcnNlLg==
lhZA,,W0pvaG5dCkRvbid0IHdvcnJ5Lg==,,,,,W0pvaG5dCk7Do28gc2UgcHJlb2N1cGUu,,W0pvaG5dCk5vIHRlIHByZW9jdXBlcy4=
lxZA,,W0pvaG5dCldoLi5XaG8gaXMgaXQ/,,,,,W0pvaG5dClF1ZW0gw6k/,,W0pvaG5dCsK/US1RdWnDqW4gZXM/
mBZA,,W0pvaG5dCk9oLCBhcmUgeW91IGEgZnJpZW5kIG9mIEZyZWRlJ3M/,,,,,W0pvaG5dCkFoLCB2b2PDqiDDqSBhbWlnbyBkbyBGcmVkZT8=,,W0pvaG5dCk9oLCDCv0ZyZWRlIHRlIGVudmnDsz8=
mRZA,,W0pvaG5dCi13aGl6LQotY2xpbmst,,,,,W0pvaG5dCi13aGl6LQotY2xpbmst,,W0pvaG5dCipGdWlzcyoKKlBsaW4q
mhZA,,W0pvaG5dCi4uLi4uLgpUaGFua3MuLi4u,,,,,W0pvaG5dCi4uLi4uLgpPYnJpZ2Fkby4uLi4=,,W0pvaG5dCi4uLi4uLgpHcmFjaWFz4oCm
mxZA,,W0pvaG5dCi4uLi4uLg==,,,,,W0pvaG5dCi4uLi4uLg==,,W0pvaG5dCi4uLi4uLg==
nBZA,,WW91IGdpdmUgQnJhZGl1bSB0byBKb2huLg==,,,,,Vm9jw6ogZMOhIG8gQnJhZGl1bSBwYXJhIG8gSm9obi4=,,RGFybGUgZWwgQnJhZGl1bSBhIEpvaG4u
nRZA,,W0pvaG5dCi4uLgpJJ20uLi4gb2theSBub3cuLi4KVGhhbmtzLi4u,,,,,W0pvaG5dLgouLi4KRXN0b3UuLi4gYmVtIGFnb3JhLi4uCk9icmlnYWRvLi4u,,W0pvaG5dCuKApgpNZeKApiBzaWVudG8gbWVqb3IgYWhvcmEuCkdyYWNpYXPigKY=
nhZA,,W0pvaG5dClhYWFhYWFhYWFgKWFhYWFhYWFhYWFhYWFhYWFhYWFhYWFhYWFg=,,,,,W0pvaG5dClhYWFhYWFhYWFhYWApYWFhYWFhYWFhYWFhYWFhYWFhYWFhYWFhYWFhYWFhYWA==,,W0pvaG5dClhYWFhYWFhYWFgKWFhYWFhYWFhYWFhYWFhYWFhYWFhYWFhYWFg=
nxZA,,VHlsZXI=,,,,,VHlsZXI=,,VHlsZXI=
oBZA,,W1R5bGVyXQpJIHN0aWxsIHNlZSB0aGluZ3MgdG8gZml4IGFmdGVyIGZpeGluZyBhbGwgZGF5IQpJdCdzIGxvZ2ljYWwgdG8gZml4IHRoaW5ncyB0aGF0IG5lZWRzIHRvIGJlIGZpeGVkISE=,,,,,W1R5bGVyXQpBaW5kYSB2ZWpvIGNvaXNhcyBwYXJhIGNvbnNlcnRhciBkZXBvaXMgZGUgY29uc2VydGFyIG8gZGlhIHRvZG8hCsOJIGzDs2dpY28gcXVlIMOpIHByZWNpc28gY29uc2VydGFyIGFzIGNvaXNhcyBxdWUgcHJlY2lzYW0gc2VyIGNvbnNlcnRhZGFzIQ==,,W1R5bGVyXQrCoUTDrWEgdHJhcyBkw61hLCBzaWVtcHJlIGVuY3VlbnRybyBjb3NhcyBudWV2YXMgcXVlIHJlcGFyYXIhCsKhUmVwYXJhciBjb3NhcyBxdWUgZXN0w6FuIHJvdGFzIGVzIHVuIHByb2Nlc28gbMOzZ2ljbyE=
oRZA,,W1R5bGVyXQpMYWJvciBpcyByZXdhcmRpbmcgYXQgdGhlIGVuZCEKSGFoYWhhaGFoYSEhISEh,,,,,W1R5bGVyXQpPIHRyYWJhbGhvIMOpIHJlY29tcGVuc2Fkb3Igbm8gZmluYWwhCkhhaGFoYWhhaGEhISEhIQ==,,W1R5bGVyXQrCoUFsIGZpbmFsLCBlbCB0cmFiYWpvIHNpZW1wcmUgZXMgc2F0aXNmYWN0b3JpbyEKwqFKYSwgamEsIGphLCBqYSE=
ohZA,,W1R5bGVyXQpJZiB5b3UgaGFwcGVuIHRvIGJ1bXAgaW50byBoaW0gaW4gdGhlIHZpbGxhZ2UsIHBsZWFzZSB0ZWxsIGhpbSBJJ20gZmluZSBhbmQgbm90IHRvIHdvcnJ5Lg==,,,,,W1R5bGVyXQpTZSBwb3IgYWNhc28gdm9jw6ogbyBlbmNvbnRyYXIgbmEgYWxkZWlhLCBwb3IgZmF2b3IsIGRpZ2EgYSBlbGUgcXVlIGVzdG91IGJlbSBlIHF1ZSBuw6NvIHNlIHByZW9jdXBlLg==,,W1R5bGVyXQpTaSB0ZSB0b3BhcyBjb24gw6lsIGVuIGxhIGFsZGVhLCBkaWxlIHF1ZSBubyBzZSBwcmVvY3VwZSwgcXVlIGVzdG95IGJpZW4u
oxZA,,W1R5bGVyXQpMYWJvciBpcyByZXdhcmRpbmcgYXQgdGhlIGVuZCEKSGEgaGEgaGEgaGEgaGEhISEhIQ==,,,,,W1R5bGVyXQpPIHRyYWJhbGhvIMOpIHJlY29tcGVuc2Fkb3Igbm8gZmluYWwhCkhhIGhhIGhhIGhhIGhhISEhISE=,,W1R5bGVyXQrCoUFsIGZpbmFsLCBlbCB0cmFiYWpvIHNpZW1wcmUgZXMgc2F0aXNmYWN0b3JpbyEKwqFKYSwgamEsIGphLCBqYSE=
pBZA,,W1R5bGVyXQpIdWg/ISBXaG8gYXJlIHlvdT8KV2h5IGlzIGFuIG91dHNpZGVyIGhlcmU/,,,,,W1R5bGVyXQpIw6M/ISBRdWVtIMOpIHZvY8OqPwpQb3IgcXVlIHVtIGVzdHJhbmhvIGVzdMOhIGFxdWk/,,W1R5bGVyXQrCocK/RWg/ISDCv1F1acOpbiBlcmVzPwpFcyByYXJvIHZlciBmb3Jhc3Rlcm9zIHBvciBhcXXDrS4=
pRZA,,W1R5bGVyXQpZb3UgY2FtZSBiZWNhdXNlIG9mIEZyZWRlPw==,,,,,W1R5bGVyXQpWb2PDqiB2ZWlvIHBvciBjYXVzYSBkbyBGcmVkZT8=,,W1R5bGVyXQrCv1ZpbmlzdGUgZW4gbm9tYnJlIGRlIEZyZWRlPw==
phZA,,W1R5bGVyXQpJIGNhbid0IGJlbGlldmUgaGltLgpIZSBzaG91bGQgdGFrZSBjYXJlIG9mIGhpbXNlbGYu,,,,,W1R5bGVyXQpOw6NvIHBvc3NvIGFjcmVkaXRhciBuZWxlLgpFbGUgZGV2ZXJpYSBzZSBjdWlkYXIu,,W1R5bGVyXQpObyBwdWVkbyBjcmVlcmxvLgpEZWJlcsOtYSBjdWlkYXJzZSBtw6FzLg==
pxZA,,W1R5bGVyXQpXZSB0d28gZ28gd2F5IGJhY2suCkhlIGhhcyBhbHdheXMgYmVlbiB0aGUgZGlsaWdlbnQgb25lLg==,,,,,W1R5bGVyXQpOw7NzIGRvaXMgbm9zIGNvbmhlY2Vtb3MgaMOhIG11aXRvIHRlbXBvLgpFbGUgc2VtcHJlIGZvaSBvIG1haXMgZGlsaWdlbnRlLg==,,W1R5bGVyXQpOb3MgY29ub2NlbW9zIGRlc2RlIGhhY2UgbXVjaG8uClNpZW1wcmUgaGEgc2lkbyBlbCBkaWxpZ2VudGUu
qBZA,,W1R5bGVyXQpXZSB1c2VkIHRvIHdvcmsgdG9nZXRoZXIgaW4gYSBzbmFjayBiYXIgYmVmb3JlLgpIZSBhbHdheXMgc2FpZCBoZSB3YW50ZWQgdG8gZG8gc29tZXRoaW5nIHJlbGF0ZWQgdG8gXkY1N0Q3RHN0b25lXjAwMDAwMCBvciBeRjU3RDdEaGVhdnkgbWV0YWxeMDAwMDAwLg==,,,,,W1R5bGVyXQpUcmFiYWxow6F2YW1vcyBqdW50b3MgZW0gdW1hIGxhbmNob25ldGUuCkVsZSBzZW1wcmUgZGl6aWEgcXVlIHF1ZXJpYSBmYXplciBhbGdvIHJlbGFjaW9uYWRvIGEgXkY1N0Q3RHN0b25lXjAwMDAwMCBvdSBeRjU3RDdEaGVhdnkgbWV0YWxeMDAwMDAwLg==,,W1R5bGVyXQpBbnRlcyB0cmFiYWrDoWJhbW9zIGp1bnRvcyBlbiB1bmEgY2FmZXRlcsOtYS4KU2llbXByZSBkZWPDrWEgcXVlIHF1ZXLDrWEgaGFjZXIgYWxnbyByZWxhY2lvbmFkbyBjb24gXjk1MjQyMHJvY2FzXjAwMDAwMCBvIF45NTI0MjBtZXRhbCBwZXNhZG9eMDAwMDAwLg==
qRZA,,W1R5bGVyXQpCdXQgUGlvbXMgYXJlIG5vdCByZWFsbHkgZ29vZCBhdCBicmFpbndvcmsgc28gaGUgd2FzIGxvb2tpbmcgc29tZXBsYWNlIGVsc2Uu,,,,,W1R5bGVyXQpNYXMgb3MgUGlvbXMgbsOjbyBzw6NvIG11aXRvIGJvbnMgZW0gdHJhYmFsaGFyIGNvbSBvIGPDqXJlYnJvLCBlbnTDo28gZWxlIGVzdGF2YSBwcm9jdXJhbmRvIGVtIG91dHJvIGx1Z2FyLg==,,W1R5bGVyXQpQZXJvIGEgbG9zIHBpb21zIG5vIHNlIGxlcyBkYSBtdXkgYmllbiB1c2FyIGVsIGNlcmVicm8sIGFzw60gcXVlIHBlbnNhYmEgaXJzZSBhIG90cm8gbHVnYXIu
qhZA,,W1R5bGVyXQpBbGwgb2Ygb3VyIGZyaWVuZHMgYXBwbGllZCBmb3IgdGhpcyBqb2IgYmVjYXVzZSB3ZSBjb3VsZCBkbyBzb21ldGhpbmcgcmVsYXRlZCB3aXRoIHN0b25lcyBhbmQgbWV0YWwgYnkgd29ya2luZyBpbiBhIHR1bm5lbC4=,,,,,W1R5bGVyXS4KVG9kb3Mgb3Mgbm9zc29zIGFtaWdvcyBzZSBjYW5kaWRhdGFyYW0gYSBlc3NlIGVtcHJlZ28gcG9ycXVlIHBvZGVyw61hbW9zIGZhemVyIGFsZ28gcmVsYWNpb25hZG8gYSBwZWRyYXMgZSBtZXRhaXMgdHJhYmFsaGFuZG8gZW0gdW0gdMO6bmVsLg==,,W1R5bGVyXQpUb2RvcyBudWVzdHJvcyBhbWlnb3Mgc2UgcG9zdHVsYXJvbiBhIGVzdGUgdHJhYmFqbyBwb3JxdWUsIHNpIHRyYWJhasOhYmFtb3MgZW4gdW4gdMO6bmVsLCBwb2TDrWFtb3MgaGFjZXIgYWxnbyByZWxhY2lvbmFkbyBjb24gcm9jYXMgeSBtZXRhbC4=
qxZA,,W1R5bGVyXQpIZSBtYXkgYmUgY2F0ZWdvcml6aW5nIHN0b25lcyBpbiB0aGUgdmlsbGFnZSBub3csIGJ1dCBJJ20gc3VyZSBoZSBpcyBoYXBweSB3aXRoIGhpcyB3b3JrLg==,,,,,W1R5bGVyXQpFbGUgcG9kZSBlc3RhciBjYXRlZ29yaXphbmRvIHBlZHJhcyBuYSBhbGRlaWEgYWdvcmEsIG1hcyB0ZW5obyBjZXJ0ZXphIGRlIHF1ZSBlc3TDoSBmZWxpeiBjb20gbyB0cmFiYWxoby4=,,W1R5bGVyXQpRdWl6w6EgYWhvcmEgZXN0w6kgY2xhc2lmaWNhbmRvIHBpZWRyYXMgZW4gbGEgYWxkZWEsIHBlcm8gc2VndXJvIGVzdMOhIGNvbnRlbnRvIGNvbiBzdSB0cmFiYWpvLg==
rBZA,,W1R5bGVyXQpEbyB5b3UgbWluZCBzY3JhdGNoaW5nIG15IGJhY2s/CkkgaGF2ZSBhbiBpdGNoIHByb2JhYmx5IGZyb20gYSBidWcgYml0ZS4KQnV0IEkgZG91YnQgdGhlcmUgaXMgYSBidWcgYmlnIGVub3VnaCB0byBiaXRlIG1lIG9uIHRoZSBiYWNrLg==,,,,,W1R5bGVyXQpWb2PDqiBzZSBpbXBvcnRhIGRlIGNvw6dhciBtaW5oYXMgY29zdGFzPwpFc3RvdSBjb20gdW1hIGNvY2VpcmEsIHByb3ZhdmVsbWVudGUgZGUgdW1hIHBpY2FkYSBkZSBpbnNldG8uCk1hcyBkdXZpZG8gcXVlIGhhamEgdW0gaW5zZXRvIGdyYW5kZSBvIHN1ZmljaWVudGUgcGFyYSBtZSBwaWNhciBuYXMgY29zdGFzLg==,,W1R5bGVyXQrCv1BvZHLDrWFzIHJhc2Nhcm1lIGxhIGVzcGFsZGE/ClRlbmdvIGNvbWV6w7NuLCBwcm9iYWJsZW1lbnRlIG9jYXNpb25hZGEgcG9yIGxhIHBpY2FkdXJhIGRlIHVuIGluc2VjdG8uCkF1bnF1ZSBkdWRvIHF1ZSBoYXlhIHVuIGluc2VjdG8gdGFuIGdyYW5kZSBjb21vIHBhcmEgcGljYXJtZSBlbiBsYSBlc3BhbGRhLg==
rRZA,,W1R5bGVyXQpPaCEhIEkgd2FzIG91dCBvZiBCcmFkaXVtLiBIb3cgZGlkIHlvdSBrbm93IQpUaGFua3Mh,,,,,W09oIV0KT2ghISEgRXUgZXN0YXZhIHNlbSBCcmFkaXVtLiBDb21vIHZvY8OqIHNhYmlhIQpPYnJpZ2FkbyE=,,W1R5bGVyXQrCoUFoISBNZSBoYWLDrWEgcXVlZGFkbyBzaW4gQnJhZGl1bS4gwqHCv0PDs21vIGxvIHN1cGlzdGU/IQrCoUdyYWNpYXMh
rhZA,,W1R5bGVyXQpJIGFsd2F5cyBlbmQgdXAgc2hvcnQgZXZlbiBpZiBJIGJyaW5nIGV4dHJhLgpJIHdpbGwgaGF2ZSB0byBnbyBiYWNrIHRvIHRoZSB2aWxsYWdlIGFmdGVyIEknbSBkb25lIHdpdGggdGhpcyB0byBicmluZyBiYWNrIG1vcmUu,,,,,W1R5bGVyXQpTZW1wcmUgYWNhYm8gZmljYW5kbyBzZW0gbmFkYSwgbWVzbW8gcXVlIGV1IHRyYWdhIG1haXMuClRlcmVpIGRlIHZvbHRhciDDoCBhbGRlaWEgZGVwb2lzIGRlIHRlcm1pbmFyIGlzc28gcGFyYSB0cmF6ZXIgbWFpcy4=,,W1R5bGVyXQpBdW5xdWUgdHJhaWdvIG3DoXMgZGUgbG8gbmVjZXNhcmlvLCBzaWVtcHJlIG1lIGFjYWJhIGZhbHRhbmRvLgpUZW5kcsOpIHF1ZSB2b2x2ZXIgYSBsYSBhbGRlYSBjdWFuZG8gdGVybWluZSBtaSB0cmFiYWpvIGFjw6EgeSB0cmFlciBtw6FzLg==
rxZA,,W1R5bGVyXQpXZSBtZWV0IGFnYWluIQ==,,,,,W1R5bGVyXQpOb3MgZW5jb250cmFtb3Mgbm92YW1lbnRlIQ==,,W1R5bGVyXQrCoU5vcyB2b2x2ZW1vcyBhIHZlciE=
sBZA,,W1R5bGVyXQpJJ3ZlIGJlZW4gd2FpdGluZyBmb3IgeW91IQpTY3JhdGNoIG15IGJhY2sgcGxlYXNlfgpJdCBmZWx0IHNvIGdvb2QgdGhlIGxhc3QgdGltZSB5b3Ugc2NyYXRjaGVkIGl0IGZvciBtZS4=,,,,,W1R5bGVyXQpFdSBlc3RhdmEgZXNwZXJhbmRvIHBvciB2b2PDqiEKQ29jZSBtaW5oYXMgY29zdGFzLCBwb3IgZmF2b3IuCk1lIHNlbnRpIHTDo28gYmVtIGRhIMO6bHRpbWEgdmV6IHF1ZSB2b2PDqiBjb8Onb3UgcGFyYSBtaW0u,,W1R5bGVyXQrCoVRlIGVzdGFiYSBlc3BlcmFuZG8hClLDoXNjYW1lIGxhIGVzcGFsZGEsIHBvciBmYXZvci4KwqFTZSBzaW50acOzIHRhbiBiaWVuIGxhIMO6bHRpbWEgdmV6IHF1ZSBsbyBoaWNpc3RlIQ==
sRZA,,R2l2ZSBCcmFkaXVtIHRvIFR5bGVyLg==,,,,,RMOqIG8gQnJhZGl1bSBwYXJhIG8gVHlsZXIu,,RGFybGUgZWwgQnJhZGl1bSBhIFR5bGVyLg==
shZA,,W1R5bGVyXQpJIHZpc2l0ZWQgdGhlIHZpbGxhZ2UgYWZ0ZXJ3YXJkcy4KQnV0IHRoZSBpdGNoIG9uIG15IGJhY2sgd2Fzbid0IGEgYnVnIGJpdGUu,,,,,W1R5bGVyXQpEZXBvaXMgZGlzc28sIHZpc2l0ZWkgYSBhbGRlaWEuCk1hcyBhIGNvY2VpcmEgbmFzIG1pbmhhcyBjb3N0YXMgbsOjbyBlcmEgdW1hIHBpY2FkYSBkZSBpbnNldG8u,,W1R5bGVyXQpEZXNwdcOpcyB2aXNpdMOpIGxhIGFsZGVhLgpQZXJvIGxhIHBpY2F6w7NuIGVuIG1pIGVzcGFsZGEgbm8gZXJhIHBvciB1bmEgcGljYWR1cmEgZGUgaW5zZWN0by4=
sxZA,,W1R5bGVyXQpTb21ldGhpbmcgdGVycmlibGUgbWlnaHQgaGF2ZSBoYXBwZW5lZCBpZiBpdCB3YXMgdG9vIGxhdGUuCkkgbXVzdCB2aXNpdCB0aGUgdmlsbGFnZSBvZnRlbiBqdXN0IHNvIHRoYXQgbXkgZnJpZW5kcyBkb24ndCB3b3JyeS4=,,,,,W1R5bGVyXQpBbGdvIHRlcnLDrXZlbCBwb2RlcmlhIHRlciBhY29udGVjaWRvIHNlIGZvc3NlIHRhcmRlIGRlbWFpcy4KUHJlY2lzbyB2aXNpdGFyIGEgdmlsYSBjb20gZnJlcXXDqm5jaWEgcGFyYSBxdWUgbWV1cyBhbWlnb3MgbsOjbyBzZSBwcmVvY3VwZW0u,,W1R5bGVyXQpBbGdvIHRlcnJpYmxlIG1lIGhhYnLDrWEgb2N1cnJpZG8gc2kgaHViaWVzZSBwYXNhZG8gbcOhcyB0aWVtcG8uCkRlYm8gdmlzaXRhciBsYSBhbGRlYSBtw6FzIHNlZ3VpZG8gcGFyYSBxdWUgbWlzIGFtaWdvcyBubyBzZSBwcmVvY3VwZW4gcG9yIG3DrS4=
tBZA,,W1R5bGVyXQpYWFhYClhYWFhYWFhYWFhYWCAKWFhYWFhY,,,,,W1R5bGVyXQpYWFhYClhYWFhYWFhYWFhYWCAKWFhYWFhY,,W1R5bGVyXQpYWFhYClhYWFhYWFhYWFhYWCAKWFhYWFhY
tRZA,,Um9zZQ==,,,,,Um9zZQ==,,Um9zZQ==
thZA,,W1Jvc2VdCkxhbGFsYX4KWWVhaH4h,,,,,W1Jvc2VdCkxhbGFsYQpTaW0h,,W1Jvc2VdCkxhLCBsYSwgbGEuCsKhU8OtIQ==
txZA,,W1Jvc2VdCkhlIGhlIGhlIQpJJ20gc28gYXdlc29tZSEKVGhpcyBpcyBhIHBlcmZlY3QgZml4IQpJIHNlZSBubyBlcnJvcnMgaW4gbXkgd29yayE=,,,,,W0VsZSFdCkhlIGhlIGhlIQpFdSBzb3UgdMOjbyBpbmNyw612ZWwhCkVzdGEgw6kgdW1hIGNvcnJlw6fDo28gcGVyZmVpdGEhCk7Do28gdmVqbyBlcnJvcyBlbSBtZXUgdHJhYmFsaG8h,,W1Jvc2VdCsKhSmUsIGplLCBqZSEKwqFTb3kgdGFuIGluY3Jlw61ibGUhCsKhRXMgbGEgc29sdWNpw7NuIHBlcmZlY3RhIQrCoU5vIHZlbyBlcnJvciBhbGd1bm8gZW4gbWkgdHJhYmFqbyE=
uBZA,,W1Jvc2VdClRlbGwgaGltIHRoZXJlIGlzIG5vIHByb2JsZW0gYXQgYWxsIGV4Y2VwdCB0aGF0IEkgYW0gdG9vIGdvb2QgYXQgbXkgam9iLgpCZWNhdXNlIEknbSBwZXJmZWN0Lg==,,,,,W1Jvc2VdCkRpZ2EgYSBlbGUgcXVlIG7Do28gaMOhIHByb2JsZW1hIGFsZ3VtLCBleGNldG8gbyBmYXRvIGRlIGV1IHNlciBib2EgZGVtYWlzIGVtIG1ldSB0cmFiYWxoby4KUG9ycXVlIHNvdSBwZXJmZWl0YS4=,,W1Jvc2VdCkRpbGUgcXVlIG5vIGhheSBuaW5nw7puIHByb2JsZW1hLCBzYWx2byBxdWUgc295IGRlbWFzaWFkbyBidWVuYSBlbiBtaSB0cmFiYWpvLgpFcyBxdWUgc295IGRlbWFzaWFkbyBwZXJmZWN0YS4=
uRZA,,W1Jvc2VdCldobyBhcmUgeW91IQpZb3UgY2FuIG5ldmVyIGhpZGUgYmVhdXR5LiBQbGVhc2UgdHJ5IG5vdCB0byBzdGFyZSBpbnRlbnNlbHkgYXQgbWUuIEkga25vdyBJJ20gYmVhdXRpZnVsLg==,,,,,W1Jvc2VdClF1ZW0gw6kgdm9jw6o/Ck51bmNhIHNlIHBvZGUgZXNjb25kZXIgYSBiZWxlemEuIFBvciBmYXZvciwgdGVudGUgbsOjbyBmaWNhciBvbGhhbmRvIGludGVuc2FtZW50ZSBwYXJhIG1pbS4gRXUgc2VpIHF1ZSBzb3UgYm9uaXRhLg==,,W1Jvc2VdCsK/UXVpw6luIGVyZXMgdMO6PwpObyBzZSBwdWVkZSBvY3VsdGFyIGxhIGJlbGxlemEuIFRyYXRhIGRlIG5vIG1pcmFybWUgdGFuIGZpamFtZW50ZS4gU8OpIHF1ZSBzb3kgaGVybW9zYS4=
uhZA,,W1Jvc2VdCldoYXQ/IFlvdSBjYW1lIG9uIGJlaGFsZiBvZiBGcmVkZT8KWW91IG1lYW4geW91J3JlIG5vdCBteSBhZG1pcmVyPwpUc2suLi4u,,,,,W1Jvc2VdCk8gcXXDqj8gVm9jw6ogdmVpbyBlbSBub21lIGRlIEZyZWRlPwpRdWVyIGRpemVyIHF1ZSBuw6NvIMOpIG1ldSBhZG1pcmFkb3I/ClRzYy4uLi4=,,W1Jvc2VdCsK/UXXDqT8gwr9WaW5pc3RlIGRlIHBhcnRlIGRlIEZyZWRlPwrCv1F1aWVyZXMgZGVjaXIgcXVlIG5vIHZpbmlzdGUgcG9ycXVlIG1lIGFkbWlyYXM/ClRzY+KApg==
uxZA,,W1Jvc2VdCkknbGwgcmV0dXJuIHRvIHRoZSB2aWxsYWdlIHNvb24uCldlIGNhbiBtZWV0IHVwIHRoZW5+,,,,,W1Jvc2VdClZvbHRhcmVpIHBhcmEgYSBhbGRlaWEgZW0gYnJldmUuClBvZGVtb3Mgbm9zIGVuY29udHJhciBsw6Eu,,W1Jvc2VdClZvbHZlcsOpIHByb250byBhIGxhIGFsZGVhLgpOb3MgdmVtb3MgYWxsw60sIMK/c8OtPw==
vBZA,,W1Jvc2VdCkFofgpTbyB5b3UgY2FtZSBiYWNrIGJlY2F1c2UgeW91IG1pc3NlZCBtZT8=,,,,,W1Jvc2VdCkFoIQpFbnTDo28gdm9jw6ogdm9sdG91IHBvcnF1ZSBzZW50aXUgbWluaGEgZmFsdGE/,,W1Jvc2VdCkFoLgrCv0Fzw60gcXVlIHZpbmlzdGUgcG9ycXVlIG1lIGV4dHJhw7FhYmFzPw==
vRZA,,W1Jvc2VdCkRvbid0IGhhdmUgdG8gYmUgc2h5LgpJZiB5b3UgcmVhbGx5IGhhdmUgZmVlbGluZ3MsIHJhY2UgZGlmZmVyZW5jZXMgc2hvdWxkbid0IGJlIGEgcHJvYmxlbS4=,,,,,W1Jvc2VdCk7Do28gcHJlY2lzYSBmaWNhciB0w61taWRvLgpTZSByZWFsbWVudGUgdGVtIHNlbnRpbWVudG9zLCBhcyBkaWZlcmVuw6dhcyByYWNpYWlzIG7Do28gZGV2ZW0gc2VyIHVtIHByb2JsZW1hLg==,,W1Jvc2VdCkxhIHRpbWlkZXogZXN0w6EgZGUgbcOhcy4KU2kgdHVzIHNlbnRpbWllbnRvcyBzb24gc2luY2Vyb3MsIGxhcyBkaWZlcmVuY2lhcyByYWNpYWxlcyBubyBkZWJlcsOtYW4gaW1wb3J0YXIu
vhZA,,WW91IGdpdmUgQnJhZGl1bSB0byBSb3NlLg==,,,,,Vm9jw6ogZMOhIG8gQnJhZGl1bSBwYXJhIGEgUm9zZS4=,,RGFybGUgZWwgQnJhZGl1bSBhIFJvc2Uu
vxZA,,W3t9XQpZb3UgZ2l2ZSBCcmFkaXVtIHRvIFJvc2Uu,,,,,W3t9XQpWb2PDqiBkw6EgQnJhZGl1bSBwYXJhIFJvc2Uu,,W3t9XQpGcmVkZSBtZSBwaWRpw7MgcXVlIHRlIGRpZXJhIGVzdG8u
wBZA,,W1Jvc2VdCkF3dy4uLiB5b3Ugc2hvdWxkbid0IGhhdmUuCk15IF5GNTdEN0RoZWFydGJlYXReMDAwMDAwIHNraXBwZWQuCllvdSBhcmUgYWxyZWFkeSB0YWtpbmcgY2FyZSBvZiBtZS4KSGUgaGUgaGU=,,,,,W1Jvc2VdCkF3dy4uLiBuw6NvIHByZWNpc2F2YS4KTWV1cyBeRjU3RDdEYmF0aW1lbnRvcyBjYXJkw61hY29zXjAwMDAwMCBkaXNwYXJhcmFtLgpWb2PDqiBqw6EgZXN0w6EgY3VpZGFuZG8gZGUgbWltLgpIZWhlaGUh,,W1Jvc2VdCkF5eXl54oCmIG5vIGRlYmlzdGUgbW9sZXN0YXJ0ZS4KU2VudMOtIHF1ZSBeRjU3RDdEZWwgY29yYXrDs24gbWUgZGlvIHVuIGJyaW5jb14wMDAwMDAuCllhIGVzdMOhcyBjdWlkw6FuZG9tZS4KSmUsIGplLCBqZeKApg==
wRZA,,W1Jvc2VdCllvdSdyZSBoZXJlPwpKdXN0IGluIHRpbWUgd2hlbiBJIHdhcyBhYm91dCB0byByZXR1cm4gdG8gdGhlIHZpbGxhZ2UgYmVjYXVzZSBJIG1pc3NlZCB5b3Uu,,,,,W1Jvc2VdClZvY8OqIGVzdMOhIGFxdWk/CkJlbSBuYSBob3JhIGVtIHF1ZSBldSBlc3RhdmEgcHJlc3RlcyBhIHZvbHRhciBwYXJhIGEgYWxkZWlhIHBvcnF1ZSBzZW50aSBzdWEgZmFsdGEu,,W1Jvc2VdCsK/RXN0w6FzIGFxdcOtPwpKdXN0byBjdWFuZG8gZXN0YWJhIGEgcHVudG8gZGUgdm9sdmVyIGEgbGEgYWxkZWEgcG9ycXVlIHRlIGV4dHJhw7FhYmEu
whZA,,W1Jvc2VdCldlIG11c3QgYmUgY29ubmVjdGVkPwpeRjU3RDdESGFoYWhhXjAwMDAwMA==,,,,,W1Jvc2VdCkRldmVtb3MgZXN0YXIgY29uZWN0YWRvcz8KXkY1N0Q3REhhaGFoYV4wMDAwMDA=,,W1Jvc2VdCsK/Q3JlZXMgcXVlIGVzdGVtb3MgY29uZWN0YWRvcz8KXjk1MjQyMEphLCBqYSwgamEuXjAwMDAwMA==
wxZA,,W1Jvc2VdClhYWFhYWFgKWFhYWFhYWFhYWApYWFhY,,,,,W1Jvc2VdClhYWFhYWFgKWFhYWFhYWFhYWFhYClhYWFg=,,W1Jvc2VdClhYWFhYWFgKWFhYWFhYWFhYWApYWFhY
xBZA,,QmFpbg==,,,,,QmFpbg==,,QmFpbg==
xRZA,,W0JhaW5dCllvdSB0YWtlIHN0dXJkeSBsdW1iZXIgYW5kIGVyZWN0IGl0IHRvIG1ha2UgYSBwaWxsYXIuClNpbXBsZSwgaXNuJ3QgaXQ/,,,,,W0JhaW5dClZvY8OqIHBlZ2EgdW1hIG1hZGVpcmEgcmVzaXN0ZW50ZSBlIGEgZXJndWUgcGFyYSBmYXplciB1bSBwaWxhci4Kw4kgc2ltcGxlcywgbsOjbyDDqT8=,,W0JhaW5dClRvbWFzIHVuIHRyb25jbyByb2J1c3RvIHkgbG8geWVyZ3VlcyBjb21vIHVuIHBpbGFyLgpTaW1wbGUsIMK/dmVyZGFkPw==
xhZA,,W0JhaW5dClRvIGZpeCB0aGUgZXJlY3RlZCBsdW1iZXIsIHlvdSBuZWVkIHRvIHVzZSB3ZWRnZXMgdG8ga2VlcCBpdCBpbiBwbGFjZS4KU2ltcGxlLCBpc24ndCBpdD8=,,,,,W0JhaW5dLgpQYXJhIGZpeGFyIGEgbWFkZWlyYSBlcmd1aWRhLCB2b2PDqiBwcmVjaXNhIHVzYXIgY3VuaGFzIHBhcmEgbWFudMOqLWxhIG5vIGx1Z2FyLgrDiSBzaW1wbGVzLCBuw6NvIMOpPw==,,W0JhaW5dClBhcmEgcmVwYXJhciBlbCBwaWxhciBlcmd1aWRvLCB1c2FzIGN1w7FhcyBwYXJhIGZpamFybG8gZW4gc3UgbHVnYXIuClNpbXBsZSwgwr92ZXJkYWQ/
xxZA,,W0JhaW5dCkp1c3QgdGVsbCBoaW0gSSdtIGRvaW5nIHdlbGwuClNpbXBsZSwgaXNuJ3QgaXQ/,,,,,W0JhaW5dCkFwZW5hcyBkaWdhIGEgZWxlIHF1ZSBlc3RvdSBpbmRvIGJlbS4KU2ltcGxlcywgbsOjbyDDqT8=,,W0JhaW5dClNvbG8gZGlsZSBxdWUgbWUgZXN0w6EgeWVuZG8gYmllbi4KU2ltcGxlLCDCv3ZlcmRhZD8=
yBZA,,W0JhaW5dCldoYXQgaXMgaXQ/IERvIHlvdSBoYXZlIGFueSBxdWVzdGlvbnM/,,,,,W0JhaW5dCk8gcXVlIMOpIGlzc28/IFZvY8OqIHRlbSBhbGd1bWEgcGVyZ3VudGE/,,W0JhaW5dCsK/UXXDqSBzdWNlZGU/IMK/VGllbmVzIHByZWd1bnRhcz8=
yRZA,,W0JhaW5dCkZyZWRlIGFza2VkIHlvdSB0byBjb21lPwpKdXN0IHRlbGwgaGltIEknbSBkb2luZyB3ZWxsLgpTaW1wbGUsIGlzbid0IGl0Pw==,,,,,W0JhaW5dCkZyZWRlIGxoZSBwZWRpdSBwYXJhIHZpcj8KQXBlbmFzIGRpZ2EgYSBlbGUgcXVlIGVzdG91IGluZG8gYmVtLgrDiSBzaW1wbGVzLCBuw6NvIMOpPw==,,W0JhaW5dCsK/RnJlZGUgdGUgcGlkacOzIHF1ZSB2aW5pZXJhcz8KU29sbyBkaWxlIHF1ZSBtZSBlc3TDoSB5ZW5kbyBiaWVuLgpTaW1wbGUsIMK/dmVyZGFkPw==
yhZA,,W0JhaW5dCkJ1dCBJIHdpbGwgYmUgaW4gdHJvdWJsZSBpZiBJIGRvbid0IGdvIGJhY2sgdG8gdGhlIHZpbGxhZ2UgZm9yIEJyYWRpdW0u,,,,,W0JhaW5dCk1hcyBlc3RhcmVpIGVtIGFwdXJvcyBzZSBuw6NvIHZvbHRhciDDoCBhbGRlaWEgcG9yIEJyYWRpdW0u,,W0JhaW5dCkVzdGFyw6kgZW4gcHJvYmxlbWFzIHNpIG5vIHZ1ZWx2byBhIGxhIGFsZGVhIGEgYnVzY2FyIEJyYWRpdW0u
yxZA,,W0JhaW5dClRoYW5rIHlvdS4KSG9wZSB0byBzZWUgeW91IGFnYWluLg==,,,,,W0JhaW5dLgpPYnJpZ2Fkby4KRXNwZXJvIHbDqi1sbyBub3ZhbWVudGUu,,W0JhaW5dCkdyYWNpYXMuCkVzcGVybyB2b2x2ZXIgYSB2ZXJ0ZS4=
zBZA,,W0JhaW5dCkkgZm91bmQgYSBkYXJrIGJyb3duIHN0YWluIG9uIG15IHNob3VsZGVyLgpJdCBkb2Vzbid0IGNvbWUgb2ZmLiBJJ2xsIGhhdmUgdG8gZ28gYmFjayB0byB0aGUgdmlsbGFnZSB0byBnZXQgdHJlYXRtZW50Lg==,,,,,W0JhaW5dCkVuY29udHJlaSB1bWEgbWFuY2hhIG1hcnJvbSBlc2N1cmEgZW0gbWV1IG9tYnJvLgpOw6NvIHNhaS4gVGVyZWkgZGUgdm9sdGFyIMOgIGFsZGVpYSBwYXJhIGZhemVyIHVtIHRyYXRhbWVudG8u,,W0JhaW5dCkRlc2N1YnLDrSB1bmEgbWFuY2hhIG1hcnLDs24gb3NjdXJvIGVuIG1pIGhvbWJyby4KTm8gc2UgcXVpdGEuIFRlbmRyw6kgcXVlIHZvbHZlciBhIGxhIGFsZGVhIHBhcmEgdHJhdGFybWUu
zRZA,,R2l2ZSBCcmFkaXVtLg==,,,,,RMOqIEJyYWRpdW0u,,RGFybGUgZWwgQnJhZGl1bS4=
zhZA,,W0JhaW5dCldlIG1lZXQgYWdhaW4uCkkgd291bGRuJ3QgaGF2ZSBoYWQgdGhlIGNoYW5jZSB0byByZXR1cm4gdG8gdGhlIHZpbGxhZ2UgaWYgeW91IGRpZG4ndCBnaXZlIG1lIHRoZSBCcmFkaXVtIGJlZm9yZS4=,,,,,W0JhaW5dCk7Ds3Mgbm9zIGVuY29udHJhbW9zIG5vdmFtZW50ZS4KRXUgbsOjbyB0ZXJpYSB0aWRvIGEgY2hhbmNlIGRlIHZvbHRhciDDoCBhbGRlaWEgc2Ugdm9jw6ogbsOjbyB0aXZlc3NlIG1lIGRhZG8gbyBCcmFkaXVtIGFudGVzLg==,,W0JhaW5dCk5vcyB2b2x2ZW1vcyBhIGVuY29udHJhci4KU2kgbm8gbWUgaHViaWVyYXMgZGFkbyBlbCBCcmFkaXVtLCBubyBoYWJyw61hIHBvZGlkbyB2b2x2ZXIgYSBsYSBhbGRlYS4=
zxZA,,W0JhaW5dCkkgYW0gZm9yZXZlciBncmF0ZWZ1bC4KSSdtIHdpbGxpbmcgdG8gdGVhY2ggeW91IGhvdyB0byBlcmVjdCBhIHBpbGxhciBhbnl0aW1lIHlvdSB3YW50Lg==,,,,,W0JhaW5dClNvdSBldGVybmFtZW50ZSBncmF0by4KRXN0b3UgZGlzcG9zdG8gYSBlbnNpbsOhLWxvIGEgZXJndWVyIHVtIHBpbGFyIHNlbXByZSBxdWUgcXVpc2VyLg==,,W0JhaW5dClRlIGVzdG95IGV0ZXJuYW1lbnRlIGFncmFkZWNpZG8uClZlbiBjdWFuZG8gZGVzZWVzIHkgdGUgZW5zZcOxYXLDqSBhIGVyZ3VpciB1biBwaWxhci4=
0BZA,,W0JhaW5dCkkgZG9uJ3QgdGVhY2ggdGhlc2UgdGhpbmdzIHRvIGp1c3QgYW55b25lISEKSGEgaGEgaGEhIQpBcmVuJ3QgeW91IGV4Y2l0ZWQgYWJvdXQgaXQ/,,,,,W0JhaW5dCk7Do28gZW5zaW5vIGVzc2FzIGNvaXNhcyBwYXJhIHF1YWxxdWVyIHVtISEhCkhhIGhhIGhhIGhhISEhCk7Do28gZXN0w6EgYW5pbWFkbyBjb20gaXNzbz8=,,W0JhaW5dCsKhTm8gbGUgZW5zZcOxbyBlc3RhcyBjb3NhcyBhIGN1YWxxdWllcmEhCkphLCBqYSwgamEuCsK/Tm8gdGUgZW1vY2lvbmE/
0RZA,,W0JhaW5dClhYWFhYWApYWFhYWFg=,,,,,W0JhaW5dClhYWFhYWApYWFhYWFg=,,W0JhaW5dClhYWFhYWApYWFhYWFg=
0hZA,,TGFzaA==,,,,,TGFzaA==,,TGFzaA==
0xZA,,W0xhc2hdClNpZ2guLi4uLi4KSSdtIHNvIHRpcmVkLi4uCkJ1dCBmYXRpZ3VlIGhlbHBzIG1lIHRvIG1vdmUgZm9yd2FyZC4=,,,,,W0xhc2hdClN1c3Bpcm8uLi4uLi4KRXN0b3UgdMOjbyBjYW5zYWRvLi4uCk1hcyBvIGNhbnNhw6dvIG1lIGFqdWRhIGEgc2VndWlyIGVtIGZyZW50ZS4=,,W0xhc2hdCipTdXNwaXJh4oCmKgpTaWVudG8gdGFudG8gY2Fuc2FuY2lv4oCmClBlcm8gZWwgY2Fuc2FuY2lvIG1lIGF5dWRhIGEgc2VndWlyIGFkZWxhbnRlLg==
1BZA,,W0xhc2hdClRoZSBzd2VhdCwgaGVhdnkgYnJlYXRoaW5nLCBhbmQgY29udGludW91cyB0aXJlZG5lc3MgcHJvdmVzIHRoYXQgSSdtIGEgdHJ1ZSBTYXBoYS4KQW5kIEkgYWN0dWFsbHkgZW5qb3kgaXQuIEhhIGhhIGhhIGhhLg==,,,,,W0xhc2hdCk8gc3VvciwgYSByZXNwaXJhw6fDo28gcGVzYWRhIGUgbyBjYW5zYcOnbyBjb250w61udW8gcHJvdmFtIHF1ZSBzb3UgdW0gdmVyZGFkZWlybyBTYXBoYS4KRSBldSByZWFsbWVudGUgZ29zdG8gZGlzc28uIEhhIGhhIGhhIGhhIGhhLg==,,W0xhc2hdCkVsIHN1ZG9yLCBsYSByZXNwaXJhY2nDs24gYWdpdGFkYSB5IGVsIGNhbnNhbmNpbyBwZXJtYW5lbnRlIGRlbXVlc3RyYW4gcXVlIHNveSBzYXBoYSBkZSB2ZXJkYWQuClkgbGEgdmVyZGFkIGVzIHF1ZSBsbyBkaXNmcnV0by4gSmEsIGphLCBqYS4=
1RZA,,W0xhc2hdCklmIHlvdSdkIGxpa2UgdG8gdGVsbCBoaW0gaG93IEknbSBkb2luZywgbG9vayBhdCBteSBmb3JlYXJtLiBEb2Vzbid0IGl0IHNwZWxsIG91dCAnU3Ryb25nJyBvbiBpdD8=,,,,,W0xhc2hdClNlIHF1aXNlciBkaXplciBhIGVsZSBjb21vIGVzdG91IGluZG8sIG9saGUgcGFyYSBvIG1ldSBhbnRlYnJhw6dvLiBOw6NvIGVzdMOhIGVzY3JpdG8gJydmb3J0ZScnIG5lbGU/,,W0xhc2hdClNpIHF1aWVyZXMgZGVzY3JpYmlybGUgY8OzbW8gbWUgc2llbnRvLCBzb2xvIG1pcmEgbWkgYW50ZWJyYXpvLiDCv05vIHRlIGRhIGlubWVkaWF0YW1lbnRlIGxhIGltcHJlc2nDs24gZGUgcG9kZXI/
1hZA,,W0xhc2hdCkp1c3QgdGVsbCBoaW0gd2hhdCB5b3Ugc2VlIQpIYSBoYSBoYSBoYSBoYSE=,,,,,W0xhc2hdCkFwZW5hcyBkaWdhIGEgZWxlIG8gcXVlIHZvY8OqIHbDqiEKSGEgaGEgaGEgaGEgaGEgaGEh,,W0xhc2hdCsKhU29sbyBjdcOpbnRhbGUgbG8gcXVlIHZpc3RlIQrCoUphLCBqYSwgamEsIGphIQ==
1xZA,,W0xhc2hdCkJ1dCB3aGF0IGlzIHlvdXIgYnVzaW5lc3MgaGVyZT8KWW91IHdhbnQgdG8gc2hhcmUgdGhlIGxhYm9yIGFuZCBzd2VhdD8=,,,,,W0xhc2hdCk1hcyBxdWFsIMOpIG8gc2V1IG5lZ8OzY2lvIGFxdWk/ClZvY8OqIHF1ZXIgY29tcGFydGlsaGFyIG8gdHJhYmFsaG8gZSBvIHN1b3I/,,W0xhc2hdCkVuIGZpbiwgwr9xdcOpIHRlIHRyYWUgcG9yIGFxdcOtPwrCv1F1aWVyZXMgY29tcGFydGlyIGVsIHRyYWJham8geSBlbCBzdWRvcj8=
2BZA,,W0xhc2hdCkhtPwpPaCwgeW91IGFyZSBGcmVkZSdzIG1lc3Nlbmdlcj8KVG8gYmFkLgpJIHRob3VnaHQgeW91IHdlcmUgbGlrZSBtZSBqdWRnaW5nIGZyb20geW91ciBmb3JlYXJtLg==,,,,,W0xhc2hdCkhtPwpBaCwgdm9jw6ogw6kgbyBtZW5zYWdlaXJvIGRlIEZyZWRlPwpRdWUgY2hhdG8hCkFjaGVpIHF1ZSB2b2PDqiBmb3NzZSBjb21vIGV1LCBhIGp1bGdhciBwZWxvIHNldSBhbnRlYnJhw6dvLg==,,W0xhc2hdCsK/RWg/CkFoLCDCv3ZpZW5lcyBhIGVudHJlZ2FyIHVuIG1lbnNhamUgZGUgRnJlZGU/ClF1w6kgbWFsLgpBIGp1emdhciBwb3IgdHUgYW50ZWJyYXpvLCBwZW5zw6kgcXVlIGVyYXMgY29tbyB5by4=
2RZA,,W0xhc2hdCldvdyEhISEKWW91J3ZlIHNhdmVkIG1lIQ==,,,,,W0xhc2hdClVhdSEhISEhClZvY8OqIG1lIHNhbHZvdSE=,,W0xhc2hdCsKhVmF5YSEKwqFNZSBzYWx2YXN0ZSE=
2hZA,,W0xhc2hdCkkgd291bGQgaGF2ZSBwZXJpc2hlZCBpbnRvIGFzaGVzIGhlcmUgaWYgaXQgd2VyZW4ndCBmb3IgeW91IQ==,,,,,W0xhc2hdCkV1IHRlcmlhIHBlcmVjaWRvIGVtIGNpbnphcyBhcXVpIHNlIG7Do28gZm9zc2UgcG9yIHZvY8OqIQ==,,W0xhc2hdCsKhTWUgaGFicsOtYSBjb252ZXJ0aWRvIGVuIGNlbml6YXMgc2kgbm8gaHViaWVzZSBzaWRvIHBvciB0aSE=
2xZA,,W0xhc2hdCk1vYW4uLi4KSXMuLi4gdGhpcyB3aGF0IHRoZXkgY2FsbCBmYXRpZ3VlIQpOZXZlciBrbmV3IEkgd291bGQgZmVlbCB0aGlzLiBTb2Iu,,,,,W0xhc2hdCkdlbWlkby4uLgrDiS4uLiBpc3NvIHF1ZSBlbGVzIGNoYW1hbSBkZSBmYWRpZ2EhCk51bmNhIGltYWdpbmVpIHF1ZSBzZW50aXJpYSBpc3NvLiBTb2x1w6dvLg==,,W0xhc2hdCkFoaGjigKYKwr9Fc3RvIGVzIGEgbG8gcXVlIGxsYW1hbiBmYXRpZ2E/CkphbcOhcyBpbWFnaW7DqSBxdWUgcG9kw61hIHNlbnRpciBlc3RvLiAqU29sbG96YSo=
3BZA,,WW91IGdpdmUgQnJhZGl1bSB0byBMYXNoLg==,,,,,Vm9jw6ogZMOhIG8gQnJhZGl1bSBwYXJhIG8gTGFzaC4=,,RGFybGUgZWwgQnJhZGl1bSBhIExhc2gu
3RZA,,W0xhc2hdCkhhIGhhIGhhISEKWW91IGFyZSBteSBzYXZpb3IhCk91ciBmcmllbmRzaGlwIHdpbGwgbGFzdCBmb3JldmVyIHJlZ2FyZGxlc3Mgb2YgcmFjZSE=,,,,,W0xhc2hdCkhhIGhhIGhhIGhhISEhClZvY8OqIMOpIG1ldSBzYWx2YWRvciEKTm9zc2EgYW1pemFkZSBkdXJhcsOhIHBhcmEgc2VtcHJlLCBpbmRlcGVuZGVudGVtZW50ZSBkYSByYcOnYSE=,,W0xhc2hdCkphLCBqYSwgamEuCsKhU2FsdmFzdGUgbWkgdmlkYSEKwqFOdWVzdHJhIGFtaXN0YWQgZHVyYXLDoSBwYXJhIHNpZW1wcmUsIGluZGVwZW5kaWVudGVtZW50ZSBkZSBudWVzdHJhcyByYXphcyE=
3hZA,,W0xhc2hdClhYWFhYWFhYWFhYWFhYWFgKWFhYWFhYWFhYWFhYClhYWFhYWApYClhYWFhYWFhY,,,,,W0xhc2hdClhYWFhYWFhYWFhYWFhYWFhYWFhYClhYWFhYWFhYWFhYWApYWFhYWFgKWApYWFhYWFhYWA==,,W0xhc2hdClhYWFhYWFhYWFhYWFhYWFgKWFhYWFhYWFhYWFhYClhYWFhYWApYClhYWFhYWFhY
3xZA,,Qm91eQ==,,,,,Qm91eQ==,,Qm91eQ==
4BZA,,W0JvdXldCk91dHNpZGVycyBhcmUgcHJvaGliaXRlZCBoZXJlLgpJZiB5b3UgaGF2ZSBjb21lIGhlcmUgYnkgbWlzdGFrZSwgcGxlYXNlIGZpbmQgeW91ciB3YXkgb3V0IG5vdy4=,,,,,W0JvdXldClBlc3NvYXMgZGUgZm9yYSBzw6NvIHByb2liaWRhcyBhcXVpLgpTZSB2ZWlvIGFxdWkgcG9yIGVuZ2FubywgcG9yIGZhdm9yLCBlbmNvbnRyZSBzdWEgc2HDrWRhIGFnb3JhLg==,,W0JvdXldClNlIHByb2jDrWJlIGVsIGluZ3Jlc28gZGUgZXh0cmHDsW9zIGFxdcOtLgpTaSBsbGVnYXN0ZSBhcXXDrSBwb3IgZXF1aXZvY2FjacOzbiwgdnVlbHZlIHBvciBkb25kZSBlbnRyYXN0ZS4=
4RZA,,SSBjYW1lIG9uIGJlaGFsZiBvZiBGcmVkZS4=,,,,,VmltIGVtIG5vbWUgZGUgRnJlZGUu,,VmVuZ28gZW4gbm9tYnJlIGRlIEZyZWRlLg==
4hZA,,W0JvdXldCkkgZGlkbid0IGtub3cuIEV4Y3VzZSBtZS4KV2hhdCBkaWQgaGUgYXNrIHlvdSB0byBkbz8=,,,,,W0JvdXldCkV1IG7Do28gc2FiaWEuIERlc2N1bHBlLW1lLgpPIHF1ZSBlbGUgbGhlIHBlZGl1IHBhcmEgZmF6ZXI/,,W0JvdXldCk5vIGxvIHNhYsOtYS4gRGlzY3VscGEuCsK/UXXDqSB0ZSBwaWRpw7MgcXVlIGhpY2llcmFzPw==
4xZA,,W3t9XQpIZSBhc2tlZCBtZSB0byBkZWxpdmVyIEJyYWRpdW0gdG8gaGlzIGZyaWVuZHMgd29ya2luZyBpbiB0aGUgY2F2ZSBvdXRzaWRlIHRoZSB2aWxsYWdlLg==,,,,,W3t9XQpNZSBwZWRpdSBwYXJhIGVudHJlZ2FyIG8gQnJhZGl1bSBwYXJhIG9zIGFtaWdvcyBxdWUgdHJhYmFsaGFtIG5hIGNhdmVybmEgZm9yYSBkYSBhbGRlaWEu,,W3t9XQpNZSBwaWRpw7MgcXVlIGxlcyBlbnRyZWdhcmEgQnJhZGl1bSBhIHN1cyBhbWlnb3MgcXVlIHRyYWJhamFuIGVuIGxhIGN1ZXZhIGVuIGxhcyBhZnVlcmFzIGRlIGxhIGFsZGVhLg==
5BZA,,W0JvdXldCk9oIG5vLiBJIGRvbid0IGhhdmUgYW55IHBvcnRhYmxlIEJyYWRpdW0gYmVjYXVzZSBvZiBpbnN1ZmZpY2llbnQgc3VwcGxpZXMu,,,,,W0JvdXldCkFoLCBuw6NvLiBOw6NvIHRlbmhvIG5lbmh1bSBCcmFkaXVtIHBvcnTDoXRpbCBkZXZpZG8gw6AgZmFsdGEgZGUgc3VwcmltZW50b3Mu,,W0JvdXldCkF5LCBhIG3DrSBubyBtZSBxdWVkYSBCcmFkaXVtIHBvcnTDoXRpbCBwb3JxdWUgc2UgYWNhYmFyb24gbG9zIHJlY3Vyc29zLg==
5RZA,,W0JvdXldCkkgd2lsbCBvbmx5IGJlIGFibGUgdG8gZ2V0IHRoZSBCcmFkaXVtIHRoYXQgaXMgYmVpbmcgcmVmaW5lZCBub3cgaW4gYSBmZXcgZGF5cy4gV2UgbGV0IFBpb21zIHJldHVybmluZyBmcm9tIG91dHNpZGUgd29yayBzdGF5IGFuZCByZXN0IGluIHRoZSB2aWxsYWdlLg==,,,,,W0JvdXldClPDsyBwb2RlcmVpIG9idGVyIGVtIGFsZ3VucyBkaWFzIG8gQnJhZGl1bSBxdWUgZXN0w6Egc2VuZG8gcmVmaW5hZG8gYWdvcmEuIERlaXhhbW9zIHF1ZSBvcyBQaW9tcyBxdWUgcmV0b3JuYW0gZG8gdHJhYmFsaG8gZXh0ZXJubyBmaXF1ZW0gZSBkZXNjYW5zZW0gbmEgYWxkZWlhLg==,,W0JvdXldClNvbG8gcG9kcsOpIHVzYXIgZWwgQnJhZGl1bSBxdWUgc2UgcmVmaW5hcsOhIGFob3JhIGVuIHVuIHBhciBkZSBkw61hcy4gTGVzIGVzdGFtb3MgcGVybWl0aWVuZG8gYSBsb3MgcGlvbXMgcXVlIHZ1ZWx2ZW4gZGUgdHJhYmFqYXIgYWZ1ZXJhIHF1ZSBzZSBxdWVkZW4gZW4gbGEgYWxkZWEgYSBkZXNjYW5zYXIu
5hZA,,W0JvdXldCkJ1dCBJIHNlZSB0aGV5IGhhdmVuJ3QgcmV0dXJuZWQgeWV0LgpUaGV5IG11c3QgYmUgb3V0IG9mIEJyYWRpdW0gYnkgbm93LgpUaGlzIGlzbid0IGdvb2Qu,,,,,W0JvdXldCk1hcyB2ZWpvIHF1ZSBhaW5kYSBuw6NvIHZvbHRhcmFtLgpKw6EgZGV2ZW0gZXN0YXIgc2VtIEJyYWRpdW0uCklzc28gbsOjbyDDqSBib20u,,W0JvdXldClBlcm8gdmVvIHF1ZSBhw7puIG5vIHZ1ZWx2ZW4uCllhIHNlIGxlcyBkZWJlIGhhYmVyIGFjYWJhZG8gZWwgQnJhZGl1bS4KRXN0byBubyBlcyBidWVuby4=
5xZA,,W0JvdXldCldvcnN0IGNhc2UsIHRoZXkgd291bGRuJ3QgY29tZSBiYWNrIHRvIHRoZSB2aWxsYWdlIGF0IGFsbC4=,,,,,W0JvdXldCk5hIHBpb3IgZGFzIGhpcMOzdGVzZXMsIGVsZXMgbsOjbyB2b2x0YXJpYW0gcGFyYSBhIGFsZGVpYS4=,,W0JvdXldCkVuIGVsIHBlb3IgZGUgbG9zIGNhc29zLCBubyB2b2x2ZXLDoW4gYSBsYSBhbGRlYS4=
6BZA,,W3t9XQpJcyB0aGVyZSBhbm90aGVyIHdheT8=,,,,,W3t9XQpFeGlzdGUgb3V0cmEgbWFuZWlyYT8=,,W3t9XQrCv0hheSBhbGdvIG3DoXMgcXVlIHNlIHB1ZWRhIGhhY2VyPw==
6RZA,,W0JvdXldCkl0IHRha2VzIGEgbG90IG9mIHRpbWUgdG8gcmVmaW5lIGEgbGFyZ2UgQnJhZGl1bSBtaW5lcmFsIGJ1dCBzbWFsbCBwaWVjZXMgb2YgQnJhZGl1bSB3aWxsIGJlIHF1aWNrLg==,,,,,W0JvdXldCkxldmEgbXVpdG8gdGVtcG8gcGFyYSByZWZpbmFyIHVtIGdyYW5kZSBCcmFkaXVtLCBtYXMgcGVxdWVub3MgcGVkYcOnb3MgdmFpIHNlciByw6FwaWRvLg==,,W0JvdXldCkxsZXZhIG11Y2hvIHRpZW1wbyByZWZpbmFyIGVsIG1pbmVyYWwgQnJhZGl1bSBncmFuZGUsIHBlcm8gbG9zIHRyb3pvcyBwZXF1ZcOxb3MgZGUgQnJhZGl1bSBzZSByZWZpbmFuIHLDoXBpZG8u
6hZA,,W0JvdXldCkJyYWRpdW0gbWluZXJhbCBjYW4gYmUgY29sbGVjdGVkIGFueXdoZXJlIGluIHRoaXMgYXJlYSBidXQgdGhlIGVmZmVjdGl2ZW5lc3Mgb2YgcmVmaW5lZCBwaWVjZXMgaXMgbG93Lg==,,,,,W0JvdXldCk8gbWluZXJhbCBCcmFkaXVtIHBvZGUgc2VyIGNvbGV0YWRvIGVtIHF1YWxxdWVyIGx1Z2FyIGRlc3RhIMOhcmVhLCBtYXMgYSBlZmljw6FjaWEgZGFzIHBlw6dhcyByZWZpbmFkYXMgw6kgYmFpeGEu,,W0JvdXldCkVsIG1pbmVyYWwgQnJhZGl1bSBwdWVkZSBlbmNvbnRyYXJzZSBlbiBjdWFscXVpZXIgbHVnYXIgZGUgZXN0YSB6b25hLCBwZXJvIGxhIGVmaWNhY2lhIGRlIGxhcyBwaWV6YXMgcmVmaW5hZGFzIGVzIGJhamEu
6xZA,,W0JvdXldCllvdSBjYW4gZWFzaWx5IGNvbGxlY3QgXkY1N0Q3RHBpZWNlcyBvZiBCcmFkaXVtIGZyb20gbW9uc3RlcnMgbmVhcmJ5XjAwMDAwMC4=,,,,,W0JvdXldClZvY8OqIHBvZGUgY29sZXRhciBmYWNpbG1lbnRlIF5GNTdEN0QgcGXDp2FzIGRlIEJyYWRpdW0gZGUgbW9uc3Ryb3MgcHLDs3hpbW9zXjAwMDAwMC4=,,W0JvdXldClB1ZWRlcyByZWNvbGVjdGFyIGbDoWNpbG1lbnRlIF5GNTdEN0RlbCBCcmFkaXVtIHF1ZSBuZWNlc2l0YXMgY29uIGxvcyBtb25zdHJ1b3MgZGUgbG9zIGFscmVkZWRvcmVzXjAwMDAwMC4=
7BZA,,W0JvdXldCkFib3V0IF5GNTdEN0QzMCBwaWVjZXMgb2YgQnJhZGl1bV4wMDAwMDAgd2lsbCBiZSBlbm91Z2ggdG8gc2hhcmUgd2l0aCA2IHBlb3BsZS4=,,,,,W0JvdXldCkNlcmNhIGRlIF5GNTdEN0QzMCBwZcOnYXMgZGUgQnJhZGl1bV4wMDAwMDAgc2Vyw6NvIHN1ZmljaWVudGVzIHBhcmEgY29tcGFydGlsaGFyIGNvbSA2IHBlc3NvYXMu,,W0JvdXldCkJhc3RhcsOhIGNvbiB1bmFzIF45NTI0MjAzMCB1bmlkYWRlcyBkZSBCcmFkaXVtXjAwMDAwMCBwYXJhIGNvbXBhcnRpcmxhcyBjb24gc2VpcyBwZXJzb25hcy4=
7RZA,,W0JvdXldCllvdSd2ZSBicm91Z2h0IGJhY2sgdGhlIEJyYWRpdW0uCkkndmUgYmVlbiB3YWl0aW5nIGZvciB0aGUgR2FsdGVucyB0byByZXR1cm4gYmVjYXVzZSBJJ20gbm90IGFjY3VzdG9tZWQgdG8gYmF0dGxlIHNpbmNlIEknbSBWZW5rbmljay4gVGhhbmsgeW91IHZlcnkgbXVjaC4=,,,,,W0JvdXldClZvY8OqIHRyb3V4ZSBkZSB2b2x0YSBvIEJyYWRpdW0uCkV1IGVzdGF2YSBlc3BlcmFuZG8gb3MgR2FsdGVucyB2b2x0YXJlbSBwb3JxdWUgbsOjbyBlc3RvdSBhY29zdHVtYWRvIGEgbHV0YXIsIGrDoSBxdWUgc291IFZlbmtuaWNrLiBNdWl0byBvYnJpZ2Fkby4=,,W0JvdXldCkNvbnNlZ3Vpc3RlIGVsIEJyYWRpdW0uCkhlIGVzdGFkbyBlc3BlcmFuZG8gcXVlIHZ1ZWx2YW4gbG9zIGdhbHRlbnMgcG9ycXVlIHNveSB2ZW5rbmljayB5IG5vIGVzdG95IGFjb3N0dW1icmFkbyBhIHBlbGVhci4gTXVjaGFzIGdyYWNpYXMu
7hZA,,W0JvdXldCkhhbmR3b3JrIGlzIG11Y2ggZmFzdGVyIHRvIHJlZmluZSBwaWVjZXMgb2YgQnJhZGl1bSBpbnN0ZWFkIG9mIHVzaW5nIGEgbWFjaGluZS4gSSB3aWxsIG9ubHkgbmVlZCBhbiBob3VyIHRvIGZpbmlzaC4=,,,,,W0JvdXldCk8gdHJhYmFsaG8gbWFudWFsIMOpIG11aXRvIG1haXMgcsOhcGlkbyBwYXJhIHJlZmluYXIgcGXDp2FzIGRlIEJyYWRpdW0gZG8gcXVlIHVzYXIgdW1hIG3DoXF1aW5hLiBQcmVjaXNhcmVpIGRlIGFwZW5hcyB1bWEgaG9yYSBwYXJhIHRlcm1pbmFyLg==,,W0JvdXldClRyYWJhamFyIGEgbWFubyBlcyBtdWNobyBtw6FzIHLDoXBpZG8gcGFyYSByZWZpbmFyIHBpZXphcyBkZSBCcmFkaXVtIHF1ZSB1c2FyIHVuYSBtw6FxdWluYS4gU29sbyBuZWNlc2l0YXLDqSB1bmEgaG9yYSBwYXJhIHRlcm1pbmFyLg==
7xZA,,W0JvdXldClBsZWFzZSBnbyByZXN0IHdoaWxlIEkgZ2V0IHRvIHdvcmsu,,,,,W0JvdXldClBvciBmYXZvciwgdsOhIGRlc2NhbnNhciBlbnF1YW50byBldSBjb21lw6dvIGEgdHJhYmFsaGFyLg==,,W0JvdXldClZlIGEgZGVzY2Fuc2FyIG1pZW50cmFzIG1lIHBvbmdvIGEgdHJhYmFqYXIu
8BZA,,W0JvdXldCkkgZGlkIGl0IQpJIHdhcyBhIGJpdCBuZXJ2b3VzIGJlY2F1c2UgaXQgaGFzIGJlZW4gYSBsb25nIHRpbWUgc2luY2UgSSBkaWQgbWFudWFsIHdvcmsgYnV0IEkgdGhpbmsgSSBkaWQgYSBnb29kIGpvYi4KUGxlYXNlIHRha2UgdGhlc2UgdG8gdGhlbS4=,,,,,W0JvdXldCkNvbnNlZ3VpIQpFdSBlc3RhdmEgbWVpbyBuZXJ2b3NvIHBvcnF1ZSBmYXppYSBtdWl0byB0ZW1wbyBxdWUgbsOjbyBmYXppYSB0cmFiYWxobyBtYW51YWwsIG1hcyBhY2hvIHF1ZSBtYW5kZWkgYmVtLgpQb3IgZmF2b3IsIGxldmUgaXNzbyBwYXJhIGVsZXMu,,W0JvdXldCsKhTG8gbG9ncsOpIQpTZW50w60gdW4gcG9jbyBkZSBuZXJ2aW9zIHBvcnF1ZSBoYWPDrWEgbXVjaG8gdGllbXBvIHF1ZSBubyBoYWPDrWEgdHJhYmFqbyBtYW51YWwsIHBlcm8gY3JlbyBxdWUgc2FsacOzIGJpZW4uCkxsw6l2YWxlcyBlc3RvLCBwb3IgZmF2b3Iu
8RZA,,W0JvdXldCkknbSBzdGlsbCB3b3JraW5nIG9uIGl0IHNvIHBsZWFzZSByZXN0IGEgbGl0dGxlIG1vcmUu,,,,,W0JvdXldCkFpbmRhIGVzdG91IHRyYWJhbGhhbmRvIG5pc3NvLCBwb3J0YW50bywgZGVzY2Fuc2UgdW0gcG91Y28gbWFpcy4=,,W0JvdXldCkHDum4gZXN0b3kgdHJhYmFqYW5kbywgYXPDrSBxdWUgZGVzY2Fuc2EgdW4gcG9jbyBtw6FzLg==
8hZA,,W0JvdXldClNhcGhhcyBjYW5ub3QgbGl2ZSB1bmxlc3Mgd2UgY29uc3VtZSBCcmFkaXVtIGNvbnRpbnVvdXNseS4KVGhhdCBpcyB3aHkgd2UgbmVlZGVkIHNwYWNlcyBmb3IgdXMgdG8gaW5qZWN0IEJyYWRpdW0gYWxsIG92ZXIgdGhlIHZpbGxhZ2Uu,,,,,W0JvdXldCk9zIFNhcGhhcyBuw6NvIHBvZGVtIHZpdmVyIGEgbWVub3MgcXVlIGNvbnN1bWFtIEJyYWRpdW0gY29udGludWFtZW50ZS4KUG9yIGlzc28sIHByZWNpc2Ftb3MgZGUgZXNwYcOnb3MgcGFyYSBpbmpldGFyIEJyYWRpdW0gZW0gdG9kYSBhIGFsZGVpYS4=,,W0JvdXldCkxvcyBzYXBoYXMgbm8gcG9kZW1vcyB2aXZpciBzaSBubyBjb25zdW1pbW9zIEJyYWRpdW0gY29udGludWFtZW50ZS4KUG9yIGVzbywgbmVjZXNpdGFtb3MgbHVnYXJlcyBwb3IgdG9kYSBsYSBhbGRlYSBkb25kZSBwb2RhbW9zIGlueWVjdGFybm9zIEJyYWRpdW0u
8xZA,,W0JvdXldCkJ1dCB0aG9zZSB3b3JraW5nIG91dHNpZGUgb2YgdGhlIHZpbGxhZ2UgY2Fubm90IHJldHVybiBvZnRlbiB0byByZWZpbGwgdGhlaXIgQnJhZGl1bSBzbyB3ZSBwcm92aWRlIEJyYWRpdW0gdGhhdCBpcyBwb3J0YWJsZS4=,,,,,W0JvdXldCk1hcyBhcXVlbGVzIHF1ZSB0cmFiYWxoYW0gZm9yYSBkYSBhbGRlaWEgbsOjbyBwb2RlbSByZXRvcm5hciBjb20gZnJlcXXDqm5jaWEgcGFyYSByZWFiYXN0ZWNlciBzZXUgQnJhZGl1bSwgZW50w6NvIGZvcm5lY2Vtb3MgQnJhZGl1bSBwb3J0w6F0aWwu,,W0JvdXldClBlcm8gbG9zIHF1ZSB0cmFiYWphbiBmdWVyYSBkZSBsYSBhbGRlYSBubyBwdWVkZW4gdm9sdmVyIGEgcmVhYmFzdGVjZXJzZSBtdXkgYSBtZW51ZG8sIGFzw60gcXVlIGxlcyBwcm9wb3JjaW9uYW1vcyBCcmFkaXVtIHBvcnTDoXRpbC4=
9BZA,,W0JvdXldCkJ1dCB0aGVyZSB3YXMgYSBwcm9ibGVtIHdpdGggdGhlIEJyYWRpdW0gbWluaW5nIGluIHRoZSBNYW51ayBhcmVhIHJlY2VudGx5IGFuZCB3ZSBoYXZlIGEgc2hvcnRhZ2Ugb2Ygc3VwcGxpZXMuIFdlIGRvbid0IGhhdmUgZW5vdWdoIHRvIGdpdmUgb3V0Lg==,,,,,W0JvdXldCk1hcyBob3V2ZSB1bSBwcm9ibGVtYSBjb20gYSBtaW5lcmHDp8OjbyBkZSBCcmFkaXVtIG5hIMOhcmVhIGRlIE1hbnVrIHJlY2VudGVtZW50ZSBlIHRlbW9zIHVtYSBlc2Nhc3NleiBkZSBzdXByaW1lbnRvcy4gTsOjbyB0ZW1vcyBvIHN1ZmljaWVudGUgcGFyYSBkaXN0cmlidWlyLg==,,W0JvdXldClBlcm8gaGFjZSBwb2NvIGh1Ym8gdW4gcHJvYmxlbWEgY29uIGxhIGV4dHJhY2Npw7NuIGRlIEJyYWRpdW0gZW4gTWFudWsgeSwgZGVzZGUgZW50b25jZXMsIHN1ZnJpbW9zIGVzY2FzZXogZGUgcmVjdXJzb3MuIE5vIHRlbmVtb3Mgc3VmaWNpZW50ZSBwYXJhIHRvZG9zLg==
9RZA,,W0JvdXldClRoYXQgaXMgd2h5IG1hbnkgUGlvbXMgd29ya2luZyBpbiB0aGUgb3V0c2tpcnRzIG9mIHRoZSB2aWxsYWdlIHJldHVybiBmb3IgbW9yZSBzdXBwbGllcyw=,,,,,W0JvdXldCsOJIHBvciBpc3NvIHF1ZSBtdWl0b3MgUGlvbXMgcXVlIHRyYWJhbGhhbSBub3MgYXJyZWRvcmVzIGRhIGFsZGVpYSB2b2x0YW0gcGFyYSBidXNjYXIgbWFpcyBzdXByaW1lbnRvcyw=,,W0JvdXldCkVzIHBvciBlc28gcG9yIGxvIHF1ZSBtdWNob3MgcGlvbXMgcXVlIHRyYWJhamFuIGVuIGxhcyBhZnVlcmFzIGRlIGxhIGFsZGVhIHZ1ZWx2ZW4gYSBidXNjYXIgbcOhcyByZWN1cnNvcyw=
9hZA,,W0JvdXldCmFuZCB0aGUgdGltZSBzcGVudCBvbiB0cmFuc3BvcnRhdGlvbiBpcyB3aGF0IGlzIHNsb3dpbmcgZG93biB3b3JrLg==,,,,,W0JvdXldCkUgbyB0ZW1wbyBnYXN0byBjb20gbyB0cmFuc3BvcnRlIMOpIG8gcXVlIGVzdMOhIGF0cmFzYW5kbyBvIHRyYWJhbGhvLg==,,W0JvdXldCnBlcm8gZWwgdGllbXBvIHF1ZSBwaWVyZGVuIGRlc3BsYXrDoW5kb3NlIHJhbGVudGl6YSBlbCB0cmFiYWpvLg==
9xZA,,W0JvdXldClRvIHRlbGwgeW91IHRoZSB0cnV0aCwgdHJhbnNwb3J0YXRpb24gdGltZSBkb2Vzbid0IG1ha2UgbXVjaCBkaWZmZXJlbmNlIGJ1dCBpdCBhZGRzIHVwIGluIHRoZSBlbmQu,,,,,W0JvdXldClBhcmEgZGl6ZXIgYSB2ZXJkYWRlLCBvIHRlbXBvIGRlIHRyYW5zcG9ydGUgbsOjbyBmYXogbXVpdGEgZGlmZXJlbsOnYSwgbWFzIG5vIGZpbmFsIGZheiBkaWZlcmVuw6dhLg==,,W0JvdXldCkEgZGVjaXIgdmVyZGFkLCBlbCB0aWVtcG8gZGUgZGVzcGxhemFtaWVudG8gbm8gaW5mbHV5ZSBtdWNobywgcGVybyBpbmZsdXllIGFsIGZpbiB5IGFsIGNhYm8u
+BZA,,W0JvdXldCldlIGNhbGwgdGhpcyB0aGUgXkY1N0Q3RENyZWFteSBFZmZlY3ReMDAwMDAwLg==,,,,,W0JvdXldCkNoYW1hbW9zIGlzc28gZGUgXkY1N0Q3RENyZWFteSBFZmZlY3ReMDAwMDAwLg==,,W0JvdXldCkxvIGxsYW1hbW9zIF45NTI0MjBlbCBlZmVjdG8gQ3JlYW15XjAwMDAwMC4=
+RZA,,W0JvdXldClhYWFhYWFhYWFhYWFhYWApYWFhYWFgKWFhYWFhY,,,,,W0JvdXldClhYWFhYWFhYWFhYWFhYWFhYWFgKWFhYWFhYClhYWFhYWA==,,W0JvdXldClhYWFhYWFhYWFhYWFhYWApYWFhYWFgKWFhYWFhY
