oPF7AQ,,TnVyc2U=,,,,,RW5mZXJtZWlyYQ==,,TnVyc2U=
ofF7AQ,,QmFuZ3VuZ290IEhvc3BpdGFsIDJG,,,,,SG9zcGl0YWwgQmFuZ3VuZ290LCAywrogYW5kYXI=,,SG9zcGl0YWwgQmFuZ3VuZ290IDIgRg==
ovF7AQ,,W051cnNlIE1hZW5uZV0KLSBUaGUgZG9vciBpcyBjbG9zZWQgdG8gdGhlIDFzdCBmbG9vcgpXaGVuIGRpZCB0aGUgTnVyc2UgYXJyaXZlPwpJJ3ZlIGJlZW4gY2FsbGluZyBoZXIgYnV0CnNoZSBkb2Vzbid0IHJlc3BvbmQuIC0=,,,,,W0VuZmVybWVpcmEgTWFlbm5lXQotIEEgcG9ydGEgZG8gcHJpbWVpcm8gYW5kYXIgZXN0w6EgZmVjaGFkYQpRdWFuZG8gYSBlbmZlcm1laXJhIGNoZWdvdT8KRXN0b3UgY2hhbWFuZG8gZWxhLCBtYXMKZWxhIG7Do28gcmVzcG9uZGUuIC0=,,W0VuZmVybWVyYSBNYWVubmVdCi1MYSBwdWVydGEgZGVsIHByaW1lciBwaXNvIGVzdMOhIGNlcnJhZGEKwr9DdcOhbmRvIGxsZWfDsyBsYSBlbmZlcm1lcmE/CkxhIGxsYW3DqSBwZXJvCm5vIHJlc3BvbmRlLi0=
o/F7AQ,,W051cnNlIE1hZW5uZV0KWW91IHJldHVybmVkIHNhZmVseSEhCkJ1dCwgaXQncyBub3QgcmVhbGx5IG92ZXIgeWV0Lg==,,,,,W0VuZmVybWVpcmEgTWFlbm5lXQpWb2PDqiB2b2x0b3UgZW0gc2VndXJhbsOnYSEhIQpNYXMsIG5hIHZlcmRhZGUsIGFpbmRhIG7Do28gYWNhYm91Lg==,,W0VuZmVybWVyYSBNYWVubmVdCsKhwqFWb2x2aXN0ZSBlbiB1bmEgcGllemEhIQpQZXJvIGVuIHJlYWxpZGFkIGHDum4gbm8gdGVybWluYS4=
pPF7AQ,,W051cnNlIE1hZW5uZV0KSSBkb24ndCBrbm93IGlmIEJhbmd1bmdvdCBtaWdodCBjb21lIGJhY2sgb3Igbm90LgpDb21lIGJhY2sgYWZ0ZXIgc29tZSB0aW1lIHRvIGhlbHAgbWUgb3V0IGlmIGl0IHJldHVybnMu,,,,,W0VuZmVybWVpcmEgTWFlbm5lXQpOw6NvIHNlaSBzZSBCYW5ndW5nb3QgcG9kZSB2b2x0YXIgb3UgbsOjby4KVm9sdGUgZGVwb2lzIGRlIGFsZ3VtIHRlbXBvIHBhcmEgbWUgYWp1ZGFyIHNlIGVsZSB2b2x0YXIu,,W0VuZmVybWVyYSBNYWVubmVdCk5vIHPDqSBzaSBCYW5ndW5nb3QgcG9kcsOtYSB2b2x2ZXIgbyBuby4KVnVlbHZlIG3DoXMgYWRlbGFudGUgcGFyYSBheXVkYXJtZSBzaSB2dWVsdmUu
pfF7AQ,,W051cnNlIE1hZW5uZV0KSXQncyB0b28gaGVhdnkuClBsZWFzZSByZWR1Y2UgdGhlIHdlaWdodCBhbmQKY29tZSB0byBtZSBhZ2Fpbi4=,,,,,W0VuZmVybWVpcmEgTWFlbm5lXQpFc3TDoSBtdWl0byBwZXNhZG8uClBvciBmYXZvciwgcmVkdXphIG8gcGVzbyBlCnZlbmhhIGF0w6kgbWltIG5vdmFtZW50ZS4=,,W0VuZmVybWVyYSBNYWVubmVdCkVzIGRlbWFzaWFkbyBwZXNhZG8uClJlZHVjZSBlbCBwZXNvIHkKdnVlbHZlIGFxdcOtLg==
pvF7AQ,,W051cnNlIE1hZW5uZV0KWW91IGhhdmUgdG9vIG11Y2ggc3R1ZmYuClBsZWFzZSByZWR1Y2UgeW91ciBzdHVmZiBhbmQKY29tZSB0byBtZSBhZ2Fpbi4=,,,,,W0VuZmVybWVpcmEgTWFlbm5lXQpWb2PDqiB0ZW0gY29pc2FzIGRlbWFpcy4KUG9yIGZhdm9yLCByZWR1emEgc3VhcyBjb2lzYXMgZQp2ZW5oYSBhdMOpIG1pbSBub3ZhbWVudGUu,,W0VuZmVybWVyYSBNYWVubmVdClRpZW5lcyBkZW1hc2lhZG9zIG9iamV0b3MuClJlZHVjZSBsYSBjYW50aWRhZCBkZSBjb3NhcyB5CnZ1ZWx2ZSBhcXXDrS4=
p/F7AQ,,W051cnNlIE1hZW5uZV0KVGhlIGVudHJhbmNlIHRvIHRoZSBzZWNvbmQgZmxvb3IgaXMgY3VycmVudGx5IGNsb3NlZC4=,,,,,W0VuZmVybWVpcmEgTWFlbm5lXQpBIGVudHJhZGEgcGFyYSBvIHNlZ3VuZG8gYW5kYXIgZXN0w6EgZmVjaGFkYSBubyBtb21lbnRvLg==,,W0VuZmVybWVyYSBNYWVubmVdCkxhIGVudHJhZGEgYWwgc2VndW5kbyBwaXNvIGVzdMOhIGNlcnJhZGEgZW4gZXN0ZSBtb21lbnRvLg==
qPF7AQ,,W051cnNlIE1hZW5uZV0KVG8gZ28gdXAgdG8gdGhlIHNlY29uZCBmbG9vciBhZ2Fpbiwgb3BlbiB0aGUgZ2F0ZSBhZnRlciB0aGUgdGltZXIgaGFzIGV4cGlyZWQu,,,,,W0VuZmVybWVpcmEgTWFlbm5lXQpQYXJhIHN1YmlyIGFvIHNlZ3VuZG8gYW5kYXIgbm92YW1lbnRlLCBhYnJhIG8gcG9ydMOjbyBkZXBvaXMgcXVlIG8gY3JvbsO0bWV0cm8gZXhwaXJhci4=,,W0VuZmVybWVyYSBNYWVubmVdClBhcmEgdm9sdmVyIGEgc3ViaXIgYWwgc2VndW5kbyBwaXNvLCBhYnJlIGxhIHB1ZXJ0YSBkZXNwdcOpcyBkZSBxdWUgZWwgdGVtcG9yaXphZG9yIGxsZWd1ZSBhIHN1IGZpbi4=
qfF7AQ,,W051cnNlIE1hZW5uZV0KSSBhbHJlYWR5IGhlYXJkIHRoYXQgc3Rvcnkgc28sCkkgcHJldHR5IG11Y2gga25vdyB0aGF0LgpXaGF0IGFyZSB5b3UgZ29pbmcgdG8gZG8KRG8geW91IHdhbnQgdG8gZ28gdXAKdG8gdGhlIHNlY29uZCBmbG9vcj8=,,,,,W0VuZmVybWVpcmEgTWFlbm5lXQpFdSBqw6Egb3V2aSBlc3NhIGhpc3TDs3JpYSwgZW50w6NvLApqw6Egc2VpIGRpc3NvLgpPIHF1ZSB2b2PDqiB2YWkgZmF6ZXI/ClZvY8OqIHF1ZXIgc3ViaXIKcGFyYSBvIHNlZ3VuZG8gYW5kYXI/,,W0VuZmVybWVyYSBNYWVubmVdCllhIGVzY3VjaMOpIGVzYSBoaXN0b3JpYSwgYXPDrSBxdWUKeWEgbG8gc8OpLgrCv1F1w6kgdmFzIGEgaGFjZXI/CsK/UXVpZXJlcyBzdWJpcgphbCBzZWd1bmRvIHBpc28/
qvF7AQ,,UHJlcGFyaW5nIHRvIGVudGVyIHRoZSBzZWNvbmQgZmxvb3Iu,,,,,UHJlcGFyYW5kbyBwYXJhIGVudHJhciBubyBzZWd1bmRvIGFuZGFyLg==,,UHJlcGFyYXJzZSBwYXJhIGVudHJhciBlbiBlbCBzZWd1bmRvIHBpc28u
q/F7AQ,,RW50ZXIgdGhlIHNlY29uZCBmbG9vci4=,,,,,RW50cmFyIG5vIHNlZ3VuZG8gYW5kYXIu,,RW50cmFyIGVuIGVsIHNlZ3VuZG8gcGlzby4=
rPF7AQ,,RG8gbm90IGVudGVyLg==,,,,,TsOjbyBlbnRyYXIu,,Tm8gZW50cmFyLg==
rfF7AQ,,W051cnNlIE1hZW5uZV0KQSBjcml0aWNhbCBzaXR1YXRpb24gaGFzIGhhcHBlbmVkCnNvIHlvdSBjYW4ndCBnbyB1cCB0byB0aGUKMm5kIGZsb29yLg==,,,,,W0VuZmVybWVpcmEgTWFlbm5lXQpBY29udGVjZXUgdW1hIHNpdHVhw6fDo28gY3LDrXRpY2EsCnZvY8OqIG7Do28gcG9kZSBzdWJpciBwYXJhCm8gMsK6IGFuZGFyLg==,,W0VuZmVybWVyYSBNYWVubmVdClNlIHByb2R1am8gdW5hIHNpdHVhY2nDs24gY3LDrXRpY2EKeSBubyBzZSBwdWVkZSBzdWJpciBhbApzZWd1bmRvIHBpc28u
rvF7AQ,,W051cnNlIE1hZW5uZV0KV2UgYXJlIHByZXBhcmluZyB0byBnbyB1cCB0byB0aGUgU2Vjb25kIGZsb29yLgpUaGVyZSBpcyBydW1vciB0aGF0IG5vdGhpbmcgZGllcyB1cCB0aGVyZS4uLgpQbGVhc2UgZmluZCBvdXQgaWYgaXQgaXMgdHJ1ZS4=,,,,,W0VuZmVybWVpcmEgTWFlbm5lXQpFc3RhbW9zIG5vcyBwcmVwYXJhbmRvIHBhcmEgc3ViaXIgcGFyYSBvIHNlZ3VuZG8gYW5kYXIuCkjDoSBydW1vcmVzIGRlIHF1ZSBuYWRhIG1vcnJlIGzDoSBlbSBjaW1hLi4uClBvciBmYXZvciwgZGVzY3VicmEgc2UgaXNzbyDDqSB2ZXJkYWRlLg==,,W0VuZmVybWVyYSBNYWVubmVdCk5vcyBlc3RhbW9zIHByZXBhcmFuZG8gcGFyYSBzdWJpciBhbCBzZWd1bmRvIHBpc28uClNlIHJ1bW9yZWEgcXVlIG5hZGEgbXVlcmUgYWxsw60gYXJyaWJh4oCmClRpZW5lcyBxdWUgYXZlcmlndWFyIHNpIGVzIGNpZXJ0by4=
r/F7AQ,,W051cnNlIE1hZW5uZV0KV2hlbiB5b3UgYXJlIGRvbmUsCnBsZWFzZSB0YWxrIHRvIG1lIGFnYWluCkkgcmVhbGx5IGFwcHJlY2lhdGUgaXQu,,,,,W0VuZmVybWVpcmEgTWFlbm5lXQpRdWFuZG8gdm9jw6ogdGl2ZXIgdGVybWluYWRvLApwb3IgZmF2b3IsIGZhbGUgY29taWdvIG5vdmFtZW50ZQpFdSByZWFsbWVudGUgYWdyYWRlw6dvLg==,,W0VuZmVybWVyYSBNYWVubmVdCkN1YW5kbyB0ZXJtaW5lcyBhcXXDrSwKY29tdW7DrWNhdGUgZGUgbnVldm8gY29ubWlnby4KRGUgdmVyZGFkIGxvIGFwcmVjaW8u
sPF7AQ,,W051cnNlIE1hZW5uZV0KVGhlIFBhcnR5IExlYWRlciBtdXN0IG1ha2UgdGhlIHJlc2VydmF0aW9u,,,,,W0VuZmVybWVpcmEgTWFlbm5lXQpPIEzDrWRlciBkbyBHcnVwbyBkZXZlIGZhemVyIGEgcmVzZXJ2YQ==,,W0VuZmVybWVyYSBNYWVubmVdCkVsIGzDrWRlciBkZWwgZ3J1cG8gZGViZSBoYWNlciBsYSByZXNlcnZh
sfF7AQ,,W051cnNlIE1hZW5uZV0KWW91IGNhbid0IGdvIHVwIHRvIHRoZSBzZWNvbmQgZmxvb3IgcmlnaHQgbm93Lg==,,,,,W0VuZmVybWVpcmEgTWFlbm5lXQpWb2PDqiBuw6NvIHBvZGUgc3ViaXIgcGFyYSBvIHNlZ3VuZG8gYW5kYXIgYWdvcmEu,,W0VuZmVybWVyYSBNYWVubmVdCk5vIHB1ZWRlcyBzdWJpciBhbCBzZWd1bmRvIHBpc28gYWhvcmEu
svF7AQ,,W051cnNlIE1hZW5uZV0KSXQncyB0b28gZGFuZ2Vyb3VzCnRvIGdvIHVwIDJuZCBmbG9vciBhbG9uZS4KUGxlYXNlIGNvbWUgaGVyZSB3aXRoCnNldmVyYWwgcGVvcGxlLg==,,,,,W0VuZmVybWVpcmEgTWFlbm5lXQrDiSBtdWl0byBwZXJpZ29zbwpzdWJpciBwYXJhIG8gc2VndW5kbyBhbmRhciBzb3ppbmhvLgpQb3IgZmF2b3IsIHZvbHRlIGFxdWkgY29tCnbDoXJpYXMgcGVzc29hcy4=,,W0VuZmVybWVyYSBNYWVubmVdCkVzIG11eSBwZWxpZ3Jvc28Kc3ViaXIgYWwgc2VndW5kbyBwaXNvIHNpbiBjb21wYcOxw61hLgpEZWJlcyB2ZW5pciBjb24KdmFyaWFzIHBlcnNvbmFzLg==
s/F7AQ,,e30gUGFydHkncyB7fSBvZiBNZW1iZXIge30gRW50ZXIg,,,,,e30gZG8gR3J1cG8ge30gZG8gTWVtYnJvIHt9IEVudHJhcg==,,e30sIG1pZW1icm8gZGVsIGdydXBvIGRlIHt9LCBlbnRyYSBlbiB7fSA=
tPF7AQ,,W051cnNlIE1hZW5uZV0KQWxyaWdodC4KSWYgeW91IGNoYW5nZSB5b3VyIG1pbmQsIGNvbWUgYmFjayBhZ2Fpbi4=,,,,,W0VuZmVybWVpcmEgTWFlbm5lXQpUdWRvIGJlbS4KU2Ugdm9jw6ogbXVkYXIgZGUgaWRlaWEsIHZvbHRlIG5vdmFtZW50ZS4=,,W0VuZmVybWVyYSBNYWVubmVdCkVzdMOhIGJpZW4uClNpIGNhbWJpYXMgZGUgb3BpbmnDs24sIHJlZ3Jlc2Egb3RyYSB2ZXou
tfF7AQ,,W051cnNlIE1hZW5uZV0KLi4uLi4uLi4uLg==,,,,,W0VuZmVybWVpcmEgTWFlbm5lXQouLi4uLi4uLi4u,,W0VuZmVybWVyYSBNYWVubmVdCuKApuKApuKApi4=
tvF7AQ,,W051cnNlIE1hZW5uZV0KLSBJIGd1ZXNzLi4KSSBjYW4ndCB0YWxrIGhlciBhbG9uZS4KQWZ0ZXIgcmVnaXN0ZXJpbmcgdGhlIFBhcnR5CmxldCBtZSB0YWxrIHRvIGhlciBhZ2FpbiAt,,,,,W0VuZmVybWVpcmEgTWFlbm5lXQotIEV1IGFjaG8uLi4KTsOjbyBwb3NzbyBmYWxhciBjb20gZWxhIHNvemluaGEuCkRlcG9pcyBkZSByZWdpc3RyYXIgbyBncnVwbwpkZWl4ZS1tZSBmYWxhciBjb20gZWxhIG5vdmFtZW50ZSAt,,W0VuZmVybWVyYSBNYWVubmVdCi1TdXBvbmdv4oCmCnF1ZSBubyBwdWVkbyBoYWJsYXIgY29uIGVsbGEgYSBzb2xhcy4KRGVzcHXDqXMgZGUgcmVnaXN0cmFyIGVsIGdydXBvLApoYWJsYXLDqSBjb24gZWxsYSBvdHJhIHZlei0u
t/F7AQ,,W051cnNlIE1hZW5uZV0KLi4uLi4u,,,,,W0VuZmVybWVpcmEgTWFlbm5lXQouLi4uLi4=,,W0VuZmVybWVyYSBNYWVubmVdCuKApuKApg==
